Date,Open,High,Low,Close,Adj Close,Volume
2018-10-01,54.049433,54.397987,53.670058,53.885826,53.885826,94403200
2018-10-02,53.883453,54.535508,53.736446,54.364788,54.364788,99152800
2018-10-03,54.547375,55.358294,54.483354,55.02634,55.02634,114619200
2018-10-04,54.72046,55.092726,53.76016,54.058922,54.058922,128168000
2018-10-05,54.05181,54.15851,52.301931,53.18161,53.18161,134322000
2018-10-08,52.688423,53.302539,52.211827,53.058315,53.058315,118655600
2018-10-09,53.027487,53.888201,52.697903,53.793354,53.793354,107564000
2018-10-10,53.459026,53.670055,51.227812,51.301315,51.301315,167962400
2018-10-11,50.86503,52.045841,50.343387,50.848431,50.848431,212497600
2018-10-12,52.263989,52.847284,51.415132,52.664707,52.664707,161351600
2018-10-15,52.439459,52.598323,51.517098,51.538437,51.538437,123164000
2018-10-16,51.910693,52.873366,51.396163,52.674191,52.674191,116736000
2018-10-17,52.709765,52.790382,52.007915,52.446571,52.446571,91541600
2018-10-18,51.656986,52.102756,50.504627,51.220703,51.220703,130325200
2018-10-19,51.704409,52.463163,51.555028,52.000797,52.000797,132314800
2018-10-22,52.114608,52.961096,51.913066,52.318523,52.318523,115168400
2018-10-23,51.175658,52.935021,50.907721,52.811722,52.811722,155071200
2018-10-24,52.7809,53.167389,50.869783,51.000195,51.000195,163702000
2018-10-25,51.621413,52.49161,51.393785,52.116974,52.116974,119423200
2018-10-26,51.192248,52.209455,50.42638,51.287094,51.287094,189033600
2018-10-29,51.972345,52.0909,48.86619,50.324425,50.324425,183742000
2018-10-30,50.065969,51.021526,49.620203,50.57576,50.57576,146640000
2018-10-31,51.424633,52.271117,51.362982,51.894112,51.894112,153435600
2018-11-01,51.93914,52.723976,51.40801,52.690781,52.690781,233292800
2018-11-02,49.686603,50.658756,48.709704,49.195782,49.195782,365314800
2018-11-05,48.441759,48.463098,46.988268,47.799187,47.799187,264654800
2018-11-06,47.877437,48.541348,47.822902,48.316093,48.316093,127531600
2018-11-07,48.837733,49.807515,48.40145,49.781433,49.781433,133697600
2018-11-08,49.962287,49.995598,49.193747,49.607761,49.607761,101450400
2018-11-09,48.908207,49.017657,48.12301,48.651234,48.651234,137463200
2018-11-12,47.349708,47.551957,46.110048,46.200466,46.200466,204542000
2018-11-13,45.596116,46.91667,45.553285,45.738876,45.738876,187531600
2018-11-14,46.136213,46.274217,44.239845,44.446854,44.446854,243204000
2018-11-15,44.825176,45.676996,44.470647,45.543751,45.543751,185915200
2018-11-16,45.327242,46.390827,45.079788,46.048195,46.048195,147713200
2018-11-19,45.208262,45.374818,44.016193,44.223198,44.223198,167701200
2018-11-20,42.441047,43.178658,41.760544,42.110313,42.110313,271300800
2018-11-21,42.764634,42.893123,42.007993,42.062717,42.062717,124496800
2018-11-23,41.624916,42.019894,40.949172,40.994377,40.994377,94496000
2018-11-26,41.458361,41.627295,40.511364,41.548775,41.548775,179994000
2018-11-27,40.808777,41.584458,40.658879,41.458351,41.458351,165549600
2018-11-28,42.050833,43.135831,41.622544,43.052555,43.052555,184250000
2018-11-29,43.461809,43.49512,42.281634,42.721821,42.721821,167080000
2018-11-30,42.897885,42.907405,42.122208,42.491013,42.491013,158126000
2018-12-03,43.890081,44.00429,43.116782,43.975739,43.975739,163210000
2018-12-04,43.054929,43.397561,41.94138,42.041313,42.041313,165377200
2018-12-06,40.868272,41.586847,40.549436,41.572571,41.572571,172393600
2018-12-07,41.279909,41.517847,40.045009,40.090218,40.090218,169126400
2018-12-10,39.259814,40.470919,38.862458,40.354332,40.354332,248104000
2018-12-11,40.84448,40.87541,39.735687,40.123528,40.123528,189126800
2018-12-12,40.54468,40.906347,40.216328,40.235363,40.235363,142510800
2018-12-13,40.566095,41.061007,40.342433,40.675545,40.675545,127594400
2018-12-14,40.211559,40.230595,39.326429,39.374016,39.374016,162814800
2018-12-17,39.366884,40.056907,38.719692,39.007599,39.007599,177151600
2018-12-18,39.35023,39.861796,39.11467,39.514408,39.514408,135366000
2018-12-19,39.497744,39.842754,37.85359,38.281879,38.281879,196189200
2018-12-20,38.165291,38.572167,36.951808,37.315853,37.315853,259092000
2018-12-21,37.322988,37.632308,35.602696,35.864426,35.864426,382978400
2018-12-24,35.250558,36.059551,34.879375,34.936481,34.936481,148676800
2018-12-26,35.286237,37.411023,34.910294,37.396748,37.396748,234330000
2018-12-27,37.080292,37.301577,35.707392,37.154053,37.154053,212468400
2018-12-28,37.475286,37.717984,36.773369,37.173103,37.173103,169165600
2018-12-31,37.720353,37.917842,37.232578,37.532383,37.532383,140014000
2019-01-02,36.854254,37.796491,36.697214,37.575207,37.575207,148158800
2019-01-03,34.258351,34.672365,33.787234,33.832443,33.832443,365248800
2019-01-04,34.389213,35.345726,34.215519,35.276722,35.276722,234428400
2019-01-07,35.381421,35.412354,34.715193,35.198208,35.198208,219111200
2019-01-08,35.586058,36.123801,35.338604,35.869205,35.869205,164101200
2019-01-09,35.997677,36.768598,35.602702,36.478313,36.478313,180396400
2019-01-10,36.285589,36.635359,35.895371,36.59491,36.59491,143122800
2019-01-11,36.375997,36.571105,36.050019,36.235611,36.235611,108092800
2019-01-14,35.892984,35.992917,35.505143,35.690735,35.690735,129756800
2019-01-15,35.754987,36.497353,35.70264,36.421215,36.421215,114843600
2019-01-16,36.4236,37.089828,36.404564,36.866165,36.866165,122278800
2019-01-17,36.690078,37.513346,36.466415,37.085056,37.085056,119284800
2019-01-18,37.475273,37.565691,37.113606,37.313477,37.313477,135004000
2019-01-22,37.215921,37.292059,36.314133,36.475933,36.475933,121576000
2019-01-23,36.67818,36.91374,36.095232,36.623455,36.623455,92522400
2019-01-24,36.668666,36.756702,36.104753,36.333172,36.333172,101766000
2019-01-25,36.994637,37.625176,36.718632,37.537136,37.537136,134142000
2019-01-28,37.068388,37.196877,36.561583,37.189739,37.189739,104768400
2019-01-29,37.177856,37.625181,36.668668,36.804291,36.804291,166348800
2019-01-30,38.843425,39.533445,38.12485,39.319302,39.319302,244439200
2019-01-31,39.523924,40.211565,39.155119,39.602444,39.602444,162958400
2019-02-01,39.726172,40.206805,39.481093,39.621479,39.621479,130672400
2019-02-04,39.833255,40.844492,39.802321,40.746937,40.746937,125982000
2019-02-05,41.130008,41.658231,41.00866,41.444084,41.444084,144406400
2019-02-06,41.555903,41.774809,41.127617,41.458351,41.458351,112958400
2019-02-07,41.020552,41.386979,40.5304,40.673164,40.673164,126966800
2019-02-08,40.381634,40.780695,40.245426,40.720955,40.720955,95280000
2019-02-11,40.873886,40.91212,40.44376,40.486771,40.486771,83973600
2019-02-12,40.646879,40.861941,40.551294,40.835655,40.835655,89134000
2019-02-13,40.955146,41.21561,40.603876,40.666004,40.666004,89960800
2019-02-14,40.553688,40.924071,40.474831,40.814152,40.814152,87342800
2019-02-15,40.921671,41.029202,40.563233,40.723335,40.723335,98507200
2019-02-19,40.553689,40.967086,40.501117,40.845215,40.845215,75891200
2019-02-20,40.907354,41.416337,40.859562,41.108078,41.108078,104457600
2019-02-21,41.053109,41.189313,40.694671,40.876278,40.876278,68998800
2019-02-22,41.00055,41.339871,40.952759,41.332703,41.332703,75652800
2019-02-25,41.617056,42.025674,41.566873,41.633781,41.633781,87493600
2019-02-26,41.509516,41.889459,41.380476,41.657669,41.657669,68280800
2019-02-27,41.390044,41.817778,41.275341,41.786713,41.786713,111341600
2019-02-28,41.655291,41.796275,41.320746,41.375706,41.375706,112861600
2019-03-01,41.645733,41.853626,41.313581,41.810616,41.810616,103544800
2019-03-04,41.982651,42.474906,41.571642,42.020885,42.020885,109744800
2019-03-05,42.042394,42.056731,41.707849,41.94442,41.94442,78949600
2019-03-06,41.73891,41.934858,41.564471,41.703068,41.703068,83241600
2019-03-07,41.547755,41.683963,41.105684,41.220383,41.220383,99185600
2019-03-08,40.699461,41.356597,40.503513,41.318363,41.318363,95997600
2019-03-11,41.934867,42.802285,41.901413,42.749714,42.749714,128044000
2019-03-12,43.012588,43.650608,42.862043,43.230042,43.230042,129870400
2019-03-13,43.550224,43.801132,43.232409,43.421188,43.421188,124130000
2019-03-14,43.944507,43.992302,43.624304,43.903885,43.903885,94318000
2019-03-15,44.171535,44.764152,43.90629,44.47501,44.47501,156171600
2019-03-18,44.398528,45.01743,44.396136,44.929016,44.929016,104879200
2019-03-19,45.007878,45.160811,44.427206,44.572971,44.572971,126585600
2019-03-20,44.50129,45.280298,44.142852,44.962482,44.962482,124140800
2019-03-21,45.406943,46.914772,45.35676,46.618462,46.618462,204136800
2019-03-22,46.678184,47.239739,45.588533,45.653053,45.653053,169630800
2019-03-25,45.762976,45.875287,44.589691,45.101063,45.101063,175381200
2019-03-26,45.798829,46.090359,44.107001,44.635098,44.635098,199202000
2019-03-27,45.103457,45.344804,44.577748,45.036549,45.036549,119393600
2019-03-28,45.151254,45.297019,44.811933,45.096294,45.096294,83121600
2019-03-29,45.361532,45.421271,45.053273,45.390205,45.390205,94256000
2019-04-01,45.794049,45.803606,45.015045,45.698467,45.698467,111448000
2019-04-02,45.662623,46.467916,45.653066,46.362774,46.362774,91062800
2019-04-03,46.178773,46.955389,46.154876,46.680588,46.680588,93087200
2019-04-04,46.546761,46.924316,46.15248,46.761826,46.761826,76457200
2019-04-05,46.943439,47.098765,46.81918,47.074867,47.074867,74106400
2019-04-08,46.93627,47.846702,46.917152,47.815639,47.815639,103526800
2019-04-09,47.86822,48.472785,47.607752,47.672272,47.672272,143072800
2019-04-10,47.476323,47.968581,47.356843,47.939903,47.939903,86781200
2019-04-11,47.994864,48.030706,47.418973,47.54084,47.54084,83603200
2019-04-12,47.600585,47.825207,46.886101,47.521729,47.521729,111042800
2019-04-15,47.452417,47.755895,47.316209,47.607738,47.607738,70146400
2019-04-16,47.662705,48.119113,47.44764,47.612522,47.612522,102785600
2019-04-17,47.681823,48.599428,47.459594,48.539688,48.539688,115627200
2019-04-18,48.537292,48.783419,48.393919,48.714123,48.714123,96783200
2019-04-22,48.468,48.972203,48.350909,48.874229,48.874229,77758000
2019-04-23,48.85033,49.643675,48.723682,49.579155,49.579155,93292000
2019-04-24,49.550477,49.818109,49.4764,49.502686,49.502686,70162400
2019-04-25,49.423834,49.646064,49.015213,49.053448,49.053448,74172800
2019-04-26,48.962648,48.986545,48.298343,48.819275,48.819275,74596400
2019-04-29,48.843166,49.218333,48.71413,48.893349,48.893349,88818800
2019-04-30,48.522966,48.604211,47.57908,47.951855,47.951855,186139600
2019-05-01,50.152666,51.45021,49.99734,50.305599,50.305599,259309200
2019-05-02,50.143104,50.814578,49.734487,49.978222,49.978222,127985200
2019-05-03,50.394009,50.621019,50.236296,50.599514,50.599514,83569600
2019-05-06,48.816878,49.904141,48.628102,49.818115,49.818115,129772400
2019-05-07,49.196819,49.564814,47.990077,48.475163,48.475163,155054800
2019-05-08,48.245767,49.067786,48.209925,48.484726,48.484726,105358000
2019-05-09,47.887322,48.193189,46.993619,47.963791,47.963791,139634400
2019-05-10,47.3569,47.699929,46.241465,47.299328,47.299328,164834800
2019-05-13,45.027676,45.452259,43.861864,44.550316,44.550316,229722400
2019-05-14,44.71583,45.50503,44.475952,45.255558,45.255558,146118800
2019-05-15,44.682244,45.99678,44.622275,45.79768,45.79768,106178800
2019-05-16,45.555412,46.169502,45.29874,45.596191,45.596191,132125600
2019-05-17,44.840576,45.792896,44.799797,45.337128,45.337128,131516400
2019-05-20,44.022587,44.221687,43.245378,43.919437,43.919437,154449200
2019-05-21,44.430376,45.097239,44.305638,44.76141,44.76141,113459200
2019-05-22,44.296047,44.547921,43.789903,43.845074,43.845074,118994400
2019-05-23,43.130228,43.307736,42.652868,43.096645,43.096645,146118800
2019-05-24,43.226191,43.691557,42.847182,42.931141,42.931141,94858800
2019-05-28,42.919126,43.319723,42.676849,42.753609,42.753609,111792800
2019-05-29,42.319432,43.022279,42.218683,42.549717,42.549717,113924800
2019-05-30,42.686461,42.993506,42.379416,42.77042,42.77042,84873600
2019-05-31,42.273858,42.696048,41.976411,41.995602,41.995602,108174400
2019-06-03,42.12274,42.679258,40.844185,41.571018,41.571018,161584400
2019-06-04,42.08436,43.137428,41.863671,43.09185,43.09185,123872000
2019-06-05,44.204889,44.375205,43.451669,43.787498,43.787498,119093600
2019-06-06,43.917037,44.490348,43.693948,44.430378,44.430378,90105200
2019-06-07,44.739821,46.037567,44.562313,45.61298,45.61298,122737600
2019-06-10,46.011181,46.865149,45.965603,46.195889,46.195889,104883600
2019-06-11,46.742807,47.016269,46.440561,46.730812,46.730812,107731600
2019-06-12,46.524524,47.00908,46.390192,46.582096,46.582096,73012800
2019-06-13,46.704436,47.205782,46.440572,46.572502,46.572502,86698400
2019-06-14,45.948819,46.438171,45.648971,46.234276,46.234276,75046000
2019-06-17,46.272662,46.766816,46.097551,46.510143,46.510143,58676400
2019-06-18,47.028265,48.04535,46.826768,47.603973,47.603973,106204000
2019-06-19,47.899036,47.947014,47.330524,47.464855,47.464855,84496800
2019-06-20,48.064551,48.122123,47.503235,47.846264,47.846264,86056000
2019-06-21,47.687938,48.179691,47.532015,47.68314,47.68314,191202400
2019-06-24,47.625561,48.014168,47.536807,47.635159,47.635159,72881600
2019-06-25,47.599174,47.798274,46.845955,46.913124,46.913124,84281200
2019-06-26,47.440861,48.213271,47.340112,47.927814,47.927814,104270000
2019-06-27,48.045356,48.352404,47.872646,47.913425,47.913425,83598800
2019-06-28,47.659144,47.855846,47.268144,47.476837,47.476837,124442400
2019-07-01,48.736202,49.052844,48.131706,48.347599,48.347599,109012000
2019-07-02,48.314019,48.726611,48.302024,48.630657,48.630657,67740800
2019-07-03,48.762581,49.040842,48.621054,49.033646,49.033646,45448000
2019-07-05,48.779388,49.194377,48.671439,48.990479,48.990479,69062000
2019-07-08,48.17009,48.311617,47.594382,47.980587,47.980587,101354400
2019-07-09,47.783888,48.338008,47.690335,48.273243,48.273243,82312000
2019-07-10,48.419568,48.870538,48.350001,48.750599,48.750599,71588400
2019-07-11,48.769779,49.028849,48.385975,48.395569,48.395569,80767200
2019-07-12,48.563489,48.935302,48.503519,48.767387,48.767387,70380800
2019-07-15,48.956892,49.383877,48.935304,49.225559,49.225559,67789600
2019-07-16,49.076836,49.441454,48.815369,49.055248,49.055248,67467200
2019-07-17,48.947299,49.196772,48.760194,48.779385,48.779385,56430000
2019-07-18,48.935304,49.386277,48.863339,49.333504,49.333504,74162400
2019-07-19,49.364692,49.535008,48.541909,48.59708,48.59708,83717200
2019-07-22,48.851341,49.710108,48.841747,49.70771,49.70771,89111600
2019-07-23,50.00517,50.113114,49.724508,50.096321,50.096321,73420800
2019-07-24,49.815652,50.170671,49.695712,50.055531,50.055531,59966400
2019-07-25,50.108321,50.19228,49.590181,49.659748,49.659748,55638400
2019-07-26,49.770084,50.309811,49.688526,49.832455,49.832455,70475600
2019-07-29,50.005172,50.528106,50.000373,50.297821,50.297821,86693600
2019-07-30,50.077122,50.412955,49.729298,50.081921,50.081921,135742800
2019-07-31,51.914613,53.102013,50.686434,51.103821,51.103821,277125600
2019-08-01,51.310109,52.30081,49.592578,49.997971,49.997971,216071600
2019-08-02,49.302321,49.518211,48.366795,48.940105,48.940105,163448400
2019-08-05,47.493644,47.651961,46.195898,46.378204,46.378204,209572000
2019-08-06,47.09064,47.512829,46.546114,47.256157,47.256157,143299200
2019-08-07,46.874752,47.870248,46.493345,47.74551,47.74551,133457600
2019-08-08,48.023765,48.822562,47.829463,48.798573,48.798573,108038000
2019-08-09,48.471102,48.822654,47.987111,48.396458,48.396458,98478800
2019-08-12,48.066571,48.651694,47.953399,48.273651,48.273651,89927600
2019-08-13,48.403684,51.081272,48.273655,50.317966,50.317966,188874000
2019-08-14,48.918973,49.708765,48.78172,48.820248,48.820248,146189600
2019-08-15,48.991201,49.395727,48.078604,48.577042,48.577042,108909600
2019-08-16,49.188647,49.882124,49.082699,49.723202,49.723202,110481600
2019-08-19,50.715256,51.223324,50.573191,50.650246,50.650246,97654400
2019-08-20,50.777865,51.372617,50.643023,50.652653,50.652653,107537200
2019-08-21,51.285934,51.444853,50.951236,51.201656,51.201656,86141600
2019-08-22,51.334097,51.635085,50.746568,51.158321,51.158321,89014800
2019-08-23,50.428727,51.059601,48.398866,48.793762,48.793762,187272000
2019-08-26,49.569096,49.889347,49.376463,49.720795,49.720795,104174400
2019-08-27,50.050687,50.216833,49.008064,49.159763,49.159763,103493200
2019-08-28,49.145311,49.53539,48.957495,49.489639,49.489639,63755200
2019-08-29,50.204782,50.402231,49.761728,50.327583,50.327583,83962000
2019-08-30,50.604499,50.674326,49.891758,50.262577,50.262577,84573600
2019-09-03,49.706358,49.838794,49.174214,49.530582,49.530582,80092000
2019-09-04,50.178293,50.440753,49.920649,50.370926,50.370926,76752400
2019-09-05,51.047555,51.521912,50.929566,51.355766,51.355766,95654800
2019-09-06,51.541186,51.630278,51.170367,51.35096,51.35096,77449200
2019-09-09,51.731397,52.116663,50.82362,51.570068,51.570068,109237600
2019-09-10,51.495428,52.198535,50.97773,52.179272,52.179272,127111600
2019-09-11,52.509143,53.8672,52.427271,53.838303,53.838303,177158400
2019-09-12,54.129672,54.519751,53.662538,53.717918,53.717918,128906800
2019-09-13,52.973885,53.164108,52.256331,52.672897,52.672897,159053200
2019-09-16,52.42728,53.005179,52.386346,52.949795,52.949795,84632400
2019-09-17,52.964251,53.171331,52.761984,53.142433,53.142433,73274800
2019-09-18,53.229101,53.660118,52.839022,53.640854,53.640854,101360000
2019-09-19,53.457867,53.87925,53.062971,53.20504,53.20504,88242400
2019-09-20,53.306171,53.590302,52.36468,52.427284,52.427284,221652400
2019-09-23,52.721057,52.93536,52.408029,52.665676,52.665676,76662000
2019-09-24,53.221894,53.57345,52.29726,52.415245,52.415245,124763200
2019-09-25,52.624727,53.335057,52.285211,53.221886,53.221886,87613600
2019-09-26,52.973879,53.200222,52.692154,52.947392,52.947392,75334000
2019-09-27,53.103907,53.205042,52.318931,52.689751,52.689751,101408000
2019-09-30,53.190585,54.076696,53.164098,53.929813,53.929813,103909600
2019-10-01,54.194684,54.953172,53.985193,54.079102,54.079102,139223200
2019-10-02,53.710699,53.835911,52.475444,52.723461,52.723461,138449200
2019-10-03,52.595837,53.20504,51.801232,53.171329,53.171329,114426000
2019-10-04,54.331926,54.77739,53.910543,54.661808,54.661808,138478800
2019-10-07,54.483636,55.364926,54.380094,54.673859,54.673859,122306000
2019-10-08,54.37527,54.914638,54.016491,54.033344,54.033344,111820000
2019-10-09,54.66663,54.849629,54.331931,54.66663,54.66663,74770400
2019-10-10,54.883338,55.487724,54.731643,55.403446,55.403446,113013600
2019-10-11,56.092115,57.221423,55.93801,56.877094,56.877094,166795600
2019-10-14,56.56166,57.339416,56.506279,56.795227,56.795227,96427600
2019-10-15,56.920432,57.223827,56.55684,56.662788,56.662788,87360000
2019-10-16,56.193246,56.643526,56.152312,56.434036,56.434036,73903200
2019-10-17,56.607409,56.862647,56.22937,56.65316,56.65316,67585200
2019-10-18,56.487015,57.206979,56.414777,56.925255,56.925255,97433600
2019-10-21,57.192526,58.028069,57.144369,57.912487,57.912487,87247200
2019-10-22,58.069004,58.319424,57.698184,57.780056,57.780056,82293600
2019-10-23,58.295339,58.56984,58.083442,58.555389,58.555389,75828800
2019-10-24,58.875644,58.945475,58.225511,58.651711,58.651711,69275200
2019-10-25,58.550586,59.410205,58.483165,59.374088,59.374088,73477200
2019-10-28,59.576344,60.016991,59.407792,59.968834,59.968834,96572800
2019-10-29,59.949577,60.137394,58.408521,58.581886,58.581886,142839600
2019-10-30,58.935851,59.065879,58.081048,58.574665,58.574665,124522000
2019-10-31,59.533007,59.997731,57.129917,59.899006,59.899006,139162000
2019-11-01,60.086825,61.625475,59.995327,61.598991,61.598991,151125200
2019-11-04,61.962587,62.087803,61.49305,62.003525,62.003525,103272000
2019-11-05,61.895154,62.169658,61.719381,61.914421,61.914421,79897600
2019-11-06,61.827731,62.0011,61.490626,61.940903,61.940903,75864400
2019-11-07,62.489136,62.877976,62.336982,62.655781,62.655781,94940400
2019-11-08,62.477069,62.899718,62.032686,62.827267,62.827267,69986400
2019-11-11,62.382861,63.389974,62.378033,63.324768,63.324768,81821200
2019-11-12,63.167805,63.467287,63.015658,63.266827,63.266827,87388800
2019-11-13,63.066352,63.947873,63.051861,63.873005,63.873005,102734400
2019-11-14,63.699126,63.972037,63.30063,63.431049,63.431049,89182800
2019-11-15,63.682226,64.189406,63.520416,64.184578,64.184578,100206400
2019-11-18,64.194237,64.587905,63.815067,64.508209,64.508209,86703200
2019-11-19,64.701425,64.725577,64.095231,64.312592,64.312592,76167200
2019-11-20,64.131442,64.261854,62.890061,63.563885,63.563885,106234400
2019-11-21,63.684652,63.761938,63.078451,63.278912,63.278912,121395200
2019-11-22,63.418983,63.561475,62.996335,63.223358,63.223358,65325200
2019-11-25,63.447954,64.348802,63.402066,64.331894,64.331894,84020400
2019-11-26,64.469557,64.52269,63.397237,63.829548,63.829548,105207600
2019-11-27,64.141098,64.720736,64.075892,64.68692,64.68692,65235600
2019-11-29,64.387436,64.725553,64.218374,64.544418,64.544418,46617600
2019-12-02,64.54924,64.785926,63.626665,63.798138,63.798138,94487200
2019-12-03,62.385297,62.679943,61.897443,62.660625,62.660625,114430400
2019-12-04,63.051867,63.592854,62.957673,63.213676,63.213676,67181600
2019-12-05,63.708779,64.215959,63.452776,64.141083,64.141083,74424400
2019-12-06,64.599975,65.450099,64.556497,65.380058,65.380058,106075600
2019-12-09,65.208572,65.401779,63.97927,64.464714,64.464714,128042400
2019-12-10,64.870464,65.225489,64.208713,64.841484,64.841484,90420400
2019-12-11,64.921205,65.474273,64.846337,65.394569,65.394569,78756800
2019-12-12,64.672421,65.826854,64.561327,65.561188,65.561188,137310400
2019-12-13,65.561185,66.488595,65.433183,66.45237,66.45237,133587600
2019-12-16,66.899173,67.81451,66.894345,67.589897,67.589897,128186000
2019-12-17,67.519885,68.05121,67.333915,67.722755,67.722755,114158400
2019-12-18,67.575419,68.082598,67.411191,67.560928,67.560928,116028400
2019-12-19,67.502963,67.908704,67.370134,67.628548,67.628548,98369200
2019-12-20,68.162288,68.26372,67.275932,67.488464,67.488464,275978000
2019-12-23,67.751709,68.650138,67.713066,68.58976,68.58976,98572000
2019-12-24,68.756415,68.80472,68.328939,68.654976,68.654976,48478800
2019-12-26,68.787811,70.03402,68.758831,70.017113,70.017113,93121200
2019-12-27,70.309354,70.997669,69.584814,69.990555,69.990555,146266000
2019-12-30,69.908428,70.688519,68.884414,70.405945,70.405945,144114400
2019-12-31,70.021935,70.927609,69.922913,70.920364,70.920364,100805600
2020-01-02,71.545897,72.598899,71.292311,72.538521,72.538521,135480400
2020-01-03,71.765659,72.594048,71.608677,71.833282,71.833282,146322800
2020-01-06,70.954181,72.444313,70.703005,72.40567,72.40567,118387200
2020-01-07,72.415337,72.671341,71.845369,72.065147,72.065147,108872000
2020-01-08,71.768079,73.526295,71.768079,73.224403,73.224403,132079200
2020-01-09,74.202527,74.972955,73.951358,74.779747,74.779747,170108400
2020-01-10,75.014028,75.513962,74.44647,74.948814,74.948814,140644800
2020-01-13,75.265196,76.576611,75.14685,76.550041,76.550041,121532000
2020-01-14,76.487253,76.697368,75.393198,75.516365,75.516365,161954400
2020-01-15,75.3159,76.197422,74.760415,75.192726,75.192726,121923600
2020-01-16,75.736141,76.245737,75.373871,76.134636,76.134636,108829200
2020-01-17,76.383411,76.979949,76.076692,76.977539,76.977539,137816400
2020-01-21,76.605609,77.047575,76.318207,76.455872,76.455872,110843200
2020-01-22,76.941293,77.281827,76.634574,76.728767,76.728767,101832400
2020-01-23,76.781908,77.177986,76.233668,77.098289,77.098289,104472000
2020-01-24,77.34462,78.088477,76.685286,76.876083,76.876083,146537600
2020-01-27,74.883616,75.296601,73.632579,74.61554,74.61554,161940000
2020-01-28,75.497062,76.897837,75.398041,76.726364,76.726364,162234000
2020-01-29,78.358991,79.180134,77.617543,78.33242,78.33242,216229200
2020-01-30,77.414667,78.272036,76.982356,78.218903,78.218903,126743200
2020-01-31,77.508872,77.93152,74.456147,74.750793,74.750793,199588400
2020-02-03,73.492492,75.712,72.990148,74.545494,74.545494,173788400
2020-02-04,76.151534,77.19729,75.745793,77.006493,77.006493,136616400
2020-02-05,78.134395,78.433877,77.030685,77.634468,77.634468,118826800
2020-02-06,77.904958,78.544967,77.347063,78.542549,78.542549,105425600
2020-02-07,78.041411,78.29076,76.983495,77.47493,77.47493,117684000
2020-02-10,76.058734,77.842911,75.978849,77.842911,77.842911,109348800
2020-02-11,78.339175,78.411798,77.155369,77.373245,77.373245,94323200
2020-02-12,77.823528,79.215525,77.823528,79.210686,79.210686,113730400
2020-02-13,78.482028,78.973463,78.278676,78.646645,78.646645,94747600
2020-02-14,78.615142,78.915334,78.157602,78.665985,78.665985,80113600
2020-02-18,76.344388,77.407151,76.162823,77.225586,77.225586,152531200
2020-02-19,77.467665,78.574002,77.467665,78.344017,78.344017,93984000
2020-02-20,78.104372,78.593384,77.034346,77.540306,77.540306,100566000
2020-02-21,77.133603,77.576625,75.167861,75.785179,75.785179,129554000
2020-02-24,71.962633,73.637867,70.018679,72.185349,72.185349,222195200
2020-02-25,72.855932,73.238425,69.268208,69.740273,69.740273,230673600
2020-02-26,69.365028,72.112711,69.357766,70.846596,70.846596,198054800
2020-02-27,68.050504,69.236726,66.079917,66.215485,66.215485,320605600
2020-02-28,62.279171,67.399299,62.063711,66.176758,66.176758,426510000
2020-03-02,68.336164,72.974541,67.23225,72.337852,72.337852,341397200
2020-03-03,73.514393,73.594278,69.188302,70.040451,70.040451,319475600
2020-03-04,71.764119,73.449039,70.962813,73.289261,73.289261,219178400
2020-03-05,71.541399,72.517007,70.546427,70.91198,70.91198,187572800
2020-03-06,68.268393,70.403598,68.081989,69.970261,69.970261,226176800
2020-03-09,63.850312,67.321832,63.668747,64.436165,64.436165,286744800
2020-03-10,67.091838,69.343239,65.210822,69.076942,69.076942,285290000
2020-03-11,67.152351,68.079539,65.813606,66.677856,66.677856,255598800
2020-03-12,61.959609,65.363344,60.037442,60.093121,60.093121,418474000
2020-03-13,64.126283,67.764842,61.235766,67.29277,67.29277,370732000
2020-03-16,58.572824,62.719763,58.100756,58.635769,58.635769,322423600
2020-03-17,59.91881,62.363881,57.713403,61.213974,61.213974,324056000
2020-03-18,58.04507,60.521614,57.403539,59.715466,59.715466,300233600
2020-03-19,59.889769,61.209139,58.732596,59.257923,59.257923,271857200
2020-03-20,59.838931,60.964635,55.195714,55.495903,55.495903,401693200
2020-03-23,55.215067,55.316743,51.46999,54.316925,54.316925,336752800
2020-03-24,57.219564,59.962405,56.720867,59.766315,59.766315,287531200
2020-03-25,60.703184,62.518833,59.141727,59.437073,59.437073,303602000
2020-03-26,59.679153,62.622922,59.640418,62.564823,62.564823,252087200
2020-03-27,61.187354,61.942663,59.807462,59.974503,59.974503,204216800
2020-03-30,60.70076,61.857933,60.376362,61.68605,61.68605,167976400
2020-03-31,61.877306,63.545278,61.005793,61.560169,61.560169,197002000
2020-04-01,59.674319,60.211751,57.890143,58.321056,58.321056,176218400
2020-04-02,58.183056,59.347491,57.350278,59.294231,59.294231,165934000
2020-04-03,58.778597,59.480646,57.851405,58.442097,58.442097,129880000
2020-04-06,60.739497,63.695371,60.371528,63.54044,63.54044,201820400
2020-04-07,65.557007,65.774891,62.70039,62.804485,62.804485,202887200
2020-04-08,63.60579,64.726651,63.240244,64.411942,64.411942,168895200
2020-04-09,65.048634,65.380291,64.080288,64.876747,64.876747,161834800
2020-04-13,64.954216,66.259065,64.353839,66.150124,66.150124,131022800
2020-04-14,67.784229,69.781443,67.312157,69.490936,69.490936,194994800
2020-04-15,68.365216,69.316614,67.936726,68.856651,68.856651,131154400
2020-04-16,69.570818,69.769331,68.353124,69.403778,69.403778,157125200
2020-04-17,68.919598,69.466716,67.024057,68.462051,68.462051,215250000
2020-04-20,67.287941,68.190919,67.021644,67.041008,67.041008,130015200
2020-04-21,66.883647,67.118471,64.257008,64.968742,64.968742,180991600
2020-04-22,66.237265,67.275818,65.895929,66.840065,66.840065,116862400
2020-04-23,66.784399,68.207869,66.542312,66.581047,66.581047,124814400
2020-04-24,67.106361,68.512882,67.05794,68.503197,68.503197,126161200
2020-04-27,68.219963,68.883285,67.772109,68.551628,68.551628,117087600
2020-04-28,69.014007,69.195572,67.348458,67.440445,67.440445,112004800
2020-04-29,68.929266,70.125173,68.725914,69.655525,69.655525,137280800
2020-04-30,70.195389,71.301726,69.805633,71.125,71.125,183064000
2020-05-01,69.297249,72.383851,69.200416,69.979935,69.979935,240616800
2020-05-04,70.004147,71.098375,69.314199,70.97007,70.97007,133568000
2020-05-05,71.430039,72.868034,71.284786,72.035255,72.035255,147751200
2020-05-06,72.737292,73.410292,72.352375,72.77845,72.77845,142333600
2020-05-07,73.405467,73.877538,73.102859,73.531349,73.531349,115215200
2020-05-08,74.191594,75.334905,73.863891,75.281502,75.281502,133838400
2020-05-11,74.788763,76.961298,74.580001,76.46611,76.46611,145946400
2020-05-12,77.150615,77.602118,75.470846,75.592216,75.592216,162301200
2020-05-13,75.771858,76.694281,73.601745,74.67952,74.67952,200622400
2020-05-14,73.917322,75.198999,73.193949,75.138313,75.138313,158929200
2020-05-15,72.907486,74.740183,72.873498,74.694061,74.694061,166348400
2020-05-18,76.019447,76.827773,75.327631,76.453949,76.453949,135178400
2020-05-19,76.470939,77.318106,75.980604,76.012161,76.012161,101729600
2020-05-20,76.871452,77.560838,76.832613,77.490448,77.490448,111504800
2020-05-21,77.35212,77.893437,76.674868,76.912758,76.912758,102688800
2020-05-22,76.650575,77.490467,76.548628,77.407936,77.407936,81803200
2020-05-26,78.526981,78.706607,76.827788,76.883621,76.883621,125522000
2020-05-27,76.740388,77.364229,76.000021,77.218582,77.218582,112945200
2020-05-28,76.893311,78.512402,76.616589,77.252571,77.252571,133560800
2020-05-29,77.495321,77.956529,76.820499,77.17733,77.17733,153532400
2020-06-01,77.131207,78.24782,77.000124,78.12645,78.12645,80791200
2020-06-02,77.859413,78.512389,77.417621,78.488113,78.488113,87642800
2020-06-03,78.808553,79.182377,78.235678,78.920212,78.920212,104491200
2020-06-04,78.743002,79.041569,77.8667,78.240524,78.240524,87560400
2020-06-05,78.490544,80.529573,78.461416,80.468887,80.468887,137250400
2020-06-08,80.165465,80.978651,79.454233,80.944664,80.944664,95654400
2020-06-09,80.624241,83.893965,80.592684,83.500725,83.500725,147712400
2020-06-10,84.449857,86.117492,84.010495,85.649002,85.649002,166651600
2020-06-11,84.792149,85.216947,81.435032,81.53698,81.53698,201662400
2020-06-12,83.677964,84.425605,81.129174,82.240929,82.240929,200146000
2020-06-15,80.893708,83.910987,80.731068,83.258011,83.258011,138808800
2020-06-16,85.314017,85.736393,83.67794,85.464516,85.464516,165428800
2020-06-17,86.209749,86.270434,85.224218,85.345589,85.345589,114406400
2020-06-18,85.301898,85.797094,84.770293,85.379578,85.379578,96820400
2020-06-19,86.08594,86.552,83.782316,84.891647,84.891647,264476000
2020-06-22,85.284894,87.255956,85.238773,87.11274,87.11274,135445200
2020-06-23,88.358016,90.392194,87.93807,88.972153,88.972153,212155600
2020-06-24,88.600741,89.520734,87.027772,87.401596,87.401596,192623200
2020-06-25,87.556943,88.600729,86.79716,88.56189,88.56189,137522400
2020-06-26,88.457554,88.67845,85.692721,85.840797,85.840797,205256800
2020-06-29,85.748528,87.913788,85.270326,87.819115,87.819115,130646000
2020-06-30,87.406474,88.838657,87.387058,88.552216,88.552216,140223200
2020-07-01,88.629861,89.1736,88.336145,88.384689,88.384689,110737200
2020-07-02,89.292548,89.928531,88.270608,88.384689,88.384689,114041600
2020-07-06,89.814451,91.217498,89.782893,90.749008,90.749008,118655600
2020-07-07,91.127696,91.906895,90.355779,90.467438,90.467438,112424400
2020-07-08,91.445692,92.605998,91.358301,92.57444,92.57444,117092000
2020-07-09,93.467722,93.521126,91.923888,92.972534,92.972534,125642800
2020-07-10,92.567155,93.193433,91.955448,93.13517,93.13517,90257200
2020-07-13,94.441123,97.053027,92.491907,92.705521,92.705521,191649200
2020-07-14,92.086506,94.431392,91.151956,94.239632,94.239632,170989200
2020-07-15,96.116021,96.366045,93.688604,94.887749,94.887749,153198000
2020-07-16,93.759016,94.577055,93.120604,93.720177,93.720177,110577600
2020-07-17,94.17168,94.327031,93.057489,93.530838,93.530838,92186800
2020-07-20,93.618214,95.640249,93.273517,95.501884,95.501884,90318000
2020-07-21,96.293242,96.368491,93.933791,94.183815,94.183815,103433200
2020-07-22,93.885232,95.130499,93.797849,94.448395,94.448395,89001600
2020-07-23,94.18139,94.259069,89.338695,90.149452,90.149452,197004400
2020-07-24,88.345881,90.270821,86.556867,89.926125,89.926125,185438800
2020-07-27,90.989334,92.149639,90.766015,92.057396,92.057396,121214000
2020-07-28,91.627731,91.804935,90.540245,90.545105,90.545105,103625600
2020-07-29,91.028167,92.465202,90.991758,92.280716,92.280716,90329200
2020-07-30,91.452982,93.501724,91.045178,93.397346,93.397346,158130000
2020-07-31,99.897966,103.325479,97.897768,103.17498,103.17498,374336800
2020-08-03,105.058613,108.396312,104.760045,105.774704,105.774704,308151200
2020-08-04,105.964068,107.573448,105.240695,106.48111,106.48111,173071600
2020-08-05,106.201955,107.187486,105.735888,106.867065,106.867065,121776800
2020-08-06,107.199618,111.090769,106.609758,110.595573,110.595573,202428800
2020-08-07,110.116519,110.573697,107.28348,108.081108,108.081108,198045600
2020-08-10,109.528015,110.670961,106.99895,109.652039,109.652039,212403600
2020-08-11,108.915202,109.413717,106.130795,106.390999,106.390999,187902400
2020-08-12,107.482861,110.184588,107.288321,109.926819,109.926819,165598000
2020-08-13,111.308098,112.876609,110.819305,111.872276,111.872276,210082000
2020-08-14,111.69719,111.862551,109.960885,111.772575,111.772575,165565200
2020-08-17,112.896065,112.920384,110.853359,111.480759,111.480759,119561600
2020-08-18,111.232711,112.835263,110.897122,112.409698,112.409698,105633600
2020-08-19,112.81825,113.966057,112.455915,112.550751,112.550751,145538000
2020-08-20,112.592081,115.16249,112.575057,115.048195,115.048195,126907200
2020-08-21,116.008766,121.460853,115.99661,120.976929,120.976929,338054800
2020-08-24,125.186335,125.271457,120.556204,122.42382,122.42382,345937600
2020-08-25,121.295486,121.76482,119.695361,121.419502,121.419502,211495600
2020-08-26,122.737547,123.52788,121.669985,123.070702,123.070702,163022400
2020-08-27,123.673777,124.006932,120.454076,121.599457,121.599457,155552400
2020-08-28,122.574624,122.992893,121.178776,121.402504,121.402504,187630000
2020-08-31,124.099326,127.426019,122.56243,125.519485,125.519485,225702700
2020-09-01,129.138014,131.122367,126.968858,130.519272,130.519272,151948100
2020-09-02,133.836211,134.21557,123.535135,127.815086,127.815086,200119000
2020-09-03,123.447609,125.324947,117.212485,117.582115,117.582115,257599600
2020-09-04,116.794209,120.325172,107.864661,117.659927,117.659927,332607200
2020-09-08,110.841188,115.743687,109.60584,109.74202,109.74202,231366600
2020-09-09,114.060887,115.889593,112.115451,114.119247,114.119247,176940500
2020-09-10,117.076303,117.212483,109.430742,110.39373,110.39373,182274400
2020-09-11,111.444281,112.086279,106.998961,108.944397,108.944397,180860300
2020-09-14,111.590199,112.767187,109.722583,112.212738,112.212738,140150100
2020-09-15,115.101685,115.588044,110.510457,112.387802,112.387802,184642000
2020-09-16,112.086286,112.835275,108.983313,109.070854,109.070854,154679000
2020-09-17,106.726616,109.138953,105.744169,107.329697,107.329697,178011000
2020-09-18,107.388044,107.854944,103.195625,103.925163,103.925163,287104900
2020-09-21,101.687924,107.183782,100.287208,107.076782,107.076782,195713800
2020-09-22,109.605842,109.780932,106.181879,108.759575,108.759575,183055400
2020-09-23,108.574763,109.051392,103.857075,104.197533,104.197533,150718700
2020-09-24,102.300732,107.242141,102.135372,105.267525,105.267525,167743300
2020-09-25,105.471796,109.372397,104.732529,109.216759,109.216759,149981400
2020-09-28,111.872255,112.173795,109.703091,111.823616,111.823616,137672400
2020-09-29,111.424828,112.164088,110.471561,110.977371,110.977371,99382200
2020-09-30,110.685565,114.060897,110.520205,112.650452,112.650452,142675200
2020-10-01,114.430523,114.508342,112.669906,113.603714,113.603714,116120400
2020-10-02,109.810111,112.222454,109.158392,109.936562,109.936562,144712000
2020-10-05,110.802282,113.467526,110.452103,113.321617,113.321617,106243800
2020-10-06,112.543458,112.952006,109.187585,110.072762,110.072762,161498200
2020-10-07,111.492904,112.397532,111.016267,111.940353,111.940353,96849000
2020-10-08,113.078452,113.224361,111.463736,111.833374,111.833374,83477200
2020-10-09,112.134913,113.807989,111.784734,113.778809,113.778809,100506900
2020-10-12,116.784489,121.764807,116.025771,121.006088,121.006088,240226800
2020-10-13,121.852359,121.969088,116.385689,117.796127,117.796127,262330500
2020-10-14,117.698856,119.673472,116.356508,117.883675,117.883675,150712000
2020-10-15,115.481049,117.893385,114.926601,117.416756,117.416756,112559200
2020-10-16,117.971217,118.233855,115.568603,115.772873,115.772873,115393800
2020-10-19,116.687247,117.134697,112.504565,112.815834,112.815834,120639300
2020-10-20,113.029804,115.733966,112.475355,114.30407,114.30407,124423700
2020-10-21,113.486971,115.471316,113.272971,113.681519,113.681519,89946000
2020-10-22,114.245681,114.819588,111.463708,112.592064,112.592064,101988000
2020-10-23,113.214626,113.370265,111.162191,111.901459,111.901459,82572600
2020-10-26,110.899551,113.370255,109.800375,111.911179,111.911179,111850700
2020-10-27,112.339175,114.08034,111.415096,113.418892,113.418892,92276800
2020-10-28,111.911175,112.280806,108.068936,108.166206,108.166206,143937800
2020-10-29,109.304291,113.739881,109.138923,112.173805,112.173805,146129200
2020-10-30,108.030037,108.934664,104.781163,105.89006,105.89006,190272600
2020-11-02,106.133233,107.6604,104.392068,105.802505,105.802505,122866900
2020-11-03,106.668222,108.44829,105.763595,107.426941,107.426941,107624400
2020-11-04,111.026012,112.43645,109.284847,111.813911,111.813911,138235500
2020-11-05,114.732048,116.356492,113.681519,115.782585,115.782585,126387100
2020-11-06,115.290533,116.147999,113.156603,115.651062,115.651062,114457900
2020-11-09,117.414703,118.866551,113.078645,113.341728,113.341728,154515300
2020-11-10,112.591442,114.579203,111.207794,113.000687,113.000687,138023400
2020-11-11,114.189459,116.56698,113.458662,116.430565,116.430565,112295000
2020-11-12,116.557259,117.443955,115.53414,116.157753,116.157753,103162300
2020-11-13,116.381843,116.60595,114.852042,116.206451,116.206451,81581900
2020-11-16,115.87517,117.892169,115.124888,117.219841,117.219841,91183000
2020-11-17,116.489044,117.580363,115.914147,116.333138,116.333138,74271000
2020-11-18,115.573117,116.752135,114.978734,115.007965,115.007965,76322100
2020-11-19,114.579207,116.01157,113.819179,115.602325,115.602325,74113000
2020-11-20,115.602342,115.729011,114.286909,114.335625,114.335625,73604300
2020-11-23,114.179738,114.608475,110.837559,110.934998,110.934998,127959300
2020-11-24,110.99345,112.883773,109.70724,112.221184,112.221184,113874200
2020-11-25,112.591452,113.760725,112.221177,113.059158,113.059158,76499200
2020-11-27,113.585343,114.481786,113.244306,113.604828,113.604828,46691300
2020-11-30,113.975093,117.872677,113.819186,116.001839,116.001839,169410200
2020-12-01,117.91168,120.308693,116.937283,119.577896,119.577896,127728200
2020-12-02,118.89577,120.21121,117.794706,119.928635,119.928635,89004200
2020-12-03,120.357388,120.610733,119.080932,119.792244,119.792244,78967600
2020-12-04,119.460956,119.714301,118.408606,119.119919,119.119919,78260400
2020-12-07,119.17835,121.380486,119.119888,120.581482,120.581482,86712000
2020-12-08,121.18562,121.780002,119.938387,121.195358,121.195358,82225500
2020-12-09,121.34153,122.725171,117.901914,118.661942,118.661942,115089200
2020-12-10,117.414714,120.698431,117.073677,120.084557,120.084557,81312200
2020-12-11,119.29531,119.616863,117.463448,119.275826,119.275826,86939800
2020-12-14,119.460946,120.191743,118.428089,118.661942,118.661942,79184500
2020-12-15,121.156396,124.625251,120.951774,124.605759,124.605759,157243700
2020-12-16,124.147807,125.083219,123.319564,124.53756,124.53756,98208600
2020-12-17,125.599631,126.262228,124.76165,125.404755,125.404755,94359800
2020-12-18,125.658121,125.794536,122.890833,123.417007,123.417007,192541500
2020-12-21,121.81899,125.024754,120.289188,124.9468,124.9468,121251600
2020-12-22,128.240235,130.968547,126.330413,128.503326,128.503326,168904800
2020-12-23,128.776198,129.039275,127.431527,127.606926,127.606926,88223700
2020-12-24,127.957743,130.042951,127.743375,128.591095,128.591095,54930100
2020-12-28,130.559334,133.823552,130.091614,133.190201,133.190201,124486200
2020-12-29,134.515365,135.236409,130.90035,131.416779,131.416779,121047300
2020-12-30,132.108611,132.508117,129.98442,130.296234,130.296234,96452100
2020-12-31,130.647028,131.290133,128.347452,129.292618,129.292618,99116600
2021-01-04,130.101348,130.18904,123.51443,126.096581,126.096581,143301900
2021-01-05,125.589894,128.366929,125.141666,127.655609,127.655609,97664900
2021-01-06,124.449862,127.694603,123.144167,123.358536,123.358536,155088000
2021-01-07,125.073488,128.259768,124.58629,127.56794,127.56794,109578200
2021-01-08,129.039251,129.234143,126.895583,128.668991,128.668991,105158200
2021-01-11,125.882204,126.837108,125.209868,125.677574,125.677574,100384500
2021-01-12,125.209876,126.369409,123.611867,125.502197,125.502197,91951100
2021-01-13,125.463213,128.08434,125.200137,127.538681,127.538681,88636800
2021-01-14,127.451006,127.645882,125.46323,125.609398,125.609398,90221800
2021-01-15,125.482721,126.885854,123.748297,123.884712,123.884712,111598500
2021-01-19,124.508307,125.414503,123.689818,124.55703,124.55703,90757300
2021-01-20,125.365796,129.097734,125.258612,128.649506,128.649506,104319500
2021-01-21,130.374182,136.093882,130.169553,133.36557,133.36557,120150900
2021-01-22,132.790644,136.269244,131.562911,135.509216,135.509216,114459400
2021-01-25,139.406865,141.375134,133.044044,139.260696,139.260696,157611700
2021-01-26,139.923289,140.605364,137.750375,139.494553,139.494553,98390600
2021-01-27,139.757601,140.605336,136.814936,138.422684,138.422684,140843800
2021-01-28,135.947715,138.354474,133.199912,133.579926,133.579926,142621100
2021-01-29,132.352206,133.23891,126.876106,128.581299,128.581299,177523800
2021-02-01,130.325461,131.913731,127.577657,130.705475,130.705475,106239800
2021-02-02,132.254735,132.819886,131.163416,131.533691,131.533691,83305400
2021-02-03,132.283998,132.293751,130.189052,130.510605,130.510605,89880900
2021-02-04,132.81015,133.881977,131.143927,133.872238,133.872238,84183100
2021-02-05,134.033284,134.101585,132.579259,133.45752,133.45752,75693800
2021-02-08,132.745143,133.652693,131.661946,133.603897,133.603897,71297200
2021-02-09,133.320902,134.550485,132.569507,132.725632,132.725632,76774200
2021-02-10,133.184281,133.681975,131.154507,132.120605,132.120605,73046600
2021-02-11,132.618308,133.096481,130.539753,131.866913,131.866913,64280000
2021-02-12,131.105746,132.257245,130.46168,132.101105,132.101105,60145100
2021-02-16,132.218187,132.725619,129.583375,129.973724,129.973724,80576300
2021-02-17,128.080576,129.027154,126.343561,127.680473,127.680473,97918500
2021-02-18,126.080088,126.860772,124.333319,126.577782,126.577782,96856700
2021-02-19,127.094977,127.553629,125.689748,126.733902,126.733902,87668800
2021-02-22,124.918817,126.58753,122.567017,122.957359,122.957359,103916400
2021-02-23,120.771459,123.65022,115.531131,122.820747,122.820747,158273000
2021-02-24,121.922941,122.527964,119.278383,122.323036,122.323036,111039900
2021-02-25,121.669233,123.406248,117.629206,118.068336,118.068336,148199500
2021-02-26,119.629703,121.835131,118.273269,118.331825,118.331825,164560400
2021-03-01,120.761674,124.840735,119.824857,124.704117,124.704117,116307900
2021-03-02,125.309164,125.611676,121.991266,122.09861,122.09861,102260900
2021-03-03,121.796096,122.674365,118.897814,119.112503,119.112503,112966300
2021-03-04,118.809978,120.615303,115.755564,117.229095,117.229095,178155000
2021-03-05,118.058583,118.9954,114.730924,118.487953,118.487953,153766600
2021-03-08,118.009784,118.078093,113.403761,113.55014,113.55014,154376600
2021-03-09,116.155671,119.112502,115.921469,118.165924,118.165924,129525800
2021-03-10,118.751424,119.219829,116.56551,117.082718,117.082718,111943300
2021-03-11,119.580911,120.234731,118.331822,119.014915,119.014915,103026500
2021-03-12,117.492592,118.243995,116.282537,118.107376,118.107376,88105100
2021-03-15,118.478203,121.005656,117.512104,120.995895,120.995895,92403800
2021-03-16,122.664608,124.147908,121.708277,122.53775,122.53775,115227900
2021-03-17,121.054445,122.820735,119.385732,121.747299,121.747299,111932600
2021-03-18,119.912704,120.205463,117.414525,117.619453,117.619453,121229700
2021-03-19,117.00466,118.497713,116.789972,117.092484,117.092484,185549500
2021-03-22,117.424288,120.878805,117.355978,120.410393,120.410393,111912300
2021-03-23,120.351811,121.239832,119.190545,119.580887,119.580887,95467100
2021-03-24,119.854135,119.932205,117.170542,117.190056,117.190056,88530500
2021-03-25,116.653346,118.722155,116.126385,117.677986,117.677986,98844700
2021-03-26,117.443787,118.546504,116.048318,118.28302,118.28302,94071200
2021-03-29,118.712403,119.619946,117.814621,118.458679,118.458679,80819200
2021-03-30,117.209582,117.49258,115.989767,117.004654,117.004654,85671900
2021-03-31,118.712399,120.537238,118.224473,119.200325,119.200325,118323800
2021-04-01,120.673882,121.181322,119.532129,120.029816,120.029816,75089100
2021-04-05,120.878793,123.113495,120.098109,122.859772,122.859772,88651200
2021-04-06,123.445275,124.060059,122.615802,123.162277,123.162277,80171300
2021-04-07,122.791472,124.830999,122.118131,124.811485,124.811485,83466700
2021-04-08,125.836134,127.241364,125.416525,127.21209,127.21209,88844600
2021-04-09,126.665577,129.827327,126.343544,129.7883,129.7883,106686700
2021-04-12,129.319905,129.641938,127.475546,128.070816,128.070816,91420000
2021-04-13,129.241841,131.408234,128.744147,131.183777,131.183777,91266500
2021-04-14,131.681469,131.740017,128.480675,128.841736,128.841736,87222800
2021-04-15,130.588549,131.740047,130.412887,131.252121,131.252121,89347100
2021-04-16,131.056907,131.417967,130.061534,130.920288,130.920288,84922400
2021-04-19,130.285993,132.198669,130.1201,131.583878,131.583878,94264200
2021-04-20,131.759541,132.25722,128.62705,129.89566,129.89566,94812300
2021-04-21,129.163744,130.520178,128.129344,130.276215,130.276215,68847100
2021-04-22,129.827334,130.910531,128.236706,128.753906,128.753906,84566500
2021-04-23,128.968603,131.857116,128.968603,131.076447,131.076447,78657500
2021-04-26,131.574126,131.798568,130.33479,131.466782,131.466782,66905100
2021-04-27,131.749784,132.140133,130.871523,131.14476,131.14476,66015800
2021-04-28,131.066708,131.759569,129.866413,130.35434,130.35434,107760100
2021-04-29,133.174532,133.760049,129.251603,130.256729,130.256729,151101000
2021-04-30,128.597772,130.334787,127.904926,128.285507,128.285507,109839500
2021-05-03,128.851521,130.832515,128.6466,129.339447,129.339447,75135100
2021-05-04,128.022038,128.314796,123.640456,124.762688,124.762688,137564700
2021-05-05,126.080066,127.299881,124.879772,125.006638,125.006638,84000900
2021-05-06,124.801716,126.616801,124.060066,126.607048,126.607048,78128300
2021-05-07,127.907115,128.307882,126.567917,127.281509,127.281509,78973300
2021-05-10,126.499523,126.626589,123.957992,123.997093,123.997093,88071200
2021-05-11,120.722423,123.430121,120.008838,123.078224,123.078224,126142800
2021-05-12,120.624678,121.836788,119.500541,120.008842,120.008842,112172300
2021-05-13,121.77815,123.31284,121.465347,122.159378,122.159378,105861300
2021-05-14,123.410579,125.013694,123.019574,124.583588,124.583588,81918000
2021-05-17,123.967763,124.07529,122.354871,123.43013,123.43013,74244600
2021-05-18,123.713617,124.133946,121.973651,122.042076,122.042076,63342900
2021-05-19,120.390085,122.110497,120.096829,121.885674,121.885674,92612000
2021-05-20,122.413525,124.847522,122.286444,124.446739,124.446739,76857100
2021-05-21,124.945264,125.121216,122.393963,122.609016,122.609016,79295400
2021-05-24,123.175981,125.062575,123.107556,124.241463,124.241463,63092900
2021-05-25,124.945274,125.434036,123.47901,124.045967,124.045967,72009500
2021-05-26,124.10462,124.524949,123.576764,123.997093,123.997093,56575900
2021-05-27,123.596309,124.769318,122.266896,122.462395,122.462395,94625600
2021-05-28,122.745865,122.970696,121.748809,121.807457,121.807457,71311100
2021-06-01,122.266889,122.530813,121.152529,121.484879,121.484879,67637100
2021-06-02,121.484881,122.423289,121.260058,122.247337,122.247337,59278900
2021-06-03,121.875896,122.042071,120.360753,120.761536,120.761536,76229200
2021-06-04,121.279611,123.322609,121.064557,123.058678,123.058678,75169300
2021-06-07,123.332383,123.479011,122.022524,123.068459,123.068459,71057600
2021-06-08,123.752706,125.570882,123.371478,123.889557,123.889557,74403800
2021-06-09,124.348993,124.876849,123.674509,124.27079,124.27079,56877900
2021-06-10,124.163265,125.306957,123.10756,123.273735,123.273735,71186400
2021-06-11,123.684282,124.57382,123.263953,124.48584,124.48584,53522400
2021-06-14,124.945292,127.604112,124.212159,127.545464,127.545464,96906500
2021-06-15,127.017598,127.662758,126.479965,126.724342,126.724342,62746300
2021-06-16,127.437931,127.94624,125.570899,127.222878,127.222878,91815000
2021-06-17,126.880754,129.568906,126.734119,128.825989,128.825989,96721700
2021-06-18,127.770272,128.552267,127.310841,127.525894,127.525894,108953300
2021-06-21,127.369505,129.432051,126.304023,129.324524,129.324524,79663300
2021-06-22,129.158337,131.064477,128.659798,130.966721,130.966721,74783600
2021-06-23,130.761441,131.299074,130.233578,130.693008,130.693008,60214200
2021-06-24,131.426165,131.611894,129.940346,130.409561,130.409561,68711000
2021-06-25,130.458422,130.878743,129.823031,130.116287,130.116287,70783700
2021-06-28,130.409565,132.20818,130.350917,131.748749,131.748749,62111300
2021-06-29,131.768282,133.420275,131.328406,133.26387,133.26387,64556100
2021-06-30,133.107459,134.319576,132.814203,133.8797,133.8797,63261400
2021-07-01,133.52781,134.241387,132.70669,134.182739,134.182739,52485800
2021-07-02,134.798558,136.851334,134.651938,136.812241,136.812241,78852600
2021-07-06,136.919787,139.930504,136.919787,138.825928,138.825928,108181800
2021-07-07,140.311724,141.631368,139.451526,141.318573,141.318573,104911600
2021-07-08,138.395794,140.820013,137.506257,140.018463,140.018463,105575500
2021-07-09,139.539497,142.374269,139.44174,141.84642,141.84642,99890800
2021-07-12,142.921685,143.029212,140.761383,141.250137,141.250137,76299700
2021-07-13,140.790696,144.143561,140.399698,142.364487,142.364487,100827100
2021-07-14,144.769144,146.206084,144.358577,145.795517,145.795517,127050800
2021-07-15,145.883527,146.626428,143.781872,145.14061,145.14061,106820300
2021-07-16,145.121078,146.391828,142.599101,143.097626,143.097626,93251400
2021-07-19,140.516996,140.829807,138.483775,139.246231,139.246231,121434600
2021-07-20,140.233504,143.791637,139.744749,142.862991,142.862991,96350000
2021-07-21,142.256979,142.843491,141.377226,142.129898,142.129898,74993500
2021-07-22,142.657754,144.866921,142.530673,143.498413,143.498413,77338200
2021-07-23,144.231532,145.375216,143.615696,145.218811,145.218811,71447400
2021-07-26,144.935367,146.46028,144.37818,145.639175,145.639175,72434100
2021-07-27,145.766224,145.854211,142.276523,143.469086,143.469086,104818600
2021-07-28,141.55317,143.664595,139.334219,141.719345,141.719345,118931200
2021-07-29,141.435856,143.254024,141.328329,142.364487,142.364487,56699500
2021-07-30,141.132834,143.038975,140.868902,142.579544,142.579544,70440600
2021-08-02,143.068297,143.645024,141.983261,142.247192,142.247192,62880000
2021-08-03,142.530694,144.710537,141.914858,144.045837,144.045837,64786600
2021-08-04,143.957845,144.466139,142.990105,143.645035,143.645035,56368300
2021-08-05,143.674361,144.51502,142.882581,143.752563,143.752563,46397700
2021-08-06,143.272867,144.016882,142.568005,143.067276,143.067276,54126800
2021-08-09,143.126014,143.615501,142.460318,143.018326,143.018326,48908700
2021-08-10,143.360955,144.604256,142.244925,142.53862,142.53862,69023100
2021-08-11,142.979175,143.635085,142.470104,142.793167,142.793167,48493500
2021-08-12,143.116248,145.916115,142.773601,145.759476,145.759476,72282600
2021-08-13,145.837801,146.29792,145.152522,145.965073,145.965073,59375000
2021-08-16,145.416796,148.011086,143.390327,147.942551,147.942551,103296000
2021-08-17,147.071318,148.490828,145.955288,147.032166,147.032166,92229700
2021-08-18,146.650312,147.550966,143.077047,143.282639,143.282639,86326000
2021-08-19,141.980624,144.888178,141.461769,143.615509,143.615509,86960300
2021-08-20,144.339942,145.377653,143.693816,145.074173,145.074173,60549600
2021-08-23,145.191668,147.032144,144.7805,146.562241,146.562241,60131800
2021-08-24,146.307682,147.688039,146.013987,146.474106,146.474106,48606400
2021-08-25,146.660125,147.159412,144.692393,145.240616,145.240616,58991300
2021-08-26,145.230833,145.984632,144.408483,144.437851,144.437851,48597200
2021-08-27,144.379109,145.622411,143.742782,145.475571,145.475571,55802400
2021-08-30,145.867129,150.262728,145.48533,149.900497,149.900497,90956700
2021-08-31,149.450185,149.58724,148.10898,148.637634,148.637634,86453100
2021-09-01,149.616608,151.721397,149.136906,149.303329,149.303329,80313700
2021-09-02,150.634718,151.466851,149.195625,150.419342,150.419342,71115500
2021-09-03,150.52704,151.378758,149.871129,151.055695,151.055695,57808700
2021-09-07,151.711625,153.95347,151.143819,153.395462,153.395462,82278300
2021-09-08,153.679371,153.738107,150.742448,151.848694,151.848694,74420200
2021-09-09,152.220662,152.827621,150.713034,150.830521,150.830521,57305700
2021-09-10,151.740981,152.210884,145.573441,145.837769,145.837769,140893200
2021-09-13,147.462872,148.236255,145.622396,146.405579,146.405579,102404300
2021-09-14,147.188753,147.893616,143.82108,145.00563,145.00563,109296300
2021-09-15,145.436411,146.297913,143.292455,145.89653,145.89653,83281300
2021-09-16,145.318943,145.837798,144.124593,145.661575,145.661575,68034100
2021-09-17,145.690962,145.690962,142.695288,142.988983,142.988983,129868800
2021-09-20,140.776489,141.794615,138.299685,139.93457,139.93457,123478900
2021-09-21,140.903733,141.559658,139.777918,140.414246,140.414246,75834000
2021-09-22,141.412813,143.351178,140.678583,142.783386,142.783386,76404300
2021-09-23,143.566544,143.987511,142.577786,143.742767,143.742767,64838200
2021-09-24,142.59737,144.36931,142.499466,143.830872,143.830872,53477900
2021-09-27,142.411349,142.891052,140.796048,142.313446,142.313446,74150700
2021-09-28,140.238076,141.706538,138.710879,138.926254,138.926254,108972300
2021-09-29,139.474443,141.412807,139.043692,139.826874,139.826874,74602000
2021-09-30,140.639445,141.344307,138.309481,138.524857,138.524857,89056700
2021-10-01,138.916419,139.914977,136.185088,139.65065,139.65065,94639600
2021-10-04,138.779339,139.219889,135.362729,136.214432,136.214432,98322000
2021-10-05,136.557103,139.249281,136.429831,138.143036,138.143036,80861100
2021-10-06,136.53754,139.161183,135.460662,139.014343,139.014343,83221100
2021-10-07,140.052016,141.187629,139.719168,140.277176,140.277176,61732700
2021-10-08,141.0016,141.148441,139.562508,139.895355,139.895355,58773200
2021-10-11,139.278672,141.765261,138.828338,139.807312,139.807312,64452200
2021-10-12,140.218474,140.238058,138.074518,138.534637,138.534637,73035900
2021-10-13,138.270329,138.426953,136.273213,137.947266,137.947266,78762700
2021-10-14,139.122003,140.854792,138.534613,140.737305,140.737305,69907100
2021-10-15,140.747107,141.853337,140.492564,141.794601,141.794601,67940300
2021-10-18,140.433833,143.752554,140.149937,143.468658,143.468658,85589200
2021-10-19,143.918952,146.033539,143.468632,145.632156,145.632156,76378900
2021-10-20,145.573435,146.601361,145.005629,146.121658,146.121658,58418800
2021-10-21,145.681156,146.493706,144.760918,146.337067,146.337067,61421000
2021-10-22,146.542634,147.022322,145.514708,145.56366,145.56366,58883400
2021-10-25,145.553862,146.229356,144.516152,145.514709,145.514709,50720600
2021-10-26,146.190235,147.668481,145.876956,146.18045,146.18045,60893400
2021-10-27,146.219563,146.581778,145.36786,145.720291,145.720291,56094900
2021-10-28,146.669882,149.949436,146.571979,149.362061,149.362061,100077900
2021-10-29,144.124575,146.787385,143.331608,146.65033,146.65033,124953200
2021-11-01,145.857356,146.552419,144.692374,145.827988,145.827988,74588300
2021-11-02,145.534317,148.383136,145.524518,146.865723,146.865723,69122000
2021-11-03,147.227932,148.774713,146.669924,148.30481,148.30481,54511500
2021-11-04,148.392894,149.225013,147.472656,147.785934,147.785934,60394600
2021-11-05,148.9134,149.217322,147.119261,148.315353,148.315353,65463900
2021-11-08,148.442844,148.599712,147.21734,147.491852,147.491852,55020900
2021-11-09,147.256522,148.462414,147.119266,147.854568,147.854568,56787900
2021-11-10,147.080047,147.187891,144.952574,145.021194,145.021194,65187100
2021-11-11,146.040849,146.501625,144.78592,144.972198,144.972198,41000000
2021-11-12,145.521203,147.452598,144.589823,147.050644,147.050644,63804000
2021-11-15,147.423184,148.903602,146.501603,147.06044,147.06044,59222800
2021-11-16,147.001623,148.521251,146.413375,148.040848,148.040848,59256200
2021-11-17,148.040817,151.962428,148.031018,150.482025,150.482025,88807000
2021-11-18,150.697735,155.560525,150.050665,154.776199,154.776199,137827700
2021-11-19,154.560509,157.864477,153.462463,157.403687,157.403687,117305600
2021-11-22,158.511511,162.452734,157.844844,157.864456,157.864456,117467900
2021-11-23,157.962501,158.629183,155.942874,158.246826,158.246826,96041900
2021-11-24,157.599767,158.962527,156.511519,158.766449,158.766449,69463600
2021-11-26,156.442937,157.305682,153.295836,153.737015,153.737015,76959800
2021-11-29,156.246801,158.031142,155.678166,157.099762,157.099762,88748200
2021-11-30,156.854671,162.276298,156.786035,162.060608,162.060608,174048100
2021-12-01,164.197884,166.962628,161.305698,161.541,161.541,152052500
2021-12-02,155.629154,160.982146,154.707573,160.550766,160.550766,136739200
2021-12-03,160.805682,161.727263,156.589947,158.668396,158.668396,118023100
2021-12-06,161.070372,164.590029,161.060573,162.0802,162.0802,107497000
2021-12-07,165.766541,168.217549,165.041037,167.825378,167.825378,120405400
2021-12-08,168.75674,172.511685,167.354757,171.648926,171.648926,116998900
2021-12-09,171.482246,173.286184,170.511642,171.139099,171.139099,108923700
2021-12-10,171.776405,176.109784,171.266591,175.933304,175.933304,115402700
2021-12-13,177.570594,178.560811,172.090145,172.296036,172.296036,153237000
2021-12-14,171.815604,174.256813,168.835186,170.913635,170.913635,139380400
2021-12-15,171.678349,175.982317,168.933218,175.78624,175.78624,131063300
2021-12-16,175.76665,177.5902,167.403813,168.884216,168.884216,150185800
2021-12-17,166.599854,170.070489,166.364567,167.786148,167.786148,195432700
2021-12-20,164.982207,167.237137,164.178285,166.423401,166.423401,107499100
2021-12-21,168.197885,169.805745,165.8057,169.599869,169.599869,91185900
2021-12-22,169.648899,172.413642,168.776341,172.197952,172.197952,92135300
2021-12-23,172.403873,173.384276,171.835238,172.825439,172.825439,68356600
2021-12-27,173.619585,176.884329,173.599988,176.796097,176.796097,74919600
2021-12-28,176.629358,177.776428,175.031297,175.776398,175.776398,79144300
2021-12-29,175.815677,177.090204,174.648995,175.8647,175.8647,62348900
2021-12-30,175.952925,177.031375,174.599965,174.707809,174.707809,59773000
2021-12-31,174.599948,175.717606,173.786211,174.090149,174.090149,64062300
2022-01-03,174.345053,179.296091,174.22741,178.44313,178.44313,104487900
2022-01-04,179.050994,179.354917,175.60977,176.178406,176.178406,99310400
2022-01-05,176.090142,176.639165,171.217539,171.49205,171.49205,94537600
2022-01-06,169.315582,171.864636,168.276357,168.629303,168.629303,96904000
2022-01-07,169.501851,170.727354,167.678301,168.795959,168.795959,86709100
2022-01-10,165.766529,169.119505,164.874358,168.815582,168.815582,106765600
2022-01-11,168.943019,171.746957,167.472415,171.648926,171.648926,76138300
2022-01-12,172.668568,173.707793,171.394056,172.090134,172.090134,74805200
2022-01-13,172.335225,173.15876,168.423412,168.815582,168.815582,84505800
2022-01-14,167.982252,170.374438,167.737151,169.67836,169.67836,80440800
2022-01-18,168.148908,169.158722,166.090071,166.472427,166.472427,90956700
2022-01-19,166.668521,167.727358,162.688087,162.972397,162.972397,94815000
2022-01-20,163.707684,166.354769,160.962552,161.286087,161.286087,91420500
2022-01-21,161.197838,163.070411,159.119389,159.227234,159.227234,122848900
2022-01-24,156.884108,159.119425,151.668356,158.452744,158.452744,162294600
2022-01-25,155.864463,159.570385,153.942882,156.648788,156.648788,115798400
2022-01-26,160.29588,161.168438,154.727198,156.560547,156.560547,108275300
2022-01-27,159.266444,160.629203,155.178166,156.099747,156.099747,121954600
2022-01-28,162.462578,167.011647,159.609602,166.992035,166.992035,179935700
2022-01-31,166.825371,171.570518,166.1881,171.354828,171.354828,115541600
2022-02-01,170.599893,171.413629,168.933211,171.188141,171.188141,86213900
2022-02-02,171.325438,172.433298,169.933267,172.394073,172.394073,84914300
2022-02-03,171.060712,172.78623,168.74696,169.511673,169.511673,89418100
2022-02-04,168.529995,170.905606,167.548343,169.226974,169.226974,82465400
2022-02-07,169.688355,170.758352,167.813397,168.510376,168.510376,77251200
2022-02-08,168.579081,172.132671,168.284582,171.622208,171.622208,74829200
2022-02-09,172.819848,173.40883,171.690939,173.045624,173.045624,71285000
2022-02-10,170.94487,172.26028,168.402395,168.961929,168.961929,90865900
2022-02-11,169.16809,169.904329,164.956794,165.545792,165.545792,98670700
2022-02-14,164.299083,166.468541,163.503948,165.781387,165.781387,86185500
2022-02-15,167.83306,169.776727,167.12627,169.619659,169.619659,62527400
2022-02-16,168.69691,170.159562,166.929934,169.384064,169.384064,61177400
2022-02-17,167.891933,168.755792,165.378906,165.781387,165.781387,69589300
2022-02-18,166.704129,167.410904,163.140728,164.230362,164.230362,82772700
2022-02-22,161.952948,163.631579,159.174871,161.305069,161.305069,91162800
2022-02-23,162.50268,163.101488,156.818921,157.133057,157.133057,90009200
2022-02-24,149.780456,159.862026,149.211096,159.754044,159.754044,141147500
2022-02-25,160.8339,162.090414,157.918392,161.825378,161.825378,91974200
2022-02-28,160.068147,162.384846,159.449701,162.090347,162.090347,95056600
2022-03-01,161.67809,163.543238,158.998184,160.205612,160.205612,83474400
2022-03-02,161.373739,164.289246,159.960158,163.503922,163.503922,79724800
2022-03-03,165.378929,165.810859,162.512507,163.180023,163.180023,76678400
2022-03-04,161.47192,162.512468,159.125773,160.176132,160.176132,83737200
2022-03-07,160.362656,161.992202,156.121912,156.377151,156.377151,96418800
2022-03-08,155.905985,159.89149,152.941391,154.5513,154.5513,131148300
2022-03-09,158.517145,160.411741,156.485133,159.960175,159.960175,91454900
2022-03-10,157.260633,157.44715,153.118061,155.611465,155.611465,105342000
2022-03-11,156.013942,156.357526,151.665231,151.891006,151.891006,96970100
2022-03-14,148.671218,151.292228,147.345997,147.856445,147.856445,108732100
2022-03-15,148.131261,152.715588,147.620813,152.244385,152.244385,92964300
2022-03-16,154.16843,157.0643,151.625956,156.661819,156.661819,102300200
2022-03-17,155.699798,158.045945,154.737783,157.672913,157.672913,75615400
2022-03-18,157.564964,161.462124,156.828725,160.971298,160.971298,123511700
2022-03-21,160.509927,163.297831,160.019101,162.345627,162.345627,95811400
2022-03-22,162.473238,166.311501,161.884256,165.722519,165.722519,81532000
2022-03-23,164.907707,169.472382,164.573934,167.086975,167.086975,98062700
2022-03-24,167.921393,170.944883,167.086998,170.876175,170.876175,90131400
2022-03-25,170.689637,172.063944,169.580366,171.514221,171.514221,80546200
2022-03-28,169.011008,172.505687,168.844129,172.378082,172.378082,90371900
2022-03-29,173.448113,175.725539,173.104529,175.676468,175.676468,100589400
2022-03-30,175.274004,176.314552,173.457941,174.508316,174.508316,92633200
2022-03-31,174.576997,174.763513,171.200112,171.406265,171.406265,103049300
2022-04-01,170.836894,171.671304,168.785245,171.111755,171.111755,78751300
2022-04-04,171.366997,175.215071,171.239377,175.165985,175.165985,76468400
2022-04-05,174.243225,175.02855,171.219735,171.847992,171.847992,73401800
2022-04-06,169.197551,170.444253,167.008471,168.677277,168.677277,89058800
2022-04-07,168.019537,170.179169,166.733576,168.981552,168.981552,77594700
2022-04-08,168.628202,168.628202,166.095538,166.969208,166.969208,76575500
2022-04-11,165.614497,165.928618,162.463388,162.708801,162.708801,72246700
2022-04-12,164.937197,166.753244,163.582512,164.583801,164.583801,79265200
2022-04-13,164.318731,167.901755,163.710112,167.273499,167.273499,70618900
2022-04-14,167.489455,168.127538,162.011835,162.257248,162.257248,75329400
2022-04-18,160.912412,163.543247,160.568843,162.041321,162.041321,69023900
2022-04-19,161.992215,164.740844,160.902581,164.328537,164.328537,67723800
2022-04-20,165.663578,165.781386,163.052395,164.161652,164.161652,67929800
2022-04-21,165.81085,168.382774,162.865894,163.366531,163.366531,87227800
2022-04-22,163.4058,164.789918,158.5368,158.821472,158.821472,84882400
2022-04-25,158.163747,160.176137,155.552565,159.891464,159.891464,96046400
2022-04-26,159.273035,159.36138,153.844501,153.923035,153.923035,95623200
2022-04-27,153.049402,156.858203,152.529128,153.697296,153.697296,88063200
2022-04-28,156.328091,161.501401,156.013955,160.637543,160.637543,130216800
2022-04-29,158.870555,163.150559,154.364776,154.757431,154.757431,131747600
2022-05-02,153.834702,155.326803,150.457817,155.061768,155.061768,123055300
2022-05-03,155.248249,157.761291,153.451839,156.553848,156.553848,88966500
2022-05-04,156.74038,163.425429,156.3379,162.973877,162.973877,108256500
2022-05-05,160.843683,161.069459,152.106971,153.893585,153.893585,130525300
2022-05-06,153.372529,156.74455,151.573465,154.621063,154.621063,116124600
2022-05-09,152.310764,153.195557,148.928932,149.489288,149.489288,131577900
2022-05-10,152.890838,154.090215,150.344613,151.897903,151.897903,115366700
2022-05-11,150.904992,152.822023,143.344993,144.023331,144.023331,142689800
2022-05-12,140.356374,143.72838,136.453489,140.149918,140.149918,182602000
2022-05-13,142.145599,145.59627,140.690624,144.623001,144.623001,113990900
2022-05-16,143.089385,145.026082,141.742535,143.079544,143.079544,86643800
2022-05-17,146.343445,147.238065,144.200291,146.717026,146.717026,78336300
2022-05-18,144.367404,144.868776,137.534886,138.439346,138.439346,109742900
2022-05-19,137.515258,139.265165,134.29071,135.02803,135.02803,136095600
2022-05-20,136.738557,138.321339,130.368112,135.263916,135.263916,137426100
2022-05-23,135.460515,140.83804,135.322882,140.690582,140.690582,117726300
2022-05-24,138.429511,139.569904,135.008347,137.987122,137.987122,104132700
2022-05-25,136.089731,139.392928,136.001256,138.144409,138.144409,92482700
2022-05-26,135.067303,141.899804,134.821529,141.349274,141.349274,90601500
2022-05-27,142.932079,147.149547,142.804272,147.110229,147.110229,90978500
2022-05-31,146.549853,148.112969,144.357542,146.32373,146.32373,103718400
2022-06-01,147.365838,149.174743,145.183368,146.195969,146.195969,74286600
2022-06-02,145.330838,148.712685,144.377235,148.653702,148.653702,72348100
2022-06-03,144.416549,145.468467,142.017811,142.922256,142.922256,88570300
2022-06-06,144.544372,146.058346,142.450376,143.669418,143.669418,71598400
2022-06-07,141.909677,146.481059,141.663903,146.195969,146.195969,67808200
2022-06-08,146.068178,147.336363,144.967117,145.458664,145.458664,53950200
2022-06-09,144.593518,145.448805,140.120436,140.228577,140.228577,69473000
2022-06-10,137.908478,138.380359,134.742913,134.811737,134.811737,91437900
2022-06-13,130.623736,132.914347,129.217918,129.650482,129.650482,122207100
2022-06-14,130.879334,131.62648,129.25722,130.515579,130.515579,84784300
2022-06-15,132.0197,135.01814,129.92572,133.140427,133.140427,91533000
2022-06-16,129.847122,130.151879,126.858507,127.861267,127.861267,108123900
2022-06-17,127.871061,130.830168,127.615446,129.335861,129.335861,134520300
2022-06-21,131.16445,134.742913,131.06615,133.573029,133.573029,81000500
2022-06-22,132.511268,135.431059,131.646155,133.061813,133.061813,73409200
2022-06-23,134.506951,136.247016,133.337066,135.932434,135.932434,72433800
2022-06-24,137.534896,139.510926,137.407104,139.265152,139.265152,89116800
2022-06-27,140.287564,141.064216,138.586814,139.265152,139.265152,70207900
2022-06-28,139.7272,140.995385,134.998519,135.116486,135.116486,67083400
2022-06-29,135.13617,138.291894,134.359517,136.876236,136.876236,66242400
2022-06-30,134.929669,136.03073,131.508506,134.40863,134.40863,98964500
2022-07-01,133.740142,136.689425,133.366576,136.581284,136.581284,71051600
2022-07-05,135.440918,139.215997,134.615108,139.16684,139.16684,73353800
2022-07-06,138.960365,141.683525,138.694925,140.503815,140.503815,74064300
2022-07-07,140.867573,144.07247,140.857748,143.875854,143.875854,66253700
2022-07-08,142.804277,145.055572,142.548678,144.554184,144.554184,64547800
2022-07-11,143.207346,144.160949,141.349299,142.420868,142.420868,63141600
2022-07-12,143.295834,145.940361,142.597846,143.39415,143.39415,77588800
2022-07-13,140.57266,143.974158,139.717358,143.030396,143.030396,71185600
2022-07-14,141.644238,146.431903,140.828268,145.960022,145.960022,78140700
2022-07-15,147.247835,148.309578,145.694544,147.631241,147.631241,76259900
2022-07-18,148.191649,149.007619,144.219939,144.583694,144.583694,81420900
2022-07-19,145.419288,148.673327,144.426368,148.44722,148.44722,82982400
2022-07-20,148.565204,151.121255,147.827884,150.452744,150.452744,64823400
2022-07-21,151.888103,152.940022,149.371384,152.72374,152.72374,65086600
2022-07-22,152.763011,153.637964,150.816488,151.484985,151.484985,66675400
2022-07-25,151.406351,152.418937,149.705602,150.364273,150.364273,53623900
2022-07-26,149.685925,150.501895,148.250616,149.037094,149.037094,55138700
2022-07-27,150.00054,154.670238,149.587642,154.139359,154.139359,78620700
2022-07-28,154.326141,154.974986,151.799596,154.689896,154.689896,81378700
2022-07-29,158.514115,160.86371,156.803526,159.762634,159.762634,101786900
2022-08-01,158.288009,160.824394,158.170043,158.779556,158.779556,67829400
2022-08-02,157.393391,159.664336,156.931336,157.304901,157.304901,59907000
2022-08-03,158.120895,163.773687,158.03242,163.321472,163.321472,82507500
2022-08-04,163.203498,164.363557,161.650207,163.006882,163.006882,55474100
2022-08-05,160.673713,163.272687,160.46697,162.780457,162.780457,56697000
2022-08-08,163.784597,165.202222,161.648321,162.307907,162.307907,60276900
2022-08-09,161.471139,163.24317,160.713101,162.357147,162.357147,63135500
2022-08-10,165.074246,166.708453,164.306368,166.610016,166.610016,70170500
2022-08-11,167.417253,168.332808,165.576317,165.871658,165.871658,57149200
2022-08-12,167.18097,169.494441,166.767484,169.425537,169.425537,68039400
2022-08-15,168.85455,170.695485,168.687194,170.498596,170.498596,54091700
2022-08-16,170.094965,171.01052,168.992375,170.34108,170.34108,56377100
2022-08-17,170.085141,173.412605,169.888252,171.837479,171.837479,79542000
2022-08-18,171.049917,172.18204,170.429703,171.443695,171.443695,62290100
2022-08-19,170.341098,171.040071,168.647825,168.854568,168.854568,70346300
2022-08-22,167.053008,167.220364,164.542632,164.965958,164.965958,69026800
2022-08-23,164.483547,166.088222,164.060222,164.63121,164.63121,54147100
2022-08-24,164.719847,165.497563,163.666467,164.926575,164.926575,53841500
2022-08-25,166.157136,167.496002,165.733825,167.387711,167.387711,51218200
2022-08-26,167.91934,168.391877,161.018266,161.077332,161.077332,78961000
2022-08-29,158.645725,160.36853,157.336407,158.872162,158.872162,73314000
2022-08-30,159.610483,160.033794,155.269012,156.440521,156.440521,77906200
2022-08-31,157.818741,158.084549,154.698005,154.776764,154.776764,87991100
2022-09-01,154.205801,155.958138,152.266413,155.505295,155.505295,74229900
2022-09-02,157.267461,157.867982,152.561744,153.388687,153.388687,76957800
2022-09-06,154.03844,154.648801,151.301643,152.128586,152.128586,73714800
2022-09-07,152.414093,154.235335,151.22289,153.536377,153.536377,87449600
2022-09-08,152.236857,153.930129,150.30731,152.059662,152.059662,84923800
2022-09-09,153.053971,155.367457,152.345159,154.924438,154.924438,68028800
2022-09-12,157.109937,161.707362,156.82445,160.890259,160.890259,104956000
2022-09-13,157.415151,158.045205,150.986628,151.449326,151.449326,122656600
2022-09-14,152.384515,154.65863,151.22286,152.896439,152.896439,87965400
2022-09-15,152.246719,152.827562,149.027546,150.002151,150.002151,90481100
2022-09-16,148.860193,148.998016,146.064315,148.358109,148.358109,162278800
2022-09-19,146.98969,152.158104,146.782962,152.079346,152.079346,81474200
2022-09-20,151.016167,155.623447,150.701147,154.461777,154.461777,107689800
2022-09-21,154.894886,156.273138,151.213016,151.331146,151.331146,101696800
2022-09-22,150.012018,152.069536,148.564861,150.366425,150.366425,86652500
2022-09-23,148.840469,149.116116,146.251335,148.09227,148.09227,96029900
2022-09-26,147.334281,151.380412,147.314588,148.427032,148.427032,93339400
2022-09-27,150.366408,152.315634,147.619757,149.401627,149.401627,84442700
2022-09-28,145.345666,148.299046,142.589175,147.511475,147.511475,146691400
2022-09-29,143.829609,144.43997,138.493823,140.265854,140.265854,128138200
2022-09-30,139.084476,140.8762,135.855449,136.052338,136.052338,124925300
2022-10-03,136.062212,140.846688,135.550289,140.236313,140.236313,114311700
2022-10-04,142.776195,143.947705,142.018157,143.829575,143.829575,87830100
2022-10-05,141.831115,145.089675,140.787575,144.124893,144.124893,79471000
2022-10-06,143.544082,145.247194,142.963255,143.169983,143.169983,68402200
2022-10-07,140.324918,140.876229,137.282941,137.912994,137.912994,85925600
2022-10-10,138.237869,139.685027,136.416627,138.237869,138.237869,74899000
2022-10-11,137.725938,139.153416,136.072052,136.820236,136.820236,77033700
2022-10-12,136.967902,138.178783,136.012975,136.19017,136.19017,70433700
2022-10-13,132.892235,141.358581,132.28186,140.767914,140.767914,113224000
2022-10-14,142.067409,142.274152,136.042519,136.229568,136.229568,88598000
2022-10-17,138.877788,140.679336,138.090217,140.19696,140.19696,85250900
2022-10-18,143.229064,144.420251,138.424895,141.516098,141.516098,99136600
2022-10-19,139.488114,142.697447,139.301064,141.62439,141.62439,61758300
2022-10-20,140.797452,143.622847,140.433192,141.161697,141.161697,64522000
2022-10-21,140.649767,145.552388,140.433185,144.9814,144.9814,86548600
2022-10-24,144.902644,147.895395,143.731134,147.127518,147.127518,75981900
2022-10-25,147.757576,150.120288,147.038924,149.97261,149.97261,74732300
2022-10-26,148.614064,149.628057,145.739428,147.029083,147.029083,88194300
2022-10-27,145.768962,146.733728,141.890188,142.549774,142.549774,109180200
2022-10-28,145.896943,155.052422,145.522858,153.319778,153.319778,164762400
2022-10-31,150.779881,151.8431,149.559146,150.957077,150.957077,97943200
2022-11-01,152.670065,153.03431,146.81253,148.308899,148.308899,80379300
2022-11-02,146.635296,149.805258,142.746682,142.776215,142.776215,93604600
2022-11-03,139.852377,140.580883,136.593817,136.721802,136.721802,97918500
2022-11-04,140.113932,140.685868,132.511164,136.455536,136.455536,140814800
2022-11-07,135.203196,137.214819,133.78322,136.988022,136.988022,83374600
2022-11-08,138.4573,139.463104,135.577911,137.559952,137.559952,89908500
2022-11-09,136.573892,136.6232,132.718265,132.99437,132.99437,74917800
2022-11-10,139.275776,144.827469,137.559969,144.827469,144.827469,118854000
2022-11-11,143.792088,147.923805,142.362241,147.618118,147.618118,93979700
2022-11-14,146.898287,148.190066,145.379695,146.21788,146.21788,73374100
2022-11-15,150.10309,151.454033,146.493986,147.9534,147.9534,89868300
2022-11-16,147.056062,147.785762,145.24164,146.720779,146.720779,64218300
2022-11-17,144.393599,149.373372,144.117495,148.623947,148.623947,80389400
2022-11-18,150.191824,150.576399,147.88437,149.186005,149.186005,74829600
2022-11-21,148.071739,148.27881,145.665669,145.95163,145.95163,58724100
2022-11-22,146.069937,148.328083,144.886614,148.091415,148.091415,51804100
2022-11-23,147.371605,149.718511,147.263134,148.969086,148.969086,58301400
2022-11-25,146.247463,146.809543,145.07401,146.050247,146.050247,35195900
2022-11-28,143.121529,144.600668,141.38601,142.214325,142.214325,69246000
2022-11-29,142.283362,142.796135,138.398168,139.206757,139.206757,83763800
2022-11-30,139.433557,146.651766,138.595387,145.971359,145.971359,111380900
2022-12-01,146.148836,147.05604,144.571082,146.247437,146.247437,71250400
2022-12-02,143.930117,145.941739,143.624415,145.754379,145.754379,65447400
2022-12-05,145.714981,148.821168,143.742795,144.590836,144.590836,68826400
2022-12-06,145.024728,145.251525,139.946339,140.922577,140.922577,64727200
2022-12-07,140.212551,141.376133,138.053005,138.979935,138.979935,69721100
2022-12-08,140.380208,141.524079,139.137736,140.666168,140.666168,62128300
2022-12-09,140.360488,143.54558,138.940512,140.182999,140.182999,76097000
2022-12-12,140.715446,142.490416,139.098254,142.48056,142.48056,70462700
2022-12-13,147.420883,147.884348,142.23404,143.44693,143.44693,93886200
2022-12-14,143.328607,144.620386,139.196875,141.218369,141.218369,82291200
2022-12-15,139.147589,139.827996,134.138235,134.6017,134.6017,98931900
2022-12-16,134.789049,135.73569,131.870207,132.639359,132.639359,160156900
2022-12-19,133.230998,133.319743,129.493713,130.529099,130.529099,79592600
2022-12-20,129.562765,131.396899,128.083626,130.460114,130.460114,77432800
2022-12-21,131.130663,134.907402,130.903866,133.566315,133.566315,85928000
2022-12-22,132.48161,132.688681,128.48793,130.391083,130.391083,77852100
2022-12-23,129.09927,130.578409,127.837072,130.026199,130.026199,63814900
2022-12-27,129.552911,129.582493,126.9299,128.22168,128.22168,69007800
2022-12-28,127.866678,129.207765,124.119529,124.287163,124.287163,85438400
2022-12-29,126.210037,128.665406,125.953658,127.80751,127.80751,75703700
2022-12-30,126.624196,128.142773,125.657822,128.123047,128.123047,77034200
2023-01-03,128.468186,129.079559,122.443158,123.330643,123.330643,112117500
2023-01-04,125.125343,126.870731,123.340517,124.602715,124.602715,89113600
2023-01-05,125.361991,125.993089,123.024955,123.281334,123.281334,80962700
2023-01-06,124.257579,128.478048,123.153152,127.817368,127.817368,87754700
2023-01-09,128.655569,131.554685,128.083633,128.340012,128.340012,70790800
2023-01-10,128.448446,129.434539,126.338208,128.911911,128.911911,63896200
2023-01-11,129.424676,131.653241,128.64567,131.63353,131.63353,69458900
2023-01-12,132.018122,132.392827,129.612053,131.554657,131.554657,71379600
2023-01-13,130.193835,133.043643,129.828986,132.885864,132.885864,57809700
2023-01-17,132.954905,135.380685,132.264643,134.049469,134.049469,63646600
2023-01-18,134.917246,136.682346,133.152131,133.329636,133.329636,69672800
2023-01-19,132.215356,134.355176,131.90967,133.388809,133.388809,58280400
2023-01-20,133.398644,136.100544,132.353388,135.952621,135.952621,80223600
2023-01-23,136.19916,141.326855,135.982218,139.147583,139.147583,81760300
2023-01-24,138.358709,141.16908,138.348853,140.547836,140.547836,66435100
2023-01-25,138.93065,140.449226,136.879574,139.887161,139.887161,65799300
2023-01-26,141.178895,142.243877,139.926553,141.957916,141.957916,54105100
2023-01-27,141.169061,145.182452,141.090172,143.900528,143.900528,70555800
2023-01-30,142.94404,143.525832,140.863384,141.011292,141.011292,64015300
2023-01-31,140.715456,142.332648,140.301299,142.28334,142.28334,65874500
2023-02-01,141.967799,144.571083,139.354659,143.407486,143.407486,77663600
2023-02-02,146.829208,149.077498,146.109364,148.722519,148.722519,118339000
2023-02-03,145.971341,155.191317,145.774126,152.351364,152.351364,154357300
2023-02-06,150.448218,150.970846,148.683103,149.619888,149.619888,69858300
2023-02-07,148.545055,153.071219,148.545055,152.499283,152.499283,83322600
2023-02-08,151.739969,152.430231,149.067651,149.80722,149.80722,64120100
2023-02-09,151.641369,152.183723,148.328097,148.771835,148.771835,56007100
2023-02-10,147.606487,149.463162,147.369458,149.137253,149.137253,57450700
2023-02-13,149.078002,152.346951,149.048375,151.942047,151.942047,62199000
2023-02-14,150.233502,151.863048,148.989133,151.30011,151.30011,61707600
2023-02-15,151.211201,153.571561,150.984058,153.403671,153.403671,65573800
2023-02-16,151.606225,154.39126,151.448221,151.803757,151.803757,68167900
2023-02-17,150.460656,151.102589,148.979258,150.658173,150.658173,59144100
2023-02-21,148.337297,149.423661,146.569502,146.638626,146.638626,58867200
2023-02-22,147.023781,148.090389,145.334996,147.063293,147.063293,51011300
2023-02-23,148.228687,148.475586,145.414039,147.547241,147.547241,48394200
2023-02-24,145.285658,145.364668,143.912897,144.890625,144.890625,55469600
2023-02-27,145.878169,147.320054,145.621384,146.085556,146.085556,44998500
2023-02-28,145.226373,147.231197,145.0091,145.581909,145.581909,50547000
2023-03-01,145.009119,145.404153,143.211682,143.507965,143.507965,55479000
2023-03-02,142.589515,144.890622,142.115457,144.10054,144.10054,52238100
2023-03-03,146.204088,149.236023,145.502901,149.157013,149.157013,70732300
2023-03-06,151.882775,154.361657,151.55688,151.922287,151.922287,87558000
2023-03-07,151.793903,152.119813,149.255783,149.719955,149.719955,56182000
2023-03-08,150.914913,151.566732,149.947071,150.974167,150.974167,47204800
2023-03-09,151.655627,152.623469,148.366922,148.722458,148.722458,53833600
2023-03-10,148.347171,149.068114,145.779409,146.658371,146.658371,68572400
2023-03-13,145.976942,151.240845,145.868306,148.603958,148.603958,84457100
2023-03-14,149.403911,151.497615,148.238552,150.697662,150.697662,73695900
2023-03-15,149.315017,151.349467,148.060763,151.092697,151.092697,77167900
2023-03-16,150.27301,154.519687,149.759455,153.917252,153.917252,76161100
2023-03-17,154.144398,154.796216,152.366717,153.077789,153.077789,98944600
2023-03-20,153.146922,155.862818,152.238318,155.448013,155.448013,73641400
2023-03-21,155.369018,157.42321,154.598677,157.304703,157.304703,73938300
2023-03-22,157.324452,160.129228,155.852924,155.872681,155.872681,75701800
2023-03-23,156.860295,159.546564,155.724547,156.959045,156.959045,67622100
2023-03-24,156.889919,158.35156,155.892449,158.26268,158.26268,59196500
2023-03-27,157.95651,158.776219,155.912174,156.317093,156.317093,52390300
2023-03-28,156.010924,156.524479,154.045598,155.694885,155.694885,45992200
2023-03-29,157.393568,159.052741,157.373827,158.776215,158.776215,51305700
2023-03-30,159.526803,160.455148,159.270033,160.346512,160.346512,49501700
2023-03-31,160.425482,162.953731,159.902056,162.854965,162.854965,68749800
2023-04-03,162.232837,164.227775,162.183454,164.109268,164.109268,56976200
2023-04-04,164.533915,164.770929,163.062388,163.575943,163.575943,46278300
2023-04-05,162.696983,163.003136,159.793441,161.729126,161.729126,51511700
2023-04-06,160.41564,162.914279,159.99098,162.617996,162.617996,45390100
2023-04-10,159.418164,160.020599,158.094785,160.020599,160.020599,47716900
2023-04-11,160.336628,160.346498,158.519435,158.805847,158.805847,47644200
2023-04-12,159.220638,160.050217,157.798494,158.114532,158.114532,50133100
2023-04-13,159.625565,163.74385,159.418163,163.506821,163.506821,68445600
2023-04-14,162.548857,164.257414,161.788417,163.161179,163.161179,49386500
2023-04-17,163.04263,163.338912,161.995778,163.180893,163.180893,41516200
2023-04-18,164.040126,165.333878,163.595695,164.405533,164.405533,49923000
2023-04-19,163.743855,166.074589,163.48707,165.551163,165.551163,47720200
2023-04-20,164.030245,165.788169,163.506819,164.583298,164.583298,52456400
2023-04-21,163.003153,164.385785,162.4501,162.973526,162.973526,58337300
2023-04-24,162.953754,163.546319,161.857519,163.279663,163.279663,41949600
2023-04-25,163.141417,164.247523,161.699517,161.739029,161.739029,48714100
2023-04-26,161.03781,163.23028,160.78104,161.729126,161.729126,45498800
2023-04-27,163.141434,166.469636,163.141434,166.321503,166.321503,64902300
2023-04-28,166.400484,167.743619,165.798049,167.575714,167.575714,55275900
2023-05-01,167.180679,168.336167,166.548616,167.486832,167.486832,52472900
2023-05-02,167.98061,168.237395,165.462231,166.449829,166.449829,48425700
2023-05-03,167.397978,168.800366,165.087001,165.373398,165.373398,65136000
2023-05-04,162.84513,164.968461,162.272321,163.733963,163.733963,81235400
2023-05-05,168.859604,172.138438,168.642331,171.417496,171.417496,113453200
2023-05-08,170.340988,171.694008,169.975582,171.348343,171.348343,55962800
2023-05-09,170.903926,171.38784,169.471911,169.639801,169.639801,45326900
2023-05-10,170.874311,171.871781,169.768191,171.407608,171.407608,53724500
2023-05-11,171.694011,172.424825,170.034838,171.595245,171.595245,49514700
2023-05-12,171.70402,172.139166,169.112937,170.665619,170.665619,45533100
2023-05-15,171.24911,171.298562,169.577758,170.171143,170.171143,37266700
2023-05-16,170.092024,171.229327,169.904118,170.171143,170.171143,42110300
2023-05-17,169.815121,171.021644,168.539348,170.784302,170.784302,57951600
2023-05-18,171.09089,173.306177,170.675527,173.118271,173.118271,65496700
2023-05-19,174.443473,174.443473,173.009477,173.227051,173.227051,55809500
2023-05-22,172.060045,172.782,171.535895,172.277618,172.277618,43570900
2023-05-23,171.21946,171.466702,169.38987,169.666779,169.666779,50747300
2023-05-24,169.201972,170.517296,168.638269,169.943695,169.943695,45143500
2023-05-25,170.507392,171.98094,169.795337,171.080994,171.080994,56058300
2023-05-26,171.407363,173.830324,171.199674,173.494064,173.494064,54835000
2023-05-30,175.00717,177.014767,174.621474,175.343414,175.343414,55964400
2023-05-31,175.37308,177.370792,174.809363,175.293961,175.293961,99625300
2023-06-01,175.739006,178.132298,174.977499,178.102631,178.102631,68901800
2023-06-02,179.032244,179.773967,177.281773,178.953125,178.953125,61996900
2023-06-05,180.614612,182.909002,176.075253,177.598267,177.598267,121946500
2023-06-06,177.983953,178.132292,175.471975,177.232346,177.232346,64848400
2023-06-07,176.470865,179.210302,175.363229,175.857712,175.857712,61944600
2023-06-08,175.936783,178.844341,175.501651,178.577332,178.577332,50214900
2023-06-09,179.497062,180.219002,178.636668,178.963028,178.963028,48900000
2023-06-12,179.269615,181.860698,178.972923,181.761795,181.761795,54274900
2023-06-13,180.782728,182.117821,180.4267,181.287094,181.287094,54929100
2023-06-14,181.346458,182.355206,180.011365,181.920059,181.920059,57462900
2023-06-15,181.929956,184.461703,181.751934,183.957321,183.957321,65433200
2023-06-16,184.669326,184.926467,182.236482,182.879303,182.879303,101256200
2023-06-20,182.374984,184.046336,182.374984,182.968353,182.968353,49799100
2023-06-21,182.859546,183.363927,180.57504,181.929932,181.929932,49515700
2023-06-22,181.712367,184.985837,181.643132,184.936386,184.936386,51245300
2023-06-23,183.502399,185.490213,182.96835,184.619919,184.619919,53117000
2023-06-26,184.768262,185.9748,183.185912,183.225479,183.225479,48088700
2023-06-27,183.838614,186.311025,183.62104,185.984665,185.984665,50730800
2023-06-28,185.856104,187.804366,185.529759,187.161545,187.161545,51216800
2023-06-29,186.993421,187.972501,186.854967,187.497787,187.497787,46347300
2023-06-30,189.515294,192.333834,189.149367,191.829468,191.829468,85213200
2023-07-03,191.641561,191.740464,189.643849,190.336136,190.336136,31458200
2023-07-05,189.455954,190.850383,188.516426,189.218597,189.218597,46920300
2023-07-06,187.745052,189.901003,187.112115,189.693314,189.693314,45094300
2023-07-07,189.297715,190.543805,188.140628,188.57576,188.57576,46815000
2023-07-10,187.171446,187.893402,184.975944,186.528625,186.528625,59922200
2023-07-11,187.072554,187.211009,184.540807,186.004471,186.004471,46638100
2023-07-12,187.586809,189.584522,186.39017,187.675827,187.675827,60750200
2023-07-13,188.397765,189.080153,187.685709,188.437317,188.437317,41342300
2023-07-14,188.130717,189.070231,187.537348,188.585648,188.585648,41616200
2023-07-17,189.782311,192.175619,189.693308,191.849258,191.849258,50520200
2023-07-18,191.216291,192.185472,190.296546,191.592087,191.592087,48288200
2023-07-19,190.969062,196.04244,190.524016,192.946991,192.946991,80507300
2023-07-20,192.93708,194.301856,190.375666,190.998718,190.998718,59581200
2023-07-21,191.958051,192.818446,189.119713,189.821884,189.821884,71951700
2023-07-24,191.275645,192.759092,190.128443,190.622925,190.622925,45377800
2023-07-25,191.196529,192.29428,190.79105,191.483322,191.483322,37283200
2023-07-26,191.532765,193.481026,191.186636,192.353607,192.353607,47471900
2023-07-27,193.856857,195.023828,190.425149,191.087753,191.087753,47460200
2023-07-28,192.521743,194.46012,191.997593,193.668945,193.668945,48291400
2023-07-31,193.896378,194.321641,193.105204,194.282074,194.282074,38824100
2023-08-01,194.074423,194.559006,193.12501,193.45137,193.45137,35175100
2023-08-02,192.887648,193.026102,189.732864,190.454803,190.454803,50389300
2023-08-03,189.455959,190.247118,188.585665,189.060364,189.060364,61235200
2023-08-04,183.472702,185.312177,179.912424,179.981659,179.981659,115956800
2023-08-07,180.120115,181.109079,175.392865,176.876312,176.876312,97576100
2023-08-08,177.70704,178.280641,175.620324,177.815826,177.815826,67823000
2023-08-09,178.87402,178.933356,175.056616,176.223602,176.223602,60378500
2023-08-10,177.499343,178.755332,175.6401,176.006012,176.006012,54686900
2023-08-11,175.600003,176.88738,174.837467,176.06543,176.06543,52036700
2023-08-14,176.243701,177.947018,175.590099,177.719254,177.719254,43675600
2023-08-15,177.144881,177.739052,175.332631,175.728745,175.728745,43622600
2023-08-16,175.411865,176.808177,174.787972,174.8573,174.8573,46964900
2023-08-17,175.421736,175.788142,171.797235,172.312195,172.312195,66062900
2023-08-18,170.628695,173.401538,170.291997,172.797455,172.797455,61172200
2023-08-21,173.371818,174.421534,172.054718,174.134338,174.134338,46311900
2023-08-22,175.34253,175.956512,174.54039,175.51088,175.51088,42038900
2023-08-23,176.788373,179.788981,176.600213,179.363144,179.363144,52722800
2023-08-24,178.917493,179.34333,174.302692,174.669113,174.669113,54945800
2023-08-25,175.659438,177.412258,174.114572,176.877502,176.877502,51449600
2023-08-28,178.343148,178.838298,176.818093,178.442184,178.442184,43820700
2023-08-29,177.956921,183.106478,177.758864,182.334045,182.334045,53003900
2023-08-30,183.146099,186.027876,182.948042,185.829803,185.829803,60813900
2023-08-31,186.017961,187.285544,185.661452,186.047668,186.047668,60794500
2023-09-01,187.651992,188.077814,186.453722,187.622284,187.622284,45766500
2023-09-05,186.4537,188.137207,185.790201,187.859924,187.859924,45280000
2023-09-06,186.572526,187.018173,179.709753,181.135788,181.135788,81755800
2023-09-07,173.480758,176.481381,171.856667,175.837677,175.837677,112488800
2023-09-08,176.620024,178.491691,176.065444,176.45166,176.45166,65551300
2023-09-11,178.323328,178.551093,175.619799,177.620209,177.620209,58953100
2023-09-12,177.748964,178.382756,173.124265,174.589905,174.589905,90370200
2023-09-13,174.79785,175.580196,172.292392,172.520172,172.520172,84267900
2023-09-14,172.312212,174.391848,171.896288,174.035339,174.035339,60895800
2023-09-15,174.768151,174.787961,172.133964,173.312408,173.312408,109259500
2023-09-18,174.76813,177.640009,174.46114,176.243683,176.243683,67257600
2023-09-19,175.79807,177.887604,175.411854,177.333038,177.333038,51826900
2023-09-20,177.52117,177.956905,173.698612,173.78775,173.78775,58436200
2023-09-21,172.85687,174.589895,172.173561,172.242874,172.242874,63149100
2023-09-22,172.975712,175.362339,172.361731,173.094543,173.094543,56725400
2023-09-25,172.510256,175.253391,172.460738,174.372025,174.372025,46172700
2023-09-26,173.124266,173.50057,169.994914,170.292007,170.292007,64588900
2023-09-27,170.945584,171.361509,167.410221,168.776825,168.776825,66921800
2023-09-28,167.697421,170.361331,165.994104,169.034332,169.034332,56294400
2023-09-29,170.351427,171.391245,168.687715,169.549286,169.549286,51861100
2023-10-02,169.559193,172.60932,169.271998,172.064651,172.064651,52164500
2023-10-03,170.589081,171.945802,169.163061,170.727722,170.727722,49594600
2023-10-04,169.430431,172.520178,169.3116,171.97551,171.97551,53020300
2023-10-05,172.104248,173.74815,171.005014,173.213394,173.213394,48527900
2023-10-06,172.114162,176.263522,171.500165,175.768372,175.768372,57266700
2023-10-09,175.094938,177.313215,174.09474,177.253799,177.253799,42390800
2023-10-10,176.372442,177.976723,176.223888,176.659622,176.659622,43698000
2023-10-11,176.471453,178.105457,175.877282,178.055939,178.055939,47551100
2023-10-12,178.323347,180.571317,177.303324,178.957138,178.957138,56743100
2023-10-13,179.660221,180.165269,176.412038,177.115158,177.115158,51427100
2023-10-16,175.035558,177.342959,174.79788,176.98645,176.98645,52517000
2023-10-17,174.936491,176.689326,173.104445,175.431641,175.431641,57549400
2023-10-18,173.876866,175.857466,173.411424,174.134338,174.134338,54764400
2023-10-19,174.332417,176.114961,173.490671,173.758057,173.758057,59302900
2023-10-20,173.609517,173.71845,170.965417,171.203094,171.203094,64244000
2023-10-23,169.252176,172.322097,168.281671,171.321899,171.321899,55980100
2023-10-24,171.371443,171.985425,169.786957,171.75766,171.75766,43816600
2023-10-25,170.212786,171.381333,168.994706,169.440353,169.440353,57157000
2023-10-26,168.717419,169.717632,164.063012,165.271179,165.271179,70625300
2023-10-27,165.291012,167.32113,165.211786,166.588303,166.588303,58499100
2023-10-30,167.380513,169.509652,167.231959,168.638184,168.638184,51131000
2023-10-31,167.707332,169.242285,166.271384,169.113556,169.113556,44846000
2023-11-01,169.341309,172.539974,168.46984,172.282501,172.282501,56934900
2023-11-02,173.817477,176.05555,173.758061,175.847595,175.847595,77334800
2023-11-03,172.549881,175.104857,171.668515,174.936493,174.936493,79829200
2023-11-06,174.669139,177.689543,174.50079,177.491486,177.491486,63841300
2023-11-07,177.441959,180.670347,177.234005,180.056366,180.056366,70530000
2023-11-08,180.581227,181.670548,179.828589,181.115982,181.115982,49340300
2023-11-09,181.185293,182.33403,180.046439,180.640625,180.640625,53763500
2023-11-10,182.425521,185.0037,181.989213,184.835114,184.835114,66133400
2023-11-13,184.259976,184.468205,182.663492,183.248535,183.248535,43627500
2023-11-14,186.124221,186.530783,184.73598,185.866409,185.866409,60108400
2023-11-15,186.272934,187.909076,186.203515,186.43158,186.43158,53790500
2023-11-16,187.978531,189.356861,187.066242,188.117355,188.117355,54412900
2023-11-17,188.652785,188.781698,186.986896,188.097488,188.097488,50922700
2023-11-20,188.295827,190.298873,188.285916,189.842728,189.842728,46505100
2023-11-21,189.80306,189.912137,188.147082,189.03952,189.03952,38134500
2023-11-22,189.882415,191.310313,189.227952,189.703918,189.703918,39617700
2023-11-24,189.267591,189.297338,187.661196,188.375153,188.375153,24048300
2023-11-27,188.325553,189.069257,187.314112,188.19664,188.19664,40552600
2023-11-28,188.186724,189.475813,187.809909,188.801514,188.801514,38415400
2023-11-29,189.297336,190.477348,187.383546,187.780182,187.780182,43014200
2023-11-30,188.246254,188.722235,186.610112,188.355331,188.355331,48794400
2023-12-01,188.732142,189.951812,187.641371,189.634506,189.634506,45704800
2023-12-04,188.385046,188.454466,185.876288,187.839661,187.839661,43389500
2023-12-05,188.613131,192.767941,188.583369,191.796173,191.796173,66628400
2023-12-06,192.817552,193.124947,190.497201,190.705444,190.705444,41089700
2023-12-07,192.004427,193.362921,191.964754,192.639053,192.639053,47477700
2023-12-08,192.569623,194.344604,192.044074,194.066956,194.066956,53406400
2023-12-11,191.488793,191.865607,189.812978,191.558197,191.558197,60943700
2023-12-12,191.459058,193.085289,190.110475,193.075378,193.075378,52696900
2023-12-13,193.452165,196.337738,193.214189,196.29808,196.29808,70404200
2023-12-14,196.357598,197.944156,194.513212,196.446838,196.446838,66831600
2023-12-15,195.871689,196.73438,195.34614,195.911362,195.911362,128538400
2023-12-18,194.443756,194.979231,192.758031,194.245438,194.245438,55751900
2023-12-19,194.513201,195.296562,194.245464,195.286652,195.286652,40714100
2023-12-20,195.246981,196.020431,193.194366,193.194366,193.194366,52242800
2023-12-21,194.453685,195.425454,191.875507,193.045593,193.045593,46482500
2023-12-22,193.541408,193.769488,191.34997,191.974686,191.974686,37149600
2023-12-26,191.984602,192.26225,191.211152,191.429306,191.429306,28919300
2023-12-27,190.873995,191.87551,189.485739,191.528442,191.528442,48087700
2023-12-28,192.510161,193.0258,191.548303,191.954865,191.954865,34049900
2023-12-29,192.272144,192.767946,190.120364,190.913651,190.913651,42672100
2024-01-02,185.57883,186.858009,182.346204,184.081512,184.081512,82488700
2024-01-03,182.673409,184.319476,181.890032,182.703156,182.703156,58414500
2024-01-04,180.620803,181.552914,179.361476,180.382828,180.382828,71983600
2024-01-05,180.462148,181.225673,178.65742,179.658936,179.658936,62379700
2024-01-08,180.561312,184.041855,179.976269,184.002182,184.002182,59144500
2024-01-09,182.37595,183.595619,181.195937,183.585709,183.585709,42841800
2024-01-10,182.802343,184.835121,182.375945,184.626892,184.626892,46792900
2024-01-11,184.973943,185.479671,182.078459,184.031921,184.031921,49128400
2024-01-12,184.497985,185.172285,183.635294,184.359161,184.359161,40477800
2024-01-16,180.630704,182.713064,179.411019,182.088364,182.088364,65603000
2024-01-17,179.748226,181.394279,178.786368,181.146378,181.146378,47317400
2024-01-18,184.527733,187.55213,184.269921,187.046417,187.046417,78005800
2024-01-19,187.740523,190.338523,187.23481,189.951797,189.951797,68903000
2024-01-22,190.68559,193.690151,190.645917,192.262238,192.262238,60133900
2024-01-23,193.382752,194.106619,192.20274,193.541397,193.541397,42355600
2024-01-24,193.779386,194.731333,192.708451,192.867111,192.867111,53631300
2024-01-25,193.58109,194.622278,191.488803,192.539902,192.539902,54822100
2024-01-26,192.63904,193.124917,190.328599,190.804565,190.804565,44594000
2024-01-29,190.398025,190.586432,187.988432,190.120377,190.120377,47145600
2024-01-30,189.337012,190.189793,185.896143,186.461349,186.461349,55859400
2024-01-31,185.469749,185.529258,182.802345,182.851913,182.851913,55467800
2024-02-01,182.445359,185.380501,182.276788,185.29126,185.29126,64885400
2024-02-02,178.350031,185.75732,177.745152,184.289749,184.289749,102551700
2024-02-05,186.570441,187.661212,184.279836,186.104385,186.104385,69668800
2024-02-06,185.291252,187.72068,185.202011,187.71077,187.71077,43490800
2024-02-07,189.03954,189.446101,187.026583,187.81987,187.81987,53439000
2024-02-08,187.800038,187.948773,185.777171,186.739029,186.739029,40962000
2024-02-09,187.304954,188.635411,186.659594,187.50354,187.50354,45155200
2024-02-12,187.076577,187.324795,185.458194,185.815628,185.815628,41781900
2024-02-13,184.445479,184.882344,182.201583,183.720673,183.720673,56529500
2024-02-14,183.998677,184.207171,181.139206,182.837006,182.837006,54630500
2024-02-15,182.241315,183.174616,180.057004,182.549103,182.549103,65434500
2024-02-16,182.112218,183.53203,180.374696,181.010132,181.010132,49752500
2024-02-20,180.493844,181.12928,178.716613,180.265488,180.265488,53665600
2024-02-21,180.64277,181.585993,179.371897,181.020065,181.020065,41371400
2024-02-22,182.171797,183.641255,181.15908,183.05545,183.05545,52292200
2024-02-23,183.69088,183.720665,180.930702,181.218643,181.218643,45119700
2024-02-26,180.940664,181.456946,179.361989,179.868362,179.868362,40867400
2024-02-27,179.808776,182.608661,178.279747,181.327866,181.327866,54318900
2024-02-28,181.208705,181.814356,178.845684,180.12648,180.12648,48953900
2024-02-29,179.977555,181.268289,178.249955,179.461258,179.461258,136682600
2024-03-01,178.269827,179.242836,176.115301,178.379044,178.379044,73563100
2024-03-04,174.894049,175.638701,172.550875,173.851547,173.851547,81510100
2024-03-05,169.54248,170.813352,168.410608,168.907043,168.907043,95132400
2024-03-06,169.84034,170.019064,167.477304,167.914169,167.914169,68587700
2024-03-07,167.943984,169.51272,167.288701,167.795059,167.795059,71765100
2024-03-08,167.795034,172.461521,167.735465,169.512695,169.512695,76267000
2024-03-11,171.706958,173.136694,170.823305,171.518311,171.518311,60139500
2024-03-12,171.915442,172.789172,169.7907,171.994873,171.994873,59825400
2024-03-13,171.538157,171.955161,169.542479,169.909851,169.909851,52488700
2024-03-14,171.677171,173.067183,170.823302,171.766525,171.766525,72913500
2024-03-15,169.949578,171.389236,169.075847,171.389236,171.389236,121752700
2024-03-18,174.318215,176.442957,172.282829,172.4814,172.4814,75604200
2024-03-19,173.09694,175.350759,171.796283,174.824539,174.824539,55215200
2024-03-20,174.467124,177.396088,173.841611,177.396088,177.396088,53423100
2024-03-21,175.787658,176.224523,169.621928,170.148148,170.148148,106181300
2024-03-22,170.535354,171.816165,168.847478,171.051651,171.051651,71160100
2024-03-25,169.353849,170.714076,168.241824,169.631851,169.631851,54288300
2024-03-26,168.787895,170.197769,168.370892,168.499969,168.499969,57388400
2024-03-27,169.194993,172.362251,168.897129,172.07431,172.07431,60273300
2024-03-28,170.525434,171.002007,169.29427,170.257355,170.257355,65672700
2024-04-01,169.969436,170.029006,168.271622,168.817703,168.817703,46240500
2024-04-02,167.874464,168.132604,167.030518,167.636169,167.636169,49329500
2024-04-03,167.58653,169.463054,167.378036,168.440399,168.440399,47691700
2024-04-04,169.075823,170.694206,167.616318,167.616318,167.616318,53704400
2024-04-05,168.380819,169.175118,167.745382,168.370895,168.370895,42104800
2024-04-08,167.824829,167.993615,167.040468,167.248962,167.248962,37425500
2024-04-09,167.497151,168.867316,167.149655,168.460236,168.460236,42373800
2024-04-10,167.596457,167.884382,165.918504,166.583725,166.583725,49709300
2024-04-11,167.139736,174.20898,166.961026,173.791962,173.791962,91070300
2024-04-12,173.017518,177.088291,172.967887,175.291199,175.291199,101670900
2024-04-15,174.109702,175.370651,171.270092,171.45874,171.45874,73531800
2024-04-16,170.52543,172.521093,167.070246,168.172333,168.172333,73711200
2024-04-17,168.400691,169.433269,166.80217,166.80217,166.80217,50901200
2024-04-18,166.831976,167.437628,165.362533,165.84903,165.84903,43122900
2024-04-19,165.024942,165.213575,162.910124,163.823563,163.823563,68149400
2024-04-22,164.339852,166.067436,163.595199,164.657562,164.657562,48116400
2024-04-23,164.17107,165.858946,163.744128,165.710007,165.710007,49537800
2024-04-24,165.352567,168.092898,165.024933,167.814896,167.814896,48251800
2024-04-25,168.321277,169.393579,166.951111,168.678711,168.678711,50558300
2024-04-26,168.668762,170.118344,167.973741,168.092896,168.092896,44838400
2024-04-29,172.133877,174.774915,171.865813,172.262955,172.262955,68169400
2024-04-30,172.09418,173.742348,168.787921,169.11557,169.11557,65934800
2024-05-01,168.370898,171.478586,167.904248,168.092896,168.092896,50383100
2024-05-02,171.280014,172.183529,169.671569,171.79631,171.79631,94214900
2024-05-03,185.319168,185.666679,181.357627,182.072495,182.072495,163224100
2024-05-06,181.04985,182.88665,179.133603,180.414413,180.414413,78569700
2024-05-07,182.142004,183.581662,180.027201,181.099487,181.099487,77305800
2024-05-08,181.546289,181.764722,180.156262,181.437073,181.437073,45057100
2024-05-09,181.258365,183.343398,180.811576,183.254044,183.254044,48983000
2024-05-10,183.830686,184.01959,181.076716,181.991394,181.991394,50759500
2024-05-13,184.367559,186.017963,183.552294,185.202698,185.202698,72044800
2024-05-14,186.425578,187.211018,185.212632,186.346039,186.346039,52393600
2024-05-15,186.823288,189.547432,186.286402,188.622818,188.622818,70400000
2024-05-16,189.368457,189.994819,188.563144,188.742096,188.742096,52845200
2024-05-17,188.414023,189.706508,188.08593,188.771942,188.771942,41282900
2024-05-20,188.235063,190.810081,187.916907,189.935165,189.935165,44361300
2024-05-21,189.984872,191.615387,189.815857,191.237595,191.237595,42309400
2024-05-22,191.158077,191.7049,189.169644,189.79599,189.79599,34648500
2024-05-23,189.875504,189.895393,185.550671,185.799225,185.799225,51005900
2024-05-24,187.728007,189.477823,186.952504,188.881287,188.881287,36327000
2024-05-28,190.402434,191.883822,188.006383,188.891235,188.891235,52280100
2024-05-29,188.513454,191.138186,188.414026,189.189514,189.189514,53068000
2024-05-30,189.656782,191.068568,189.527544,190.183716,190.183716,49889100
2024-05-31,190.332855,191.456325,188.811705,191.138168,191.138168,75158300
2024-06-03,191.784398,193.862322,191.406606,192.907867,192.907867,50080500
2024-06-04,193.514345,194.19042,191.913655,193.226028,193.226028,47471400
2024-06-05,194.26993,195.761255,193.742996,194.737213,194.737213,54156800
2024-06-06,194.558264,195.363577,193.04705,193.355255,193.355255,41181800
2024-06-07,193.524277,195.801041,193.017232,195.751328,195.751328,53103900
2024-06-10,195.761266,196.158962,191.038737,192.003128,192.003128,97010200
2024-06-11,192.530055,205.961932,192.510182,205.951981,205.951981,172373300
2024-06-12,206.170736,218.926539,205.703453,211.837784,211.837784,198134300
2024-06-13,213.498115,215.496486,210.376275,213.001007,213.001007,97862700
2024-06-14,212.613259,213.925617,210.078003,211.261124,211.261124,70122700
2024-06-17,212.136028,217.683759,211.489793,215.416946,215.416946,93728300
2024-06-18,216.331608,217.365602,211.768157,213.05069,213.05069,79943300
2024-06-20,212.692783,213.001003,207.642175,208.467361,208.467361,86172500
2024-06-21,209.173262,210.664587,205.912232,206.290039,206.290039,241805100
2024-06-24,206.51871,211.469905,205.39524,206.936279,206.936279,80727000
2024-06-25,207.940425,210.157539,207.403555,207.860901,207.860901,55549700
2024-06-26,210.276844,213.617413,209.421817,212.016724,212.016724,66213200
2024-06-27,213.448416,214.492347,211.121952,212.861832,212.861832,49772700
2024-06-28,214.522157,214.820425,209.08379,209.401932,209.401932,82542700
2024-07-01,210.863422,216.252074,210.694407,215.496475,215.496475,60402900
2024-07-02,214.899926,219.105473,213.856011,218.996109,218.996109,58046200
2024-07-03,218.727684,220.268723,217.763292,220.268723,220.268723,37369800
2024-07-05,220.368127,225.14037,220.368127,225.031006,225.031006,60412400
2024-07-08,225.776683,226.532297,221.958894,226.502472,226.502472,59085900
2024-07-09,226.61182,228.07332,225.060845,227.357483,227.357483,48076100
2024-07-10,227.973889,231.732027,227.924175,231.632599,231.632599,62627700
2024-07-11,230.051806,231.046023,224.464313,226.253906,226.253906,64710600
2024-07-12,227.5961,231.294587,227.357482,229.206726,229.206726,53046500
2024-07-15,235.112376,235.858038,231.741982,233.044403,233.044403,62631300
2024-07-16,233.640927,234.903586,230.98637,233.461975,233.461975,43234300
2024-07-17,228.123031,230.121416,225.329284,227.556335,227.556335,57345900
2024-07-18,228.948243,229.107321,220.984572,222.883514,222.883514,66034600
2024-07-19,223.519817,225.488362,221.988714,223.012756,223.012756,49151500
2024-07-22,225.697144,226.462695,221.799816,222.664795,222.664795,48201800
2024-07-23,223.072396,225.627541,221.392168,223.708694,223.708694,39960300
2024-07-24,222.704553,223.49993,215.874289,217.276123,217.276123,61777600
2024-07-25,217.663883,219.572793,213.378811,216.232224,216.232224,51391200
2024-07-26,217.435204,218.220644,214.760759,216.699493,216.699493,41601300
2024-07-29,215.705278,218.031742,214.50227,216.977875,216.977875,36311800
2024-07-30,217.922366,219.055773,214.870113,217.534622,217.534622,41643800
2024-07-31,220.159356,222.525597,219.354043,220.795654,220.795654,50036300
2024-08-01,223.072405,223.18177,215.764921,217.097168,217.097168,62501000
2024-08-02,217.8826,224.295311,216.450941,218.588501,218.588501,105568600
2024-08-05,197.938604,212.265271,194.866478,208.059738,208.059738,119548600
2024-08-06,204.112724,208.775603,199.907191,206.031555,206.031555,69660500
2024-08-07,205.703426,212.404452,205.196381,208.606552,208.606552,63516400
2024-08-08,211.87753,212.961223,207.622283,212.07637,212.07637,47161100
2024-08-09,210.873384,215.526311,210.744131,214.989441,214.989441,42201600
2024-08-12,215.06908,218.493132,214.601256,216.522308,216.522308,38028100
2024-08-13,217.995424,220.862088,217.995424,220.244965,220.244965,44155300
2024-08-14,219.548235,221.996831,218.682255,220.692902,220.692902,41960600
2024-08-15,223.559562,224.306087,221.728074,223.679001,223.679001,46414000
2024-08-16,222.8827,225.779224,222.613947,225.002838,225.002838,44340200
2024-08-19,224.674371,224.943125,222.006778,224.843582,224.843582,40687800
2024-08-20,224.724146,226.117655,224.405621,225.460709,225.460709,30299000
2024-08-21,225.470651,226.923879,224.007459,225.351196,225.351196,34765500
2024-08-22,226.734776,227.282232,222.862797,223.489883,223.489883,43695300
2024-08-23,224.614643,227.162781,223.290802,225.789169,225.789169,38677300
2024-08-26,225.709526,226.227122,222.852826,226.127579,226.127579,30602200
2024-08-27,224.953053,227.789857,223.848195,226.973648,226.973648,35934600
2024-08-28,226.864149,228.795164,224.63452,225.440781,225.440781,38052200
2024-08-29,229.034086,231.841015,227.819737,228.72551,228.72551,51906300
2024-08-30,229.123653,229.332672,226.4262,227.939163,227.939163,52990800
2024-09-03,227.491245,227.939157,220.145428,221.738022,221.738022,50190600
2024-09-04,220.633165,220.752604,216.472521,219.82692,219.82692,43840200
2024-09-05,220.603297,224.435453,220.493806,221.349823,221.349823,36615400
2024-09-06,222.912564,224.196596,218.751934,219.797073,219.797073,48423000
2024-09-09,219.797063,220.244975,215.706102,219.886642,219.886642,67180000
2024-09-10,217.905858,220.453996,215.726,219.090347,219.090347,51591000
2024-09-11,220.434087,222.056526,216.880618,221.628525,221.628525,44587100
2024-09-12,221.469268,222.514407,218.801691,221.738022,221.738022,37455600
2024-09-13,222.544283,223.002143,220.882021,221.469284,221.469284,36766600
2024-09-16,215.536868,216.213726,212.929011,215.317902,215.317902,59357400
2024-09-17,214.75053,215.895197,213.506321,215.785706,215.785706,45519300
2024-09-18,216.54221,221.67831,216.532247,219.667664,219.667664,59894900
2024-09-19,223.947753,228.75538,223.58942,227.809769,227.809769,66781300
2024-09-20,228.904673,232.010215,226.565553,227.142868,227.142868,318679900
2024-09-23,226.286848,228.387074,224.763937,225.420883,225.420883,54146000
2024-09-24,227.590781,228.28755,224.684309,226.316711,226.316711,43556100
2024-09-25,223.888018,226.237086,222.982245,225.32135,225.32135,42308700
2024-09-26,226.247037,227.441475,224.365793,226.466019,226.466019,36636700
2024-09-27,227.401666,228.456753,226.247036,226.734756,226.734756,34026000
2024-09-30,228.974359,231.920654,228.586167,231.920654,231.920654,54541900
2024-10-01,228.456758,228.586146,222.703535,225.162094,225.162094,63285000
2024-10-02,224.843585,226.316725,221.986885,225.729462,225.729462,32880600
2024-10-03,224.097044,225.759306,222.285483,224.624588,224.624588,34044200
2024-10-04,226.844254,226.943797,223.09173,225.749359,225.749359,37245100
2024-10-07,223.460005,224.644495,220.304692,220.663025,220.663025,39505400
2024-10-08,223.260945,224.933155,222.215806,224.724136,224.724136,31855700
2024-10-09,224.186637,228.685703,223.788496,228.476669,228.476669,33591100
2024-10-10,226.724816,228.436849,226.117641,227.978973,227.978973,28183500
2024-10-11,228.237789,228.34728,226.286862,226.495895,226.495895,31759200
2024-10-14,227.640554,230.656516,227.541026,230.228516,230.228516,39882100
2024-10-15,232.527815,236.389846,231.293553,232.766708,232.766708,64751400
2024-10-16,230.527125,231.044705,228.775268,230.706284,230.706284,34082200
2024-10-17,232.348639,232.766707,229.452131,231.07457,231.07457,32993800
2024-10-18,235.085888,235.085888,232.925942,233.911362,233.911362,46431500
2024-10-21,233.363927,235.752818,233.363927,235.384521,235.384521,36254500
2024-10-22,232.80652,235.125728,231.522502,234.767395,234.767395,38846600
2024-10-23,232.995637,234.050724,226.704907,229.69101,229.69101,52287000
2024-10-24,228.914629,229.750749,227.35191,229.501907,229.501907,31109500
2024-10-25,228.675751,232.139626,228.50654,230.338013,230.338013,38802300
2024-10-28,232.239155,233.642612,231.472718,232.318771,232.318771,36087100
2024-10-29,232.020173,233.244471,231.243787,232.587524,232.587524,35417200
2024-10-30,231.53244,232.388457,228.486618,229.034073,229.034073,47070900
2024-10-31,228.277583,228.765318,224.325973,224.86348,224.86348,64370100
2024-11-01,219.946365,224.30608,219.249611,221.87738,221.87738,65276700
2024-11-04,219.966273,221.757922,218.692204,220.981537,220.981537,44944500
2024-11-05,220.772536,222.91257,220.11559,222.414886,222.414886,28111300
2024-11-06,221.578772,225.02275,220.165352,221.688263,221.688263,54561100
2024-11-07,223.58942,226.824365,223.5297,226.426208,226.426208,42137700
2024-11-08,226.366414,227.851149,225.609108,226.157166,226.157166,38328800
2024-11-11,224.204109,224.90163,220.71649,223.436829,223.436829,42005600
2024-11-12,223.755704,224.792019,222.569911,223.436829,223.436829,40398300
2024-11-13,223.217595,225.848256,221.972017,224.323669,224.323669,48566200
2024-11-14,224.224027,228.060399,224.204094,227.412704,227.412704,44923900
2024-11-15,225.599128,226.117293,223.476673,224.204086,224.204086,47923700
2024-11-18,224.453204,228.927326,224.373485,227.213409,227.213409,44633700
2024-11-19,226.177084,229.345843,225.858224,227.472488,227.472488,36211800
2024-11-20,227.253264,229.116644,225.090942,228.189941,228.189941,35169600
2024-11-21,228.070367,229.345837,224.911582,227.711639,227.711639,42108300
2024-11-22,227.253275,229.903869,227.253275,229.05687,229.05687,38168300
2024-11-25,230.641249,232.42491,228.927332,232.046249,232.046249,90152800
2024-11-26,232.504624,234.736706,232.504624,234.2285,234.2285,45986200
2024-11-27,233.640604,234.85629,232.982935,234.098969,234.098969,33498400
2024-11-29,233.979388,236.968776,233.142363,236.490479,236.490479,28481400
2024-12-02,236.430692,239.93823,236.321081,238.742477,238.742477,48137100
2024-12-03,238.961706,241.901268,238.054922,241.791656,241.791656,38861000
2024-12-04,242.010871,243.24649,240.396607,242.150375,242.150375,44383900
2024-12-05,243.126934,243.674977,241.273513,242.180283,242.180283,40033900
2024-12-06,242.050747,243.764664,241.223681,241.980988,241.980988,36870600
2024-12-09,240.974557,246.365424,240.894838,245.877151,245.877151,44649200
2024-12-10,246.016663,247.332001,244.472143,246.893555,246.893555,36914800
2024-12-11,247.082874,249.912824,245.388875,245.618073,245.618073,45205800
2024-12-12,246.016679,247.860141,244.810952,247.082901,247.082901,32777500
2024-12-13,246.943373,248.408159,245.36896,247.252274,247.252274,33155300
2024-12-16,247.112779,250.490786,246.77397,250.151978,250.151978,51694800
2024-12-17,249.195377,252.932112,248.896435,252.583344,252.583344,51356400
2024-12-18,251.268024,253.38052,246.863661,247.172562,247.172562,56774100
2024-12-19,246.62451,251.108592,246.215956,248.906403,248.906403,60882300
2024-12-20,247.162587,254.097973,244.820908,253.589783,253.589783,147495300
2024-12-23,253.868804,254.74568,252.553466,254.367035,254.367035,40858800
2024-12-24,254.586231,257.296596,254.386927,257.286652,257.286652,23234700
2024-12-26,257.276679,259.179926,256.718662,258.103729,258.103729,27237100
2024-12-27,256.917949,257.784897,252.164833,254.685883,254.685883,42355300
2024-12-30,251.337769,252.603281,249.863009,251.307877,251.307877,35557500
2024-12-31,251.547039,252.384064,248.547676,249.53418,249.53418,39480700
2025-01-02,248.049444,248.218856,240.964609,242.987427,242.987427,55740700
2025-01-03,242.499146,243.316237,241.034344,242.499146,242.499146,40244100
2025-01-06,243.445785,246.455106,242.339711,244.133347,244.133347,45045600
2025-01-07,242.120491,244.681407,240.496267,241.353226,241.353226,40856000
2025-01-08,241.064237,242.847913,239.200857,241.841476,241.841476,37628900
2025-01-10,239.160987,239.310465,232.175789,236.012177,236.012177,61710900
2025-01-13,232.703929,233.839896,228.907409,233.570847,233.570847,49630700
2025-01-14,233.919605,235.284754,231.647671,232.454803,232.454803,39435300
2025-01-15,233.809994,238.11472,233.600731,237.028564,237.028564,39832000
2025-01-16,236.510433,237.168087,227.223394,227.452576,227.452576,71759100
2025-01-17,231.298903,231.4683,227.671779,229.166473,229.166473,68488300
2025-01-21,223.207637,223.62615,218.603985,221.852448,221.852448,98070400
2025-01-22,219.012506,223.327191,219.012506,223.038223,223.038223,64126500
2025-01-23,223.945032,226.226925,221.513661,222.868851,222.868851,60234800
2025-01-24,223.984869,224.831868,220.626794,221.991943,221.991943,54697900
2025-01-27,223.227567,231.328798,223.1877,229.046906,229.046906,94863400
2025-01-28,230.033399,239.340356,229.993532,237.417175,237.417175,75707600
2025-01-29,233.291836,239.011537,233.182224,238.513306,238.513306,45486100
2025-01-30,237.825739,239.938235,236.370912,236.749557,236.749557,55658300
2025-01-31,246.315611,246.315611,232.61425,235.165192,235.165192,100959800
2025-02-03,229.176452,231.00994,224.901619,227.203445,227.203445,73063300
2025-02-04,226.446146,232.305351,225.848262,231.976517,231.976517,45067300
2025-02-05,227.721609,231.846964,227.462534,231.647675,231.647675,39620300
2025-02-06,230.471839,232.97297,229.61488,232.39502,232.39502,29925300
2025-02-07,231.777219,233.172261,226.456097,226.824799,226.824799,39707200
2025-02-10,229.009441,230.02694,226.645218,227.094116,227.094116,33115600
2025-02-11,227.642781,234.655614,227.57296,232.051987,232.051987,53718400
2025-02-12,230.635457,236.381403,230.116723,236.291611,236.291611,45243300
2025-02-13,236.331517,241.748251,234.994793,240.940231,240.940231,53614100
2025-02-14,240.66092,244.950424,240.401561,244.002747,244.002747,40896200
2025-02-18,243.553836,244.58132,241.249479,243.873062,243.873062,48822500
2025-02-19,244.062601,245.409295,242.566263,244.272079,244.272079,32204200
2025-02-20,244.341925,246.177429,243.693503,245.229752,245.229752,32316900
2025-02-21,245.349441,248.082756,244.621228,244.950424,244.950424,53197400
2025-02-24,244.331928,248.25234,243.823179,246.496643,246.496643,51326400
2025-02-25,247.394445,249.389562,244.311994,246.436783,246.436783,48013300
2025-02-26,243.733409,244.381816,238.546109,239.773102,239.773102,44433600
2025-02-27,238.825414,241.86797,236.481146,236.720566,236.720566,41153600
2025-02-28,236.371422,241.498871,229.637904,241.249481,241.249481,56833400
2025-03-03,241.19959,243.434125,235.533466,237.448776,237.448776,47184000
2025-03-04,237.12958,239.483818,234.106965,235.353912,235.353912,53798100
2025-03-05,234.845157,235.972403,228.670269,235.164383,235.164383,47227600
2025-03-06,233.86756,237.279208,232.590687,234.755386,234.755386,45170400
2025-03-07,234.535915,240.780624,234.186763,238.486252,238.486252,46273600
2025-03-10,234.964862,235.583359,223.672511,226.924545,226.924545,72071200
2025-03-11,223.2635,225.288542,216.919029,220.300751,220.300751,76137400
2025-03-12,219.602468,221.208537,214.385242,216.45018,216.45018,62547500
2025-03-13,215.422694,216.31052,207.911081,209.167999,209.167999,61368300
2025-03-14,210.734168,213.427572,209.068248,212.968704,212.968704,60107600
2025-03-17,212.789145,214.694485,209.457304,213.477463,213.477463,48073400
2025-03-18,213.637081,214.624654,210.973603,212.17067,212.17067,42432400
2025-03-19,213.696918,218.225826,213.228065,214.714432,214.714432,54385400
2025-03-20,213.467493,216.958947,211.70181,213.577225,213.577225,48862900
2025-03-21,211.043423,218.305646,210.764108,217.737045,217.737045,94127800
2025-03-24,220.46037,220.939193,218.046281,220.191025,220.191025,44299500
2025-03-25,220.23094,223.552811,219.542622,223.203659,223.203659,34493600
2025-03-26,222.964236,224.470558,219.931665,220.989075,220.989075,34466100
2025-03-27,220.849421,224.440637,220.021446,223.303421,223.303421,37094800
2025-03-28,221.128734,223.263508,217.148471,217.367935,217.367935,39818600
2025-03-31,216.480107,225.069084,215.702013,221.587616,221.587616,65299300
2025-04-01,219.273283,223.133829,218.365501,222.645035,222.645035,36412700
2025-04-02,220.779606,224.640152,220.480335,223.343323,223.343323,35905900
2025-04-03,205.0381,206.983351,200.758582,202.693848,202.693848,103419000
2025-04-04,193.416569,199.391949,186.88256,187.920029,187.920029,125910900
2025-04-07,176.767314,193.675923,174.193612,181.016922,181.016922,160466300
2025-04-08,186.244107,189.875218,168.796824,171.998978,171.998978,120859500
2025-04-09,171.530131,200.120153,171.47028,198.364456,198.364456,184395900
2025-04-10,188.608338,194.304387,182.553152,189.955032,189.955032,121880000
2025-04-11,185.645589,199.052758,185.605678,197.666153,197.666153,87435900
2025-04-14,210.923715,212.420052,200.668818,202.025497,202.025497,101352900
2025-04-15,201.367093,203.013058,199.312126,201.646408,201.646408,51343900
2025-04-16,197.875648,200.209931,191.900269,193.795639,193.795639,59732400
2025-04-17,196.718487,198.344512,193.945277,196.499023,196.499023,52164700
2025-04-21,192.798087,193.326791,189.346528,192.688354,192.688354,46742500
2025-04-22,195.641118,201.097762,195.49149,199.252289,199.252289,52976400
2025-04-23,205.496994,207.49211,202.30481,204.100418,204.100418,52929200
2025-04-24,204.389708,208.32009,202.444472,207.861206,207.861206,47311000
2025-04-25,205.866084,209.237836,205.696501,208.768982,208.768982,38222300
2025-04-28,209.487235,210.983572,206.953443,209.626892,209.626892,38743100
2025-04-29,208.180439,211.721774,207.861213,210.69429,210.69429,36827600
2025-04-30,208.788942,213.05849,206.165359,211.981125,211.981125,52286500
2025-05-01,208.569481,214.036096,208.389912,212.799133,212.799133,57365700
2025-05-02,205.58677,206.484582,201.666374,204.848587,204.848587,101010600
2025-05-05,202.604085,203.601643,197.726026,198.404358,198.404358,69018500
2025-05-06,197.726029,200.160058,196.538932,198.025284,198.025284,51216500
2025-05-07,198.683666,198.953011,192.778123,195.770798,195.770798,68536700
2025-05-08,197.237216,199.561529,194.204631,197.007782,197.007782,50478900
2025-05-09,198.514096,200.050329,197.057654,198.045242,198.045242,36453900
2025-05-12,210.730845,211.030507,206.515627,210.551041,210.551041,63775800
2025-05-13,210.191448,213.158082,208.763076,212.688614,212.688614,51909300
2025-05-14,212.189172,213.69747,210.341278,212.089294,212.089294,49325800
2025-05-15,210.710863,212.718595,209.302458,211.210297,211.210297,45029500
2025-05-16,212.119267,212.329036,209.532207,211.020508,211.020508,54737900
2025-05-19,207.674311,209.242523,204.028439,208.54332,208.54332,46140500
2025-05-20,207.434583,208.233679,204.797576,206.625504,206.625504,42496600
2025-05-21,204.937411,206.805286,200.482476,201.860901,201.860901,59211800
2025-05-22,200.482472,202.520153,199.473607,201.131729,201.131729,46742400
2025-05-23,193.450453,197.475883,193.240699,195.048645,195.048645,78432900
2025-05-27,198.075209,200.512445,197.206185,199.983047,199.983047,56288500
2025-05-28,200.3626,202.500174,199.67338,200.192795,200.192795,45339700
2025-05-29,203.349217,203.578952,198.284958,199.723328,199.723328,51396800
2025-05-30,199.143981,201.731057,196.556921,200.622314,200.622314,70819900
2025-06-02,200.052956,201.900864,199.893133,201.471344,201.471344,35423300
2025-06-03,201.121744,203.538999,200.732187,203.039566,203.039566,46381600
2025-06-04,202.679982,206.006209,201.870903,202.590088,202.590088,43604000
2025-06-05,203.269314,204.517897,199.923106,200.402573,200.402573,55126100
2025-06-06,202.769872,205.466808,201.820952,203.688828,203.688828,46607700
2025-06-09,204.158304,205.766479,199.793262,201.221634,201.221634,72862600
2025-06-10,200.372601,204.11835,200.342636,202.440247,202.440247,54672600
2025-06-11,203.269307,204.268174,198.185081,198.554657,198.554657,60989900
2025-06-12,198.854323,199.453634,197.136272,198.974182,198.974182,43904600
2025-06-13,199.503575,200.142849,195.478145,196.227295,196.227295,51447300
2025-06-16,197.076343,198.464767,196.337176,198.195068,198.195068,43020700
2025-06-17,196.976442,198.165095,194.988708,195.418213,195.418213,38856200
2025-06-18,195.717873,197.34603,194.848865,196.357147,196.357147,45394700
2025-06-20,198.015275,201.471344,196.636834,200.772141,200.772141,96813500
2025-06-23,201.401433,202.070672,198.734462,201.271576,201.271576,55814300
2025-06-24,202.360334,203.209377,199.973044,200.072937,200.072937,54064000
2025-06-25,201.221637,203.439121,200.392576,201.331512,201.331512,39525700
2025-06-26,201.201646,202.410281,199.233893,200.772141,200.772141,50799100
2025-06-27,201.66113,202.989624,199.773273,200.852051,200.852051,73188600
2025-06-30,201.780987,207.154893,199.034105,204.937408,204.937408,91912800
2025-07-01,206.435706,209.95172,205.906308,207.584412,207.584412,78788900
2025-07-02,208.673176,213.098147,207.904045,212.199173,212.199173,67941800
2025-07-03,211.9095,214.406666,211.569889,213.307922,213.307922,34955800
2025-07-07,212.438891,215.98487,208.5633,209.71199,209.71199,50229000
2025-07-08,209.861836,211.190315,208.213698,209.771927,209.771927,42848900
2025-07-09,209.292475,211.090437,206.985096,210.90065,210.90065,48749400
2025-07-10,210.27135,213.237984,209.791898,212.169205,212.169205,44443600
2025-07-11,210.331296,211.889525,209.622094,210.920624,210.920624,39765800
2025-07-14,209.692012,210.670912,207.304722,208.383499,208.383499,38840100
2025-07-15,208.982831,211.649803,208.683168,208.872955,208.872955,42296300
2025-07-16,210.061609,212.159219,208.403487,209.921768,209.921768,47490500
2025-07-17,210.331301,211.559902,209.352401,209.781921,209.781921,48068100
2025-07-18,210.630951,211.549907,209.46228,210.940598,210.940598,48974600
2025-07-21,211.859562,215.535383,211.390093,212.23912,212.23912,51377400
2025-07-22,212.898386,214.706331,211.989414,214.156952,214.156952,46404100
2025-07-23,214.756269,214.906093,212.169209,213.907227,213.907227,46989300
2025-07-24,213.65751,215.44549,213.287935,213.51767,213.51767,46022600
2025-07-25,214.456605,214.996002,213.158076,213.637543,213.637543,40268800
2025-07-28,213.787376,214.606454,212.818475,213.807358,213.807358,37858000
2025-07-29,213.937192,214.566483,210.581016,211.030502,211.030502,51411700
2025-07-30,211.659779,212.149229,207.484525,208.813019,208.813019,45512500
2025-07-31,208.253657,209.602117,206.925163,207.334702,207.334702,80698400
2025-08-01,210.630955,213.33789,201.271582,202.150589,202.150589,104434500
2025-08-04,204.278165,207.644355,201.451371,203.119492,203.119492,75109300
2025-08-05,203.169408,205.107211,201.930824,202.689957,202.689957,44155100
2025-08-06,205.396898,215.135845,205.356935,213.008255,213.008255,108483100
2025-08-07,218.631873,220.599641,216.334477,219.780563,219.780563,90224800
2025-08-08,220.579666,230.738135,219.001455,229.090012,229.090012,113854000
2025-08-11,227.919998,229.559998,224.759995,227.179993,227.179993,61806100
2025-08-12,228.009995,230.800003,227.070007,229.649994,229.649994,55626200
2025-08-13,231.070007,235.0,230.429993,233.330002,233.330002,69878500
2025-08-14,234.059998,235.119995,230.850006,232.779999,232.779999,51916300
2025-08-15,234.0,234.279999,229.339996,231.589996,231.589996,56038700
2025-08-18,231.699997,233.119995,230.110001,230.889999,230.889999,37476200
2025-08-19,231.279999,232.869995,229.350006,230.559998,230.559998,39402600
2025-08-20,229.979996,230.470001,225.770004,226.009995,226.009995,42263900
2025-08-21,226.270004,226.520004,223.779999,224.899994,224.899994,30621200
2025-08-22,226.169998,229.089996,225.410004,227.759995,227.759995,42477800
2025-08-25,226.479996,229.300003,226.229996,227.160004,227.160004,30983100
2025-08-26,226.869995,229.490005,224.690002,229.309998,229.309998,54575100
2025-08-27,228.610001,230.899994,228.259995,230.490005,230.490005,31259500
2025-08-28,230.820007,233.410004,229.339996,232.559998,232.559998,38074700
2025-08-29,232.509995,233.380005,231.369995,232.139999,232.139999,39418400
2025-09-02,229.25,230.850006,226.970001,229.720001,229.720001,44075600
2025-09-03,237.210007,238.850006,234.360001,238.470001,238.470001,66427800
2025-09-04,238.449997,239.899994,236.740005,239.779999,239.779999,47549400
2025-09-05,240.0,241.320007,238.490005,239.690002,239.690002,54870400
2025-09-08,239.300003,240.149994,236.339996,237.880005,237.880005,48999500
2025-09-09,237.0,238.779999,233.360001,234.350006,234.350006,66313900
2025-09-10,232.190002,232.419998,225.949997,226.789993,226.789993,83440800
2025-09-11,226.880005,230.449997,226.649994,230.029999,230.029999,50208600
2025-09-12,229.220001,234.509995,229.020004,234.070007,234.070007,55824200
2025-09-15,237.0,238.190002,235.029999,236.699997,236.699997,42699500
2025-09-16,237.179993,241.220001,236.320007,238.149994,238.149994,63421100
2025-09-17,238.970001,240.100006,237.729996,238.990005,238.990005,46508000
2025-09-18,239.970001,241.199997,236.649994,237.880005,237.880005,44249600
2025-09-19,241.229996,246.300003,240.210007,245.5,245.5,163741300
2025-09-22,248.300003,256.640015,248.119995,256.079987,256.079987,105517400
2025-09-23,255.880005,257.339996,253.580002,254.429993,254.429993,60275200
2025-09-24,255.220001,255.740005,251.039993,252.309998,252.309998,42303700
2025-09-25,253.210007,257.170013,251.710007,256.869995,256.869995,55202100
2025-09-26,254.100006,257.600006,253.779999,255.460007,255.460007,46045700
