Date,Open,High,Low,Close,Volume,Dividends,Stock Splits,Stockholders_Equity,Stockholders_Equity_Growth,Cash_And_Equivalents,Cash_And_Equivalents_Growth,Total_Assets,Total_Assets_Growth,Working_Capital,Working_Capital_Growth,Total_Debt,Total_Debt_Growth
2020-09-28,111.87226250974926,112.17380261589848,109.70309881693417,111.82362365722656,137672400,0.0,0.0,,0.0,,0.0,,0.0,,0.0,,0.0
2020-09-29,111.42483559860969,112.16409584063497,110.47156881534237,110.97737884521484,99382200,0.0,0.0,,0.0,,0.0,,0.0,,0.0,,0.0
2020-09-30,110.68555737521241,114.0608892683136,110.52019713326597,112.65044403076172,142675200,0.0,0.0,,0.0,,0.0,,0.0,,0.0,,0.0
2020-10-01,114.430522644009,114.50834184995564,112.66990578164197,113.60371398925781,116120400,0.0,0.0,,0.0,,0.0,,0.0,,0.0,,0.0
2020-10-02,109.81012618440236,112.22246990869148,109.1584069544176,109.93657684326172,144712000,0.0,0.0,,0.0,,0.0,,0.0,,0.0,,0.0
2020-10-05,110.80229665236467,113.46754155068632,110.45211762382625,113.3216323852539,106243800,0.0,0.0,,0.0,,0.0,,0.0,,0.0,,0.0
2020-10-06,112.5434428788478,112.95198998188178,109.18756954507073,110.07274627685547,161498200,0.0,0.0,,0.0,,0.0,,0.0,,0.0,,0.0
2020-10-07,111.49291174621311,112.39753955518432,111.01627470298001,111.94036102294922,96849000,0.0,0.0,,0.0,,0.0,,0.0,,0.0,,0.0
2020-10-08,113.07846713076107,113.22437631453451,111.46375169383396,111.83338928222656,83477200,0.0,0.0,,0.0,,0.0,,0.0,,0.0,,0.0
2020-10-09,112.13489800701674,113.80797367927401,111.78471903276535,113.77879333496094,100506900,0.0,0.0,,0.0,,0.0,,0.0,,0.0,,0.0
2020-10-12,116.78448204587328,121.76479922888184,116.02576344443284,121.0060806274414,240226800,0.0,0.0,,0.0,,0.0,,0.0,,0.0,,0.0
2020-10-13,121.85237465945383,121.96910348541796,116.38570451532449,117.796142578125,262330500,0.0,0.0,,0.0,,0.0,,0.0,,0.0,,0.0
2020-10-14,117.69885586154554,119.67347184273211,116.35650794568298,117.88367462158203,150712000,0.0,0.0,,0.0,,0.0,,0.0,,0.0,,0.0
2020-10-15,115.48106448900049,117.89340060422654,114.92661561063214,117.4167709350586,112559200,0.0,0.0,,0.0,,0.0,,0.0,,0.0,,0.0
2020-10-16,117.97120175123152,118.23383968675911,115.56858783907589,115.77285766601562,115393800,0.0,0.0,,0.0,,0.0,,0.0,,0.0,,0.0
2020-10-19,116.68723164895509,117.13468096654279,112.50454937346234,112.8158187866211,120639300,0.0,0.0,,0.0,,0.0,,0.0,,0.0,,0.0
2020-10-20,113.02980416838349,115.73396585696945,112.47535532523321,114.30406951904297,124423700,0.0,0.0,,0.0,,0.0,,0.0,,0.0,,0.0
2020-10-21,113.48697818121386,115.47132328298426,113.27297908868262,113.68152618408203,89946000,0.0,0.0,,0.0,,0.0,,0.0,,0.0,,0.0
2020-10-22,114.24570410467129,114.81961147307034,111.4637305673421,112.59208679199219,101988000,0.0,0.0,,0.0,,0.0,,0.0,,0.0,,0.0
2020-10-23,113.2146263110706,113.37026472424279,111.16219112016253,111.90145874023438,82572600,0.0,0.0,,0.0,,0.0,,0.0,,0.0,,0.0
2020-10-26,110.89955881245987,113.37026292295224,109.80038294532771,111.91118621826172,111850700,0.0,0.0,,0.0,,0.0,,0.0,,0.0,,0.0
2020-10-27,112.33918213169002,114.08034796929371,111.41510314504899,113.41889953613281,92276800,0.0,0.0,,0.0,,0.0,,0.0,,0.0,,0.0
2020-10-28,111.91117547954262,112.28080553761286,108.06893607313397,108.16620635986328,143937800,0.0,0.0,,0.0,,0.0,,0.0,,0.0,,0.0
2020-10-29,109.30429841508608,113.73988906858685,109.138930754146,112.17381286621094,146129200,0.0,0.0,,0.0,,0.0,,0.0,,0.0,,0.0
2020-10-30,108.03005218595369,108.93468016821244,104.78117782421192,105.89007568359375,190272600,0.0,0.0,,0.0,,0.0,,0.0,,0.0,,0.0
2020-11-02,106.1332410376146,107.6604077052679,104.39207526396882,105.8025131225586,122866900,0.0,0.0,,0.0,,0.0,,0.0,,0.0,,0.0
2020-11-03,106.66823748036964,108.44830541372347,105.7636096297727,107.42695617675781,107624400,0.0,0.0,,0.0,,0.0,,0.0,,0.0,,0.0
2020-11-04,111.02601994719268,112.4364579265143,109.28485402450514,111.81391906738281,138235500,0.0,0.0,,0.0,,0.0,,0.0,,0.0,,0.0
2020-11-05,114.73205582071998,116.35650010587017,113.68152628924997,115.7825927734375,126387100,0.0,0.0,,0.0,,0.0,,0.0,,0.0,,0.0
2020-11-06,115.29054042608115,116.14800627447282,113.15661069606604,115.65106964111328,114457900,0.205,0.0,,0.0,,0.0,,0.0,,0.0,,0.0
2020-11-09,117.41471118065078,118.86655905479424,113.0786522061061,113.34173583984375,154515300,0.0,0.0,,0.0,,0.0,,0.0,,0.0,,0.0
2020-11-10,112.59145738080137,114.57921861893705,111.20780945261693,113.00070190429688,138023400,0.0,0.0,,0.0,,0.0,,0.0,,0.0,,0.0
2020-11-11,114.18945875403799,116.56697971266742,113.45866182357159,116.4305648803711,112295000,0.0,0.0,,0.0,,0.0,,0.0,,0.0,,0.0
2020-11-12,116.55723597528558,117.44393234617952,115.53411734404979,116.15773010253906,103162300,0.0,0.0,,0.0,,0.0,,0.0,,0.0,,0.0
2020-11-13,116.38183532586567,116.60594219409211,114.85203423569632,116.2064437866211,81581900,0.0,0.0,,0.0,,0.0,,0.0,,0.0,,0.0
2020-11-16,115.87516977446028,117.89216918384535,115.12488813037272,117.21984100341797,91183000,0.0,0.0,,0.0,,0.0,,0.0,,0.0,,0.0
2020-11-17,116.48903680048612,117.58035548799745,115.91413933412841,116.3331298828125,74271000,0.0,0.0,,0.0,,0.0,,0.0,,0.0,,0.0
2020-11-18,115.57310124972858,116.75211942679815,114.97871914080206,115.00794982910156,76322100,0.0,0.0,,0.0,,0.0,,0.0,,0.0,,0.0
2020-11-19,114.579214364051,116.01157757714591,113.81918672462538,115.60233306884766,74113000,0.0,0.0,,0.0,,0.0,,0.0,,0.0,,0.0
2020-11-20,115.60234248642783,115.72901129196754,114.28690935456355,114.33562469482422,73604300,0.0,0.0,,0.0,,0.0,,0.0,,0.0,,0.0
2020-11-23,114.17971488763942,114.60845147390663,110.83753656463605,110.93497467041016,127959300,0.0,0.0,,0.0,,0.0,,0.0,,0.0,,0.0
2020-11-24,110.99345018861624,112.88377334383199,109.70724035208704,112.22118377685547,113874200,0.0,0.0,,0.0,,0.0,,0.0,,0.0,,0.0
2020-11-25,112.59146004070323,113.76073225947121,112.22118480532058,113.05916595458984,76499200,0.0,0.0,,0.0,,0.0,,0.0,,0.0,,0.0
2020-11-27,113.58534323153174,114.4817857816356,113.24430611291088,113.60482788085938,46691300,0.0,0.0,,0.0,,0.0,,0.0,,0.0,,0.0
2020-11-30,113.97508586515107,117.8726693370055,113.81917895793265,116.0018310546875,169410200,0.0,0.0,,0.0,,0.0,,0.0,,0.0,,0.0
2020-12-01,117.91164198667394,120.3086548468947,116.93724615240289,119.5778579711914,127728200,0.0,0.0,,0.0,,0.0,,0.0,,0.0,,0.0
2020-12-02,118.89580031413836,120.21124090192977,117.79473547645512,119.92866516113281,89004200,0.0,0.0,,0.0,,0.0,,0.0,,0.0,,0.0
2020-12-03,120.35739564047255,120.61074069251367,119.08093920643189,119.79225158691406,78967600,0.0,0.0,,0.0,,0.0,,0.0,,0.0,,0.0
2020-12-04,119.46092535388048,119.71427034714844,118.4085760901983,119.11988830566406,78260400,0.0,0.0,,0.0,,0.0,,0.0,,0.0,,0.0
2020-12-07,119.17836466433876,121.38050156328545,119.1199032870206,120.58149719238281,86712000,0.0,0.0,,0.0,,0.0,,0.0,,0.0,,0.0
2020-12-08,121.18562729875275,121.78000942455122,119.93839423484614,121.19536590576172,82225500,0.0,0.0,,0.0,,0.0,,0.0,,0.0,,0.0
2020-12-09,121.34153828117272,122.72517888074941,117.90192143214601,118.66194915771484,115089200,0.0,0.0,,0.0,,0.0,,0.0,,0.0,,0.0
2020-12-10,117.41472863801995,120.69844613179018,117.07369149393158,120.0845718383789,81312200,0.0,0.0,,0.0,,0.0,,0.0,,0.0,,0.0
2020-12-11,119.29529488946088,119.61684733291102,117.46343320377245,119.27581024169922,86939800,0.0,0.0,,0.0,,0.0,,0.0,,0.0,,0.0
2020-12-14,119.46095361716566,120.19175065083598,118.42809618847487,118.66194915771484,79184500,0.0,0.0,,0.0,,0.0,,0.0,,0.0,,0.0
2020-12-15,121.15639591100933,124.62525075019607,120.95177364167792,124.60575866699219,157243700,0.0,0.0,,0.0,,0.0,,0.0,,0.0,,0.0
2020-12-16,124.14779181691584,125.0832036047306,123.31954931044656,124.53754425048828,98208600,0.0,0.0,,0.0,,0.0,,0.0,,0.0,,0.0
2020-12-17,125.59964613576102,126.26224318770603,124.76166492977711,125.40476989746094,94359800,0.0,0.0,,0.0,,0.0,,0.0,,0.0,,0.0
2020-12-18,125.6581058023967,125.79452063801119,122.89081749267945,123.4169921875,192541500,0.0,0.0,,0.0,,0.0,,0.0,,0.0,,0.0
2020-12-21,121.81899726937544,125.02476133357642,120.2891956882512,124.94680786132812,121251600,0.0,0.0,,0.0,,0.0,,0.0,,0.0,,0.0
2020-12-22,128.24026583476893,130.9685777717825,126.33044301842824,128.50335693359375,168904800,0.0,0.0,,0.0,,0.0,,0.0,,0.0,,0.0
2020-12-23,128.7761829686311,129.03925919185082,127.43151168864978,127.6069107055664,88223700,0.0,0.0,,0.0,,0.0,,0.0,,0.0,,0.0
2020-12-24,127.95769770274158,130.04290467587725,127.74332938014881,128.59104919433594,54930100,0.0,0.0,,0.0,,0.0,,0.0,,0.0,,0.0
2020-12-28,130.55933439782117,133.82355230210814,130.09161358052606,133.19020080566406,124486200,0.0,0.0,,0.0,,0.0,,0.0,,0.0,,0.0
2020-12-29,134.51539669044374,135.2364403537799,130.90038029198016,131.41680908203125,121047300,0.0,0.0,,0.0,,0.0,,0.0,,0.0,,0.0
2020-12-30,132.1086267541331,132.50813272871576,129.98443549687033,130.29624938964844,96452100,0.0,0.0,,0.0,,0.0,,0.0,,0.0,,0.0
2020-12-31,130.6470123311244,131.2901172342019,128.34743726674927,129.2926025390625,99116600,0.0,0.0,,0.0,,0.0,,0.0,,0.0,,0.0
2021-01-04,130.10137197592752,130.189064056947,123.5144522310097,126.09660339355469,143301900,0.0,0.0,,0.0,,0.0,,0.0,,0.0,,0.0
2021-01-05,125.58991697508323,128.36695190109745,125.14168821198183,127.65563201904297,97664900,0.0,0.0,,0.0,,0.0,,0.0,,0.0,,0.0
2021-01-06,124.44985429829092,127.69459465788168,123.14415983466812,123.35852813720703,155088000,0.0,0.0,,0.0,,0.0,,0.0,,0.0,,0.0
2021-01-07,125.0734730800105,128.25975221212653,124.58627507251094,127.56792449951172,109578200,0.0,0.0,,0.0,,0.0,,0.0,,0.0,,0.0
2021-01-08,129.03923614525579,129.23412721104498,126.8955682344821,128.66897583007812,105158200,0.0,0.0,,0.0,,0.0,,0.0,,0.0,,0.0
2021-01-11,125.88223439803161,126.83713841190136,125.2098987108819,125.67760467529297,100384500,0.0,0.0,,0.0,,0.0,,0.0,,0.0,,0.0
2021-01-12,125.20989835135185,126.36943208463073,123.6118893484401,125.5022201538086,91951100,0.0,0.0,,0.0,,0.0,,0.0,,0.0,,0.0
2021-01-13,125.46321296847564,128.08434036510624,125.20013677581811,127.53868103027344,88636800,0.0,0.0,,0.0,,0.0,,0.0,,0.0,,0.0
2021-01-14,127.45100582083897,127.64588205646474,125.46322956038647,125.6093978881836,90221800,0.0,0.0,,0.0,,0.0,,0.0,,0.0,,0.0
2021-01-15,125.48272113383378,126.88585381359638,123.7482973680449,123.88471221923828,111598500,0.0,0.0,,0.0,,0.0,,0.0,,0.0,,0.0
2021-01-19,124.50831458189415,125.4145105561259,123.68982554382202,124.55703735351562,90757300,0.0,0.0,,0.0,,0.0,,0.0,,0.0,,0.0
2021-01-20,125.36578090905975,129.0977190154373,125.25859676461178,128.6494903564453,104319500,0.0,0.0,,0.0,,0.0,,0.0,,0.0,,0.0
2021-01-21,130.37416729095122,136.09386615455463,130.16953762113462,133.3655548095703,120150900,0.0,0.0,,0.0,,0.0,,0.0,,0.0,,0.0
2021-01-22,132.79065894872045,136.26925910487765,131.56292558848264,135.5092315673828,114459400,0.0,0.0,,0.0,,0.0,,0.0,,0.0,,0.0
2021-01-25,139.40680365573613,141.37507231722816,133.04398588629473,139.26063537597656,157611700,0.0,0.0,,0.0,,0.0,,0.0,,0.0,,0.0
2021-01-26,139.92327397986588,140.60534821810342,137.75036015705467,139.49453735351562,98390600,0.0,0.0,,0.0,,0.0,,0.0,,0.0,,0.0
2021-01-27,139.75761679075893,140.605351455325,136.8149514568833,138.42269897460938,140843800,0.0,0.0,,0.0,,0.0,,0.0,,0.0,,0.0
2021-01-28,135.9477307492471,138.35448999967483,133.19992695994156,133.57994079589844,142621100,0.0,0.0,,0.0,,0.0,,0.0,,0.0,,0.0
2021-01-29,132.35223788929187,133.23894200137332,126.8761359923647,128.58132934570312,177523800,0.0,0.0,,0.0,,0.0,,0.0,,0.0,,0.0
2021-02-01,130.32549144869654,131.91376200881854,127.57768703435836,130.70550537109375,106239800,0.0,0.0,,0.0,,0.0,,0.0,,0.0,,0.0
2021-02-02,132.2547347662849,132.81988610161744,131.16341625287015,131.53369140625,83305400,0.0,0.0,,0.0,,0.0,,0.0,,0.0,,0.0
2021-02-03,132.2840133435427,132.29376682043633,130.1890676099028,130.5106201171875,89880900,0.0,0.0,,0.0,,0.0,,0.0,,0.0,,0.0
2021-02-04,132.8101805826387,133.8820072844467,131.14395684543172,133.8722686767578,84183100,0.0,0.0,,0.0,,0.0,,0.0,,0.0,,0.0
2021-02-05,134.0332988756867,134.10160078327885,132.57927381040088,133.45753479003906,75693800,0.205,0.0,,0.0,,0.0,,0.0,,0.0,,0.0
2021-02-08,132.745127433531,133.6526774070411,131.6619312724292,133.6038818359375,71297200,0.0,0.0,,0.0,,0.0,,0.0,,0.0,,0.0
2021-02-09,133.3209327133247,134.5505161065676,132.56953718448068,132.7256622314453,76774200,0.0,0.0,,0.0,,0.0,,0.0,,0.0,,0.0
2021-02-10,133.18428060554035,133.6819746696006,131.15450660056266,132.12060546875,73046600,0.0,0.0,,0.0,,0.0,,0.0,,0.0,,0.0
2021-02-11,132.61829297068624,133.09646585492624,130.5397381460376,131.8668975830078,64280000,0.0,0.0,,0.0,,0.0,,0.0,,0.0,,0.0
2021-02-12,131.10574623455432,132.257244658681,130.46168022259064,132.10110473632812,60145100,0.0,0.0,,0.0,,0.0,,0.0,,0.0,,0.0
2021-02-16,132.21820236374853,132.7256347192669,129.58338986171597,129.97373962402344,80576300,0.0,0.0,,0.0,,0.0,,0.0,,0.0,,0.0
2021-02-17,128.08059153174503,129.02716928514823,126.34357593876881,127.68048858642578,97918500,0.0,0.0,,0.0,,0.0,,0.0,,0.0,,0.0
2021-02-18,126.08007998005397,126.86076458634167,124.33331138864452,126.57777404785156,96856700,0.0,0.0,,0.0,,0.0,,0.0,,0.0,,0.0
2021-02-19,127.09495441093769,127.55360598648207,125.68972531908409,126.73387908935547,87668800,0.0,0.0,,0.0,,0.0,,0.0,,0.0,,0.0
2021-02-22,124.91880883902334,126.58752230648321,122.5670093965397,122.95735168457031,103916400,0.0,0.0,,0.0,,0.0,,0.0,,0.0,,0.0
2021-02-23,120.77145942992851,123.65022018140999,115.5311309097856,122.82074737548828,158273000,0.0,0.0,,0.0,,0.0,,0.0,,0.0,,0.0
2021-02-24,121.92294838417055,122.52797184498519,119.2783904200208,122.32304382324219,111039900,0.0,0.0,,0.0,,0.0,,0.0,,0.0,,0.0
2021-02-25,121.66921718039119,123.40623239958438,117.62919084390654,118.06832122802734,148199500,0.0,0.0,,0.0,,0.0,,0.0,,0.0,,0.0
2021-02-26,119.62967972466323,121.83510708261103,118.27324619200536,118.33180236816406,164560400,0.0,0.0,,0.0,,0.0,,0.0,,0.0,,0.0
2021-03-01,120.76169636502549,124.84075840671721,119.82487925027971,124.70413970947266,116307900,0.0,0.0,,0.0,,0.0,,0.0,,0.0,,0.0
2021-03-02,125.30916402931615,125.61167577926304,121.99126560430425,122.0986099243164,102260900,0.0,0.0,,0.0,,0.0,,0.0,,0.0,,0.0
2021-03-03,121.79608848285189,122.67435679168018,118.89780678629857,119.11249542236328,112966300,0.0,0.0,,0.0,,0.0,,0.0,,0.0,,0.0
2021-03-04,118.80998607618001,120.61531086428089,115.75557186593713,117.2291030883789,178155000,0.0,0.0,,0.0,,0.0,,0.0,,0.0,,0.0
2021-03-05,118.05857574839611,118.99539275523834,114.73091692483256,118.48794555664062,153766600,0.0,0.0,,0.0,,0.0,,0.0,,0.0,,0.0
2021-03-08,118.00979962296303,118.07810897497683,113.40377632957288,113.55015563964844,154376600,0.0,0.0,,0.0,,0.0,,0.0,,0.0,,0.0
2021-03-09,116.1556561829824,119.11248639429279,115.92145380009946,118.16590881347656,129525800,0.0,0.0,,0.0,,0.0,,0.0,,0.0,,0.0
2021-03-10,118.75143927948164,119.21984409787017,116.5655253098007,117.08273315429688,111943300,0.0,0.0,,0.0,,0.0,,0.0,,0.0,,0.0
2021-03-11,119.58091910944964,120.23473823990125,118.3318295930165,119.01492309570312,103026500,0.0,0.0,,0.0,,0.0,,0.0,,0.0,,0.0
2021-03-12,117.49259196824357,118.24399479427487,116.28253747320228,118.10737609863281,88105100,0.0,0.0,,0.0,,0.0,,0.0,,0.0,,0.0
2021-03-15,118.47818777651618,121.00564073101157,117.51208899403603,120.99588012695312,92403800,0.0,0.0,,0.0,,0.0,,0.0,,0.0,,0.0
2021-03-16,122.6646083393104,124.14790772898559,121.70827743229954,122.53775024414062,115227900,0.0,0.0,,0.0,,0.0,,0.0,,0.0,,0.0
2021-03-17,121.05446033066085,122.82075031264465,119.38574662798862,121.747314453125,111932600,0.0,0.0,,0.0,,0.0,,0.0,,0.0,,0.0
2021-03-18,119.91270439580465,120.20546300637888,117.41452538083813,117.61945343017578,121229700,0.0,0.0,,0.0,,0.0,,0.0,,0.0,,0.0
2021-03-19,117.00466803476282,118.49772055342008,116.78997938198532,117.09249114990234,185549500,0.0,0.0,,0.0,,0.0,,0.0,,0.0,,0.0
2021-03-22,117.42428020959487,120.87879739667785,117.3559708631763,120.41038513183594,111912300,0.0,0.0,,0.0,,0.0,,0.0,,0.0,,0.0
2021-03-23,120.35183373308179,121.23985521691415,119.19056742444849,119.5809097290039,95467100,0.0,0.0,,0.0,,0.0,,0.0,,0.0,,0.0
2021-03-24,119.8541349180161,119.93220486001856,117.17054208424707,117.19005584716797,88530500,0.0,0.0,,0.0,,0.0,,0.0,,0.0,,0.0
2021-03-25,116.65335360086424,118.72216260318802,116.12639260654137,117.67799377441406,98844700,0.0,0.0,,0.0,,0.0,,0.0,,0.0,,0.0
2021-03-26,117.44379427923147,118.54651187519468,116.04832553149886,118.28302764892578,94071200,0.0,0.0,,0.0,,0.0,,0.0,,0.0,,0.0
2021-03-29,118.71239516993987,119.61993781154605,117.81461313280423,118.45867156982422,80819200,0.0,0.0,,0.0,,0.0,,0.0,,0.0,,0.0
2021-03-30,117.2095972386284,117.49259524324971,115.98978210413694,117.00466918945312,85671900,0.0,0.0,,0.0,,0.0,,0.0,,0.0,,0.0
2021-03-31,118.71239140698859,120.5372297916679,118.22446543116469,119.2003173828125,118323800,0.0,0.0,,0.0,,0.0,,0.0,,0.0,,0.0
2021-04-01,120.67385866207343,121.18129841261401,119.53210619432762,120.02979278564453,75089100,0.0,0.0,,0.0,,0.0,,0.0,,0.0,,0.0
2021-04-05,120.87880831704123,123.11351063056416,120.09812362016332,122.85978698730469,88651200,0.0,0.0,,0.0,,0.0,,0.0,,0.0,,0.0
2021-04-06,123.44528283557895,124.06006693940361,122.61581009211896,123.16228485107422,80171300,0.0,0.0,,0.0,,0.0,,0.0,,0.0,,0.0
2021-04-07,122.79147173791083,124.8309990566897,122.11813140531842,124.81148529052734,83466700,0.0,0.0,,0.0,,0.0,,0.0,,0.0,,0.0
2021-04-08,125.83613440452882,127.24136391246265,125.41652511857986,127.21208953857422,88844600,0.0,0.0,,0.0,,0.0,,0.0,,0.0,,0.0
2021-04-09,126.66559142580684,129.82734234724018,126.34355848189794,129.78831481933594,106686700,0.0,0.0,,0.0,,0.0,,0.0,,0.0,,0.0
2021-04-12,129.31993616746033,129.64196917644963,127.47557612711987,128.0708465576172,91420000,0.0,0.0,,0.0,,0.0,,0.0,,0.0,,0.0
2021-04-13,129.24182587765023,131.4082182509909,128.74413188709045,131.1837615966797,91266500,0.0,0.0,,0.0,,0.0,,0.0,,0.0,,0.0
2021-04-14,131.68146867778168,131.7400174141813,128.48067537183306,128.84173583984375,87222800,0.0,0.0,,0.0,,0.0,,0.0,,0.0,,0.0
2021-04-15,130.5885182593821,131.7400164409198,130.41285716116144,131.25209045410156,89347100,0.0,0.0,,0.0,,0.0,,0.0,,0.0,,0.0
2021-04-16,131.05693729907884,131.41799780371278,130.06156400836352,130.92031860351562,84922400,0.0,0.0,,0.0,,0.0,,0.0,,0.0,,0.0
2021-04-19,130.2859926417197,132.1986690764981,130.12009959176393,131.58387756347656,94264200,0.0,0.0,,0.0,,0.0,,0.0,,0.0,,0.0
2021-04-20,131.75951033980712,132.25718938269247,128.62701960196688,129.8956298828125,94812300,0.0,0.0,,0.0,,0.0,,0.0,,0.0,,0.0
2021-04-21,129.16378953467097,130.5202234103885,128.12938865121586,130.27626037597656,68847100,0.0,0.0,,0.0,,0.0,,0.0,,0.0,,0.0
2021-04-22,129.8273498266732,130.91054619483594,128.2367211149233,128.75392150878906,84566500,0.0,0.0,,0.0,,0.0,,0.0,,0.0,,0.0
2021-04-23,128.96861767310645,131.85713156314563,128.96861767310645,131.0764617919922,78657500,0.0,0.0,,0.0,,0.0,,0.0,,0.0,,0.0
2021-04-26,131.57414120224303,131.79858301727063,130.33480485867753,131.466796875,66905100,0.0,0.0,,0.0,,0.0,,0.0,,0.0,,0.0
2021-04-27,131.7497836551319,132.1401334204204,130.87152274129448,131.14476013183594,66015800,0.0,0.0,,0.0,,0.0,,0.0,,0.0,,0.0
2021-04-28,131.06669219926212,131.75955373687952,129.8663982944287,130.3543243408203,107760100,0.0,0.0,,0.0,,0.0,,0.0,,0.0,,0.0
2021-04-29,133.174532153205,133.7600493468008,129.25160269288304,130.25672912597656,151101000,0.0,0.0,,0.0,,0.0,,0.0,,0.0,,0.0
2021-04-30,128.59777209122348,130.33478741572688,127.90492552746106,128.28550720214844,109839500,0.0,0.0,,0.0,,0.0,,0.0,,0.0,,0.0
2021-05-03,128.85152091022277,130.83251462104226,128.6466002820739,129.33944702148438,75135100,0.0,0.0,,0.0,,0.0,,0.0,,0.0,,0.0
2021-05-04,128.0220218638134,128.3147804318186,123.64044117384255,124.7626724243164,137564700,0.0,0.0,,0.0,,0.0,,0.0,,0.0,,0.0
2021-05-05,126.08007345167024,127.29988843260809,124.8797796797169,125.00664520263672,84000900,0.0,0.0,,0.0,,0.0,,0.0,,0.0,,0.0
2021-05-06,124.801745901152,126.61683171440498,124.06009609316986,126.6070785522461,78128300,0.0,0.0,,0.0,,0.0,,0.0,,0.0,,0.0
2021-05-07,127.90713783845663,128.30790544082245,126.56793953638302,127.28153228759766,78973300,0.22,0.0,,0.0,,0.0,,0.0,,0.0,,0.0
2021-05-10,126.49950732025513,126.62657341198205,123.95797666716017,123.99707794189453,88071200,0.0,0.0,,0.0,,0.0,,0.0,,0.0,,0.0
2021-05-11,120.72245265121907,123.43015134422814,120.0088672609952,123.07825469970703,126142800,0.0,0.0,,0.0,,0.0,,0.0,,0.0,,0.0
2021-05-12,120.62469358610521,121.83680347682719,119.50055598507281,120.00885772705078,112172300,0.0,0.0,,0.0,,0.0,,0.0,,0.0,,0.0
2021-05-13,121.77814229209847,123.31283199690465,121.46533953245027,122.15937042236328,105861300,0.0,0.0,,0.0,,0.0,,0.0,,0.0,,0.0
2021-05-14,123.41058674145887,125.0137018854759,123.01958141071674,124.5835952758789,81918000,0.0,0.0,,0.0,,0.0,,0.0,,0.0,,0.0
2021-05-17,123.96778623887236,124.07531290803357,122.35489365926202,123.4301528930664,74244600,0.0,0.0,,0.0,,0.0,,0.0,,0.0,,0.0
2021-05-18,123.71360121948956,124.13393060717105,121.97363548465174,122.04206085205078,63342900,0.0,0.0,,0.0,,0.0,,0.0,,0.0,,0.0
2021-05-19,120.39006996753153,122.110481266006,120.09681414325692,121.88565826416016,92612000,0.0,0.0,,0.0,,0.0,,0.0,,0.0,,0.0
2021-05-20,122.41352498808429,124.84752169451296,122.2864439727993,124.44673919677734,76857100,0.0,0.0,,0.0,,0.0,,0.0,,0.0,,0.0
2021-05-21,124.94526351797502,125.12121552562014,122.39396313602347,122.60901641845703,79295400,0.0,0.0,,0.0,,0.0,,0.0,,0.0,,0.0
2021-05-24,123.17598087438682,125.06257461018313,123.10755550398203,124.24146270751953,63092900,0.0,0.0,,0.0,,0.0,,0.0,,0.0,,0.0
2021-05-25,124.94528180981987,125.43404408732667,123.47901735071959,124.04597473144531,72009500,0.0,0.0,,0.0,,0.0,,0.0,,0.0,,0.0
2021-05-26,124.10460458296265,124.52493396410016,123.57674856075704,123.99707794189453,56575900,0.0,0.0,,0.0,,0.0,,0.0,,0.0,,0.0
2021-05-27,123.5963170673582,124.7693256123678,122.26690340551721,122.46240234375,94625600,0.0,0.0,,0.0,,0.0,,0.0,,0.0,,0.0
2021-05-28,122.74587286479516,122.97070334084246,121.74881641359961,121.80746459960938,71311100,0.0,0.0,,0.0,,0.0,,0.0,,0.0,,0.0
2021-06-01,122.26690447420742,122.53082878890919,121.15254410936616,121.48489379882812,67637100,0.0,0.0,,0.0,,0.0,,0.0,,0.0,,0.0
2021-06-02,121.48487353240775,122.42328171163132,121.26005053476115,122.24732971191406,59278900,0.0,0.0,,0.0,,0.0,,0.0,,0.0,,0.0
2021-06-03,121.87590368031279,122.04207853123913,120.36076073695506,120.76154327392578,76229200,0.0,0.0,,0.0,,0.0,,0.0,,0.0,,0.0
2021-06-04,121.27962561409095,123.32262472191542,121.06457229139289,123.0586929321289,75169300,0.0,0.0,,0.0,,0.0,,0.0,,0.0,,0.0
2021-06-07,123.3323981558297,123.47902610369498,122.02253872592952,123.06847381591797,71057600,0.0,0.0,,0.0,,0.0,,0.0,,0.0,,0.0
2021-06-08,123.75272900883088,125.57090514170456,123.37150081481444,123.88957977294922,74403800,0.0,0.0,,0.0,,0.0,,0.0,,0.0,,0.0
2021-06-09,124.34899265629532,124.87684872392028,123.6745086602513,124.27079010009766,56877900,0.0,0.0,,0.0,,0.0,,0.0,,0.0,,0.0
2021-06-10,124.16327258007072,125.30696453959546,123.10756782499628,123.27374267578125,71186400,0.0,0.0,,0.0,,0.0,,0.0,,0.0,,0.0
2021-06-11,123.68427472987341,124.5738119466235,123.2639453503398,124.48583221435547,53522400,0.0,0.0,,0.0,,0.0,,0.0,,0.0,,0.0
2021-06-14,124.94529159561948,127.60411175847095,124.21215930864992,127.54546356201172,96906500,0.0,0.0,,0.0,,0.0,,0.0,,0.0,,0.0
2021-06-15,127.01760585265852,127.66276579909551,126.47997256396104,126.72434997558594,62746300,0.0,0.0,,0.0,,0.0,,0.0,,0.0,,0.0
2021-06-16,127.43793082295223,127.94624002739722,125.57089869031938,127.2228775024414,91815000,0.0,0.0,,0.0,,0.0,,0.0,,0.0,,0.0
2021-06-17,126.88072407701245,129.56887494764572,126.73408871652109,128.82595825195312,96721700,0.0,0.0,,0.0,,0.0,,0.0,,0.0,,0.0
2021-06-18,127.7702791806661,128.5522748841205,127.31084850130004,127.5259017944336,108953300,0.0,0.0,,0.0,,0.0,,0.0,,0.0,,0.0
2021-06-21,127.3695047127403,129.43205057912303,126.30402282138007,129.32452392578125,79663300,0.0,0.0,,0.0,,0.0,,0.0,,0.0,,0.0
2021-06-22,129.15833692853147,131.0644774987528,128.65979753012715,130.9667205810547,74783600,0.0,0.0,,0.0,,0.0,,0.0,,0.0,,0.0
2021-06-23,130.76144124276647,131.29907441491832,130.23357779534092,130.69300842285156,60214200,0.0,0.0,,0.0,,0.0,,0.0,,0.0,,0.0
2021-06-24,131.42616459271213,131.6118938058328,129.9403458033597,130.40956115722656,68711000,0.0,0.0,,0.0,,0.0,,0.0,,0.0,,0.0
2021-06-25,130.45842151503766,130.87874343114333,129.82303140488202,130.1162872314453,70783700,0.0,0.0,,0.0,,0.0,,0.0,,0.0,,0.0
2021-06-28,130.40955023475712,132.20816419376467,130.3509020493391,131.7487335205078,62111300,0.0,0.0,,0.0,,0.0,,0.0,,0.0,,0.0
2021-06-29,131.76829700396732,133.42029061372372,131.32842066728736,133.26388549804688,64556100,0.0,0.0,,0.0,,0.0,,0.0,,0.0,,0.0
2021-06-30,133.1074740660687,134.319591281627,132.81421821699357,133.8797149658203,63261400,0.0,0.0,,0.0,,0.0,,0.0,,0.0,,0.0
2021-07-01,133.52780965332033,134.24138744394435,132.70669030063868,134.1827392578125,52485800,0.0,0.0,,0.0,,0.0,,0.0,,0.0,,0.0
2021-07-02,134.79857347065126,136.85134968212856,134.65195299080864,136.812255859375,78852600,0.0,0.0,,0.0,,0.0,,0.0,,0.0,,0.0
2021-07-06,136.91975675935547,139.9304727602518,136.91975675935547,138.82589721679688,108181800,0.0,0.0,,0.0,,0.0,,0.0,,0.0,,0.0
2021-07-07,140.3117243665474,141.6313683204944,139.45152604310684,141.31857299804688,104911600,0.0,0.0,,0.0,,0.0,,0.0,,0.0,,0.0
2021-07-08,138.39579381995796,140.8200131513889,137.50625661436462,140.01846313476562,105575500,0.0,0.0,,0.0,,0.0,,0.0,,0.0,,0.0
2021-07-09,139.53948199823574,142.3742535997312,139.44172508137947,141.84640502929688,99890800,0.0,0.0,,0.0,,0.0,,0.0,,0.0,,0.0
2021-07-12,142.92165443077715,143.02918106026846,140.7613521166739,141.25010681152344,76299700,0.0,0.0,,0.0,,0.0,,0.0,,0.0,,0.0
2021-07-13,140.79072594190478,144.14359208914843,140.39972801414208,142.36451721191406,100827100,0.0,0.0,,0.0,,0.0,,0.0,,0.0,,0.0
2021-07-14,144.76917436169552,146.20611463354894,144.35860721349817,145.79554748535156,127050800,0.0,0.0,,0.0,,0.0,,0.0,,0.0,,0.0
2021-07-15,145.88351118749557,146.62641297695922,143.7818569854598,145.14059448242188,106820300,0.0,0.0,,0.0,,0.0,,0.0,,0.0,,0.0
2021-07-16,145.12107770714312,146.39182821899888,142.5991012200298,143.09762573242188,93251400,0.0,0.0,,0.0,,0.0,,0.0,,0.0,,0.0
2021-07-19,140.5169964650382,140.82980667753233,138.48377483066196,139.24623107910156,121434600,0.0,0.0,,0.0,,0.0,,0.0,,0.0,,0.0
2021-07-20,140.23350360392632,143.79163718567534,139.7447489090948,142.8629913330078,96350000,0.0,0.0,,0.0,,0.0,,0.0,,0.0,,0.0
2021-07-21,142.25694855475027,142.8434601888897,141.37719601915154,142.12986755371094,74993500,0.0,0.0,,0.0,,0.0,,0.0,,0.0,,0.0
2021-07-22,142.65775422849268,144.86692056753935,142.53067320676791,143.4984130859375,77338200,0.0,0.0,,0.0,,0.0,,0.0,,0.0,,0.0
2021-07-23,144.23153179548808,145.3752161371665,143.6156960285799,145.21881103515625,71447400,0.0,0.0,,0.0,,0.0,,0.0,,0.0,,0.0
2021-07-26,144.9353520535012,146.46026463758602,144.37816442398642,145.63916015625,72434100,0.0,0.0,,0.0,,0.0,,0.0,,0.0,,0.0
2021-07-27,145.76622426436333,145.85421146271116,142.27652280868347,143.46908569335938,104818600,0.0,0.0,,0.0,,0.0,,0.0,,0.0,,0.0
2021-07-28,141.5531854827955,143.6646101370385,139.33423415868967,141.7193603515625,118931200,0.0,0.0,,0.0,,0.0,,0.0,,0.0,,0.0
2021-07-29,141.43588594676658,143.25405465053123,141.3283592792896,142.36451721191406,56699500,0.0,0.0,,0.0,,0.0,,0.0,,0.0,,0.0
2021-07-30,141.13283410460213,143.03897475076792,140.86890234879084,142.5795440673828,70440600,0.0,0.0,,0.0,,0.0,,0.0,,0.0,,0.0
2021-08-02,143.06832751008895,143.64505468245218,141.9832910916965,142.24722290039062,62880000,0.0,0.0,,0.0,,0.0,,0.0,,0.0,,0.0
2021-08-03,142.53063391308058,144.7104755562565,141.91479825833053,144.0457763671875,64786600,0.0,0.0,,0.0,,0.0,,0.0,,0.0,,0.0
2021-08-04,143.9578450260043,144.4661392860283,142.99010513855148,143.64503479003906,56368300,0.0,0.0,,0.0,,0.0,,0.0,,0.0,,0.0
2021-08-05,143.6743456659774,144.51500445327014,142.88256533800865,143.75254821777344,46397700,0.0,0.0,,0.0,,0.0,,0.0,,0.0,,0.0
2021-08-06,143.27283657558047,144.01685136365793,142.5679741708939,143.06724548339844,54126800,0.22,0.0,,0.0,,0.0,,0.0,,0.0,,0.0
2021-08-09,143.12602882681142,143.61551593971976,142.46033352347743,143.01834106445312,48908700,0.0,0.0,,0.0,,0.0,,0.0,,0.0,,0.0
2021-08-10,143.36098526145494,144.60428668695926,142.2449552630066,142.5386505126953,69023100,0.0,0.0,,0.0,,0.0,,0.0,,0.0,,0.0
2021-08-11,142.97917458892059,143.6350854630747,142.4701038589951,142.7931671142578,48493500,0.0,0.0,,0.0,,0.0,,0.0,,0.0,,0.0
2021-08-12,143.1162332344722,145.91609989817144,142.77358630713317,145.75946044921875,72282600,0.0,0.0,,0.0,,0.0,,0.0,,0.0,,0.0
2021-08-13,145.83777070300374,146.29788971819715,145.15249183078768,145.9650421142578,59375000,0.0,0.0,,0.0,,0.0,,0.0,,0.0,,0.0
2021-08-16,145.41679586878547,148.01108601151154,143.39032739407136,147.9425506591797,103296000,0.0,0.0,,0.0,,0.0,,0.0,,0.0,,0.0
2021-08-17,147.07128740440294,148.49079698288415,145.95525743273268,147.03213500976562,92229700,0.0,0.0,,0.0,,0.0,,0.0,,0.0,,0.0
2021-08-18,146.65032719515608,147.5509815993363,143.07706266924538,143.28265380859375,86326000,0.0,0.0,,0.0,,0.0,,0.0,,0.0,,0.0
2021-08-19,141.9806088621801,144.88816305914702,141.4617537976131,143.61549377441406,86960300,0.0,0.0,,0.0,,0.0,,0.0,,0.0,,0.0
2021-08-20,144.33995758675238,145.3776678425582,143.69383103345265,145.07418823242188,60549600,0.0,0.0,,0.0,,0.0,,0.0,,0.0,,0.0
2021-08-23,145.1916525804989,147.03212874723278,144.78048523349747,146.56222534179688,60131800,0.0,0.0,,0.0,,0.0,,0.0,,0.0,,0.0
2021-08-24,146.30768202395666,147.68803914447207,146.01398679478913,146.47410583496094,48606400,0.0,0.0,,0.0,,0.0,,0.0,,0.0,,0.0
2021-08-25,146.66012547582167,147.15941188820682,144.6923926717211,145.24061584472656,58991300,0.0,0.0,,0.0,,0.0,,0.0,,0.0,,0.0
2021-08-26,145.23080193918472,145.98460117975839,144.40845240898733,144.4378204345703,48597200,0.0,0.0,,0.0,,0.0,,0.0,,0.0,,0.0
2021-08-27,144.37909428379132,145.62239555790586,143.7427671019152,145.47555541992188,55802400,0.0,0.0,,0.0,,0.0,,0.0,,0.0,,0.0
2021-08-30,145.86714409511154,150.26274327805922,145.48534478526688,149.9005126953125,90956700,0.0,0.0,,0.0,,0.0,,0.0,,0.0,,0.0
2021-08-31,149.4502152293265,149.58727102922836,148.1090103253276,148.63766479492188,86453100,0.0,0.0,,0.0,,0.0,,0.0,,0.0,,0.0
2021-09-01,149.61662363000326,151.72141211238971,149.1369209108447,149.3033447265625,80313700,0.0,0.0,,0.0,,0.0,,0.0,,0.0,,0.0
2021-09-02,150.63476334782075,151.46689743705474,149.19567000260434,150.4193878173828,71115500,0.0,0.0,,0.0,,0.0,,0.0,,0.0,,0.0
2021-09-03,150.5270706537238,151.3787883827347,149.87115971903515,151.05572509765625,57808700,0.0,0.0,,0.0,,0.0,,0.0,,0.0,,0.0
2021-09-07,151.71161021089787,153.95345421989785,151.1438034675188,153.39544677734375,82278300,0.0,0.0,,0.0,,0.0,,0.0,,0.0,,0.0
2021-09-08,153.67935544010308,153.73809149809526,150.7424330368148,151.8486785888672,74420200,0.0,0.0,,0.0,,0.0,,0.0,,0.0,,0.0
2021-09-09,152.2207080167917,152.82766725771464,150.71307934113239,150.83056640625,57305700,0.0,0.0,,0.0,,0.0,,0.0,,0.0,,0.0
2021-09-10,151.74098100789337,152.21088437935384,145.573441372884,145.8377685546875,140893200,0.0,0.0,,0.0,,0.0,,0.0,,0.0,,0.0
2021-09-13,147.462872426403,148.2362553872636,145.6223963511956,146.40557861328125,102404300,0.0,0.0,,0.0,,0.0,,0.0,,0.0,,0.0
2021-09-14,147.18878434178126,147.8936469962392,143.8211105344737,145.0056610107422,109296300,0.0,0.0,,0.0,,0.0,,0.0,,0.0,,0.0
2021-09-15,145.43639585173057,146.2978978750979,143.29244009500678,145.89651489257812,83281300,0.0,0.0,,0.0,,0.0,,0.0,,0.0,,0.0
2021-09-16,145.31888239346944,145.83773734503635,144.12453308738378,145.66151428222656,68034100,0.0,0.0,,0.0,,0.0,,0.0,,0.0,,0.0
2021-09-17,145.69094622198233,145.69094622198233,142.69527265072225,142.9889678955078,129868800,0.0,0.0,,0.0,,0.0,,0.0,,0.0,,0.0
2021-09-20,140.7764886965952,141.7946152611483,138.29968524042357,139.9345703125,123478900,0.0,0.0,,0.0,,0.0,,0.0,,0.0,,0.0
2021-09-21,140.90374795912805,141.55967381165956,139.77793361611074,140.4142608642578,75834000,0.0,0.0,,0.0,,0.0,,0.0,,0.0,,0.0
2021-09-22,141.41282856542696,143.35119341343096,140.67859787200524,142.7834014892578,76404300,0.0,0.0,,0.0,,0.0,,0.0,,0.0,,0.0
2021-09-23,143.56654423015996,143.98751085632557,142.57778577756685,143.74276733398438,64838200,0.0,0.0,,0.0,,0.0,,0.0,,0.0,,0.0
2021-09-24,142.59736960568088,144.36931031939181,142.4994662214484,143.83087158203125,53477900,0.0,0.0,,0.0,,0.0,,0.0,,0.0,,0.0
2021-09-27,142.41137995898362,142.89108270101565,140.79607848273122,142.3134765625,74150700,0.0,0.0,,0.0,,0.0,,0.0,,0.0,,0.0
2021-09-28,140.23803011414577,141.70649116246142,138.7108330139708,138.92620849609375,108972300,0.0,0.0,,0.0,,0.0,,0.0,,0.0,,0.0
2021-09-29,139.4744577228724,141.41282248756633,139.04370667783795,139.82688903808594,74602000,0.0,0.0,,0.0,,0.0,,0.0,,0.0,,0.0
2021-09-30,140.63942904371518,141.344291622089,138.30946580198176,138.52484130859375,89056700,0.0,0.0,63090000000.0,0.0,34940000000.0,0.0,351002000000.0,0.0,9355000000.0,0.0,136522000000.0,0.0
2021-10-01,138.91641944607758,139.91497721524382,136.18508826736803,139.65065002441406,94639600,0.0,0.0,63090000000.0,0.0,34940000000.0,0.0,351002000000.0,0.0,9355000000.0,0.0,136522000000.0,0.0
2021-10-04,138.77941640480788,139.21996686958533,135.36280504227227,136.21450805664062,98322000,0.0,0.0,63090000000.0,0.0,34940000000.0,0.0,351002000000.0,0.0,9355000000.0,0.0,136522000000.0,0.0
2021-10-05,136.55710262635787,139.2492814021404,136.4298312131739,138.14303588867188,80861100,0.0,0.0,63090000000.0,0.0,34940000000.0,0.0,351002000000.0,0.0,9355000000.0,0.0,136522000000.0,0.0
2021-10-06,136.5375396085011,139.16118342378243,135.46066196016233,139.01434326171875,83221100,0.0,0.0,63090000000.0,0.0,34940000000.0,0.0,351002000000.0,0.0,9355000000.0,0.0,136522000000.0,0.0
2021-10-07,140.05204653772714,141.18766019383065,139.7191988951329,140.27720642089844,61732700,0.0,0.0,63090000000.0,0.0,34940000000.0,0.0,351002000000.0,0.0,9355000000.0,0.0,136522000000.0,0.0
2021-10-08,141.00163119861574,141.14847133090333,139.56253815036328,139.8953857421875,58773200,0.0,0.0,63090000000.0,0.0,34940000000.0,0.0,351002000000.0,0.0,9355000000.0,0.0,136522000000.0,0.0
2021-10-11,139.27867248276962,141.76526053635698,138.82833774939965,139.80731201171875,64452200,0.0,0.0,63090000000.0,0.0,34940000000.0,0.0,351002000000.0,0.0,9355000000.0,0.0,136522000000.0,0.0
2021-10-12,140.21844342772843,140.23802709057873,138.07448795333846,138.53460693359375,73035900,0.0,0.0,63090000000.0,0.0,34940000000.0,0.0,351002000000.0,0.0,9355000000.0,0.0,136522000000.0,0.0
2021-10-13,138.27031362663757,138.4269381369984,136.2731980054475,137.94725036621094,78762700,0.0,0.0,63090000000.0,0.0,34940000000.0,0.0,351002000000.0,0.0,9355000000.0,0.0,136522000000.0,0.0
2021-10-14,139.12201855652793,140.85480700337075,138.53462808500012,140.73731994628906,69907100,0.0,0.0,63090000000.0,0.0,34940000000.0,0.0,351002000000.0,0.0,9355000000.0,0.0,136522000000.0,0.0
2021-10-15,140.7470918018334,141.85332222974756,140.49254900942697,141.79458618164062,67940300,0.0,0.0,63090000000.0,0.0,34940000000.0,0.0,351002000000.0,0.0,9355000000.0,0.0,136522000000.0,0.0
2021-10-18,140.43384767473086,143.75256965473264,140.1499517260529,143.4686737060547,85589200,0.0,0.0,63090000000.0,0.0,34940000000.0,0.0,351002000000.0,0.0,9355000000.0,0.0,136522000000.0,0.0
2021-10-19,143.91898215404882,146.03356986995644,143.4686624173773,145.63218688964844,76378900,0.0,0.0,63090000000.0,0.0,34940000000.0,0.0,351002000000.0,0.0,9355000000.0,0.0,136522000000.0,0.0
2021-10-20,145.57345046006543,146.60137628639336,145.00564367087514,146.12167358398438,58418800,0.0,0.0,63090000000.0,0.0,34940000000.0,0.0,351002000000.0,0.0,9355000000.0,0.0,136522000000.0,0.0
2021-10-21,145.68115569570142,146.4937061154404,144.76091751098588,146.33706665039062,61421000,0.0,0.0,63090000000.0,0.0,34940000000.0,0.0,351002000000.0,0.0,9355000000.0,0.0,136522000000.0,0.0
2021-10-22,146.54261839545387,147.02230608843539,145.51469272227448,145.5636444091797,58883400,0.0,0.0,63090000000.0,0.0,34940000000.0,0.0,351002000000.0,0.0,9355000000.0,0.0,136522000000.0,0.0
2021-10-25,145.55386186391277,146.2293563822722,144.51615170908323,145.51470947265625,50720600,0.0,0.0,63090000000.0,0.0,34940000000.0,0.0,351002000000.0,0.0,9355000000.0,0.0,136522000000.0,0.0
2021-10-26,146.19021954502938,147.66846521408038,145.87694062980856,146.18043518066406,60893400,0.0,0.0,63090000000.0,0.0,34940000000.0,0.0,351002000000.0,0.0,9355000000.0,0.0,136522000000.0,0.0
2021-10-27,146.2195625180611,146.5817781309956,145.36785988744936,145.7202911376953,56094900,0.0,0.0,63090000000.0,0.0,34940000000.0,0.0,351002000000.0,0.0,9355000000.0,0.0,136522000000.0,0.0
2021-10-28,146.66991219108917,149.94946658313845,146.57200880232836,149.36209106445312,100077900,0.0,0.0,63090000000.0,0.0,34940000000.0,0.0,351002000000.0,0.0,9355000000.0,0.0,136522000000.0,0.0
2021-10-29,144.12458950466566,146.787400645377,143.33162275650557,146.6503448486328,124953200,0.0,0.0,63090000000.0,0.0,34940000000.0,0.0,351002000000.0,0.0,9355000000.0,0.0,136522000000.0,0.0
2021-11-01,145.85734043683098,146.55240360585222,144.69235899634896,145.82797241210938,74588300,0.0,0.0,63090000000.0,0.0,34940000000.0,0.0,351002000000.0,0.0,9355000000.0,0.0,136522000000.0,0.0
2021-11-02,145.53427170385322,148.38308949739522,145.5244724040128,146.8656768798828,69122000,0.0,0.0,63090000000.0,0.0,34940000000.0,0.0,351002000000.0,0.0,9355000000.0,0.0,136522000000.0,0.0
2021-11-03,147.2279471039886,148.77472831916785,146.66993951040288,148.30482482910156,54511500,0.0,0.0,63090000000.0,0.0,34940000000.0,0.0,351002000000.0,0.0,9355000000.0,0.0,136522000000.0,0.0
2021-11-04,148.39290892226862,149.22502801768104,147.47267079725674,147.78594970703125,60394600,0.0,0.0,63090000000.0,0.0,34940000000.0,0.0,351002000000.0,0.0,9355000000.0,0.0,136522000000.0,0.0
2021-11-05,148.9133997765836,149.2173222899692,147.11926062749689,148.3153533935547,65463900,0.22,0.0,63090000000.0,0.0,34940000000.0,0.0,351002000000.0,0.0,9355000000.0,0.0,136522000000.0,0.0
2021-11-08,148.44279798435025,148.5996660295044,147.21729443113375,147.49180603027344,55020900,0.0,0.0,63090000000.0,0.0,34940000000.0,0.0,351002000000.0,0.0,9355000000.0,0.0,136522000000.0,0.0
2021-11-09,147.25653727259368,148.46242885300364,147.11928144197597,147.85458374023438,56787900,0.0,0.0,63090000000.0,0.0,34940000000.0,0.0,351002000000.0,0.0,9355000000.0,0.0,136522000000.0,0.0
2021-11-10,147.080046521764,147.18789143862284,144.9525740344218,145.0211944580078,65187100,0.0,0.0,63090000000.0,0.0,34940000000.0,0.0,351002000000.0,0.0,9355000000.0,0.0,136522000000.0,0.0
2021-11-11,146.04080309791993,146.50157863651478,144.7858737902316,144.97215270996094,41000000,0.0,0.0,63090000000.0,0.0,34940000000.0,0.0,351002000000.0,0.0,9355000000.0,0.0,136522000000.0,0.0
2021-11-12,145.52117255185212,147.45256716016078,144.58979293418378,147.0506134033203,63804000,0.0,0.0,63090000000.0,0.0,34940000000.0,0.0,351002000000.0,0.0,9355000000.0,0.0,136522000000.0,0.0
2021-11-15,147.42318436184277,148.9036023660625,146.5016032105498,147.06044006347656,59222800,0.0,0.0,63090000000.0,0.0,34940000000.0,0.0,351002000000.0,0.0,9355000000.0,0.0,136522000000.0,0.0
2021-11-16,147.00162302853775,148.52125061689011,146.41337526538132,148.0408477783203,59256200,0.0,0.0,63090000000.0,0.0,34940000000.0,0.0,351002000000.0,0.0,9355000000.0,0.0,136522000000.0,0.0
2021-11-17,148.0408318977374,151.96244333873707,148.03103325464866,150.48204040527344,88807000,0.0,0.0,63090000000.0,0.0,34940000000.0,0.0,351002000000.0,0.0,9355000000.0,0.0,136522000000.0,0.0
2021-11-18,150.69770497748678,155.56049397195753,150.05063560781477,154.7761688232422,137827700,0.0,0.0,63090000000.0,0.0,34940000000.0,0.0,351002000000.0,0.0,9355000000.0,0.0,136522000000.0,0.0
2021-11-19,154.56049419168397,157.86446177371923,153.4624478516477,157.40367126464844,117305600,0.0,0.0,63090000000.0,0.0,34940000000.0,0.0,351002000000.0,0.0,9355000000.0,0.0,136522000000.0,0.0
2021-11-22,158.51151062719015,162.45273390045784,157.84484393287838,157.8644561767578,117467900,0.0,0.0,63090000000.0,0.0,34940000000.0,0.0,351002000000.0,0.0,9355000000.0,0.0,136522000000.0,0.0
2021-11-23,157.96250097049108,158.6291826815126,155.94287351139204,158.246826171875,96041900,0.0,0.0,63090000000.0,0.0,34940000000.0,0.0,351002000000.0,0.0,9355000000.0,0.0,136522000000.0,0.0
2021-11-24,157.59976712302952,158.96252656383666,156.5115192990928,158.76644897460938,69463600,0.0,0.0,63090000000.0,0.0,34940000000.0,0.0,351002000000.0,0.0,9355000000.0,0.0,136522000000.0,0.0
2021-11-26,156.44289044282164,157.30563478087385,153.29579070221752,153.73696899414062,76959800,0.0,0.0,63090000000.0,0.0,34940000000.0,0.0,351002000000.0,0.0,9355000000.0,0.0,136522000000.0,0.0
2021-11-29,156.24683164150022,158.03117240002507,155.67819606877572,157.09979248046875,88748200,0.0,0.0,63090000000.0,0.0,34940000000.0,0.0,351002000000.0,0.0,9355000000.0,0.0,136522000000.0,0.0
2021-11-30,156.85468549511577,162.27631303141865,156.78605010261836,162.0606231689453,174048100,0.0,0.0,63090000000.0,0.0,34940000000.0,0.0,351002000000.0,0.0,9355000000.0,0.0,136522000000.0,0.0
2021-12-01,164.1978529983773,166.9625960118038,161.30566779650317,161.5409698486328,152052500,0.0,0.0,63090000000.0,0.0,34940000000.0,0.0,351002000000.0,0.0,9355000000.0,0.0,136522000000.0,0.0
2021-12-02,155.62916922602187,160.98216094033538,154.70758806208025,160.55078125,136739200,0.0,0.0,63090000000.0,0.0,34940000000.0,0.0,351002000000.0,0.0,9355000000.0,0.0,136522000000.0,0.0
2021-12-03,160.80568201972204,161.72726310588908,156.5899467105327,158.66839599609375,118023100,0.0,0.0,63090000000.0,0.0,34940000000.0,0.0,351002000000.0,0.0,9355000000.0,0.0,136522000000.0,0.0
2021-12-06,161.07035637141348,164.59001350748514,161.0605577297213,162.08018493652344,107497000,0.0,0.0,63090000000.0,0.0,34940000000.0,0.0,351002000000.0,0.0,9355000000.0,0.0,136522000000.0,0.0
2021-12-07,165.76651094991018,168.21751800507252,165.0410074760686,167.82534790039062,120405400,0.0,0.0,63090000000.0,0.0,34940000000.0,0.0,351002000000.0,0.0,9355000000.0,0.0,136522000000.0,0.0
2021-12-08,168.75677048688644,172.51171571219845,167.35478644015964,171.64895629882812,116998900,0.0,0.0,63090000000.0,0.0,34940000000.0,0.0,351002000000.0,0.0,9355000000.0,0.0,136522000000.0,0.0
2021-12-09,171.48229193058603,173.2862298561429,170.51168757727757,171.13914489746094,108923700,0.0,0.0,63090000000.0,0.0,34940000000.0,0.0,351002000000.0,0.0,9355000000.0,0.0,136522000000.0,0.0
2021-12-10,171.77639006130698,176.10976886642817,171.26657639018677,175.93328857421875,115402700,0.0,0.0,63090000000.0,0.0,34940000000.0,0.0,351002000000.0,0.0,9355000000.0,0.0,136522000000.0,0.0
2021-12-13,177.57057822727617,178.56079478498526,172.09012930519359,172.2960205078125,153237000,0.0,0.0,63090000000.0,0.0,34940000000.0,0.0,351002000000.0,0.0,9355000000.0,0.0,136522000000.0,0.0
2021-12-14,171.81560410510698,174.25681265308427,168.83518594286804,170.91363525390625,139380400,0.0,0.0,63090000000.0,0.0,34940000000.0,0.0,351002000000.0,0.0,9355000000.0,0.0,136522000000.0,0.0
2021-12-15,171.6783640596761,175.9823324841572,168.93323276156414,175.7862548828125,131063300,0.0,0.0,63090000000.0,0.0,34940000000.0,0.0,351002000000.0,0.0,9355000000.0,0.0,136522000000.0,0.0
2021-12-16,175.76663371395836,177.59018373746022,167.40379803106163,168.8842010498047,150185800,0.0,0.0,63090000000.0,0.0,34940000000.0,0.0,351002000000.0,0.0,9355000000.0,0.0,136522000000.0,0.0
2021-12-17,166.59985400570397,170.07048857395336,166.36456688905028,167.78614807128906,195432700,0.0,0.0,63090000000.0,0.0,34940000000.0,0.0,351002000000.0,0.0,9355000000.0,0.0,136522000000.0,0.0
2021-12-20,164.9821770913153,167.23710645635137,164.17825459824692,166.42337036132812,107499100,0.0,0.0,63090000000.0,0.0,34940000000.0,0.0,351002000000.0,0.0,9355000000.0,0.0,136522000000.0,0.0
2021-12-21,168.19793052968907,169.80579079626787,165.8057448980021,169.59991455078125,91185900,0.0,0.0,63090000000.0,0.0,34940000000.0,0.0,351002000000.0,0.0,9355000000.0,0.0,136522000000.0,0.0
2021-12-22,169.64892899727565,172.41367264545124,168.7763709233024,172.19798278808594,92135300,0.0,0.0,63090000000.0,0.0,34940000000.0,0.0,351002000000.0,0.0,9355000000.0,0.0,136522000000.0,0.0
2021-12-23,172.40382767956797,173.38423041880975,171.83519229563672,172.8253936767578,68356600,0.0,0.0,63090000000.0,0.0,34940000000.0,0.0,351002000000.0,0.0,9355000000.0,0.0,136522000000.0,0.0
2021-12-27,173.61955533140323,176.8842989595941,173.5999580433746,176.7960662841797,74919600,0.0,0.0,63090000000.0,0.0,34940000000.0,0.0,351002000000.0,0.0,9355000000.0,0.0,136522000000.0,0.0
2021-12-28,176.62937357994824,177.77644307078862,175.03131221487746,175.7764129638672,79144300,0.0,0.0,63090000000.0,0.0,34940000000.0,0.0,351002000000.0,0.0,9355000000.0,0.0,136522000000.0,0.0
2021-12-29,175.8156619193921,177.0901887398254,174.6489800212977,175.86468505859375,62348900,0.0,0.0,63090000000.0,0.0,34940000000.0,0.0,351002000000.0,0.0,9355000000.0,0.0,136522000000.0,0.0
2021-12-30,175.95294079911923,177.03139016388263,174.5999797705549,174.70782470703125,59773000,0.0,0.0,63090000000.0,0.0,34940000000.0,0.0,351002000000.0,0.0,9355000000.0,0.0,136522000000.0,0.0
2021-12-31,174.5999629626884,175.71762176050464,173.7862266948401,174.0901641845703,64062300,0.0,0.0,63090000000.0,0.0,34940000000.0,0.0,351002000000.0,0.0,9355000000.0,0.0,136522000000.0,0.0
2022-01-03,174.34505345884557,179.2960912081591,174.22740989529922,178.44313049316406,104487900,0.0,0.0,63090000000.0,0.0,34940000000.0,0.0,351002000000.0,0.0,9355000000.0,0.0,136522000000.0,0.0
2022-01-04,179.05099416209845,179.35491668068815,175.60977025994117,176.17840576171875,99310400,0.0,0.0,63090000000.0,0.0,34940000000.0,0.0,351002000000.0,0.0,9355000000.0,0.0,136522000000.0,0.0
2022-01-05,176.09018854441808,176.6392118468071,171.21758429607112,171.49209594726562,94537600,0.0,0.0,63090000000.0,0.0,34940000000.0,0.0,351002000000.0,0.0,9355000000.0,0.0,136522000000.0,0.0
2022-01-06,169.3155513917919,171.86460451754675,168.27632687367543,168.6292724609375,96904000,0.0,0.0,63090000000.0,0.0,34940000000.0,0.0,351002000000.0,0.0,9355000000.0,0.0,136522000000.0,0.0
2022-01-07,169.50185073224034,170.72735431349597,167.6783008049415,168.79595947265625,86709100,0.0,0.0,63090000000.0,0.0,34940000000.0,0.0,351002000000.0,0.0,9355000000.0,0.0,136522000000.0,0.0
2022-01-10,165.7665135929736,169.119489502726,164.87434342032694,168.81556701660156,106765600,0.0,0.0,63090000000.0,0.0,34940000000.0,0.0,351002000000.0,0.0,9355000000.0,0.0,136522000000.0,0.0
2022-01-11,168.9430494474789,171.7469876214078,167.47244497092254,171.64895629882812,76138300,0.0,0.0,63090000000.0,0.0,34940000000.0,0.0,351002000000.0,0.0,9355000000.0,0.0,136522000000.0,0.0
2022-01-12,172.66856783412447,173.70779259806037,171.39405592953122,172.0901336669922,74805200,0.0,0.0,63090000000.0,0.0,34940000000.0,0.0,351002000000.0,0.0,9355000000.0,0.0,136522000000.0,0.0
2022-01-13,172.33520961359125,173.15874440691425,168.42339690566672,168.81556701660156,84505800,0.0,0.0,63090000000.0,0.0,34940000000.0,0.0,351002000000.0,0.0,9355000000.0,0.0,136522000000.0,0.0
2022-01-14,167.98225196839815,170.37443776083572,167.73715121031663,169.67835998535156,80440800,0.0,0.0,63090000000.0,0.0,34940000000.0,0.0,351002000000.0,0.0,9355000000.0,0.0,136522000000.0,0.0
2022-01-18,168.14890807010434,169.1587219328493,166.0900708080933,166.47242736816406,90956700,0.0,0.0,63090000000.0,0.0,34940000000.0,0.0,351002000000.0,0.0,9355000000.0,0.0,136522000000.0,0.0
2022-01-19,166.6685205840363,167.72735768644768,162.68808654482677,162.97239685058594,94815000,0.0,0.0,63090000000.0,0.0,34940000000.0,0.0,351002000000.0,0.0,9355000000.0,0.0,136522000000.0,0.0
2022-01-20,163.7076835662155,166.35476859042288,160.9625522612085,161.2860870361328,91420500,0.0,0.0,63090000000.0,0.0,34940000000.0,0.0,351002000000.0,0.0,9355000000.0,0.0,136522000000.0,0.0
2022-01-21,161.19785371976124,163.070426973366,159.1194042209609,159.2272491455078,122848900,0.0,0.0,63090000000.0,0.0,34940000000.0,0.0,351002000000.0,0.0,9355000000.0,0.0,136522000000.0,0.0
2022-01-24,156.88406222991276,159.11937944541725,151.6683120872291,158.45269775390625,162294600,0.0,0.0,63090000000.0,0.0,34940000000.0,0.0,351002000000.0,0.0,9355000000.0,0.0,136522000000.0,0.0
2022-01-25,155.86444788627315,159.5703696285005,153.942866591661,156.64877319335938,115798400,0.0,0.0,63090000000.0,0.0,34940000000.0,0.0,351002000000.0,0.0,9355000000.0,0.0,136522000000.0,0.0
2022-01-26,160.29586403596446,161.16842196351905,154.72718309601152,156.56053161621094,108275300,0.0,0.0,63090000000.0,0.0,34940000000.0,0.0,351002000000.0,0.0,9355000000.0,0.0,136522000000.0,0.0
2022-01-27,159.26647493321232,160.62923459530796,155.17819594692543,156.0997772216797,121954600,0.0,0.0,63090000000.0,0.0,34940000000.0,0.0,351002000000.0,0.0,9355000000.0,0.0,136522000000.0,0.0
2022-01-28,162.46257810702824,167.01164715968335,159.6096019553616,166.99203491210938,179935700,0.0,0.0,63090000000.0,0.0,34940000000.0,0.0,351002000000.0,0.0,9355000000.0,0.0,136522000000.0,0.0
2022-01-31,166.82537099995082,171.57051772849903,166.1881001011021,171.35482788085938,115541600,0.0,0.0,63090000000.0,0.0,34940000000.0,0.0,351002000000.0,0.0,9355000000.0,0.0,136522000000.0,0.0
2022-02-01,170.5999083862923,171.41364461299403,168.93322639800166,171.1881561279297,86213900,0.0,0.0,63090000000.0,0.0,34940000000.0,0.0,351002000000.0,0.0,9355000000.0,0.0,136522000000.0,0.0
2022-02-02,171.32543772263608,172.4332979868797,169.93326714833051,172.39407348632812,84914300,0.0,0.0,63090000000.0,0.0,34940000000.0,0.0,351002000000.0,0.0,9355000000.0,0.0,136522000000.0,0.0
2022-02-03,171.06071151115776,172.7862303680274,168.746959829252,169.5116729736328,89418100,0.0,0.0,63090000000.0,0.0,34940000000.0,0.0,351002000000.0,0.0,9355000000.0,0.0,136522000000.0,0.0
2022-02-04,168.53001022690665,170.90562127726093,167.54835821492657,169.22698974609375,82465400,0.22,0.0,63090000000.0,0.0,34940000000.0,0.0,351002000000.0,0.0,9355000000.0,0.0,136522000000.0,0.0
2022-02-07,169.6883399458675,170.75833687095522,167.81338131131074,168.51036071777344,77251200,0.0,0.0,63090000000.0,0.0,34940000000.0,0.0,351002000000.0,0.0,9355000000.0,0.0,136522000000.0,0.0
2022-02-08,168.57908068618394,172.13267083606547,168.2845821132694,171.62220764160156,74829200,0.0,0.0,63090000000.0,0.0,34940000000.0,0.0,351002000000.0,0.0,9355000000.0,0.0,136522000000.0,0.0
2022-02-09,172.81981752201338,173.40879966630814,171.6909088658484,173.04559326171875,71285000,0.0,0.0,63090000000.0,0.0,34940000000.0,0.0,351002000000.0,0.0,9355000000.0,0.0,136522000000.0,0.0
2022-02-10,170.9448550221314,172.26026492516206,168.4023802889261,168.9619140625,90865900,0.0,0.0,63090000000.0,0.0,34940000000.0,0.0,351002000000.0,0.0,9355000000.0,0.0,136522000000.0,0.0
2022-02-11,169.16813665750365,169.90437585639552,164.95684005170034,165.54583740234375,98670700,0.0,0.0,63090000000.0,0.0,34940000000.0,0.0,351002000000.0,0.0,9355000000.0,0.0,136522000000.0,0.0
2022-02-14,164.2990832872494,166.46854070339387,163.5039475985097,165.78138732910156,86185500,0.0,0.0,63090000000.0,0.0,34940000000.0,0.0,351002000000.0,0.0,9355000000.0,0.0,136522000000.0,0.0
2022-02-15,167.8330301983069,169.77669680858907,167.1262396166007,169.61962890625,62527400,0.0,0.0,63090000000.0,0.0,34940000000.0,0.0,351002000000.0,0.0,9355000000.0,0.0,136522000000.0,0.0
2022-02-16,168.69692548039376,170.15957757586978,166.92994864069578,169.3840789794922,61177400,0.0,0.0,63090000000.0,0.0,34940000000.0,0.0,351002000000.0,0.0,9355000000.0,0.0,136522000000.0,0.0
2022-02-17,167.8919330456037,168.7557915611827,165.37890643172315,165.78138732910156,69589300,0.0,0.0,63090000000.0,0.0,34940000000.0,0.0,351002000000.0,0.0,9355000000.0,0.0,136522000000.0,0.0
2022-02-18,166.70415983864797,167.4109355405672,163.1407580714809,164.2303924560547,82772700,0.0,0.0,63090000000.0,0.0,34940000000.0,0.0,351002000000.0,0.0,9355000000.0,0.0,136522000000.0,0.0
2022-02-22,161.95294792646703,163.63157949063682,159.17487088048674,161.30506896972656,91162800,0.0,0.0,63090000000.0,0.0,34940000000.0,0.0,351002000000.0,0.0,9355000000.0,0.0,136522000000.0,0.0
2022-02-23,162.50266399183914,163.1014723054739,156.81890555489676,157.13304138183594,90009200,0.0,0.0,63090000000.0,0.0,34940000000.0,0.0,351002000000.0,0.0,9355000000.0,0.0,136522000000.0,0.0
2022-02-24,149.7804704881103,159.86204116175165,149.21111050582687,159.75405883789062,141147500,0.0,0.0,63090000000.0,0.0,34940000000.0,0.0,351002000000.0,0.0,9355000000.0,0.0,136522000000.0,0.0
2022-02-25,160.83386973446065,162.09038317154068,157.91836192123637,161.82534790039062,91974200,0.0,0.0,63090000000.0,0.0,34940000000.0,0.0,351002000000.0,0.0,9355000000.0,0.0,136522000000.0,0.0
2022-02-28,160.06816196139965,162.38486112479202,159.44971644975743,162.09036254882812,95056600,0.0,0.0,63090000000.0,0.0,34940000000.0,0.0,351002000000.0,0.0,9355000000.0,0.0,136522000000.0,0.0
2022-03-01,161.67807486426554,163.54322257611173,158.99816920673908,160.20559692382812,83474400,0.0,0.0,63090000000.0,0.0,34940000000.0,0.0,351002000000.0,0.0,9355000000.0,0.0,136522000000.0,0.0
2022-03-02,161.37376901896334,164.2892766091773,159.96018776566925,163.5039520263672,79724800,0.0,0.0,63090000000.0,0.0,34940000000.0,0.0,351002000000.0,0.0,9355000000.0,0.0,136522000000.0,0.0
2022-03-03,165.3789292736247,165.81085859107165,162.51250696008478,163.18002319335938,76678400,0.0,0.0,63090000000.0,0.0,34940000000.0,0.0,351002000000.0,0.0,9355000000.0,0.0,136522000000.0,0.0
2022-03-04,161.47191984720897,162.5124684222201,159.1257725009118,160.17613220214844,83737200,0.0,0.0,63090000000.0,0.0,34940000000.0,0.0,351002000000.0,0.0,9355000000.0,0.0,136522000000.0,0.0
2022-03-07,160.3626871229987,161.9922331985085,156.12194287523664,156.37718200683594,96418800,0.0,0.0,63090000000.0,0.0,34940000000.0,0.0,351002000000.0,0.0,9355000000.0,0.0,136522000000.0,0.0
2022-03-08,155.90598466141114,159.89148955943892,152.94139129743706,154.55130004882812,131148300,0.0,0.0,63090000000.0,0.0,34940000000.0,0.0,351002000000.0,0.0,9355000000.0,0.0,136522000000.0,0.0
2022-03-09,158.51714506516998,160.4117410265014,156.4851334154229,159.96017456054688,91454900,0.0,0.0,63090000000.0,0.0,34940000000.0,0.0,351002000000.0,0.0,9355000000.0,0.0,136522000000.0,0.0
2022-03-10,157.26064889872916,157.447165177113,153.11807622105542,155.61148071289062,105342000,0.0,0.0,63090000000.0,0.0,34940000000.0,0.0,351002000000.0,0.0,9355000000.0,0.0,136522000000.0,0.0
2022-03-11,156.01395745746433,156.35754167605256,151.66524594480387,151.89102172851562,96970100,0.0,0.0,63090000000.0,0.0,34940000000.0,0.0,351002000000.0,0.0,9355000000.0,0.0,136522000000.0,0.0
2022-03-14,148.67120306961968,151.2922123001873,147.34598176184335,147.85643005371094,108732100,0.0,0.0,63090000000.0,0.0,34940000000.0,0.0,351002000000.0,0.0,9355000000.0,0.0,136522000000.0,0.0
2022-03-15,148.1312907310734,152.7156190595178,147.6208424416319,152.24441528320312,92964300,0.0,0.0,63090000000.0,0.0,34940000000.0,0.0,351002000000.0,0.0,9355000000.0,0.0,136522000000.0,0.0
2022-03-16,154.16843028106842,157.06430032250074,151.6259555145145,156.6618194580078,102300200,0.0,0.0,63090000000.0,0.0,34940000000.0,0.0,351002000000.0,0.0,9355000000.0,0.0,136522000000.0,0.0
2022-03-17,155.6998279417029,158.04597567713608,154.73781315339022,157.67294311523438,75615400,0.0,0.0,63090000000.0,0.0,34940000000.0,0.0,351002000000.0,0.0,9355000000.0,0.0,136522000000.0,0.0
2022-03-18,157.5649793576743,161.4621395458107,156.82874025380204,160.9713134765625,123511700,0.0,0.0,63090000000.0,0.0,34940000000.0,0.0,351002000000.0,0.0,9355000000.0,0.0,136522000000.0,0.0
2022-03-21,160.50992724401203,163.29783055310392,160.01910120084528,162.3456268310547,95811400,0.0,0.0,63090000000.0,0.0,34940000000.0,0.0,351002000000.0,0.0,9355000000.0,0.0,136522000000.0,0.0
2022-03-22,162.4732078859342,166.31147058252574,161.88422570672876,165.7224884033203,81532000,0.0,0.0,63090000000.0,0.0,34940000000.0,0.0,351002000000.0,0.0,9355000000.0,0.0,136522000000.0,0.0
2022-03-23,164.90773681905242,169.4724129582103,164.57396373096856,167.08700561523438,98062700,0.0,0.0,63090000000.0,0.0,34940000000.0,0.0,351002000000.0,0.0,9355000000.0,0.0,136522000000.0,0.0
2022-03-24,167.92137775453384,170.94486751449384,167.08698259633016,170.87615966796875,90131400,0.0,0.0,63090000000.0,0.0,34940000000.0,0.0,351002000000.0,0.0,9355000000.0,0.0,136522000000.0,0.0
2022-03-25,170.68969793192147,172.06400508965652,169.58042609679094,171.5142822265625,80546200,0.0,0.0,63090000000.0,0.0,34940000000.0,0.0,351002000000.0,0.0,9355000000.0,0.0,136522000000.0,0.0
2022-03-28,169.01102337849983,172.5057021088352,168.84414433562662,172.3780975341797,90371900,0.0,0.0,63090000000.0,0.0,34940000000.0,0.0,351002000000.0,0.0,9355000000.0,0.0,136522000000.0,0.0
2022-03-29,173.44808328507239,175.7255079917634,173.10449911531725,175.6764373779297,100589400,0.0,0.0,63090000000.0,0.0,34940000000.0,0.0,351002000000.0,0.0,9355000000.0,0.0,136522000000.0,0.0
2022-03-30,175.27395758161924,176.31450624555694,173.45789549385026,174.50827026367188,92633200,0.0,0.0,63090000000.0,0.0,34940000000.0,0.0,351002000000.0,0.0,9355000000.0,0.0,136522000000.0,0.0
2022-03-31,174.5769971900877,174.7635134764267,171.20011173735605,171.40626525878906,103049300,0.0,0.0,63090000000.0,0.0,34940000000.0,0.0,351002000000.0,0.0,9355000000.0,0.0,136522000000.0,0.0
2022-04-01,170.83689401317795,171.67130419323556,168.78524495629924,171.11175537109375,78751300,0.0,0.0,63090000000.0,0.0,34940000000.0,0.0,351002000000.0,0.0,9355000000.0,0.0,136522000000.0,0.0
2022-04-04,171.3669966643139,175.21507070313862,171.2393771112145,175.16598510742188,76468400,0.0,0.0,63090000000.0,0.0,34940000000.0,0.0,351002000000.0,0.0,9355000000.0,0.0,136522000000.0,0.0
2022-04-05,174.2432406248137,175.02856526846452,171.21975048299214,171.84800720214844,73401800,0.0,0.0,63090000000.0,0.0,34940000000.0,0.0,351002000000.0,0.0,9355000000.0,0.0,136522000000.0,0.0
2022-04-06,169.1975663148219,170.44426874780456,167.00848619962144,168.6772918701172,89058800,0.0,0.0,63090000000.0,0.0,34940000000.0,0.0,351002000000.0,0.0,9355000000.0,0.0,136522000000.0,0.0
2022-04-07,168.01955265843017,170.1791839693951,166.73359099058004,168.9815673828125,77594700,0.0,0.0,63090000000.0,0.0,34940000000.0,0.0,351002000000.0,0.0,9355000000.0,0.0,136522000000.0,0.0
2022-04-08,168.6281714448174,168.6281714448174,166.09550760626425,166.96917724609375,76575500,0.0,0.0,63090000000.0,0.0,34940000000.0,0.0,351002000000.0,0.0,9355000000.0,0.0,136522000000.0,0.0
2022-04-11,165.61452852614607,165.92864940184566,162.46341876782265,162.70883178710938,72246700,0.0,0.0,63090000000.0,0.0,34940000000.0,0.0,351002000000.0,0.0,9355000000.0,0.0,136522000000.0,0.0
2022-04-12,164.93718134727843,166.75322864931675,163.58249672741925,164.5837860107422,79265200,0.0,0.0,63090000000.0,0.0,34940000000.0,0.0,351002000000.0,0.0,9355000000.0,0.0,136522000000.0,0.0
2022-04-13,164.31873134170252,167.90175523000033,163.71011188136575,167.27349853515625,70618900,0.0,0.0,63090000000.0,0.0,34940000000.0,0.0,351002000000.0,0.0,9355000000.0,0.0,136522000000.0,0.0
2022-04-14,167.4894547350742,168.12753750441655,162.01183493170848,162.2572479248047,75329400,0.0,0.0,63090000000.0,0.0,34940000000.0,0.0,351002000000.0,0.0,9355000000.0,0.0,136522000000.0,0.0
2022-04-18,160.91241188828883,163.54324732904448,160.5688426374783,162.04132080078125,69023900,0.0,0.0,63090000000.0,0.0,34940000000.0,0.0,351002000000.0,0.0,9355000000.0,0.0,136522000000.0,0.0
2022-04-19,161.99221543879506,164.7408440040976,160.90258113171808,164.3285369873047,67723800,0.0,0.0,63090000000.0,0.0,34940000000.0,0.0,351002000000.0,0.0,9355000000.0,0.0,136522000000.0,0.0
2022-04-20,165.663608695201,165.78141713684764,163.05242540339555,164.16168212890625,67929800,0.0,0.0,63090000000.0,0.0,34940000000.0,0.0,351002000000.0,0.0,9355000000.0,0.0,136522000000.0,0.0
2022-04-21,165.81085035411152,168.38277391627963,162.86589422198446,163.3665313720703,87227800,0.0,0.0,63090000000.0,0.0,34940000000.0,0.0,351002000000.0,0.0,9355000000.0,0.0,136522000000.0,0.0
2022-04-22,163.40580023778472,164.78991818851023,158.53679967564108,158.82147216796875,84882400,0.0,0.0,63090000000.0,0.0,34940000000.0,0.0,351002000000.0,0.0,9355000000.0,0.0,136522000000.0,0.0
2022-04-25,158.16377751272768,160.1761672620124,155.55259437743032,159.89149475097656,96046400,0.0,0.0,63090000000.0,0.0,34940000000.0,0.0,351002000000.0,0.0,9355000000.0,0.0,136522000000.0,0.0
2022-04-26,159.27305079434743,159.36139588708184,153.84451596249764,153.9230499267578,95623200,0.0,0.0,63090000000.0,0.0,34940000000.0,0.0,351002000000.0,0.0,9355000000.0,0.0,136522000000.0,0.0
2022-04-27,153.0493564954022,156.85815581050312,152.52908216912786,153.69725036621094,88063200,0.0,0.0,63090000000.0,0.0,34940000000.0,0.0,351002000000.0,0.0,9355000000.0,0.0,136522000000.0,0.0
2022-04-28,156.32810562375522,161.5014166726903,156.01396974444066,160.63755798339844,130216800,0.0,0.0,63090000000.0,0.0,34940000000.0,0.0,351002000000.0,0.0,9355000000.0,0.0,136522000000.0,0.0
2022-04-29,158.87055528620192,163.15055858383272,154.36477622377623,154.75743103027344,131747600,0.0,0.0,63090000000.0,0.0,34940000000.0,0.0,351002000000.0,0.0,9355000000.0,0.0,136522000000.0,0.0
2022-05-02,153.83471762858417,155.32681813716053,150.45783177864857,155.06178283691406,123055300,0.0,0.0,63090000000.0,0.0,34940000000.0,0.0,351002000000.0,0.0,9355000000.0,0.0,136522000000.0,0.0
2022-05-03,155.24821911695093,157.76126019285127,153.45180958602091,156.55381774902344,88966500,0.0,0.0,63090000000.0,0.0,34940000000.0,0.0,351002000000.0,0.0,9355000000.0,0.0,136522000000.0,0.0
2022-05-04,156.74038046635485,163.42542850637253,156.33789953237485,162.973876953125,108256500,0.0,0.0,63090000000.0,0.0,34940000000.0,0.0,351002000000.0,0.0,9355000000.0,0.0,136522000000.0,0.0
2022-05-05,160.84365112993797,161.0694268466523,152.1069412471219,153.8935546875,130525300,0.0,0.0,63090000000.0,0.0,34940000000.0,0.0,351002000000.0,0.0,9355000000.0,0.0,136522000000.0,0.0
2022-05-06,153.37254446386834,156.7445658918497,151.57347999950738,154.62107849121094,116124600,0.23,0.0,63090000000.0,0.0,34940000000.0,0.0,351002000000.0,0.0,9355000000.0,0.0,136522000000.0,0.0
2022-05-09,152.31079472594658,153.19558860822082,148.92896288962842,149.48931884765625,131577900,0.0,0.0,63090000000.0,0.0,34940000000.0,0.0,351002000000.0,0.0,9355000000.0,0.0,136522000000.0,0.0
2022-05-10,152.89083834180113,154.09021465537515,150.3446125608553,151.8979034423828,115366700,0.0,0.0,63090000000.0,0.0,34940000000.0,0.0,351002000000.0,0.0,9355000000.0,0.0,136522000000.0,0.0
2022-05-11,150.90497555260774,152.82200644382692,143.34497796029567,144.0233154296875,142689800,0.0,0.0,63090000000.0,0.0,34940000000.0,0.0,351002000000.0,0.0,9355000000.0,0.0,136522000000.0,0.0
2022-05-12,140.35638928215414,143.72839581595062,136.45350338099348,140.14993286132812,182602000,0.0,0.0,63090000000.0,0.0,34940000000.0,0.0,351002000000.0,0.0,9355000000.0,0.0,136522000000.0,0.0
2022-05-13,142.14559929622243,145.59626984264398,140.69062395231782,144.6230010986328,113990900,0.0,0.0,63090000000.0,0.0,34940000000.0,0.0,351002000000.0,0.0,9355000000.0,0.0,136522000000.0,0.0
2022-05-16,143.08938461134267,145.02608166695018,141.7425351609862,143.0795440673828,86643800,0.0,0.0,63090000000.0,0.0,34940000000.0,0.0,351002000000.0,0.0,9355000000.0,0.0,136522000000.0,0.0
2022-05-17,146.3434146138869,147.23803400578663,144.20026129048028,146.7169952392578,78336300,0.0,0.0,63090000000.0,0.0,34940000000.0,0.0,351002000000.0,0.0,9355000000.0,0.0,136522000000.0,0.0
2022-05-18,144.36741964547258,144.86879239266452,137.53490151723796,138.43936157226562,109742900,0.0,0.0,63090000000.0,0.0,34940000000.0,0.0,351002000000.0,0.0,9355000000.0,0.0,136522000000.0,0.0
2022-05-19,137.51522710531395,139.26513365262397,134.29067919785544,135.0279998779297,136095600,0.0,0.0,63090000000.0,0.0,34940000000.0,0.0,351002000000.0,0.0,9355000000.0,0.0,136522000000.0,0.0
2022-05-20,136.73855719175506,138.32133932083437,130.36811151110442,135.263916015625,137426100,0.0,0.0,63090000000.0,0.0,34940000000.0,0.0,351002000000.0,0.0,9355000000.0,0.0,136522000000.0,0.0
2022-05-23,135.46054440281267,140.8380709239281,135.32291181364158,140.69061279296875,117726300,0.0,0.0,63090000000.0,0.0,34940000000.0,0.0,351002000000.0,0.0,9355000000.0,0.0,136522000000.0,0.0
2022-05-24,138.4294957252956,139.56988862899178,135.00833201503448,137.9871063232422,104132700,0.0,0.0,63090000000.0,0.0,34940000000.0,0.0,351002000000.0,0.0,9355000000.0,0.0,136522000000.0,0.0
2022-05-25,136.0897458139781,139.39294348204788,136.00127092128338,138.14442443847656,92482700,0.0,0.0,63090000000.0,0.0,34940000000.0,0.0,351002000000.0,0.0,9355000000.0,0.0,136522000000.0,0.0
2022-05-26,135.067317332939,141.89981931591748,134.82154377239428,141.3492889404297,90601500,0.0,0.0,63090000000.0,0.0,34940000000.0,0.0,351002000000.0,0.0,9355000000.0,0.0,136522000000.0,0.0
2022-05-27,142.93207874444667,147.1495466635664,142.80427168601537,147.1102294921875,90978500,0.0,0.0,63090000000.0,0.0,34940000000.0,0.0,351002000000.0,0.0,9355000000.0,0.0,136522000000.0,0.0
2022-05-31,146.5498682074242,148.11298447709316,144.35755721198225,146.32374572753906,103718400,0.0,0.0,63090000000.0,0.0,34940000000.0,0.0,351002000000.0,0.0,9355000000.0,0.0,136522000000.0,0.0
2022-06-01,147.36582293275725,149.17472776391935,145.18335248498283,146.19595336914062,74286600,0.0,0.0,63090000000.0,0.0,34940000000.0,0.0,351002000000.0,0.0,9355000000.0,0.0,136522000000.0,0.0
2022-06-02,145.33083811208033,148.712685042506,144.37723540201858,148.65370178222656,72348100,0.0,0.0,63090000000.0,0.0,34940000000.0,0.0,351002000000.0,0.0,9355000000.0,0.0,136522000000.0,0.0
2022-06-03,144.4165490295479,145.46846714813478,142.01781149904664,142.92225646972656,88570300,0.0,0.0,63090000000.0,0.0,34940000000.0,0.0,351002000000.0,0.0,9355000000.0,0.0,136522000000.0,0.0
2022-06-06,144.54435641942476,146.05833007006927,142.45036072118282,143.66940307617188,71598400,0.0,0.0,63090000000.0,0.0,34940000000.0,0.0,351002000000.0,0.0,9355000000.0,0.0,136522000000.0,0.0
2022-06-07,141.9096618141491,146.48104410293644,141.66388825021798,146.19595336914062,67808200,0.0,0.0,63090000000.0,0.0,34940000000.0,0.0,351002000000.0,0.0,9355000000.0,0.0,136522000000.0,0.0
2022-06-08,146.06814706425965,147.33633206027957,144.9670862924701,145.45863342285156,53950200,0.0,0.0,63090000000.0,0.0,34940000000.0,0.0,351002000000.0,0.0,9355000000.0,0.0,136522000000.0,0.0
2022-06-09,144.5935179486459,145.44880522785593,140.12043568225837,140.22857666015625,69473000,0.0,0.0,63090000000.0,0.0,34940000000.0,0.0,351002000000.0,0.0,9355000000.0,0.0,136522000000.0,0.0
2022-06-10,137.90847835562724,138.38035945755297,134.74291325358388,134.81173706054688,91437900,0.0,0.0,63090000000.0,0.0,34940000000.0,0.0,351002000000.0,0.0,9355000000.0,0.0,136522000000.0,0.0
2022-06-13,130.6237513157455,132.9143631237499,129.21793348983346,129.65049743652344,122207100,0.0,0.0,63090000000.0,0.0,34940000000.0,0.0,351002000000.0,0.0,9355000000.0,0.0,136522000000.0,0.0
2022-06-14,130.8793342743823,131.62648045825296,129.25721986088914,130.5155792236328,84784300,0.0,0.0,63090000000.0,0.0,34940000000.0,0.0,351002000000.0,0.0,9355000000.0,0.0,136522000000.0,0.0
2022-06-15,132.01973022353556,135.01817091312645,129.9257495131237,133.1404571533203,91533000,0.0,0.0,63090000000.0,0.0,34940000000.0,0.0,351002000000.0,0.0,9355000000.0,0.0,136522000000.0,0.0
2022-06-16,129.8471144138601,130.15187128772985,126.85849893930482,127.86125946044922,108123900,0.0,0.0,63090000000.0,0.0,34940000000.0,0.0,351002000000.0,0.0,9355000000.0,0.0,136522000000.0,0.0
2022-06-17,127.87109072638007,130.8301993524765,127.61547659200777,129.3358917236328,134520300,0.0,0.0,63090000000.0,0.0,34940000000.0,0.0,351002000000.0,0.0,9355000000.0,0.0,136522000000.0,0.0
2022-06-21,131.16443535080262,134.74289788395257,131.06613492456364,133.57301330566406,81000500,0.0,0.0,63090000000.0,0.0,34940000000.0,0.0,351002000000.0,0.0,9355000000.0,0.0,136522000000.0,0.0
2022-06-22,132.5112679712454,135.4310591073431,131.64615522779903,133.0618133544922,73409200,0.0,0.0,63090000000.0,0.0,34940000000.0,0.0,351002000000.0,0.0,9355000000.0,0.0,136522000000.0,0.0
2022-06-23,134.5069656450009,136.24703170777948,133.33708105988757,135.9324493408203,72433800,0.0,0.0,63090000000.0,0.0,34940000000.0,0.0,351002000000.0,0.0,9355000000.0,0.0,136522000000.0,0.0
2022-06-24,137.53489628676303,139.51092556990343,137.4071042192977,139.26515197753906,89116800,0.0,0.0,63090000000.0,0.0,34940000000.0,0.0,351002000000.0,0.0,9355000000.0,0.0,136522000000.0,0.0
2022-06-27,140.28756352140977,141.06421647374572,138.5868144624807,139.26515197753906,70207900,0.0,0.0,63090000000.0,0.0,34940000000.0,0.0,351002000000.0,0.0,9355000000.0,0.0,136522000000.0,0.0
2022-06-28,139.72720035167993,140.99538542275212,134.99851907769516,135.11648559570312,67083400,0.0,0.0,63090000000.0,0.0,34940000000.0,0.0,351002000000.0,0.0,9355000000.0,0.0,136522000000.0,0.0
2022-06-29,135.1361545226192,138.29187895229046,134.35950159386607,136.876220703125,66242400,0.0,0.0,63090000000.0,0.0,34940000000.0,0.0,351002000000.0,0.0,9355000000.0,0.0,136522000000.0,0.0
2022-06-30,134.92968437677243,136.03074512479165,131.50852062340732,134.4086456298828,98964500,0.0,0.0,63090000000.0,0.0,34940000000.0,0.0,351002000000.0,0.0,9355000000.0,0.0,136522000000.0,0.0
2022-07-01,133.74012670784026,136.68940927123788,133.3665611170388,136.58126831054688,71051600,0.0,0.0,63090000000.0,0.0,34940000000.0,0.0,351002000000.0,0.0,9355000000.0,0.0,136522000000.0,0.0
2022-07-05,135.44091845782265,139.2159973193288,134.61510776869383,139.16683959960938,73353800,0.0,0.0,63090000000.0,0.0,34940000000.0,0.0,351002000000.0,0.0,9355000000.0,0.0,136522000000.0,0.0
2022-07-06,138.96037976700046,141.68354006887108,138.69494011634768,140.5038299560547,74064300,0.0,0.0,63090000000.0,0.0,34940000000.0,0.0,351002000000.0,0.0,9355000000.0,0.0,136522000000.0,0.0
2022-07-07,140.86757338185674,144.07247034886072,140.857747839313,143.8758544921875,66253700,0.0,0.0,63090000000.0,0.0,34940000000.0,0.0,351002000000.0,0.0,9355000000.0,0.0,136522000000.0,0.0
2022-07-08,142.80426217519934,145.0555563580384,142.5486630761882,144.55416870117188,64547800,0.0,0.0,63090000000.0,0.0,34940000000.0,0.0,351002000000.0,0.0,9355000000.0,0.0,136522000000.0,0.0
2022-07-11,143.2073310252046,144.16093360400728,141.34928357800885,142.4208526611328,63141600,0.0,0.0,63090000000.0,0.0,34940000000.0,0.0,351002000000.0,0.0,9355000000.0,0.0,136522000000.0,0.0
2022-07-12,143.2958190916168,145.94034514627222,142.597830542374,143.39413452148438,77588800,0.0,0.0,63090000000.0,0.0,34940000000.0,0.0,351002000000.0,0.0,9355000000.0,0.0,136522000000.0,0.0
2022-07-13,140.57262975774523,143.97412691904796,139.71732769627775,143.03036499023438,71185600,0.0,0.0,63090000000.0,0.0,34940000000.0,0.0,351002000000.0,0.0,9355000000.0,0.0,136522000000.0,0.0
2022-07-14,141.64423829848138,146.43190306892052,140.82826817318988,145.96002197265625,78140700,0.0,0.0,63090000000.0,0.0,34940000000.0,0.0,351002000000.0,0.0,9355000000.0,0.0,136522000000.0,0.0
2022-07-15,147.24784996064128,148.30959351033036,145.6945593046606,147.63125610351562,76259900,0.0,0.0,63090000000.0,0.0,34940000000.0,0.0,351002000000.0,0.0,9355000000.0,0.0,136522000000.0,0.0
2022-07-18,148.1916489524308,149.00761906982018,144.219939344917,144.5836944580078,81420900,0.0,0.0,63090000000.0,0.0,34940000000.0,0.0,351002000000.0,0.0,9355000000.0,0.0,136522000000.0,0.0
2022-07-19,145.41931789638997,148.67335787183444,144.42639797966964,148.44725036621094,82982400,0.0,0.0,63090000000.0,0.0,34940000000.0,0.0,351002000000.0,0.0,9355000000.0,0.0,136522000000.0,0.0
2022-07-20,148.56520429371037,151.1212554478555,147.8278835762641,150.45274353027344,64823400,0.0,0.0,63090000000.0,0.0,34940000000.0,0.0,351002000000.0,0.0,9355000000.0,0.0,136522000000.0,0.0
2022-07-21,151.8880729314102,152.93999105761137,149.37135386420036,152.7237091064453,65086600,0.0,0.0,63090000000.0,0.0,34940000000.0,0.0,351002000000.0,0.0,9355000000.0,0.0,136522000000.0,0.0
2022-07-22,152.76304161776633,153.637995053217,150.81651886265266,151.48501586914062,66675400,0.0,0.0,63090000000.0,0.0,34940000000.0,0.0,351002000000.0,0.0,9355000000.0,0.0,136522000000.0,0.0
2022-07-25,151.40635064916066,152.4189365975324,149.70560167774437,150.36427307128906,53623900,0.0,0.0,63090000000.0,0.0,34940000000.0,0.0,351002000000.0,0.0,9355000000.0,0.0,136522000000.0,0.0
2022-07-26,149.6859708954342,150.5019411726486,148.25066125181934,149.03713989257812,55138700,0.0,0.0,63090000000.0,0.0,34940000000.0,0.0,351002000000.0,0.0,9355000000.0,0.0,136522000000.0,0.0
2022-07-27,150.00053965418954,154.6702378768067,149.58764182197348,154.1393585205078,78620700,0.0,0.0,63090000000.0,0.0,34940000000.0,0.0,351002000000.0,0.0,9355000000.0,0.0,136522000000.0,0.0
2022-07-28,154.32617098055007,154.97501695314946,151.79962590663797,154.68992614746094,81378700,0.0,0.0,63090000000.0,0.0,34940000000.0,0.0,351002000000.0,0.0,9355000000.0,0.0,136522000000.0,0.0
2022-07-29,158.51413057382698,160.86372535437394,156.8035410889223,159.7626495361328,101786900,0.0,0.0,63090000000.0,0.0,34940000000.0,0.0,351002000000.0,0.0,9355000000.0,0.0,136522000000.0,0.0
2022-08-01,158.287993908895,160.82437877972106,158.17002740354454,158.779541015625,67829400,0.0,0.0,63090000000.0,0.0,34940000000.0,0.0,351002000000.0,0.0,9355000000.0,0.0,136522000000.0,0.0
2022-08-02,157.39337573631735,159.66432076960265,156.93132029655163,157.3048858642578,59907000,0.0,0.0,63090000000.0,0.0,34940000000.0,0.0,351002000000.0,0.0,9355000000.0,0.0,136522000000.0,0.0
2022-08-03,158.12086501458683,163.77365657473987,158.03239013819157,163.32144165039062,82507500,0.0,0.0,63090000000.0,0.0,34940000000.0,0.0,351002000000.0,0.0,9355000000.0,0.0,136522000000.0,0.0
2022-08-04,163.20351287288528,164.3635721856505,161.650221759662,163.00689697265625,55474100,0.0,0.0,63090000000.0,0.0,34940000000.0,0.0,351002000000.0,0.0,9355000000.0,0.0,136522000000.0,0.0
2022-08-05,160.67369781797885,163.2726712063917,160.46695464111716,162.7804412841797,56697000,0.23,0.0,63090000000.0,0.0,34940000000.0,0.0,351002000000.0,0.0,9355000000.0,0.0,136522000000.0,0.0
2022-08-08,163.7845816314674,165.20220622926755,161.64830554399492,162.30789184570312,60276900,0.0,0.0,63090000000.0,0.0,34940000000.0,0.0,351002000000.0,0.0,9355000000.0,0.0,136522000000.0,0.0
2022-08-09,161.47112401818703,163.2431549194952,160.71308565619225,162.3571319580078,63135500,0.0,0.0,63090000000.0,0.0,34940000000.0,0.0,351002000000.0,0.0,9355000000.0,0.0,136522000000.0,0.0
2022-08-10,165.07418517782534,166.70839178495916,164.30630786057682,166.60995483398438,70170500,0.0,0.0,63090000000.0,0.0,34940000000.0,0.0,351002000000.0,0.0,9355000000.0,0.0,136522000000.0,0.0
2022-08-11,167.4172371966445,168.33279265478845,165.57630211146738,165.87164306640625,57149200,0.0,0.0,63090000000.0,0.0,34940000000.0,0.0,351002000000.0,0.0,9355000000.0,0.0,136522000000.0,0.0
2022-08-12,167.18098503009688,169.4944567489093,166.76749865896252,169.42555236816406,68039400,0.0,0.0,63090000000.0,0.0,34940000000.0,0.0,351002000000.0,0.0,9355000000.0,0.0,136522000000.0,0.0
2022-08-15,168.85456522976827,170.69550042466776,168.6872088503834,170.4986114501953,54091700,0.0,0.0,63090000000.0,0.0,34940000000.0,0.0,351002000000.0,0.0,9355000000.0,0.0,136522000000.0,0.0
2022-08-16,170.09497999617207,171.01053551269388,168.992389717206,170.34109497070312,56377100,0.0,0.0,63090000000.0,0.0,34940000000.0,0.0,351002000000.0,0.0,9355000000.0,0.0,136522000000.0,0.0
2022-08-17,170.0851412165275,173.4126054655057,169.88825224075944,171.8374786376953,79542000,0.0,0.0,63090000000.0,0.0,34940000000.0,0.0,351002000000.0,0.0,9355000000.0,0.0,136522000000.0,0.0
2022-08-18,171.04988664773987,172.1820093852319,170.4296721798688,171.44366455078125,62290100,0.0,0.0,63090000000.0,0.0,34940000000.0,0.0,351002000000.0,0.0,9355000000.0,0.0,136522000000.0,0.0
2022-08-19,170.34109754225454,171.04007069000778,168.64782529018512,168.8545684814453,70346300,0.0,0.0,63090000000.0,0.0,34940000000.0,0.0,351002000000.0,0.0,9355000000.0,0.0,136522000000.0,0.0
2022-08-22,167.052976982108,167.22033333660877,164.54260162126909,164.96592712402344,69026800,0.0,0.0,63090000000.0,0.0,34940000000.0,0.0,351002000000.0,0.0,9355000000.0,0.0,136522000000.0,0.0
2022-08-23,164.4835473638596,166.0882216660332,164.06022183299058,164.63121032714844,54147100,0.0,0.0,63090000000.0,0.0,34940000000.0,0.0,351002000000.0,0.0,9355000000.0,0.0,136522000000.0,0.0
2022-08-24,164.71981604973067,165.49753265907893,163.6664368846458,164.92654418945312,53841500,0.0,0.0,63090000000.0,0.0,34940000000.0,0.0,351002000000.0,0.0,9355000000.0,0.0,136522000000.0,0.0
2022-08-25,166.15713573322356,167.49600175790545,165.73382519932846,167.38771057128906,51218200,0.0,0.0,63090000000.0,0.0,34940000000.0,0.0,351002000000.0,0.0,9355000000.0,0.0,136522000000.0,0.0
2022-08-26,167.91932427745144,168.3918608006587,161.01825109648692,161.0773162841797,78961000,0.0,0.0,63090000000.0,0.0,34940000000.0,0.0,351002000000.0,0.0,9355000000.0,0.0,136522000000.0,0.0
2022-08-29,158.645710009374,160.36851486839709,157.33639153558275,158.8721466064453,73314000,0.0,0.0,63090000000.0,0.0,34940000000.0,0.0,351002000000.0,0.0,9355000000.0,0.0,136522000000.0,0.0
2022-08-30,159.61045208119634,160.03376253148994,155.26898130471807,156.44049072265625,77906200,0.0,0.0,63090000000.0,0.0,34940000000.0,0.0,351002000000.0,0.0,9355000000.0,0.0,136522000000.0,0.0
2022-08-31,157.81875651310324,158.084564879281,154.69802058402368,154.7767791748047,87991100,0.0,0.0,63090000000.0,0.0,34940000000.0,0.0,351002000000.0,0.0,9355000000.0,0.0,136522000000.0,0.0
2022-09-01,154.20578537018633,155.95812264539694,152.26639832599292,155.50527954101562,74229900,0.0,0.0,63090000000.0,0.0,34940000000.0,0.0,351002000000.0,0.0,9355000000.0,0.0,136522000000.0,0.0
2022-09-02,157.26746135406307,157.86798246463846,152.56174446332417,153.38868713378906,76957800,0.0,0.0,63090000000.0,0.0,34940000000.0,0.0,351002000000.0,0.0,9355000000.0,0.0,136522000000.0,0.0
2022-09-06,154.03844040820118,154.64880073393257,151.30164311185825,152.1285858154297,73714800,0.0,0.0,63090000000.0,0.0,34940000000.0,0.0,351002000000.0,0.0,9355000000.0,0.0,136522000000.0,0.0
2022-09-07,152.41407808901712,154.2353197614945,151.22287508520006,153.53636169433594,87449600,0.0,0.0,63090000000.0,0.0,34940000000.0,0.0,351002000000.0,0.0,9355000000.0,0.0,136522000000.0,0.0
2022-09-08,152.2368879656222,153.9301603024717,150.3073398300262,152.0596923828125,84923800,0.0,0.0,63090000000.0,0.0,34940000000.0,0.0,351002000000.0,0.0,9355000000.0,0.0,136522000000.0,0.0
2022-09-09,153.05397081020374,155.36745741692656,152.34515853161906,154.9244384765625,68028800,0.0,0.0,63090000000.0,0.0,34940000000.0,0.0,351002000000.0,0.0,9355000000.0,0.0,136522000000.0,0.0
2022-09-12,157.10993674145692,161.70736223015916,156.82445000741808,160.8902587890625,104956000,0.0,0.0,63090000000.0,0.0,34940000000.0,0.0,351002000000.0,0.0,9355000000.0,0.0,136522000000.0,0.0
2022-09-13,157.41510328747248,158.04515690767866,150.9865825148229,151.44927978515625,122656600,0.0,0.0,63090000000.0,0.0,34940000000.0,0.0,351002000000.0,0.0,9355000000.0,0.0,136522000000.0,0.0
2022-09-14,152.38454574724284,154.65866080063967,151.22289024182777,152.89646911621094,87965400,0.0,0.0,63090000000.0,0.0,34940000000.0,0.0,351002000000.0,0.0,9355000000.0,0.0,136522000000.0,0.0
2022-09-15,152.24670339235885,152.82754609590185,149.02753063381346,150.00213623046875,90481100,0.0,0.0,63090000000.0,0.0,34940000000.0,0.0,351002000000.0,0.0,9355000000.0,0.0,136522000000.0,0.0
2022-09-16,148.8601926989242,148.99801648832616,146.06431507986616,148.3581085205078,162278800,0.0,0.0,63090000000.0,0.0,34940000000.0,0.0,351002000000.0,0.0,9355000000.0,0.0,136522000000.0,0.0
2022-09-19,146.98971983579415,152.15813482310995,146.78299164843529,152.07937622070312,81474200,0.0,0.0,63090000000.0,0.0,34940000000.0,0.0,351002000000.0,0.0,9355000000.0,0.0,136522000000.0,0.0
2022-09-20,151.0161665383874,155.62344741041255,150.70114713182537,154.46177673339844,107689800,0.0,0.0,63090000000.0,0.0,34940000000.0,0.0,351002000000.0,0.0,9355000000.0,0.0,136522000000.0,0.0
2022-09-21,154.8949324005984,156.2731854100913,151.21306162383578,151.33119201660156,101696800,0.0,0.0,63090000000.0,0.0,34940000000.0,0.0,351002000000.0,0.0,9355000000.0,0.0,136522000000.0,0.0
2022-09-22,150.01200313979504,152.06952070873675,148.5648458969192,150.3664093017578,86652500,0.0,0.0,63090000000.0,0.0,34940000000.0,0.0,351002000000.0,0.0,9355000000.0,0.0,136522000000.0,0.0
2022-09-23,148.84049957750184,149.1161471568303,146.2513651484526,148.09230041503906,96029900,0.0,0.0,63090000000.0,0.0,34940000000.0,0.0,351002000000.0,0.0,9355000000.0,0.0,136522000000.0,0.0
2022-09-26,147.33428131353384,151.38041235260212,147.31458790825445,148.42703247070312,93339400,0.0,0.0,63090000000.0,0.0,34940000000.0,0.0,351002000000.0,0.0,9355000000.0,0.0,136522000000.0,0.0
2022-09-27,150.3664080888261,152.315634453065,147.619756600354,149.40162658691406,84442700,0.0,0.0,63090000000.0,0.0,34940000000.0,0.0,351002000000.0,0.0,9355000000.0,0.0,136522000000.0,0.0
2022-09-28,145.34568076864423,148.2990609102626,142.58918963213347,147.51148986816406,146691400,0.0,0.0,63090000000.0,0.0,34940000000.0,0.0,351002000000.0,0.0,9355000000.0,0.0,136522000000.0,0.0
2022-09-29,143.82957793472042,144.43993818318944,138.49379277972724,140.2658233642578,128138200,0.0,0.0,63090000000.0,0.0,34940000000.0,0.0,351002000000.0,0.0,9355000000.0,0.0,136522000000.0,0.0
2022-09-30,139.084506748129,140.8762311475777,135.85547916959945,136.0523681640625,124925300,0.0,0.0,50672000000.0,-19.682992550324933,23646000000.0,-32.32398397252433,352755000000.0,0.49942735369029234,-18577000000.0,-298.5783003741315,132480000000.0,-2.9606949795637334
2022-10-03,136.06221241134372,140.84668823250414,135.55028904590418,140.23631286621094,114311700,0.0,0.0,50672000000.0,-19.682992550324933,23646000000.0,-32.32398397252433,352755000000.0,0.49942735369029234,-18577000000.0,-298.5783003741315,132480000000.0,-2.9606949795637334
2022-10-04,142.77621059568105,143.9477202186119,142.01817230643195,143.82958984375,87830100,0.0,0.0,50672000000.0,-19.682992550324933,23646000000.0,-32.32398397252433,352755000000.0,0.49942735369029234,-18577000000.0,-298.5783003741315,132480000000.0,-2.9606949795637334
2022-10-05,141.8311603684175,145.08972058696108,140.78762014316808,144.12493896484375,79471000,0.0,0.0,50672000000.0,-19.682992550324933,23646000000.0,-32.32398397252433,352755000000.0,0.49942735369029234,-18577000000.0,-298.5783003741315,132480000000.0,-2.9606949795637334
2022-10-06,143.54408244476417,145.24719370943012,142.96325476225735,143.16998291015625,68402200,0.0,0.0,50672000000.0,-19.682992550324933,23646000000.0,-32.32398397252433,352755000000.0,0.49942735369029234,-18577000000.0,-298.5783003741315,132480000000.0,-2.9606949795637334
2022-10-07,140.32491832079495,140.87622852536393,137.282940601211,137.91299438476562,85925600,0.0,0.0,50672000000.0,-19.682992550324933,23646000000.0,-32.32398397252433,352755000000.0,0.49942735369029234,-18577000000.0,-298.5783003741315,132480000000.0,-2.9606949795637334
2022-10-10,138.2378692626953,139.68502664208134,136.4166273038199,138.2378692626953,74899000,0.0,0.0,50672000000.0,-19.682992550324933,23646000000.0,-32.32398397252433,352755000000.0,0.49942735369029234,-18577000000.0,-298.5783003741315,132480000000.0,-2.9606949795637334
2022-10-11,137.7259221748937,139.15340092464973,136.07203689531147,136.82022094726562,77033700,0.0,0.0,50672000000.0,-19.682992550324933,23646000000.0,-32.32398397252433,352755000000.0,0.49942735369029234,-18577000000.0,-298.5783003741315,132480000000.0,-2.9606949795637334
2022-10-12,136.96791731761857,138.1787988471096,136.0129899667056,136.190185546875,70433700,0.0,0.0,50672000000.0,-19.682992550324933,23646000000.0,-32.32398397252433,352755000000.0,0.49942735369029234,-18577000000.0,-298.5783003741315,132480000000.0,-2.9606949795637334
2022-10-13,132.89224973345455,141.35859601492572,132.28187436958524,140.76792907714844,113224000,0.0,0.0,50672000000.0,-19.682992550324933,23646000000.0,-32.32398397252433,352755000000.0,0.49942735369029234,-18577000000.0,-298.5783003741315,132480000000.0,-2.9606949795637334
2022-10-14,142.06742450695816,142.2741677227646,136.04253393109235,136.22958374023438,88598000,0.0,0.0,50672000000.0,-19.682992550324933,23646000000.0,-32.32398397252433,352755000000.0,0.49942735369029234,-18577000000.0,-298.5783003741315,132480000000.0,-2.9606949795637334
2022-10-17,138.87777246163483,140.67932095242676,138.09020149670755,140.1969451904297,85250900,0.0,0.0,50672000000.0,-19.682992550324933,23646000000.0,-32.32398397252433,352755000000.0,0.49942735369029234,-18577000000.0,-298.5783003741315,132480000000.0,-2.9606949795637334
2022-10-18,143.22907894720203,144.42026703642762,138.4249097380949,141.51611328125,99136600,0.0,0.0,50672000000.0,-19.682992550324933,23646000000.0,-32.32398397252433,352755000000.0,0.49942735369029234,-18577000000.0,-298.5783003741315,132480000000.0,-2.9606949795637334
2022-10-19,139.488128680181,142.69746261645687,139.30107889163025,141.62440490722656,61758300,0.0,0.0,50672000000.0,-19.682992550324933,23646000000.0,-32.32398397252433,352755000000.0,0.49942735369029234,-18577000000.0,-298.5783003741315,132480000000.0,-2.9606949795637334
2022-10-20,140.79743683046152,143.62283148956203,140.43317651035323,141.16168212890625,64522000,0.0,0.0,50672000000.0,-19.682992550324933,23646000000.0,-32.32398397252433,352755000000.0,0.49942735369029234,-18577000000.0,-298.5783003741315,132480000000.0,-2.9606949795637334
2022-10-21,140.6497525827841,145.55237270614919,140.43317024697296,144.98138427734375,86548600,0.0,0.0,50672000000.0,-19.682992550324933,23646000000.0,-32.32398397252433,352755000000.0,0.49942735369029234,-18577000000.0,-298.5783003741315,132480000000.0,-2.9606949795637334
2022-10-24,144.90264390563777,147.89539516122247,143.73113431154985,147.1275177001953,75981900,0.0,0.0,50672000000.0,-19.682992550324933,23646000000.0,-32.32398397252433,352755000000.0,0.49942735369029234,-18577000000.0,-298.5783003741315,132480000000.0,-2.9606949795637334
2022-10-25,147.75760587015327,150.12031901228244,147.0389542369439,149.97264099121094,74732300,0.0,0.0,50672000000.0,-19.682992550324933,23646000000.0,-32.32398397252433,352755000000.0,0.49942735369029234,-18577000000.0,-298.5783003741315,132480000000.0,-2.9606949795637334
2022-10-26,148.61406419672124,149.62805663114864,145.73942824213276,147.02908325195312,88194300,0.0,0.0,50672000000.0,-19.682992550324933,23646000000.0,-32.32398397252433,352755000000.0,0.49942735369029234,-18577000000.0,-298.5783003741315,132480000000.0,-2.9606949795637334
2022-10-27,145.76897734753766,146.73374379544853,141.8902031311427,142.54978942871094,109180200,0.0,0.0,50672000000.0,-19.682992550324933,23646000000.0,-32.32398397252433,352755000000.0,0.49942735369029234,-18577000000.0,-298.5783003741315,132480000000.0,-2.9606949795637334
2022-10-28,145.89692843507157,155.05240689410368,145.52284395380414,153.31976318359375,164762400,0.0,0.0,50672000000.0,-19.682992550324933,23646000000.0,-32.32398397252433,352755000000.0,0.49942735369029234,-18577000000.0,-298.5783003741315,132480000000.0,-2.9606949795637334
2022-10-31,150.77988145527678,151.84309994681692,149.55914577499016,150.9570770263672,97943200,0.0,0.0,50672000000.0,-19.682992550324933,23646000000.0,-32.32398397252433,352755000000.0,0.49942735369029234,-18577000000.0,-298.5783003741315,132480000000.0,-2.9606949795637334
2022-11-01,152.67003329657965,153.0342786292701,146.81250027183614,148.30886840820312,80379300,0.0,0.0,50672000000.0,-19.682992550324933,23646000000.0,-32.32398397252433,352755000000.0,0.49942735369029234,-18577000000.0,-298.5783003741315,132480000000.0,-2.9606949795637334
2022-11-02,146.63529551052576,149.80525751264736,142.7466820050657,142.77621459960938,93604600,0.0,0.0,50672000000.0,-19.682992550324933,23646000000.0,-32.32398397252433,352755000000.0,0.49942735369029234,-18577000000.0,-298.5783003741315,132480000000.0,-2.9606949795637334
2022-11-03,139.85234595133585,140.5808515547038,136.59378666921566,136.72177124023438,97918500,0.0,0.0,50672000000.0,-19.682992550324933,23646000000.0,-32.32398397252433,352755000000.0,0.49942735369029234,-18577000000.0,-298.5783003741315,132480000000.0,-2.9606949795637334
2022-11-04,140.11396333862294,140.68589913556306,132.51119405211378,136.45556640625,140814800,0.23,0.0,50672000000.0,-19.682992550324933,23646000000.0,-32.32398397252433,352755000000.0,0.49942735369029234,-18577000000.0,-298.5783003741315,132480000000.0,-2.9606949795637334
2022-11-07,135.2032111952328,137.21483428526327,133.78323487446542,136.988037109375,83374600,0.0,0.0,50672000000.0,-19.682992550324933,23646000000.0,-32.32398397252433,352755000000.0,0.49942735369029234,-18577000000.0,-298.5783003741315,132480000000.0,-2.9606949795637334
2022-11-08,138.4573305983891,139.4631346891898,135.57794065978277,137.5599822998047,89908500,0.0,0.0,50672000000.0,-19.682992550324933,23646000000.0,-32.32398397252433,352755000000.0,0.49942735369029234,-18577000000.0,-298.5783003741315,132480000000.0,-2.9606949795637334
2022-11-09,136.57387654941147,136.6231842073022,132.71824941976038,132.99435424804688,74917800,0.0,0.0,50672000000.0,-19.682992550324933,23646000000.0,-32.32398397252433,352755000000.0,0.49942735369029234,-18577000000.0,-298.5783003741315,132480000000.0,-2.9606949795637334
2022-11-10,139.27576104009148,144.82745361328125,137.55995404597397,144.82745361328125,118854000,0.0,0.0,50672000000.0,-19.682992550324933,23646000000.0,-32.32398397252433,352755000000.0,0.49942735369029234,-18577000000.0,-298.5783003741315,132480000000.0,-2.9606949795637334
2022-11-11,143.7920579720531,147.92377412623946,142.36221138817493,147.6180877685547,93979700,0.0,0.0,50672000000.0,-19.682992550324933,23646000000.0,-32.32398397252433,352755000000.0,0.49942735369029234,-18577000000.0,-298.5783003741315,132480000000.0,-2.9606949795637334
2022-11-14,146.898256219997,148.19003547375948,145.37966477232854,146.2178497314453,73374100,0.0,0.0,50672000000.0,-19.682992550324933,23646000000.0,-32.32398397252433,352755000000.0,0.49942735369029234,-18577000000.0,-298.5783003741315,132480000000.0,-2.9606949795637334
2022-11-15,150.1030594439155,151.45400187502815,146.49395589081533,147.953369140625,89868300,0.0,0.0,50672000000.0,-19.682992550324933,23646000000.0,-32.32398397252433,352755000000.0,0.49942735369029234,-18577000000.0,-298.5783003741315,132480000000.0,-2.9606949795637334
2022-11-16,147.05603190661645,147.78573098764542,145.24160962263343,146.7207489013672,64218300,0.0,0.0,50672000000.0,-19.682992550324933,23646000000.0,-32.32398397252433,352755000000.0,0.49942735369029234,-18577000000.0,-298.5783003741315,132480000000.0,-2.9606949795637334
2022-11-17,144.39358466739876,149.3733571163338,144.11747984279026,148.62393188476562,80389400,0.0,0.0,50672000000.0,-19.682992550324933,23646000000.0,-32.32398397252433,352755000000.0,0.49942735369029234,-18577000000.0,-298.5783003741315,132480000000.0,-2.9606949795637334
2022-11-18,150.19182372040734,150.5763993918672,147.88436969164823,149.18600463867188,74829600,0.0,0.0,50672000000.0,-19.682992550324933,23646000000.0,-32.32398397252433,352755000000.0,0.49942735369029234,-18577000000.0,-298.5783003741315,132480000000.0,-2.9606949795637334
2022-11-21,148.07173876370618,148.27880988198416,145.66566926933072,145.95162963867188,58724100,0.0,0.0,50672000000.0,-19.682992550324933,23646000000.0,-32.32398397252433,352755000000.0,0.49942735369029234,-18577000000.0,-298.5783003741315,132480000000.0,-2.9606949795637334
2022-11-22,146.06995217218372,148.32809838668408,144.8866286056601,148.0914306640625,51804100,0.0,0.0,50672000000.0,-19.682992550324933,23646000000.0,-32.32398397252433,352755000000.0,0.49942735369029234,-18577000000.0,-298.5783003741315,132480000000.0,-2.9606949795637334
2022-11-23,147.37157451526696,149.718480330565,147.26310369909984,148.96905517578125,58301400,0.0,0.0,50672000000.0,-19.682992550324933,23646000000.0,-32.32398397252433,352755000000.0,0.49942735369029234,-18577000000.0,-298.5783003741315,132480000000.0,-2.9606949795637334
2022-11-25,146.2474322409697,146.80951240345237,145.07397930940053,146.0502166748047,35195900,0.0,0.0,50672000000.0,-19.682992550324933,23646000000.0,-32.32398397252433,352755000000.0,0.49942735369029234,-18577000000.0,-298.5783003741315,132480000000.0,-2.9606949795637334
2022-11-28,143.12152865000314,144.6006680593858,141.38601049309779,142.21432495117188,69246000,0.0,0.0,50672000000.0,-19.682992550324933,23646000000.0,-32.32398397252433,352755000000.0,0.49942735369029234,-18577000000.0,-298.5783003741315,132480000000.0,-2.9606949795637334
2022-11-29,142.2833621487803,142.79613475713955,138.39816810033238,139.20675659179688,83763800,0.0,0.0,50672000000.0,-19.682992550324933,23646000000.0,-32.32398397252433,352755000000.0,0.49942735369029234,-18577000000.0,-298.5783003741315,132480000000.0,-2.9606949795637334
2022-11-30,139.4335135097931,146.65171990434524,138.59534367211867,145.9713134765625,111380900,0.0,0.0,50672000000.0,-19.682992550324933,23646000000.0,-32.32398397252433,352755000000.0,0.49942735369029234,-18577000000.0,-298.5783003741315,132480000000.0,-2.9606949795637334
2022-12-01,146.1488515092609,147.05605527210508,144.5710966759583,146.24745178222656,71250400,0.0,0.0,50672000000.0,-19.682992550324933,23646000000.0,-32.32398397252433,352755000000.0,0.49942735369029234,-18577000000.0,-298.5783003741315,132480000000.0,-2.9606949795637334
2022-12-02,143.93014669455255,145.94176987503505,143.62444521311474,145.75440979003906,65447400,0.0,0.0,50672000000.0,-19.682992550324933,23646000000.0,-32.32398397252433,352755000000.0,0.49942735369029234,-18577000000.0,-298.5783003741315,132480000000.0,-2.9606949795637334
2022-12-05,145.71498109956457,148.82116833526126,143.74279490633833,144.59083557128906,68826400,0.0,0.0,50672000000.0,-19.682992550324933,23646000000.0,-32.32398397252433,352755000000.0,0.49942735369029234,-18577000000.0,-298.5783003741315,132480000000.0,-2.9606949795637334
2022-12-06,145.02469664926164,145.25149381357704,139.94630895435972,140.92254638671875,64727200,0.0,0.0,50672000000.0,-19.682992550324933,23646000000.0,-32.32398397252433,352755000000.0,0.49942735369029234,-18577000000.0,-298.5783003741315,132480000000.0,-2.9606949795637334
2022-12-07,140.21256620226913,141.37614872094412,138.05302012289312,138.97994995117188,69721100,0.0,0.0,50672000000.0,-19.682992550324933,23646000000.0,-32.32398397252433,352755000000.0,0.49942735369029234,-18577000000.0,-298.5783003741315,132480000000.0,-2.9606949795637334
2022-12-08,140.38019261979954,141.5240640501762,139.13772092261513,140.66615295410156,62128300,0.0,0.0,50672000000.0,-19.682992550324933,23646000000.0,-32.32398397252433,352755000000.0,0.49942735369029234,-18577000000.0,-298.5783003741315,132480000000.0,-2.9606949795637334
2022-12-09,140.3604729146931,143.54556411340621,138.94049659830839,140.1829833984375,76097000,0.0,0.0,50672000000.0,-19.682992550324933,23646000000.0,-32.32398397252433,352755000000.0,0.49942735369029234,-18577000000.0,-298.5783003741315,132480000000.0,-2.9606949795637334
2022-12-12,140.71546075742316,142.4904310742392,139.09826892356506,142.48057556152344,70462700,0.0,0.0,50672000000.0,-19.682992550324933,23646000000.0,-32.32398397252433,352755000000.0,0.49942735369029234,-18577000000.0,-298.5783003741315,132480000000.0,-2.9606949795637334
2022-12-13,147.420898645852,147.8843635443182,142.23405505341051,143.4469451904297,93886200,0.0,0.0,50672000000.0,-19.682992550324933,23646000000.0,-32.32398397252433,352755000000.0,0.49942735369029234,-18577000000.0,-298.5783003741315,132480000000.0,-2.9606949795637334
2022-12-14,143.3286376736575,144.6204172233284,139.1969051895986,141.21839904785156,82291200,0.0,0.0,50672000000.0,-19.682992550324933,23646000000.0,-32.32398397252433,352755000000.0,0.49942735369029234,-18577000000.0,-298.5783003741315,132480000000.0,-2.9606949795637334
2022-12-15,139.1475420185764,139.82794839157057,134.1381892782769,134.60165405273438,98931900,0.0,0.0,50672000000.0,-19.682992550324933,23646000000.0,-32.32398397252433,352755000000.0,0.49942735369029234,-18577000000.0,-298.5783003741315,132480000000.0,-2.9606949795637334
2022-12-16,134.78904899571134,135.7356898104224,131.8702072160859,132.6393585205078,160156900,0.0,0.0,50672000000.0,-19.682992550324933,23646000000.0,-32.32398397252433,352755000000.0,0.49942735369029234,-18577000000.0,-298.5783003741315,132480000000.0,-2.9606949795637334
2022-12-19,133.23102933615738,133.31977409731115,129.49374338835526,130.5291290283203,79592600,0.0,0.0,50672000000.0,-19.682992550324933,23646000000.0,-32.32398397252433,352755000000.0,0.49942735369029234,-18577000000.0,-298.5783003741315,132480000000.0,-2.9606949795637334
2022-12-20,129.56276523870264,131.39689891358117,128.08362566369047,130.46011352539062,77432800,0.0,0.0,50672000000.0,-19.682992550324933,23646000000.0,-32.32398397252433,352755000000.0,0.49942735369029234,-18577000000.0,-298.5783003741315,132480000000.0,-2.9606949795637334
2022-12-21,131.13063344213398,134.9073711645486,130.90383628158227,133.5662841796875,85928000,0.0,0.0,50672000000.0,-19.682992550324933,23646000000.0,-32.32398397252433,352755000000.0,0.49942735369029234,-18577000000.0,-298.5783003741315,132480000000.0,-2.9606949795637334
2022-12-22,132.48161030905115,132.68868142818795,128.48793035610765,130.39108276367188,77852100,0.0,0.0,50672000000.0,-19.682992550324933,23646000000.0,-32.32398397252433,352755000000.0,0.49942735369029234,-18577000000.0,-298.5783003741315,132480000000.0,-2.9606949795637334
2022-12-23,129.09931513621305,130.57845488119247,127.83711709089096,130.0262451171875,63814900,0.0,0.0,50672000000.0,-19.682992550324933,23646000000.0,-32.32398397252433,352755000000.0,0.49942735369029234,-18577000000.0,-298.5783003741315,132480000000.0,-2.9606949795637334
2022-12-27,129.55289592303325,129.58247750765514,126.92988507827397,128.22166442871094,69007800,0.0,0.0,50672000000.0,-19.682992550324933,23646000000.0,-32.32398397252433,352755000000.0,0.49942735369029234,-18577000000.0,-298.5783003741315,132480000000.0,-2.9606949795637334
2022-12-28,127.86666981780208,129.20775681904706,124.1195211570346,124.28715515136719,85438400,0.0,0.0,50672000000.0,-19.682992550324933,23646000000.0,-32.32398397252433,352755000000.0,0.49942735369029234,-18577000000.0,-298.5783003741315,132480000000.0,-2.9606949795637334
2022-12-29,126.2100370570361,128.6654064445158,125.95365830174214,127.80751037597656,75703700,0.0,0.0,50672000000.0,-19.682992550324933,23646000000.0,-32.32398397252433,352755000000.0,0.49942735369029234,-18577000000.0,-298.5783003741315,132480000000.0,-2.9606949795637334
2022-12-30,126.62418137813751,128.14275768545937,125.6578071138234,128.12303161621094,77034200,0.0,0.0,50672000000.0,-19.682992550324933,23646000000.0,-32.32398397252433,352755000000.0,0.49942735369029234,-18577000000.0,-298.5783003741315,132480000000.0,-2.9606949795637334
2023-01-03,128.46817802573926,129.07955079083166,122.44314998227297,123.33063507080078,112117500,0.0,0.0,50672000000.0,-19.682992550324933,23646000000.0,-32.32398397252433,352755000000.0,0.49942735369029234,-18577000000.0,-298.5783003741315,132480000000.0,-2.9606949795637334
2023-01-04,125.12534263515172,126.87073149260826,123.3405166774151,124.60271453857422,89113600,0.0,0.0,50672000000.0,-19.682992550324933,23646000000.0,-32.32398397252433,352755000000.0,0.49942735369029234,-18577000000.0,-298.5783003741315,132480000000.0,-2.9606949795637334
2023-01-05,125.36199059273537,125.99308946159266,123.02495518012978,123.28133392333984,80962700,0.0,0.0,50672000000.0,-19.682992550324933,23646000000.0,-32.32398397252433,352755000000.0,0.49942735369029234,-18577000000.0,-298.5783003741315,132480000000.0,-2.9606949795637334
2023-01-06,124.257571392045,128.4780403774463,123.15314460938177,127.8173599243164,87754700,0.0,0.0,50672000000.0,-19.682992550324933,23646000000.0,-32.32398397252433,352755000000.0,0.49942735369029234,-18577000000.0,-298.5783003741315,132480000000.0,-2.9606949795637334
2023-01-09,128.65553802002677,131.55465346679887,128.08360234953716,128.33998107910156,70790800,0.0,0.0,50672000000.0,-19.682992550324933,23646000000.0,-32.32398397252433,352755000000.0,0.49942735369029234,-18577000000.0,-298.5783003741315,132480000000.0,-2.9606949795637334
2023-01-10,128.44847658636624,129.4345696464241,126.33823803970584,128.9119415283203,63896200,0.0,0.0,50672000000.0,-19.682992550324933,23646000000.0,-32.32398397252433,352755000000.0,0.49942735369029234,-18577000000.0,-298.5783003741315,132480000000.0,-2.9606949795637334
2023-01-11,129.42470644063985,131.65327120715185,128.64569958998982,131.63356018066406,69458900,0.0,0.0,50672000000.0,-19.682992550324933,23646000000.0,-32.32398397252433,352755000000.0,0.49942735369029234,-18577000000.0,-298.5783003741315,132480000000.0,-2.9606949795637334
2023-01-12,132.01815247276784,132.39285762882386,129.6120828388038,131.5546875,71379600,0.0,0.0,50672000000.0,-19.682992550324933,23646000000.0,-32.32398397252433,352755000000.0,0.49942735369029234,-18577000000.0,-298.5783003741315,132480000000.0,-2.9606949795637334
2023-01-13,130.19386494625152,133.0436732754904,129.82901533053348,132.88589477539062,57809700,0.0,0.0,50672000000.0,-19.682992550324933,23646000000.0,-32.32398397252433,352755000000.0,0.49942735369029234,-18577000000.0,-298.5783003741315,132480000000.0,-2.9606949795637334
2023-01-17,132.95492042575748,135.38070076927318,132.26465833803292,134.0494842529297,63646600,0.0,0.0,50672000000.0,-19.682992550324933,23646000000.0,-32.32398397252433,352755000000.0,0.49942735369029234,-18577000000.0,-298.5783003741315,132480000000.0,-2.9606949795637334
2023-01-18,134.91723044564642,136.68233001992917,133.15211582478094,133.32962036132812,69672800,0.0,0.0,50672000000.0,-19.682992550324933,23646000000.0,-32.32398397252433,352755000000.0,0.49942735369029234,-18577000000.0,-298.5783003741315,132480000000.0,-2.9606949795637334
2023-01-19,132.21534095915428,134.35516079708475,131.90965456039046,133.3887939453125,58280400,0.0,0.0,50672000000.0,-19.682992550324933,23646000000.0,-32.32398397252433,352755000000.0,0.49942735369029234,-18577000000.0,-298.5783003741315,132480000000.0,-2.9606949795637334
2023-01-20,133.3986444948596,136.1005444209002,132.35338844252215,135.95262145996094,80223600,0.0,0.0,50672000000.0,-19.682992550324933,23646000000.0,-32.32398397252433,352755000000.0,0.49942735369029234,-18577000000.0,-298.5783003741315,132480000000.0,-2.9606949795637334
2023-01-23,136.19915953850284,141.32685514540398,135.9822178760608,139.1475830078125,81760300,0.0,0.0,50672000000.0,-19.682992550324933,23646000000.0,-32.32398397252433,352755000000.0,0.49942735369029234,-18577000000.0,-298.5783003741315,132480000000.0,-2.9606949795637334
2023-01-24,138.35870860544603,141.1690797184196,138.34885309206118,140.54783630371094,66435100,0.0,0.0,50672000000.0,-19.682992550324933,23646000000.0,-32.32398397252433,352755000000.0,0.49942735369029234,-18577000000.0,-298.5783003741315,132480000000.0,-2.9606949795637334
2023-01-25,138.93064978868992,140.44922647148869,136.87957443059517,139.8871612548828,65799300,0.0,0.0,50672000000.0,-19.682992550324933,23646000000.0,-32.32398397252433,352755000000.0,0.49942735369029234,-18577000000.0,-298.5783003741315,132480000000.0,-2.9606949795637334
2023-01-26,141.17892492583348,142.24390711048304,139.9265826744515,141.95794677734375,54105100,0.0,0.0,50672000000.0,-19.682992550324933,23646000000.0,-32.32398397252433,352755000000.0,0.49942735369029234,-18577000000.0,-298.5783003741315,132480000000.0,-2.9606949795637334
2023-01-27,141.16906148730033,145.18245171809102,141.09017225065355,143.90052795410156,70555800,0.0,0.0,50672000000.0,-19.682992550324933,23646000000.0,-32.32398397252433,352755000000.0,0.49942735369029234,-18577000000.0,-298.5783003741315,132480000000.0,-2.9606949795637334
2023-01-30,142.9440557695909,143.52584706043817,140.863398823187,141.0113067626953,64015300,0.0,0.0,50672000000.0,-19.682992550324933,23646000000.0,-32.32398397252433,352755000000.0,0.49942735369029234,-18577000000.0,-298.5783003741315,132480000000.0,-2.9606949795637334
2023-01-31,140.71545632636276,142.3326481092963,140.301299106578,142.28334045410156,65874500,0.0,0.0,50672000000.0,-19.682992550324933,23646000000.0,-32.32398397252433,352755000000.0,0.49942735369029234,-18577000000.0,-298.5783003741315,132480000000.0,-2.9606949795637334
2023-02-01,141.96779872652098,144.57108343034756,139.35465851027638,143.40748596191406,77663600,0.0,0.0,50672000000.0,-19.682992550324933,23646000000.0,-32.32398397252433,352755000000.0,0.49942735369029234,-18577000000.0,-298.5783003741315,132480000000.0,-2.9606949795637334
2023-02-02,146.82922262442523,149.07751316889315,146.10937904089744,148.7225341796875,118339000,0.0,0.0,50672000000.0,-19.682992550324933,23646000000.0,-32.32398397252433,352755000000.0,0.49942735369029234,-18577000000.0,-298.5783003741315,132480000000.0,-2.9606949795637334
2023-02-03,145.97132678498124,155.1913011660709,145.77411121969988,152.35134887695312,154357300,0.0,0.0,50672000000.0,-19.682992550324933,23646000000.0,-32.32398397252433,352755000000.0,0.49942735369029234,-18577000000.0,-298.5783003741315,132480000000.0,-2.9606949795637334
2023-02-06,150.4482178700856,150.97084596204795,148.68310295478358,149.61988830566406,69858300,0.0,0.0,50672000000.0,-19.682992550324933,23646000000.0,-32.32398397252433,352755000000.0,0.49942735369029234,-18577000000.0,-298.5783003741315,132480000000.0,-2.9606949795637334
2023-02-07,148.54504029445562,153.07120329051187,148.54504029445562,152.499267578125,83322600,0.0,0.0,50672000000.0,-19.682992550324933,23646000000.0,-32.32398397252433,352755000000.0,0.49942735369029234,-18577000000.0,-298.5783003741315,132480000000.0,-2.9606949795637334
2023-02-08,151.73999993153234,152.4302620416696,149.06768120571854,149.8072509765625,64120100,0.0,0.0,50672000000.0,-19.682992550324933,23646000000.0,-32.32398397252433,352755000000.0,0.49942735369029234,-18577000000.0,-298.5783003741315,132480000000.0,-2.9606949795637334
2023-02-09,151.64140046684096,152.18375469815612,148.32812694513675,148.77186584472656,56007100,0.0,0.0,50672000000.0,-19.682992550324933,23646000000.0,-32.32398397252433,352755000000.0,0.49942735369029234,-18577000000.0,-298.5783003741315,132480000000.0,-2.9606949795637334
2023-02-10,147.60647199630503,149.46314684794623,147.36944294161282,149.13723754882812,57450700,0.23,0.0,50672000000.0,-19.682992550324933,23646000000.0,-32.32398397252433,352755000000.0,0.49942735369029234,-18577000000.0,-298.5783003741315,132480000000.0,-2.9606949795637334
2023-02-13,149.07803214606548,152.34698168180233,149.04840538836572,151.94207763671875,62199000,0.0,0.0,50672000000.0,-19.682992550324933,23646000000.0,-32.32398397252433,352755000000.0,0.49942735369029234,-18577000000.0,-298.5783003741315,132480000000.0,-2.9606949795637334
2023-02-14,150.23348636384839,151.8630330104811,148.98911761787627,151.3000946044922,61707600,0.0,0.0,50672000000.0,-19.682992550324933,23646000000.0,-32.32398397252433,352755000000.0,0.49942735369029234,-18577000000.0,-298.5783003741315,132480000000.0,-2.9606949795637334
2023-02-15,151.21120146838675,153.5715611952289,150.98405804107867,153.40367126464844,65573800,0.0,0.0,50672000000.0,-19.682992550324933,23646000000.0,-32.32398397252433,352755000000.0,0.49942735369029234,-18577000000.0,-298.5783003741315,132480000000.0,-2.9606949795637334
2023-02-16,151.60627069499915,154.39130625656546,151.44826635619526,151.80380249023438,68167900,0.0,0.0,50672000000.0,-19.682992550324933,23646000000.0,-32.32398397252433,352755000000.0,0.49942735369029234,-18577000000.0,-298.5783003741315,132480000000.0,-2.9606949795637334
2023-02-17,150.46065589718617,151.10258897284194,148.97925796607987,150.65817260742188,59144100,0.0,0.0,50672000000.0,-19.682992550324933,23646000000.0,-32.32398397252433,352755000000.0,0.49942735369029234,-18577000000.0,-298.5783003741315,132480000000.0,-2.9606949795637334
2023-02-21,148.33732765365474,149.42369229489003,146.56953254062006,146.63865661621094,58867200,0.0,0.0,50672000000.0,-19.682992550324933,23646000000.0,-32.32398397252433,352755000000.0,0.49942735369029234,-18577000000.0,-298.5783003741315,132480000000.0,-2.9606949795637334
2023-02-22,147.02379633351947,148.0904046122651,145.3350111943411,147.0633087158203,51011300,0.0,0.0,50672000000.0,-19.682992550324933,23646000000.0,-32.32398397252433,352755000000.0,0.49942735369029234,-18577000000.0,-298.5783003741315,132480000000.0,-2.9606949795637334
2023-02-23,148.22867140254277,148.47557105445037,145.41402441253163,147.54722595214844,48394200,0.0,0.0,50672000000.0,-19.682992550324933,23646000000.0,-32.32398397252433,352755000000.0,0.49942735369029234,-18577000000.0,-298.5783003741315,132480000000.0,-2.9606949795637334
2023-02-24,145.2856278870893,145.3646375819345,143.91286646196608,144.89059448242188,55469600,0.0,0.0,50672000000.0,-19.682992550324933,23646000000.0,-32.32398397252433,352755000000.0,0.49942735369029234,-18577000000.0,-298.5783003741315,132480000000.0,-2.9606949795637334
2023-02-27,145.8781840387877,147.32006943922315,145.6213987790375,146.0855712890625,44998500,0.0,0.0,50672000000.0,-19.682992550324933,23646000000.0,-32.32398397252433,352755000000.0,0.49942735369029234,-18577000000.0,-298.5783003741315,132480000000.0,-2.9606949795637334
2023-02-28,145.22638831235219,147.23121241896578,145.0091153980784,145.58192443847656,50547000,0.0,0.0,50672000000.0,-19.682992550324933,23646000000.0,-32.32398397252433,352755000000.0,0.49942735369029234,-18577000000.0,-298.5783003741315,132480000000.0,-2.9606949795637334
2023-03-01,145.0091193355728,145.40415278885536,143.21168246314858,143.50796508789062,55479000,0.0,0.0,50672000000.0,-19.682992550324933,23646000000.0,-32.32398397252433,352755000000.0,0.49942735369029234,-18577000000.0,-298.5783003741315,132480000000.0,-2.9606949795637334
2023-03-02,142.58948505088003,144.8905915062189,142.11542689154663,144.1005096435547,52238100,0.0,0.0,50672000000.0,-19.682992550324933,23646000000.0,-32.32398397252433,352755000000.0,0.49942735369029234,-18577000000.0,-298.5783003741315,132480000000.0,-2.9606949795637334
2023-03-03,146.20407279147852,149.23600736765022,145.50288630750634,149.15699768066406,70732300,0.0,0.0,50672000000.0,-19.682992550324933,23646000000.0,-32.32398397252433,352755000000.0,0.49942735369029234,-18577000000.0,-298.5783003741315,132480000000.0,-2.9606949795637334
2023-03-06,151.88275935147126,154.36164111130708,151.55686512341583,151.92227172851562,87558000,0.0,0.0,50672000000.0,-19.682992550324933,23646000000.0,-32.32398397252433,352755000000.0,0.49942735369029234,-18577000000.0,-298.5783003741315,132480000000.0,-2.9606949795637334
2023-03-07,151.79390348554702,152.11981283549997,149.25578289163562,149.71995544433594,56182000,0.0,0.0,50672000000.0,-19.682992550324933,23646000000.0,-32.32398397252433,352755000000.0,0.49942735369029234,-18577000000.0,-298.5783003741315,132480000000.0,-2.9606949795637334
2023-03-08,150.91492862836495,151.56674727343432,149.9470862905562,150.97418212890625,47204800,0.0,0.0,50672000000.0,-19.682992550324933,23646000000.0,-32.32398397252433,352755000000.0,0.49942735369029234,-18577000000.0,-298.5783003741315,132480000000.0,-2.9606949795637334
2023-03-09,151.65561114338573,152.6234533766544,148.3669065925505,148.72244262695312,53833600,0.0,0.0,50672000000.0,-19.682992550324933,23646000000.0,-32.32398397252433,352755000000.0,0.49942735369029234,-18577000000.0,-298.5783003741315,132480000000.0,-2.9606949795637334
2023-03-10,148.34717096498875,149.0681136196498,145.7794089470896,146.6583709716797,68572400,0.0,0.0,50672000000.0,-19.682992550324933,23646000000.0,-32.32398397252433,352755000000.0,0.49942735369029234,-18577000000.0,-298.5783003741315,132480000000.0,-2.9606949795637334
2023-03-13,145.97694231528436,151.2408445051467,145.86830586973156,148.6039581298828,84457100,0.0,0.0,50672000000.0,-19.682992550324933,23646000000.0,-32.32398397252433,352755000000.0,0.49942735369029234,-18577000000.0,-298.5783003741315,132480000000.0,-2.9606949795637334
2023-03-14,149.4039106364519,151.49761478500946,148.23855155589501,150.69766235351562,73695900,0.0,0.0,50672000000.0,-19.682992550324933,23646000000.0,-32.32398397252433,352755000000.0,0.49942735369029234,-18577000000.0,-298.5783003741315,132480000000.0,-2.9606949795637334
2023-03-15,149.31503194180715,151.34948260848185,148.06077752387876,151.09271240234375,77167900,0.0,0.0,50672000000.0,-19.682992550324933,23646000000.0,-32.32398397252433,352755000000.0,0.49942735369029234,-18577000000.0,-298.5783003741315,132480000000.0,-2.9606949795637334
2023-03-16,150.27298045799404,154.5196567133458,149.75942505583248,153.91722106933594,76161100,0.0,0.0,50672000000.0,-19.682992550324933,23646000000.0,-32.32398397252433,352755000000.0,0.49942735369029234,-18577000000.0,-298.5783003741315,132480000000.0,-2.9606949795637334
2023-03-17,154.1443669167137,154.79618550631548,152.3666867039617,153.0777587890625,98944600,0.0,0.0,50672000000.0,-19.682992550324933,23646000000.0,-32.32398397252433,352755000000.0,0.49942735369029234,-18577000000.0,-298.5783003741315,132480000000.0,-2.9606949795637334
2023-03-20,153.14690680049927,155.8628026785515,152.23830291826783,155.447998046875,73641400,0.0,0.0,50672000000.0,-19.682992550324933,23646000000.0,-32.32398397252433,352755000000.0,0.49942735369029234,-18577000000.0,-298.5783003741315,132480000000.0,-2.9606949795637334
2023-03-21,155.3689878125348,157.4231792271752,154.59864719510006,157.30467224121094,73938300,0.0,0.0,50672000000.0,-19.682992550324933,23646000000.0,-32.32398397252433,352755000000.0,0.49942735369029234,-18577000000.0,-298.5783003741315,132480000000.0,-2.9606949795637334
2023-03-22,157.32445173541882,160.12922799549253,155.85292447362312,155.8726806640625,75701800,0.0,0.0,50672000000.0,-19.682992550324933,23646000000.0,-32.32398397252433,352755000000.0,0.49942735369029234,-18577000000.0,-298.5783003741315,132480000000.0,-2.9606949795637334
2023-03-23,156.86029458739586,159.54656410725272,155.72454710395584,156.95904541015625,67622100,0.0,0.0,50672000000.0,-19.682992550324933,23646000000.0,-32.32398397252433,352755000000.0,0.49942735369029234,-18577000000.0,-298.5783003741315,132480000000.0,-2.9606949795637334
2023-03-24,156.88994881716613,158.35159084820674,155.89247943611173,158.26271057128906,59196500,0.0,0.0,50672000000.0,-19.682992550324933,23646000000.0,-32.32398397252433,352755000000.0,0.49942735369029234,-18577000000.0,-298.5783003741315,132480000000.0,-2.9606949795637334
2023-03-27,157.95651005912973,158.77621864094067,155.9121738846932,156.3170928955078,52390300,0.0,0.0,50672000000.0,-19.682992550324933,23646000000.0,-32.32398397252433,352755000000.0,0.49942735369029234,-18577000000.0,-298.5783003741315,132480000000.0,-2.9606949795637334
2023-03-28,156.01093927220384,156.52449472162644,154.04561279409856,155.6949005126953,45992200,0.0,0.0,50672000000.0,-19.682992550324933,23646000000.0,-32.32398397252433,352755000000.0,0.49942735369029234,-18577000000.0,-298.5783003741315,132480000000.0,-2.9606949795637334
2023-03-29,157.39359791374972,159.05277154396305,157.37385679009435,158.7762451171875,51305700,0.0,0.0,50672000000.0,-19.682992550324933,23646000000.0,-32.32398397252433,352755000000.0,0.49942735369029234,-18577000000.0,-298.5783003741315,132480000000.0,-2.9606949795637334
2023-03-30,159.5268183622626,160.45516356045198,159.27004812279844,160.34652709960938,49501700,0.0,0.0,50672000000.0,-19.682992550324933,23646000000.0,-32.32398397252433,352755000000.0,0.49942735369029234,-18577000000.0,-298.5783003741315,132480000000.0,-2.9606949795637334
2023-03-31,160.42549668949934,162.95374634284104,159.9020707098414,162.85498046875,68749800,0.0,0.0,50672000000.0,-19.682992550324933,23646000000.0,-32.32398397252433,352755000000.0,0.49942735369029234,-18577000000.0,-298.5783003741315,132480000000.0,-2.9606949795637334
2023-04-03,162.23282167038158,164.22775993608965,162.18343872786127,164.1092529296875,56976200,0.0,0.0,50672000000.0,-19.682992550324933,23646000000.0,-32.32398397252433,352755000000.0,0.49942735369029234,-18577000000.0,-298.5783003741315,132480000000.0,-2.9606949795637334
2023-04-04,164.5339454319251,164.77095946962157,163.06241797980005,163.5759735107422,46278300,0.0,0.0,50672000000.0,-19.682992550324933,23646000000.0,-32.32398397252433,352755000000.0,0.49942735369029234,-18577000000.0,-298.5783003741315,132480000000.0,-2.9606949795637334
2023-04-05,162.6969833628771,163.0031364887197,159.7934413430479,161.7291259765625,51511700,0.0,0.0,50672000000.0,-19.682992550324933,23646000000.0,-32.32398397252433,352755000000.0,0.49942735369029234,-18577000000.0,-298.5783003741315,132480000000.0,-2.9606949795637334
2023-04-06,160.41562533913125,162.9142635361202,159.9909651957649,162.61798095703125,45390100,0.0,0.0,50672000000.0,-19.682992550324933,23646000000.0,-32.32398397252433,352755000000.0,0.49942735369029234,-18577000000.0,-298.5783003741315,132480000000.0,-2.9606949795637334
2023-04-10,159.41814841731897,160.0205841064453,158.09477004106023,160.0205841064453,47716900,0.0,0.0,50672000000.0,-19.682992550324933,23646000000.0,-32.32398397252433,352755000000.0,0.49942735369029234,-18577000000.0,-298.5783003741315,132480000000.0,-2.9606949795637334
2023-04-11,160.33661250261622,160.34648306196001,158.5194199230912,158.8058319091797,47644200,0.0,0.0,50672000000.0,-19.682992550324933,23646000000.0,-32.32398397252433,352755000000.0,0.49942735369029234,-18577000000.0,-298.5783003741315,132480000000.0,-2.9606949795637334
2023-04-12,159.22065338009935,160.05023261805474,157.7985089324277,158.1145477294922,50133100,0.0,0.0,50672000000.0,-19.682992550324933,23646000000.0,-32.32398397252433,352755000000.0,0.49942735369029234,-18577000000.0,-298.5783003741315,132480000000.0,-2.9606949795637334
2023-04-13,159.62556544083142,163.74384976611952,159.4181631056541,163.50682067871094,68445600,0.0,0.0,50672000000.0,-19.682992550324933,23646000000.0,-32.32398397252433,352755000000.0,0.49942735369029234,-18577000000.0,-298.5783003741315,132480000000.0,-2.9606949795637334
2023-04-14,162.5488571823505,164.2574136863755,161.7884170766324,163.1611785888672,49386500,0.0,0.0,50672000000.0,-19.682992550324933,23646000000.0,-32.32398397252433,352755000000.0,0.49942735369029234,-18577000000.0,-298.5783003741315,132480000000.0,-2.9606949795637334
2023-04-17,163.04266025137323,163.3389428652635,161.99580807591275,163.18092346191406,41516200,0.0,0.0,50672000000.0,-19.682992550324933,23646000000.0,-32.32398397252433,352755000000.0,0.49942735369029234,-18577000000.0,-298.5783003741315,132480000000.0,-2.9606949795637334
2023-04-18,164.04014141829643,165.33389323571308,163.59570997116356,164.40554809570312,49923000,0.0,0.0,50672000000.0,-19.682992550324933,23646000000.0,-32.32398397252433,352755000000.0,0.49942735369029234,-18577000000.0,-298.5783003741315,132480000000.0,-2.9606949795637334
2023-04-19,163.7438705155961,166.07460409367388,163.48708520430753,165.55117797851562,47720200,0.0,0.0,50672000000.0,-19.682992550324933,23646000000.0,-32.32398397252433,352755000000.0,0.49942735369029234,-18577000000.0,-298.5783003741315,132480000000.0,-2.9606949795637334
2023-04-20,164.03022972696172,165.78815383509277,163.50680373238094,164.58328247070312,52456400,0.0,0.0,50672000000.0,-19.682992550324933,23646000000.0,-32.32398397252433,352755000000.0,0.49942735369029234,-18577000000.0,-298.5783003741315,132480000000.0,-2.9606949795637334
2023-04-21,163.00315275355902,164.38578477260316,162.45009994594136,162.97352600097656,58337300,0.0,0.0,50672000000.0,-19.682992550324933,23646000000.0,-32.32398397252433,352755000000.0,0.49942735369029234,-18577000000.0,-298.5783003741315,132480000000.0,-2.9606949795637334
2023-04-24,162.95375377005053,163.5463189024918,161.85751882372426,163.2796630859375,41949600,0.0,0.0,50672000000.0,-19.682992550324933,23646000000.0,-32.32398397252433,352755000000.0,0.49942735369029234,-18577000000.0,-298.5783003741315,132480000000.0,-2.9606949795637334
2023-04-25,163.14143254265787,164.24753827035505,161.69953180228663,161.73904418945312,48714100,0.0,0.0,50672000000.0,-19.682992550324933,23646000000.0,-32.32398397252433,352755000000.0,0.49942735369029234,-18577000000.0,-298.5783003741315,132480000000.0,-2.9606949795637334
2023-04-26,161.03781003602157,163.23027992570658,160.78103984940847,161.7291259765625,45498800,0.0,0.0,50672000000.0,-19.682992550324933,23646000000.0,-32.32398397252433,352755000000.0,0.49942735369029234,-18577000000.0,-298.5783003741315,132480000000.0,-2.9606949795637334
2023-04-27,163.14140369362494,166.4696059197472,163.14140369362494,166.32147216796875,64902300,0.0,0.0,50672000000.0,-19.682992550324933,23646000000.0,-32.32398397252433,352755000000.0,0.49942735369029234,-18577000000.0,-298.5783003741315,132480000000.0,-2.9606949795637334
2023-04-28,166.40049965137717,167.74363439949644,165.79806388046575,167.5757293701172,55275900,0.0,0.0,50672000000.0,-19.682992550324933,23646000000.0,-32.32398397252433,352755000000.0,0.49942735369029234,-18577000000.0,-298.5783003741315,132480000000.0,-2.9606949795637334
2023-05-01,167.180693761707,168.33618234272492,166.54863124552048,167.48684692382812,52472900,0.0,0.0,50672000000.0,-19.682992550324933,23646000000.0,-32.32398397252433,352755000000.0,0.49942735369029234,-18577000000.0,-298.5783003741315,132480000000.0,-2.9606949795637334
2023-05-02,167.98064044655123,168.2374257243008,165.46226102978648,166.44985961914062,48425700,0.0,0.0,50672000000.0,-19.682992550324933,23646000000.0,-32.32398397252433,352755000000.0,0.49942735369029234,-18577000000.0,-298.5783003741315,132480000000.0,-2.9606949795637334
2023-05-03,167.39793182123242,168.80031976619634,165.0869551402168,165.37335205078125,65136000,0.0,0.0,50672000000.0,-19.682992550324933,23646000000.0,-32.32398397252433,352755000000.0,0.49942735369029234,-18577000000.0,-298.5783003741315,132480000000.0,-2.9606949795637334
2023-05-04,162.84514548869322,164.96847661956093,162.2723364468385,163.73397827148438,81235400,0.0,0.0,50672000000.0,-19.682992550324933,23646000000.0,-32.32398397252433,352755000000.0,0.49942735369029234,-18577000000.0,-298.5783003741315,132480000000.0,-2.9606949795637334
2023-05-05,168.85958887715515,172.13842316096267,168.64231599957478,171.41748046875,113453200,0.0,0.0,50672000000.0,-19.682992550324933,23646000000.0,-32.32398397252433,352755000000.0,0.49942735369029234,-18577000000.0,-298.5783003741315,132480000000.0,-2.9606949795637334
2023-05-08,170.34098818753938,171.6940084046762,169.97558155808977,171.3483428955078,55962800,0.0,0.0,50672000000.0,-19.682992550324933,23646000000.0,-32.32398397252433,352755000000.0,0.49942735369029234,-18577000000.0,-298.5783003741315,132480000000.0,-2.9606949795637334
2023-05-09,170.90392591816433,171.38783954566773,169.47191108630196,169.63980102539062,45326900,0.0,0.0,50672000000.0,-19.682992550324933,23646000000.0,-32.32398397252433,352755000000.0,0.49942735369029234,-18577000000.0,-298.5783003741315,132480000000.0,-2.9606949795637334
2023-05-10,170.87431142683658,171.87178057282452,169.76819076413835,171.40760803222656,53724500,0.0,0.0,50672000000.0,-19.682992550324933,23646000000.0,-32.32398397252433,352755000000.0,0.49942735369029234,-18577000000.0,-298.5783003741315,132480000000.0,-2.9606949795637334
2023-05-11,171.69399597502493,172.4248091810175,170.03482274851166,171.59523010253906,49514700,0.0,0.0,50672000000.0,-19.682992550324933,23646000000.0,-32.32398397252433,352755000000.0,0.49942735369029234,-18577000000.0,-298.5783003741315,132480000000.0,-2.9606949795637334
2023-05-12,171.70401959715826,172.13916641173466,169.11293731632776,170.66561889648438,45533100,0.24,0.0,50672000000.0,-19.682992550324933,23646000000.0,-32.32398397252433,352755000000.0,0.49942735369029234,-18577000000.0,-298.5783003741315,132480000000.0,-2.9606949795637334
2023-05-15,171.2490949935239,171.29854623618587,169.57774258819362,170.17112731933594,37266700,0.0,0.0,50672000000.0,-19.682992550324933,23646000000.0,-32.32398397252433,352755000000.0,0.49942735369029234,-18577000000.0,-298.5783003741315,132480000000.0,-2.9606949795637334
2023-05-16,170.0920083491569,171.229311478379,169.90410268128184,170.17112731933594,42110300,0.0,0.0,50672000000.0,-19.682992550324933,23646000000.0,-32.32398397252433,352755000000.0,0.49942735369029234,-18577000000.0,-298.5783003741315,132480000000.0,-2.9606949795637334
2023-05-17,169.81512066054435,171.02164360752573,168.53934785672587,170.7843017578125,57951600,0.0,0.0,50672000000.0,-19.682992550324933,23646000000.0,-32.32398397252433,352755000000.0,0.49942735369029234,-18577000000.0,-298.5783003741315,132480000000.0,-2.9606949795637334
2023-05-18,171.09087517456516,173.30616130301183,170.6755118549318,173.11825561523438,65496700,0.0,0.0,50672000000.0,-19.682992550324933,23646000000.0,-32.32398397252433,352755000000.0,0.49942735369029234,-18577000000.0,-298.5783003741315,132480000000.0,-2.9606949795637334
2023-05-19,174.44345770293714,174.44345770293714,173.00946211256743,173.22703552246094,55809500,0.0,0.0,50672000000.0,-19.682992550324933,23646000000.0,-32.32398397252433,352755000000.0,0.49942735369029234,-18577000000.0,-298.5783003741315,132480000000.0,-2.9606949795637334
2023-05-22,172.0600450039918,172.781999977239,171.5358950094103,172.27761840820312,43570900,0.0,0.0,50672000000.0,-19.682992550324933,23646000000.0,-32.32398397252433,352755000000.0,0.49942735369029234,-18577000000.0,-298.5783003741315,132480000000.0,-2.9606949795637334
2023-05-23,171.2194449613945,171.46668610985583,169.3898544266195,169.66676330566406,50747300,0.0,0.0,50672000000.0,-19.682992550324933,23646000000.0,-32.32398397252433,352755000000.0,0.49942735369029234,-18577000000.0,-298.5783003741315,132480000000.0,-2.9606949795637334
2023-05-24,169.2019563309073,170.51728111058472,168.63825433413288,169.9436798095703,45143500,0.0,0.0,50672000000.0,-19.682992550324933,23646000000.0,-32.32398397252433,352755000000.0,0.49942735369029234,-18577000000.0,-298.5783003741315,132480000000.0,-2.9606949795637334
2023-05-25,170.50736195131066,171.98090930239354,169.79530635049753,171.08096313476562,56058300,0.0,0.0,50672000000.0,-19.682992550324933,23646000000.0,-32.32398397252433,352755000000.0,0.49942735369029234,-18577000000.0,-298.5783003741315,132480000000.0,-2.9606949795637334
2023-05-26,171.40734829469508,173.83030849826073,171.19965909306288,173.49404907226562,54835000,0.0,0.0,50672000000.0,-19.682992550324933,23646000000.0,-32.32398397252433,352755000000.0,0.49942735369029234,-18577000000.0,-298.5783003741315,132480000000.0,-2.9606949795637334
2023-05-30,175.00718521743593,177.01478218217846,174.62148962052487,175.3434295654297,55964400,0.0,0.0,50672000000.0,-19.682992550324933,23646000000.0,-32.32398397252433,352755000000.0,0.49942735369029234,-18577000000.0,-298.5783003741315,132480000000.0,-2.9606949795637334
2023-05-31,175.3731100748192,177.37082297149757,174.80939295881248,175.2939910888672,99625300,0.0,0.0,50672000000.0,-19.682992550324933,23646000000.0,-32.32398397252433,352755000000.0,0.49942735369029234,-18577000000.0,-298.5783003741315,132480000000.0,-2.9606949795637334
2023-06-01,175.73902088879638,178.1323136072369,174.97751385870967,178.10264587402344,68901800,0.0,0.0,50672000000.0,-19.682992550324933,23646000000.0,-32.32398397252433,352755000000.0,0.49942735369029234,-18577000000.0,-298.5783003741315,132480000000.0,-2.9606949795637334
2023-06-02,179.03225923715402,179.77398268262323,177.2817876805341,178.95314025878906,61996900,0.0,0.0,50672000000.0,-19.682992550324933,23646000000.0,-32.32398397252433,352755000000.0,0.49942735369029234,-18577000000.0,-298.5783003741315,132480000000.0,-2.9606949795637334
2023-06-05,180.61459616435278,182.908986017055,176.0752375225132,177.59825134277344,121946500,0.0,0.0,50672000000.0,-19.682992550324933,23646000000.0,-32.32398397252433,352755000000.0,0.49942735369029234,-18577000000.0,-298.5783003741315,132480000000.0,-2.9606949795637334
2023-06-06,177.98396853821802,178.1323071989488,175.47198988688834,177.23236083984375,64848400,0.0,0.0,50672000000.0,-19.682992550324933,23646000000.0,-32.32398397252433,352755000000.0,0.49942735369029234,-18577000000.0,-298.5783003741315,132480000000.0,-2.9606949795637334
2023-06-07,176.4708650826228,179.2103015517758,175.36322943750844,175.8577117919922,61944600,0.0,0.0,50672000000.0,-19.682992550324933,23646000000.0,-32.32398397252433,352755000000.0,0.49942735369029234,-18577000000.0,-298.5783003741315,132480000000.0,-2.9606949795637334
2023-06-08,175.93678298136524,178.84434109966037,175.50165126625262,178.57733154296875,50214900,0.0,0.0,50672000000.0,-19.682992550324933,23646000000.0,-32.32398397252433,352755000000.0,0.49942735369029234,-18577000000.0,-298.5783003741315,132480000000.0,-2.9606949795637334
2023-06-09,179.49704685610018,180.21898667599456,178.63665261745342,178.9630126953125,48900000,0.0,0.0,50672000000.0,-19.682992550324933,23646000000.0,-32.32398397252433,352755000000.0,0.49942735369029234,-18577000000.0,-298.5783003741315,132480000000.0,-2.9606949795637334
2023-06-12,179.26960009694577,181.8606822718443,178.9729077272824,181.76177978515625,54274900,0.0,0.0,50672000000.0,-19.682992550324933,23646000000.0,-32.32398397252433,352755000000.0,0.49942735369029234,-18577000000.0,-298.5783003741315,132480000000.0,-2.9606949795637334
2023-06-13,180.7827428310429,182.11783606754224,180.42671494989577,181.287109375,54929100,0.0,0.0,50672000000.0,-19.682992550324933,23646000000.0,-32.32398397252433,352755000000.0,0.49942735369029234,-18577000000.0,-298.5783003741315,132480000000.0,-2.9606949795637334
2023-06-14,181.3464426387383,182.35519080481038,180.0113494184458,181.9200439453125,57462900,0.0,0.0,50672000000.0,-19.682992550324933,23646000000.0,-32.32398397252433,352755000000.0,0.49942735369029234,-18577000000.0,-298.5783003741315,132480000000.0,-2.9606949795637334
2023-06-15,181.9299404833556,184.46168752877136,181.75191900244837,183.95730590820312,65433200,0.0,0.0,50672000000.0,-19.682992550324933,23646000000.0,-32.32398397252433,352755000000.0,0.49942735369029234,-18577000000.0,-298.5783003741315,132480000000.0,-2.9606949795637334
2023-06-16,184.66935702206612,184.92649747799743,182.2365125370702,182.87933349609375,101256200,0.0,0.0,50672000000.0,-19.682992550324933,23646000000.0,-32.32398397252433,352755000000.0,0.49942735369029234,-18577000000.0,-298.5783003741315,132480000000.0,-2.9606949795637334
2023-06-20,182.37498350716317,184.0463362605814,182.37498350716317,182.96835327148438,49799100,0.0,0.0,50672000000.0,-19.682992550324933,23646000000.0,-32.32398397252433,352755000000.0,0.49942735369029234,-18577000000.0,-298.5783003741315,132480000000.0,-2.9606949795637334
2023-06-21,182.85954567430247,183.36392727035516,180.57503989811684,181.929931640625,49515700,0.0,0.0,50672000000.0,-19.682992550324933,23646000000.0,-32.32398397252433,352755000000.0,0.49942735369029234,-18577000000.0,-298.5783003741315,132480000000.0,-2.9606949795637334
2023-06-22,181.7123518491607,184.98582209518955,181.64311708726814,184.93637084960938,51245300,0.0,0.0,50672000000.0,-19.682992550324933,23646000000.0,-32.32398397252433,352755000000.0,0.49942735369029234,-18577000000.0,-298.5783003741315,132480000000.0,-2.9606949795637334
2023-06-23,183.5023838322858,185.49019723798705,182.96833449974372,184.61990356445312,53117000,0.0,0.0,50672000000.0,-19.682992550324933,23646000000.0,-32.32398397252433,352755000000.0,0.49942735369029234,-18577000000.0,-298.5783003741315,132480000000.0,-2.9606949795637334
2023-06-26,184.76827690390465,185.9748150463911,183.1859273460984,183.22549438476562,48088700,0.0,0.0,50672000000.0,-19.682992550324933,23646000000.0,-32.32398397252433,352755000000.0,0.49942735369029234,-18577000000.0,-298.5783003741315,132480000000.0,-2.9606949795637334
2023-06-27,183.83862880561904,186.31104030447904,183.62105538648717,185.98468017578125,50730800,0.0,0.0,50672000000.0,-19.682992550324933,23646000000.0,-32.32398397252433,352755000000.0,0.49942735369029234,-18577000000.0,-298.5783003741315,132480000000.0,-2.9606949795637334
2023-06-28,185.8561043245189,187.80436573389431,185.5297592960992,187.1615447998047,51216800,0.0,0.0,50672000000.0,-19.682992550324933,23646000000.0,-32.32398397252433,352755000000.0,0.49942735369029234,-18577000000.0,-298.5783003741315,132480000000.0,-2.9606949795637334
2023-06-29,186.99343619982474,187.97251662731944,186.85498175364998,187.497802734375,46347300,0.0,0.0,50672000000.0,-19.682992550324933,23646000000.0,-32.32398397252433,352755000000.0,0.49942735369029234,-18577000000.0,-298.5783003741315,132480000000.0,-2.9606949795637334
2023-06-30,189.51529419368583,192.3338342950544,189.14936702429083,191.8294677734375,85213200,0.0,0.0,50672000000.0,-19.682992550324933,23646000000.0,-32.32398397252433,352755000000.0,0.49942735369029234,-18577000000.0,-298.5783003741315,132480000000.0,-2.9606949795637334
2023-07-03,191.64156130508144,191.74046380244184,189.64384856353968,190.3361358642578,31458200,0.0,0.0,50672000000.0,-19.682992550324933,23646000000.0,-32.32398397252433,352755000000.0,0.49942735369029234,-18577000000.0,-298.5783003741315,132480000000.0,-2.9606949795637334
2023-07-05,189.45595434700246,190.8503829545932,188.51642591121868,189.21859741210938,46920300,0.0,0.0,50672000000.0,-19.682992550324933,23646000000.0,-32.32398397252433,352755000000.0,0.49942735369029234,-18577000000.0,-298.5783003741315,132480000000.0,-2.9606949795637334
2023-07-06,187.74502176003202,189.90097227103217,187.11208506779732,189.6932830810547,45094300,0.0,0.0,50672000000.0,-19.682992550324933,23646000000.0,-32.32398397252433,352755000000.0,0.49942735369029234,-18577000000.0,-298.5783003741315,132480000000.0,-2.9606949795637334
2023-07-07,189.29771490007704,190.54380484505052,188.14062814608695,188.5757598876953,46815000,0.0,0.0,50672000000.0,-19.682992550324933,23646000000.0,-32.32398397252433,352755000000.0,0.49942735369029234,-18577000000.0,-298.5783003741315,132480000000.0,-2.9606949795637334
2023-07-10,187.17143117099337,187.89338618022617,184.97592859390042,186.5286102294922,59922200,0.0,0.0,50672000000.0,-19.682992550324933,23646000000.0,-32.32398397252433,352755000000.0,0.49942735369029234,-18577000000.0,-298.5783003741315,132480000000.0,-2.9606949795637334
2023-07-11,187.07253909809666,187.21099353236755,184.54079224834234,186.00445556640625,46638100,0.0,0.0,50672000000.0,-19.682992550324933,23646000000.0,-32.32398397252433,352755000000.0,0.49942735369029234,-18577000000.0,-298.5783003741315,132480000000.0,-2.9606949795637334
2023-07-12,187.58677823550266,189.5844907414315,186.3901396467477,187.67579650878906,60750200,0.0,0.0,50672000000.0,-19.682992550324933,23646000000.0,-32.32398397252433,352755000000.0,0.49942735369029234,-18577000000.0,-298.5783003741315,132480000000.0,-2.9606949795637334
2023-07-13,188.39776494849258,189.08015296828228,187.68570919657313,188.43731689453125,41342300,0.0,0.0,50672000000.0,-19.682992550324933,23646000000.0,-32.32398397252433,352755000000.0,0.49942735369029234,-18577000000.0,-298.5783003741315,132480000000.0,-2.9606949795637334
2023-07-14,188.13073248396137,189.07024584013215,187.53736277551775,188.58566284179688,41616200,0.0,0.0,50672000000.0,-19.682992550324933,23646000000.0,-32.32398397252433,352755000000.0,0.49942735369029234,-18577000000.0,-298.5783003741315,132480000000.0,-2.9606949795637334
2023-07-17,189.78228064107432,192.17558799962066,189.69327745817978,191.84922790527344,50520200,0.0,0.0,50672000000.0,-19.682992550324933,23646000000.0,-32.32398397252433,352755000000.0,0.49942735369029234,-18577000000.0,-298.5783003741315,132480000000.0,-2.9606949795637334
2023-07-18,191.21630577539946,192.18548682934457,190.2965608776665,191.59210205078125,48288200,0.0,0.0,50672000000.0,-19.682992550324933,23646000000.0,-32.32398397252433,352755000000.0,0.49942735369029234,-18577000000.0,-298.5783003741315,132480000000.0,-2.9606949795637334
2023-07-19,190.9690618542327,196.04243976648678,190.5240157315845,192.94699096679688,80507300,0.0,0.0,50672000000.0,-19.682992550324933,23646000000.0,-32.32398397252433,352755000000.0,0.49942735369029234,-18577000000.0,-298.5783003741315,132480000000.0,-2.9606949795637334
2023-07-20,192.93711105379268,194.30188710755215,190.37569621729313,190.99874877929688,59581200,0.0,0.0,50672000000.0,-19.682992550324933,23646000000.0,-32.32398397252433,352755000000.0,0.49942735369029234,-18577000000.0,-298.5783003741315,132480000000.0,-2.9606949795637334
2023-07-21,191.95803606721273,192.8184304455329,189.11969738642375,189.82186889648438,71951700,0.0,0.0,50672000000.0,-19.682992550324933,23646000000.0,-32.32398397252433,352755000000.0,0.49942735369029234,-18577000000.0,-298.5783003741315,132480000000.0,-2.9606949795637334
2023-07-24,191.27564505606543,192.759091941705,190.1284425094743,190.6229248046875,45377800,0.0,0.0,50672000000.0,-19.682992550324933,23646000000.0,-32.32398397252433,352755000000.0,0.49942735369029234,-18577000000.0,-298.5783003741315,132480000000.0,-2.9606949795637334
2023-07-25,191.19654428358876,192.2942956871053,190.79106514120798,191.48333740234375,37283200,0.0,0.0,50672000000.0,-19.682992550324933,23646000000.0,-32.32398397252433,352755000000.0,0.49942735369029234,-18577000000.0,-298.5783003741315,132480000000.0,-2.9606949795637334
2023-07-26,191.53276478098633,193.48102617402893,191.18663623876353,192.35360717773438,47471900,0.0,0.0,50672000000.0,-19.682992550324933,23646000000.0,-32.32398397252433,352755000000.0,0.49942735369029234,-18577000000.0,-298.5783003741315,132480000000.0,-2.9606949795637334
2023-07-27,193.85682640916855,195.02379728115702,190.4251183711132,191.0877227783203,47460200,0.0,0.0,50672000000.0,-19.682992550324933,23646000000.0,-32.32398397252433,352755000000.0,0.49942735369029234,-18577000000.0,-298.5783003741315,132480000000.0,-2.9606949795637334
2023-07-28,192.5217427199515,194.4601200346163,191.99759267326004,193.6689453125,48291400,0.0,0.0,50672000000.0,-19.682992550324933,23646000000.0,-32.32398397252433,352755000000.0,0.49942735369029234,-18577000000.0,-298.5783003741315,132480000000.0,-2.9606949795637334
2023-07-31,193.8963936498011,194.32165626732748,193.10521896564188,194.28208923339844,38824100,0.0,0.0,50672000000.0,-19.682992550324933,23646000000.0,-32.32398397252433,352755000000.0,0.49942735369029234,-18577000000.0,-298.5783003741315,132480000000.0,-2.9606949795637334
2023-08-01,194.07443808774235,194.55902113270218,193.12502533632087,193.45138549804688,35175100,0.0,0.0,50672000000.0,-19.682992550324933,23646000000.0,-32.32398397252433,352755000000.0,0.49942735369029234,-18577000000.0,-298.5783003741315,132480000000.0,-2.9606949795637334
2023-08-02,192.88766337294663,193.02611782368746,189.73287873889473,190.45481872558594,50389300,0.0,0.0,50672000000.0,-19.682992550324933,23646000000.0,-32.32398397252433,352755000000.0,0.49942735369029234,-18577000000.0,-298.5783003741315,132480000000.0,-2.9606949795637334
2023-08-03,189.4559433793295,190.2471029357017,188.58564975883863,189.0603485107422,61235200,0.0,0.0,50672000000.0,-19.682992550324933,23646000000.0,-32.32398397252433,352755000000.0,0.49942735369029234,-18577000000.0,-298.5783003741315,132480000000.0,-2.9606949795637334
2023-08-04,183.47270249377223,185.31217710978225,179.9124241755589,179.98165893554688,115956800,0.0,0.0,50672000000.0,-19.682992550324933,23646000000.0,-32.32398397252433,352755000000.0,0.49942735369029234,-18577000000.0,-298.5783003741315,132480000000.0,-2.9606949795637334
2023-08-07,180.1201302461886,181.10909486166798,175.39288059142936,176.87632751464844,97576100,0.0,0.0,50672000000.0,-19.682992550324933,23646000000.0,-32.32398397252433,352755000000.0,0.49942735369029234,-18577000000.0,-298.5783003741315,132480000000.0,-2.9606949795637334
2023-08-08,177.70702446409274,178.28062565603474,175.6203088706347,177.81581115722656,67823000,0.0,0.0,50672000000.0,-19.682992550324933,23646000000.0,-32.32398397252433,352755000000.0,0.49942735369029234,-18577000000.0,-298.5783003741315,132480000000.0,-2.9606949795637334
2023-08-09,178.8740046582552,178.93334011391454,175.0566010766963,176.2235870361328,60378500,0.0,0.0,50672000000.0,-19.682992550324933,23646000000.0,-32.32398397252433,352755000000.0,0.49942735369029234,-18577000000.0,-298.5783003741315,132480000000.0,-2.9606949795637334
2023-08-10,177.49935830249015,178.7553475423464,175.64011515660735,176.0060272216797,54686900,0.0,0.0,50672000000.0,-19.682992550324933,23646000000.0,-32.32398397252433,352755000000.0,0.49942735369029234,-18577000000.0,-298.5783003741315,132480000000.0,-2.9606949795637334
2023-08-11,175.60003302807638,176.88741115774235,174.8374976677621,176.06546020507812,52036700,0.24,0.0,50672000000.0,-19.682992550324933,23646000000.0,-32.32398397252433,352755000000.0,0.49942735369029234,-18577000000.0,-298.5783003741315,132480000000.0,-2.9606949795637334
2023-08-14,176.24371615843643,177.94703359876078,175.59011444303226,177.71926879882812,43675600,0.0,0.0,50672000000.0,-19.682992550324933,23646000000.0,-32.32398397252433,352755000000.0,0.49942735369029234,-18577000000.0,-298.5783003741315,132480000000.0,-2.9606949795637334
2023-08-15,177.1448814654077,177.73905244130324,175.3326305229056,175.72874450683594,43622600,0.0,0.0,50672000000.0,-19.682992550324933,23646000000.0,-32.32398397252433,352755000000.0,0.49942735369029234,-18577000000.0,-298.5783003741315,132480000000.0,-2.9606949795637334
2023-08-16,175.4118501481314,176.80816171418965,174.78795629022963,174.85728454589844,46964900,0.0,0.0,50672000000.0,-19.682992550324933,23646000000.0,-32.32398397252433,352755000000.0,0.49942735369029234,-18577000000.0,-298.5783003741315,132480000000.0,-2.9606949795637334
2023-08-17,175.42175166053434,175.78815784652573,171.79724982185638,172.3122100830078,66062900,0.0,0.0,50672000000.0,-19.682992550324933,23646000000.0,-32.32398397252433,352755000000.0,0.49942735369029234,-18577000000.0,-298.5783003741315,132480000000.0,-2.9606949795637334
2023-08-18,170.62869538621166,173.40153844678508,170.29199700813362,172.79745483398438,61172200,0.0,0.0,50672000000.0,-19.682992550324933,23646000000.0,-32.32398397252433,352755000000.0,0.49942735369029234,-18577000000.0,-298.5783003741315,132480000000.0,-2.9606949795637334
2023-08-21,173.37184868637627,174.42156439236868,172.05474771785234,174.13436889648438,46311900,0.0,0.0,50672000000.0,-19.682992550324933,23646000000.0,-32.32398397252433,352755000000.0,0.49942735369029234,-18577000000.0,-298.5783003741315,132480000000.0,-2.9606949795637334
2023-08-22,175.34253031574917,175.95651153189084,174.54038966607246,175.51087951660156,42038900,0.0,0.0,50672000000.0,-19.682992550324933,23646000000.0,-32.32398397252433,352755000000.0,0.49942735369029234,-18577000000.0,-298.5783003741315,132480000000.0,-2.9606949795637334
2023-08-23,176.78837280424742,179.78898080878903,176.60021337314086,179.36314392089844,52722800,0.0,0.0,50672000000.0,-19.682992550324933,23646000000.0,-32.32398397252433,352755000000.0,0.49942735369029234,-18577000000.0,-298.5783003741315,132480000000.0,-2.9606949795637334
2023-08-24,178.91750900229638,179.3433458832632,174.30270712253693,174.66912841796875,54945800,0.0,0.0,50672000000.0,-19.682992550324933,23646000000.0,-32.32398397252433,352755000000.0,0.49942735369029234,-18577000000.0,-298.5783003741315,132480000000.0,-2.9606949795637334
2023-08-25,175.6594526964133,177.4122731545347,174.1145868163421,176.8775177001953,51449600,0.0,0.0,50672000000.0,-19.682992550324933,23646000000.0,-32.32398397252433,352755000000.0,0.49942735369029234,-18577000000.0,-298.5783003741315,132480000000.0,-2.9606949795637334
2023-08-28,178.34313313971825,178.83828316683332,176.8180777049469,178.44216918945312,43820700,0.0,0.0,50672000000.0,-19.682992550324933,23646000000.0,-32.32398397252433,352755000000.0,0.49942735369029234,-18577000000.0,-298.5783003741315,132480000000.0,-2.9606949795637334
2023-08-29,177.95692088146865,183.10647826164347,177.7588638881504,182.33404541015625,53003900,0.0,0.0,50672000000.0,-19.682992550324933,23646000000.0,-32.32398397252433,352755000000.0,0.49942735369029234,-18577000000.0,-298.5783003741315,132480000000.0,-2.9606949795637334
2023-08-30,183.14609871926743,186.027875570887,182.9480417259573,185.82980346679688,60813900,0.0,0.0,50672000000.0,-19.682992550324933,23646000000.0,-32.32398397252433,352755000000.0,0.49942735369029234,-18577000000.0,-298.5783003741315,132480000000.0,-2.9606949795637334
2023-08-31,186.0179606639307,187.28554353881972,185.66145203594442,186.04766845703125,60794500,0.0,0.0,50672000000.0,-19.682992550324933,23646000000.0,-32.32398397252433,352755000000.0,0.49942735369029234,-18577000000.0,-298.5783003741315,132480000000.0,-2.9606949795637334
2023-09-01,187.65196121049496,188.0777829772235,186.45369150574666,187.62225341796875,45766500,0.0,0.0,50672000000.0,-19.682992550324933,23646000000.0,-32.32398397252433,352755000000.0,0.49942735369029234,-18577000000.0,-298.5783003741315,132480000000.0,-2.9606949795637334
2023-09-05,186.45366971077303,188.1371765705135,185.79017057061324,187.85989379882812,45280000,0.0,0.0,50672000000.0,-19.682992550324933,23646000000.0,-32.32398397252433,352755000000.0,0.49942735369029234,-18577000000.0,-298.5783003741315,132480000000.0,-2.9606949795637334
2023-09-06,186.57252563325392,187.01817274976997,179.70975345688714,181.1357879638672,81755800,0.0,0.0,50672000000.0,-19.682992550324933,23646000000.0,-32.32398397252433,352755000000.0,0.49942735369029234,-18577000000.0,-298.5783003741315,132480000000.0,-2.9606949795637334
2023-09-07,173.48074295917408,176.48136579557718,171.85665159906446,175.83766174316406,112488800,0.0,0.0,50672000000.0,-19.682992550324933,23646000000.0,-32.32398397252433,352755000000.0,0.49942735369029234,-18577000000.0,-298.5783003741315,132480000000.0,-2.9606949795637334
2023-09-08,176.62002446653017,178.4916910043361,176.06544373133067,176.45166015625,65551300,0.0,0.0,50672000000.0,-19.682992550324933,23646000000.0,-32.32398397252433,352755000000.0,0.49942735369029234,-18577000000.0,-298.5783003741315,132480000000.0,-2.9606949795637334
2023-09-11,178.3233437087065,178.5511084974291,175.619813594627,177.62022399902344,58953100,0.0,0.0,50672000000.0,-19.682992550324933,23646000000.0,-32.32398397252433,352755000000.0,0.49942735369029234,-18577000000.0,-298.5783003741315,132480000000.0,-2.9606949795637334
2023-09-12,177.7489644157226,178.38275585399316,173.12426491742679,174.58990478515625,90370200,0.0,0.0,50672000000.0,-19.682992550324933,23646000000.0,-32.32398397252433,352755000000.0,0.49942735369029234,-18577000000.0,-298.5783003741315,132480000000.0,-2.9606949795637334
2023-09-13,174.79785006313273,175.58019553637163,172.2923922361182,172.52017211914062,84267900,0.0,0.0,50672000000.0,-19.682992550324933,23646000000.0,-32.32398397252433,352755000000.0,0.49942735369029234,-18577000000.0,-298.5783003741315,132480000000.0,-2.9606949795637334
2023-09-14,172.31221179761187,174.39184798430878,171.89628758242847,174.03533935546875,60895800,0.0,0.0,50672000000.0,-19.682992550324933,23646000000.0,-32.32398397252433,352755000000.0,0.49942735369029234,-18577000000.0,-298.5783003741315,132480000000.0,-2.9606949795637334
2023-09-15,174.76813536061914,174.78794559113751,172.1339489112559,173.31239318847656,109259500,0.0,0.0,50672000000.0,-19.682992550324933,23646000000.0,-32.32398397252433,352755000000.0,0.49942735369029234,-18577000000.0,-298.5783003741315,132480000000.0,-2.9606949795637334
2023-09-18,174.76817589282442,177.64005555289708,174.46118524709536,176.2437286376953,67257600,0.0,0.0,50672000000.0,-19.682992550324933,23646000000.0,-32.32398397252433,352755000000.0,0.49942735369029234,-18577000000.0,-298.5783003741315,132480000000.0,-2.9606949795637334
2023-09-19,175.79805509398693,177.88758863735939,175.41183870970377,177.33302307128906,51826900,0.0,0.0,50672000000.0,-19.682992550324933,23646000000.0,-32.32398397252433,352755000000.0,0.49942735369029234,-18577000000.0,-298.5783003741315,132480000000.0,-2.9606949795637334
2023-09-20,177.52118590379774,177.95692035427507,173.69862701203755,173.7877655029297,58436200,0.0,0.0,50672000000.0,-19.682992550324933,23646000000.0,-32.32398397252433,352755000000.0,0.49942735369029234,-18577000000.0,-298.5783003741315,132480000000.0,-2.9606949795637334
2023-09-21,172.856870429388,174.5898954535224,172.17356100214752,172.2428741455078,63149100,0.0,0.0,50672000000.0,-19.682992550324933,23646000000.0,-32.32398397252433,352755000000.0,0.49942735369029234,-18577000000.0,-298.5783003741315,132480000000.0,-2.9606949795637334
2023-09-22,172.97572753179696,175.36235454947433,172.36174626663464,173.0945587158203,56725400,0.0,0.0,50672000000.0,-19.682992550324933,23646000000.0,-32.32398397252433,352755000000.0,0.49942735369029234,-18577000000.0,-298.5783003741315,132480000000.0,-2.9606949795637334
2023-09-25,172.51030100193307,175.25343693299087,172.46078296714046,174.3720703125,46172700,0.0,0.0,50672000000.0,-19.682992550324933,23646000000.0,-32.32398397252433,352755000000.0,0.49942735369029234,-18577000000.0,-298.5783003741315,132480000000.0,-2.9606949795637334
2023-09-26,173.12428177613603,173.50058556280408,169.99492963397503,170.29202270507812,64588900,0.0,0.0,50672000000.0,-19.682992550324933,23646000000.0,-32.32398397252433,352755000000.0,0.49942735369029234,-18577000000.0,-298.5783003741315,132480000000.0,-2.9606949795637334
2023-09-27,170.9456153197968,171.36153958960574,167.41025147102962,168.77685546875,66921800,0.0,0.0,50672000000.0,-19.682992550324933,23646000000.0,-32.32398397252433,352755000000.0,0.49942735369029234,-18577000000.0,-298.5783003741315,132480000000.0,-2.9606949795637334
2023-09-28,167.6974361884009,170.36134620682475,165.99411859544844,169.0343475341797,56294400,0.0,0.0,50672000000.0,-19.682992550324933,23646000000.0,-32.32398397252433,352755000000.0,0.49942735369029234,-18577000000.0,-298.5783003741315,132480000000.0,-2.9606949795637334
2023-09-29,170.35142654777866,171.39124466953126,168.68771453081845,169.54928588867188,51861100,0.0,0.0,50672000000.0,-19.682992550324933,23646000000.0,-32.32398397252433,352755000000.0,0.49942735369029234,-18577000000.0,-298.5783003741315,132480000000.0,-2.9606949795637334
2023-10-02,169.55916323919894,172.60928898108386,169.27196778388654,172.0646209716797,52164500,0.0,0.0,62146000000.0,22.643669087464477,29965000000.0,26.723335870760383,352583000000.0,-0.04875905373417811,-1742000000.0,90.62281315605318,111088000000.0,-16.14734299516908
2023-10-03,170.58908076573104,171.9458021063211,169.1630613901914,170.72772216796875,49594600,0.0,0.0,62146000000.0,22.643669087464477,29965000000.0,26.723335870760383,352583000000.0,-0.04875905373417811,-1742000000.0,90.62281315605318,111088000000.0,-16.14734299516908
2023-10-04,169.43041623876405,172.52016238398562,169.3115850792172,171.97549438476562,53020300,0.0,0.0,62146000000.0,22.643669087464477,29965000000.0,26.723335870760383,352583000000.0,-0.04875905373417811,-1742000000.0,90.62281315605318,111088000000.0,-16.14734299516908
2023-10-05,172.1042477774046,173.74814957044222,171.00501406167223,173.21339416503906,48527900,0.0,0.0,62146000000.0,22.643669087464477,29965000000.0,26.723335870760383,352583000000.0,-0.04875905373417811,-1742000000.0,90.62281315605318,111088000000.0,-16.14734299516908
2023-10-06,172.1141468247828,176.26350633418187,171.50015053588783,175.7683563232422,57266700,0.0,0.0,62146000000.0,22.643669087464477,29965000000.0,26.723335870760383,352583000000.0,-0.04875905373417811,-1742000000.0,90.62281315605318,111088000000.0,-16.14734299516908
2023-10-09,175.09495269037185,177.3132302836497,174.09475506108697,177.25381469726562,42390800,0.0,0.0,62146000000.0,22.643669087464477,29965000000.0,26.723335870760383,352583000000.0,-0.04875905373417811,-1742000000.0,90.62281315605318,111088000000.0,-16.14734299516908
2023-10-10,176.37245706568626,177.97673842144718,176.2239029815132,176.65963745117188,43698000,0.0,0.0,62146000000.0,22.643669087464477,29965000000.0,26.723335870760383,352583000000.0,-0.04875905373417811,-1742000000.0,90.62281315605318,111088000000.0,-16.14734299516908
2023-10-11,176.4714678376734,178.10547200469523,175.87729686757618,178.0559539794922,47551100,0.0,0.0,62146000000.0,22.643669087464477,29965000000.0,26.723335870760383,352583000000.0,-0.04875905373417811,-1742000000.0,90.62281315605318,111088000000.0,-16.14734299516908
2023-10-12,178.32336180549302,180.57133234869775,177.3033387116547,178.9571533203125,56743100,0.0,0.0,62146000000.0,22.643669087464477,29965000000.0,26.723335870760383,352583000000.0,-0.04875905373417811,-1742000000.0,90.62281315605318,111088000000.0,-16.14734299516908
2023-10-13,179.6602521369707,180.16529977566205,176.41206884050376,177.1151885986328,51427100,0.0,0.0,62146000000.0,22.643669087464477,29965000000.0,26.723335870760383,352583000000.0,-0.04875905373417811,-1742000000.0,90.62281315605318,111088000000.0,-16.14734299516908
2023-10-16,175.03551235106417,177.34291299761338,174.79783492835955,176.9864044189453,52517000,0.0,0.0,62146000000.0,22.643669087464477,29965000000.0,26.723335870760383,352583000000.0,-0.04875905373417811,-1742000000.0,90.62281315605318,111088000000.0,-16.14734299516908
2023-10-17,174.93650583601004,176.6893412361662,173.1044597256959,175.43165588378906,57549400,0.0,0.0,62146000000.0,22.643669087464477,29965000000.0,26.723335870760383,352583000000.0,-0.04875905373417811,-1742000000.0,90.62281315605318,111088000000.0,-16.14734299516908
2023-10-18,173.87689630601963,175.85749653944856,173.4114540423014,174.13436889648438,54764400,0.0,0.0,62146000000.0,22.643669087464477,29965000000.0,26.723335870760383,352583000000.0,-0.04875905373417811,-1742000000.0,90.62281315605318,111088000000.0,-16.14734299516908
2023-10-19,174.33240207355175,176.11494506219307,173.4906561558451,173.75804138183594,59302900,0.0,0.0,62146000000.0,22.643669087464477,29965000000.0,26.723335870760383,352583000000.0,-0.04875905373417811,-1742000000.0,90.62281315605318,111088000000.0,-16.14734299516908
2023-10-20,173.60950111647477,173.71843472751576,170.96540176933075,171.2030792236328,64244000,0.0,0.0,62146000000.0,22.643669087464477,29965000000.0,26.723335870760383,352583000000.0,-0.04875905373417811,-1742000000.0,90.62281315605318,111088000000.0,-16.14734299516908
2023-10-23,169.25220619662628,172.3221276665047,168.28170114730867,171.32192993164062,55980100,0.0,0.0,62146000000.0,22.643669087464477,29965000000.0,26.723335870760383,352583000000.0,-0.04875905373417811,-1742000000.0,90.62281315605318,111088000000.0,-16.14734299516908
2023-10-24,171.3714130102576,171.985394156852,169.7869270122857,171.75762939453125,43816600,0.0,0.0,62146000000.0,22.643669087464477,29965000000.0,26.723335870760383,352583000000.0,-0.04875905373417811,-1742000000.0,90.62281315605318,111088000000.0,-16.14734299516908
2023-10-25,170.21280159213268,171.38134856384042,168.99472147795794,169.44036865234375,57157000,0.0,0.0,62146000000.0,22.643669087464477,29965000000.0,26.723335870760383,352583000000.0,-0.04875905373417811,-1742000000.0,90.62281315605318,111088000000.0,-16.14734299516908
2023-10-26,168.71740365821697,169.71761631425704,164.06299674951495,165.2711639404297,70625300,0.0,0.0,62146000000.0,22.643669087464477,29965000000.0,26.723335870760383,352583000000.0,-0.04875905373417811,-1742000000.0,90.62281315605318,111088000000.0,-16.14734299516908
2023-10-27,165.29098147440297,167.32109955610002,165.21175565878588,166.58827209472656,58499100,0.0,0.0,62146000000.0,22.643669087464477,29965000000.0,26.723335870760383,352583000000.0,-0.04875905373417811,-1742000000.0,90.62281315605318,111088000000.0,-16.14734299516908
2023-10-30,167.3805285943209,169.50966778359705,167.23197451155576,168.63819885253906,51131000,0.0,0.0,62146000000.0,22.643669087464477,29965000000.0,26.723335870760383,352583000000.0,-0.04875905373417811,-1742000000.0,90.62281315605318,111088000000.0,-16.14734299516908
2023-10-31,167.70733154956028,169.24228464861295,166.27138428536674,169.11355590820312,44846000,0.0,0.0,62146000000.0,22.643669087464477,29965000000.0,26.723335870760383,352583000000.0,-0.04875905373417811,-1742000000.0,90.62281315605318,111088000000.0,-16.14734299516908
2023-11-01,169.34130885799144,172.53997379429074,168.46983997695696,172.28250122070312,56934900,0.0,0.0,62146000000.0,22.643669087464477,29965000000.0,26.723335870760383,352583000000.0,-0.04875905373417811,-1742000000.0,90.62281315605318,111088000000.0,-16.14734299516908
2023-11-02,173.81746191423957,176.05553449603235,173.7580463313888,175.8475799560547,77334800,0.0,0.0,62146000000.0,22.643669087464477,29965000000.0,26.723335870760383,352583000000.0,-0.04875905373417811,-1742000000.0,90.62281315605318,111088000000.0,-16.14734299516908
2023-11-03,172.5498813500308,175.10485722122255,171.66851493448934,174.93649291992188,79829200,0.0,0.0,62146000000.0,22.643669087464477,29965000000.0,26.723335870760383,352583000000.0,-0.04875905373417811,-1742000000.0,90.62281315605318,111088000000.0,-16.14734299516908
2023-11-06,174.66913933099835,177.68954259678722,174.50079012453784,177.49148559570312,63841300,0.0,0.0,62146000000.0,22.643669087464477,29965000000.0,26.723335870760383,352583000000.0,-0.04875905373417811,-1742000000.0,90.62281315605318,111088000000.0,-16.14734299516908
2023-11-07,177.44195927584823,180.67034717470034,177.23400472320088,180.05636596679688,70530000,0.0,0.0,62146000000.0,22.643669087464477,29965000000.0,26.723335870760383,352583000000.0,-0.04875905373417811,-1742000000.0,90.62281315605318,111088000000.0,-16.14734299516908
2023-11-08,180.5812266581694,181.67054768588966,179.82858892219454,181.11598205566406,49340300,0.0,0.0,62146000000.0,22.643669087464477,29965000000.0,26.723335870760383,352583000000.0,-0.04875905373417811,-1742000000.0,90.62281315605318,111088000000.0,-16.14734299516908
2023-11-09,181.18527771245388,182.3340141208839,180.04642375244094,180.64060974121094,53763500,0.0,0.0,62146000000.0,22.643669087464477,29965000000.0,26.723335870760383,352583000000.0,-0.04875905373417811,-1742000000.0,90.62281315605318,111088000000.0,-16.14734299516908
2023-11-10,182.425536381392,185.00371491529177,181.98922784820692,184.8351287841797,66133400,0.24,0.0,62146000000.0,22.643669087464477,29965000000.0,26.723335870760383,352583000000.0,-0.04875905373417811,-1742000000.0,90.62281315605318,111088000000.0,-16.14734299516908
2023-11-13,184.26000678217753,184.46823531200093,182.66352248721634,183.24856567382812,43627500,0.0,0.0,62146000000.0,22.643669087464477,29965000000.0,26.723335870760383,352583000000.0,-0.04875905373417811,-1742000000.0,90.62281315605318,111088000000.0,-16.14734299516908
2023-11-14,186.1242211071054,186.53078271340215,184.7359804157126,185.8664093017578,60108400,0.0,0.0,62146000000.0,22.643669087464477,29965000000.0,26.723335870760383,352583000000.0,-0.04875905373417811,-1742000000.0,90.62281315605318,111088000000.0,-16.14734299516908
2023-11-15,186.2729648412074,187.90910668353808,186.20354524355434,186.43161010742188,53790500,0.0,0.0,62146000000.0,22.643669087464477,29965000000.0,26.723335870760383,352583000000.0,-0.04875905373417811,-1742000000.0,90.62281315605318,111088000000.0,-16.14734299516908
2023-11-16,187.97853127837138,189.35686136039257,187.0662415372727,188.1173553466797,54412900,0.0,0.0,62146000000.0,22.643669087464477,29965000000.0,26.723335870760383,352583000000.0,-0.04875905373417811,-1742000000.0,90.62281315605318,111088000000.0,-16.14734299516908
2023-11-17,188.6527845861859,188.78169803245333,186.98689603758916,188.0974884033203,50922700,0.0,0.0,62146000000.0,22.643669087464477,29965000000.0,26.723335870760383,352583000000.0,-0.04875905373417811,-1742000000.0,90.62281315605318,111088000000.0,-16.14734299516908
2023-11-20,188.2958266614519,190.29887250675844,188.2859160609316,189.8427276611328,46505100,0.0,0.0,62146000000.0,22.643669087464477,29965000000.0,26.723335870760383,352583000000.0,-0.04875905373417811,-1742000000.0,90.62281315605318,111088000000.0,-16.14734299516908
2023-11-21,189.8030754431615,189.91215257469014,188.14709726863614,189.03953552246094,38134500,0.0,0.0,62146000000.0,22.643669087464477,29965000000.0,26.723335870760383,352583000000.0,-0.04875905373417811,-1742000000.0,90.62281315605318,111088000000.0,-16.14734299516908
2023-11-22,189.88239992204348,191.31029805901488,189.22793715258507,189.7039031982422,39617700,0.0,0.0,62146000000.0,22.643669087464477,29965000000.0,26.723335870760383,352583000000.0,-0.04875905373417811,-1742000000.0,90.62281315605318,111088000000.0,-16.14734299516908
2023-11-24,189.26759079649733,189.2973377280717,187.66119596873028,188.37515258789062,24048300,0.0,0.0,62146000000.0,22.643669087464477,29965000000.0,26.723335870760383,352583000000.0,-0.04875905373417811,-1742000000.0,90.62281315605318,111088000000.0,-16.14734299516908
2023-11-27,188.3255687303111,189.0692722786972,187.31412766791345,188.1966552734375,40552600,0.0,0.0,62146000000.0,22.643669087464477,29965000000.0,26.723335870760383,352583000000.0,-0.04875905373417811,-1742000000.0,90.62281315605318,111088000000.0,-16.14734299516908
2023-11-28,188.18675406725092,189.47584330827428,187.80993940877178,188.80154418945312,38415400,0.0,0.0,62146000000.0,22.643669087464477,29965000000.0,26.723335870760383,352583000000.0,-0.04875905373417811,-1742000000.0,90.62281315605318,111088000000.0,-16.14734299516908
2023-11-29,189.2973512852548,190.47736342450784,187.38356127369806,187.7801971435547,43014200,0.0,0.0,62146000000.0,22.643669087464477,29965000000.0,26.723335870760383,352583000000.0,-0.04875905373417811,-1742000000.0,90.62281315605318,111088000000.0,-16.14734299516908
2023-11-30,188.24622378620953,188.72220491397636,186.61008216023393,188.3553009033203,48794400,0.0,0.0,62146000000.0,22.643669087464477,29965000000.0,26.723335870760383,352583000000.0,-0.04875905373417811,-1742000000.0,90.62281315605318,111088000000.0,-16.14734299516908
2023-12-01,188.73212704562349,189.95179660734362,187.64135580786584,189.63449096679688,45704800,0.0,0.0,62146000000.0,22.643669087464477,29965000000.0,26.723335870760383,352583000000.0,-0.04875905373417811,-1742000000.0,90.62281315605318,111088000000.0,-16.14734299516908
2023-12-04,188.38506152852514,188.45448112204545,185.87630278327032,187.8396759033203,43389500,0.0,0.0,62146000000.0,22.643669087464477,29965000000.0,26.723335870760383,352583000000.0,-0.04875905373417811,-1742000000.0,90.62281315605318,111088000000.0,-16.14734299516908
2023-12-05,188.61314558971708,192.76795676998717,188.58338352707358,191.7961883544922,66628400,0.0,0.0,62146000000.0,22.643669087464477,29965000000.0,26.723335870760383,352583000000.0,-0.04875905373417811,-1742000000.0,90.62281315605318,111088000000.0,-16.14734299516908
2023-12-06,192.81756772030812,193.12496281511594,190.49721591044622,190.70545959472656,41089700,0.0,0.0,62146000000.0,22.643669087464477,29965000000.0,26.723335870760383,352583000000.0,-0.04875905373417811,-1742000000.0,90.62281315605318,111088000000.0,-16.14734299516908
2023-12-07,192.00444213716838,193.3629358704378,191.9647694720094,192.63906860351562,47477700,0.0,0.0,62146000000.0,22.643669087464477,29965000000.0,26.723335870760383,352583000000.0,-0.04875905373417811,-1742000000.0,90.62281315605318,111088000000.0,-16.14734299516908
2023-12-08,192.56962283922067,194.3446036620394,192.04407357743747,194.06695556640625,53406400,0.0,0.0,62146000000.0,22.643669087464477,29965000000.0,26.723335870760383,352583000000.0,-0.04875905373417811,-1742000000.0,90.62281315605318,111088000000.0,-16.14734299516908
2023-12-11,191.48879255742054,191.8656072016425,189.81297812056516,191.55819702148438,60943700,0.0,0.0,62146000000.0,22.643669087464477,29965000000.0,26.723335870760383,352583000000.0,-0.04875905373417811,-1742000000.0,90.62281315605318,111088000000.0,-16.14734299516908
2023-12-12,191.45905774250062,193.08528901898003,190.1104746012234,193.07537841796875,52696900,0.0,0.0,62146000000.0,22.643669087464477,29965000000.0,26.723335870760383,352583000000.0,-0.04875905373417811,-1742000000.0,90.62281315605318,111088000000.0,-16.14734299516908
2023-12-13,193.45216455954898,196.33773797632358,193.214189106248,196.29808044433594,70404200,0.0,0.0,62146000000.0,22.643669087464477,29965000000.0,26.723335870760383,352583000000.0,-0.04875905373417811,-1742000000.0,90.62281315605318,111088000000.0,-16.14734299516908
2023-12-14,196.3575670696298,197.94412551234106,194.51318172109634,196.44680786132812,66831600,0.0,0.0,62146000000.0,22.643669087464477,29965000000.0,26.723335870760383,352583000000.0,-0.04875905373417811,-1742000000.0,90.62281315605318,111088000000.0,-16.14734299516908
2023-12-15,195.87168903034603,196.73438033852585,195.34613971264017,195.91136169433594,128538400,0.0,0.0,62146000000.0,22.643669087464477,29965000000.0,26.723335870760383,352583000000.0,-0.04875905373417811,-1742000000.0,90.62281315605318,111088000000.0,-16.14734299516908
2023-12-18,194.44375552934187,194.97923052273018,192.75803062150393,194.2454376220703,55751900,0.0,0.0,62146000000.0,22.643669087464477,29965000000.0,26.723335870760383,352583000000.0,-0.04875905373417811,-1742000000.0,90.62281315605318,111088000000.0,-16.14734299516908
2023-12-19,194.51320107826476,195.2965622122741,194.24546354583867,195.28665161132812,40714100,0.0,0.0,62146000000.0,22.643669087464477,29965000000.0,26.723335870760383,352583000000.0,-0.04875905373417811,-1742000000.0,90.62281315605318,111088000000.0,-16.14734299516908
2023-12-20,195.24698053858313,196.0204310779547,193.19436645507812,193.19436645507812,52242800,0.0,0.0,62146000000.0,22.643669087464477,29965000000.0,26.723335870760383,352583000000.0,-0.04875905373417811,-1742000000.0,90.62281315605318,111088000000.0,-16.14734299516908
2023-12-21,194.45368523269553,195.42545358966169,191.875506993429,193.04559326171875,46482500,0.0,0.0,62146000000.0,22.643669087464477,29965000000.0,26.723335870760383,352583000000.0,-0.04875905373417811,-1742000000.0,90.62281315605318,111088000000.0,-16.14734299516908
2023-12-22,193.54140785907617,193.76948784569112,191.349969834571,191.9746856689453,37149600,0.0,0.0,62146000000.0,22.643669087464477,29965000000.0,26.723335870760383,352583000000.0,-0.04875905373417811,-1742000000.0,90.62281315605318,111088000000.0,-16.14734299516908
2023-12-26,191.98458698376479,192.262235089905,191.21113652656177,191.42929077148438,28919300,0.0,0.0,62146000000.0,22.643669087464477,29965000000.0,26.723335870760383,352583000000.0,-0.04875905373417811,-1742000000.0,90.62281315605318,111088000000.0,-16.14734299516908
2023-12-27,190.87399477798158,191.87551008122907,189.48573911500236,191.5284423828125,48087700,0.0,0.0,62146000000.0,22.643669087464477,29965000000.0,26.723335870760383,352583000000.0,-0.04875905373417811,-1742000000.0,90.62281315605318,111088000000.0,-16.14734299516908
2023-12-28,192.51016078496022,193.02579953233345,191.54830289093405,191.95486450195312,34049900,0.0,0.0,62146000000.0,22.643669087464477,29965000000.0,26.723335870760383,352583000000.0,-0.04875905373417811,-1742000000.0,90.62281315605318,111088000000.0,-16.14734299516908
2023-12-29,192.27215946893213,192.76796185552627,190.12037892679615,190.91366577148438,42672100,0.0,0.0,62146000000.0,22.643669087464477,29965000000.0,26.723335870760383,352583000000.0,-0.04875905373417811,-1742000000.0,90.62281315605318,111088000000.0,-16.14734299516908
2024-01-02,185.5788148528252,186.85799339797134,182.34618895522584,184.0814971923828,82488700,0.0,0.0,62146000000.0,22.643669087464477,29965000000.0,26.723335870760383,352583000000.0,-0.04875905373417811,-1742000000.0,90.62281315605318,111088000000.0,-16.14734299516908
2024-01-03,182.67343910134508,184.3195067154423,181.8900628291485,182.70318603515625,58414500,0.0,0.0,62146000000.0,22.643669087464477,29965000000.0,26.723335870760383,352583000000.0,-0.04875905373417811,-1742000000.0,90.62281315605318,111088000000.0,-16.14734299516908
2024-01-04,180.62080322049852,181.552914127362,179.36147605378457,180.38282775878906,71983600,0.0,0.0,62146000000.0,22.643669087464477,29965000000.0,26.723335870760383,352583000000.0,-0.04875905373417811,-1742000000.0,90.62281315605318,111088000000.0,-16.14734299516908
2024-01-05,180.46216340525032,181.22568820887324,178.6574354024576,179.65895080566406,62379700,0.0,0.0,62146000000.0,22.643669087464477,29965000000.0,26.723335870760383,352583000000.0,-0.04875905373417811,-1742000000.0,90.62281315605318,111088000000.0,-16.14734299516908
2024-01-08,180.56129720920066,184.04183940945515,179.9762540642685,184.00216674804688,59144500,0.0,0.0,62146000000.0,22.643669087464477,29965000000.0,26.723335870760383,352583000000.0,-0.04875905373417811,-1742000000.0,90.62281315605318,111088000000.0,-16.14734299516908
2024-01-09,182.37593441619447,183.59560395931726,181.19592240352762,183.585693359375,42841800,0.0,0.0,62146000000.0,22.643669087464477,29965000000.0,26.723335870760383,352583000000.0,-0.04875905373417811,-1742000000.0,90.62281315605318,111088000000.0,-16.14734299516908
2024-01-10,182.8023278606972,184.8351053395885,182.3759299825551,184.6268768310547,46792900,0.0,0.0,62146000000.0,22.643669087464477,29965000000.0,26.723335870760383,352583000000.0,-0.04875905373417811,-1742000000.0,90.62281315605318,111088000000.0,-16.14734299516908
2024-01-11,184.97394287034564,185.4796709750172,182.07845882443647,184.03192138671875,49128400,0.0,0.0,62146000000.0,22.643669087464477,29965000000.0,26.723335870760383,352583000000.0,-0.04875905373417811,-1742000000.0,90.62281315605318,111088000000.0,-16.14734299516908
2024-01-12,184.49797017252533,185.17226924419936,183.63527891547233,184.35914611816406,40477800,0.0,0.0,62146000000.0,22.643669087464477,29965000000.0,26.723335870760383,352583000000.0,-0.04875905373417811,-1742000000.0,90.62281315605318,111088000000.0,-16.14734299516908
2024-01-16,180.63073389939075,182.71309489982514,179.41104910197012,182.08839416503906,65603000,0.0,0.0,62146000000.0,22.643669087464477,29965000000.0,26.723335870760383,352583000000.0,-0.04875905373417811,-1742000000.0,90.62281315605318,111088000000.0,-16.14734299516908
2024-01-17,179.7482109997081,181.3942635111242,178.78635310827863,181.1463623046875,47317400,0.0,0.0,62146000000.0,22.643669087464477,29965000000.0,26.723335870760383,352583000000.0,-0.04875905373417811,-1742000000.0,90.62281315605318,111088000000.0,-16.14734299516908
2024-01-18,184.52773258500528,187.55213023449687,184.2699207854721,187.04641723632812,78005800,0.0,0.0,62146000000.0,22.643669087464477,29965000000.0,26.723335870760383,352583000000.0,-0.04875905373417811,-1742000000.0,90.62281315605318,111088000000.0,-16.14734299516908
2024-01-19,187.74053828049293,190.3385380102556,187.23482528040057,189.95181274414062,68903000,0.0,0.0,62146000000.0,22.643669087464477,29965000000.0,26.723335870760383,352583000000.0,-0.04875905373417811,-1742000000.0,90.62281315605318,111088000000.0,-16.14734299516908
2024-01-22,190.68557454998964,193.69013538694645,190.6459018913611,192.26222229003906,60133900,0.0,0.0,62146000000.0,22.643669087464477,29965000000.0,26.723335870760383,352583000000.0,-0.04875905373417811,-1742000000.0,90.62281315605318,111088000000.0,-16.14734299516908
2024-01-23,193.38276708914043,194.10663433692045,192.20275498822556,193.54141235351562,42355600,0.0,0.0,62146000000.0,22.643669087464477,29965000000.0,26.723335870760383,352583000000.0,-0.04875905373417811,-1742000000.0,90.62281315605318,111088000000.0,-16.14734299516908
2024-01-24,193.7793857004472,194.73133285541883,192.70845082511164,192.8671112060547,53631300,0.0,0.0,62146000000.0,22.643669087464477,29965000000.0,26.723335870760383,352583000000.0,-0.04875905373417811,-1742000000.0,90.62281315605318,111088000000.0,-16.14734299516908
2024-01-25,193.58105911440475,194.62224701298916,191.4887727178786,192.5398712158203,54822100,0.0,0.0,62146000000.0,22.643669087464477,29965000000.0,26.723335870760383,352583000000.0,-0.04875905373417811,-1742000000.0,90.62281315605318,111088000000.0,-16.14734299516908
2024-01-26,192.63905549468925,193.1249321296598,190.3286146537771,190.80458068847656,44594000,0.0,0.0,62146000000.0,22.643669087464477,29965000000.0,26.723335870760383,352583000000.0,-0.04875905373417811,-1742000000.0,90.62281315605318,111088000000.0,-16.14734299516908
2024-01-29,190.3980247095346,190.5864320350317,187.98843240307312,190.12037658691406,47145600,0.0,0.0,62146000000.0,22.643669087464477,29965000000.0,26.723335870760383,352583000000.0,-0.04875905373417811,-1742000000.0,90.62281315605318,111088000000.0,-16.14734299516908
2024-01-30,189.33701232459805,190.18979301004535,185.89614265093053,186.4613494873047,55859400,0.0,0.0,62146000000.0,22.643669087464477,29965000000.0,26.723335870760383,352583000000.0,-0.04875905373417811,-1742000000.0,90.62281315605318,111088000000.0,-16.14734299516908
2024-01-31,185.46974943852436,185.5292584344751,182.8023453182215,182.85191345214844,55467800,0.0,0.0,62146000000.0,22.643669087464477,29965000000.0,26.723335870760383,352583000000.0,-0.04875905373417811,-1742000000.0,90.62281315605318,111088000000.0,-16.14734299516908
2024-02-01,182.44537406733116,185.38051582576702,182.27680306565713,185.29127502441406,64885400,0.0,0.0,62146000000.0,22.643669087464477,29965000000.0,26.723335870760383,352583000000.0,-0.04875905373417811,-1742000000.0,90.62281315605318,111088000000.0,-16.14734299516908
2024-02-02,178.35001646911297,185.75730456104918,177.7451370154647,184.28973388671875,102551700,0.0,0.0,62146000000.0,22.643669087464477,29965000000.0,26.723335870760383,352583000000.0,-0.04875905373417811,-1742000000.0,90.62281315605318,111088000000.0,-16.14734299516908
2024-02-05,186.5704408518845,187.66121220628375,184.27983613833493,186.10438537597656,69668800,0.0,0.0,62146000000.0,22.643669087464477,29965000000.0,26.723335870760383,352583000000.0,-0.04875905373417811,-1742000000.0,90.62281315605318,111088000000.0,-16.14734299516908
2024-02-06,185.291266866256,187.72069551270494,185.2020260688322,187.71078491210938,43490800,0.0,0.0,62146000000.0,22.643669087464477,29965000000.0,26.723335870760383,352583000000.0,-0.04875905373417811,-1742000000.0,90.62281315605318,111088000000.0,-16.14734299516908
2024-02-07,189.03953967028943,189.44610127224303,187.02658312392904,187.8198699951172,53439000,0.0,0.0,62146000000.0,22.643669087464477,29965000000.0,26.723335870760383,352583000000.0,-0.04875905373417811,-1742000000.0,90.62281315605318,111088000000.0,-16.14734299516908
2024-02-08,187.8000228857875,187.94875754592414,185.77715585449096,186.739013671875,40962000,0.0,0.0,62146000000.0,22.643669087464477,29965000000.0,26.723335870760383,352583000000.0,-0.04875905373417811,-1742000000.0,90.62281315605318,111088000000.0,-16.14734299516908
2024-02-09,187.304938639922,188.63539609029752,186.65957913376621,187.50352478027344,45155200,0.24,0.0,62146000000.0,22.643669087464477,29965000000.0,26.723335870760383,352583000000.0,-0.04875905373417811,-1742000000.0,90.62281315605318,111088000000.0,-16.14734299516908
2024-02-12,187.07660801079692,187.32482556974608,185.45822467844926,185.81565856933594,41781900,0.0,0.0,62146000000.0,22.643669087464477,29965000000.0,26.723335870760383,352583000000.0,-0.04875905373417811,-1742000000.0,90.62281315605318,111088000000.0,-16.14734299516908
2024-02-13,184.44546335353002,184.88232857566155,182.20156746712615,183.7206573486328,56529500,0.0,0.0,62146000000.0,22.643669087464477,29965000000.0,26.723335870760383,352583000000.0,-0.04875905373417811,-1742000000.0,90.62281315605318,111088000000.0,-16.14734299516908
2024-02-14,183.9986922104331,184.2071864451767,181.13922150541597,182.83702087402344,54630500,0.0,0.0,62146000000.0,22.643669087464477,29965000000.0,26.723335870760383,352583000000.0,-0.04875905373417811,-1742000000.0,90.62281315605318,111088000000.0,-16.14734299516908
2024-02-15,182.24128500065143,183.17458519121215,180.05697410890977,182.549072265625,65434500,0.0,0.0,62146000000.0,22.643669087464477,29965000000.0,26.723335870760383,352583000000.0,-0.04875905373417811,-1742000000.0,90.62281315605318,111088000000.0,-16.14734299516908
2024-02-16,182.1122335213933,183.53204565484478,180.37471083115267,181.01014709472656,49752500,0.0,0.0,62146000000.0,22.643669087464477,29965000000.0,26.723335870760383,352583000000.0,-0.04875905373417811,-1742000000.0,90.62281315605318,111088000000.0,-16.14734299516908
2024-02-20,180.49384354523508,181.12927978468986,178.7166127841021,180.26548767089844,53665600,0.0,0.0,62146000000.0,22.643669087464477,29965000000.0,26.723335870760383,352583000000.0,-0.04875905373417811,-1742000000.0,90.62281315605318,111088000000.0,-16.14734299516908
2024-02-21,180.64278508736416,181.5860086349742,179.37191259479573,181.02008056640625,41371400,0.0,0.0,62146000000.0,22.643669087464477,29965000000.0,26.723335870760383,352583000000.0,-0.04875905373417811,-1742000000.0,90.62281315605318,111088000000.0,-16.14734299516908
2024-02-22,182.17179668082835,183.64125529629035,181.15908011476066,183.05545043945312,52292200,0.0,0.0,62146000000.0,22.643669087464477,29965000000.0,26.723335870760383,352583000000.0,-0.04875905373417811,-1742000000.0,90.62281315605318,111088000000.0,-16.14734299516908
2024-02-23,183.69089534874325,183.72068024032762,180.93071762862238,181.21865844726562,45119700,0.0,0.0,62146000000.0,22.643669087464477,29965000000.0,26.723335870760383,352583000000.0,-0.04875905373417811,-1742000000.0,90.62281315605318,111088000000.0,-16.14734299516908
2024-02-26,180.94063332165365,181.45691481099774,179.36195851579282,179.8683319091797,40867400,0.0,0.0,62146000000.0,22.643669087464477,29965000000.0,26.723335870760383,352583000000.0,-0.04875905373417811,-1742000000.0,90.62281315605318,111088000000.0,-16.14734299516908
2024-02-27,179.8087756065873,182.60866132395924,178.27974721589908,181.32786560058594,54318900,0.0,0.0,62146000000.0,22.643669087464477,29965000000.0,26.723335870760383,352583000000.0,-0.04875905373417811,-1742000000.0,90.62281315605318,111088000000.0,-16.14734299516908
2024-02-28,181.20868945525086,181.8143407318694,178.84566927188095,180.12646484375,48953900,0.0,0.0,62146000000.0,22.643669087464477,29965000000.0,26.723335870760383,352583000000.0,-0.04875905373417811,-1742000000.0,90.62281315605318,111088000000.0,-16.14734299516908
2024-02-29,179.97756989489093,181.26830407372196,178.2499704416867,179.46127319335938,136682600,0.0,0.0,62146000000.0,22.643669087464477,29965000000.0,26.723335870760383,352583000000.0,-0.04875905373417811,-1742000000.0,90.62281315605318,111088000000.0,-16.14734299516908
2024-03-01,178.26984251290932,179.2428510400178,176.11531605645658,178.37905883789062,73563100,0.0,0.0,62146000000.0,22.643669087464477,29965000000.0,26.723335870760383,352583000000.0,-0.04875905373417811,-1742000000.0,90.62281315605318,111088000000.0,-16.14734299516908
2024-03-04,174.8940486462885,175.63870116419773,172.55087478393426,173.85154724121094,81510100,0.0,0.0,62146000000.0,22.643669087464477,29965000000.0,26.723335870760383,352583000000.0,-0.04875905373417811,-1742000000.0,90.62281315605318,111088000000.0,-16.14734299516908
2024-03-05,169.5424796657224,170.8133520831047,168.41060844555398,168.90704345703125,95132400,0.0,0.0,62146000000.0,22.643669087464477,29965000000.0,26.723335870760383,352583000000.0,-0.04875905373417811,-1742000000.0,90.62281315605318,111088000000.0,-16.14734299516908
2024-03-06,169.8403395327639,170.01906401050476,167.47730408815008,167.91416931152344,68587700,0.0,0.0,62146000000.0,22.643669087464477,29965000000.0,26.723335870760383,352583000000.0,-0.04875905373417811,-1742000000.0,90.62281315605318,111088000000.0,-16.14734299516908
2024-03-07,167.94398367002375,169.51272036105578,167.2887008699696,167.79505920410156,71765100,0.0,0.0,62146000000.0,22.643669087464477,29965000000.0,26.723335870760383,352583000000.0,-0.04875905373417811,-1742000000.0,90.62281315605318,111088000000.0,-16.14734299516908
2024-03-08,167.79503440936114,172.4615205019895,167.73546463179477,169.5126953125,76267000,0.0,0.0,62146000000.0,22.643669087464477,29965000000.0,26.723335870760383,352583000000.0,-0.04875905373417811,-1742000000.0,90.62281315605318,111088000000.0,-16.14734299516908
2024-03-11,171.7069430151515,173.13667826239134,170.8232893067872,171.51829528808594,60139500,0.0,0.0,62146000000.0,22.643669087464477,29965000000.0,26.723335870760383,352583000000.0,-0.04875905373417811,-1742000000.0,90.62281315605318,111088000000.0,-16.14734299516908
2024-03-12,171.91544162555573,172.7891721100731,169.79070034274764,171.994873046875,59825400,0.0,0.0,62146000000.0,22.643669087464477,29965000000.0,26.723335870760383,352583000000.0,-0.04875905373417811,-1742000000.0,90.62281315605318,111088000000.0,-16.14734299516908
2024-03-13,171.53817270319811,171.9551763303205,169.54249409126064,169.9098663330078,52488700,0.0,0.0,62146000000.0,22.643669087464477,29965000000.0,26.723335870760383,352583000000.0,-0.04875905373417811,-1742000000.0,90.62281315605318,111088000000.0,-16.14734299516908
2024-03-14,171.67715534575908,173.06716728584055,170.82328653971078,171.76651000976562,72913500,0.0,0.0,62146000000.0,22.643669087464477,29965000000.0,26.723335870760383,352583000000.0,-0.04875905373417811,-1742000000.0,90.62281315605318,111088000000.0,-16.14734299516908
2024-03-15,169.94956266563446,171.38922119140625,169.0758321837892,171.38922119140625,121752700,0.0,0.0,62146000000.0,22.643669087464477,29965000000.0,26.723335870760383,352583000000.0,-0.04875905373417811,-1742000000.0,90.62281315605318,111088000000.0,-16.14734299516908
2024-03-18,174.31819990832292,176.44294118443133,172.282813299669,172.48138427734375,75604200,0.0,0.0,62146000000.0,22.643669087464477,29965000000.0,26.723335870760383,352583000000.0,-0.04875905373417811,-1742000000.0,90.62281315605318,111088000000.0,-16.14734299516908
2024-03-19,173.09695515946524,175.35077434046616,171.79629786095623,174.82455444335938,55215200,0.0,0.0,62146000000.0,22.643669087464477,29965000000.0,26.723335870760383,352583000000.0,-0.04875905373417811,-1742000000.0,90.62281315605318,111088000000.0,-16.14734299516908
2024-03-20,174.46712406809783,177.39608764648438,173.84161109695287,177.39608764648438,53423100,0.0,0.0,62146000000.0,22.643669087464477,29965000000.0,26.723335870760383,352583000000.0,-0.04875905373417811,-1742000000.0,90.62281315605318,111088000000.0,-16.14734299516908
2024-03-21,175.78764197696165,176.22450721449738,169.6219124199128,170.14813232421875,106181300,0.0,0.0,62146000000.0,22.643669087464477,29965000000.0,26.723335870760383,352583000000.0,-0.04875905373417811,-1742000000.0,90.62281315605318,111088000000.0,-16.14734299516908
2024-03-22,170.53535433298114,171.8161651814705,168.84747827799018,171.05165100097656,71160100,0.0,0.0,62146000000.0,22.643669087464477,29965000000.0,26.723335870760383,352583000000.0,-0.04875905373417811,-1742000000.0,90.62281315605318,111088000000.0,-16.14734299516908
2024-03-25,169.3538487990515,170.7140758962492,168.24182406010684,169.63185119628906,54288300,0.0,0.0,62146000000.0,22.643669087464477,29965000000.0,26.723335870760383,352583000000.0,-0.04875905373417811,-1742000000.0,90.62281315605318,111088000000.0,-16.14734299516908
2024-03-26,168.78791039294236,170.19778406175462,168.37090678526505,168.49998474121094,57388400,0.0,0.0,62146000000.0,22.643669087464477,29965000000.0,26.723335870760383,352583000000.0,-0.04875905373417811,-1742000000.0,90.62281315605318,111088000000.0,-16.14734299516908
2024-03-27,169.19499314475576,172.36225110852925,168.89712909220745,172.07431030273438,60273300,0.0,0.0,62146000000.0,22.643669087464477,29965000000.0,26.723335870760383,352583000000.0,-0.04875905373417811,-1742000000.0,90.62281315605318,111088000000.0,-16.14734299516908
2024-03-28,170.5254338962422,171.00200728609337,169.29426955996547,170.25735473632812,65672700,0.0,0.0,62146000000.0,22.643669087464477,29965000000.0,26.723335870760383,352583000000.0,-0.04875905373417811,-1742000000.0,90.62281315605318,111088000000.0,-16.14734299516908
2024-04-01,169.96943620832081,170.02900599080004,168.2716216576847,168.8177032470703,46240500,0.0,0.0,62146000000.0,22.643669087464477,29965000000.0,26.723335870760383,352583000000.0,-0.04875905373417811,-1742000000.0,90.62281315605318,111088000000.0,-16.14734299516908
2024-04-02,167.87447897129715,168.13261974429108,167.0305333230549,167.6361846923828,49329500,0.0,0.0,62146000000.0,22.643669087464477,29965000000.0,26.723335870760383,352583000000.0,-0.04875905373417811,-1742000000.0,90.62281315605318,111088000000.0,-16.14734299516908
2024-04-03,167.58654549603682,169.4630694684258,167.37805124910258,168.44041442871094,47691700,0.0,0.0,62146000000.0,22.643669087464477,29965000000.0,26.723335870760383,352583000000.0,-0.04875905373417811,-1742000000.0,90.62281315605318,111088000000.0,-16.14734299516908
2024-04-04,169.07582268557752,170.69420560535343,167.61631774902344,167.61631774902344,53704400,0.0,0.0,62146000000.0,22.643669087464477,29965000000.0,26.723335870760383,352583000000.0,-0.04875905373417811,-1742000000.0,90.62281315605318,111088000000.0,-16.14734299516908
2024-04-05,168.3808338913719,169.17513298848516,167.74539764368038,168.37091064453125,42104800,0.0,0.0,62146000000.0,22.643669087464477,29965000000.0,26.723335870760383,352583000000.0,-0.04875905373417811,-1742000000.0,90.62281315605318,111088000000.0,-16.14734299516908
2024-04-08,167.82482886831443,167.99361496437555,167.04046816897213,167.24896240234375,37425500,0.0,0.0,62146000000.0,22.643669087464477,29965000000.0,26.723335870760383,352583000000.0,-0.04875905373417811,-1742000000.0,90.62281315605318,111088000000.0,-16.14734299516908
2024-04-09,167.49719608690285,168.86736178126412,167.14970061441764,168.4602813720703,42373800,0.0,0.0,62146000000.0,22.643669087464477,29965000000.0,26.723335870760383,352583000000.0,-0.04875905373417811,-1742000000.0,90.62281315605318,111088000000.0,-16.14734299516908
2024-04-10,167.59647195447172,167.88439761067826,165.91851910107465,166.583740234375,49709300,0.0,0.0,62146000000.0,22.643669087464477,29965000000.0,26.723335870760383,352583000000.0,-0.04875905373417811,-1742000000.0,90.62281315605318,111088000000.0,-16.14734299516908
2024-04-11,167.13975023930564,174.208995705804,166.9610408919762,173.79197692871094,91070300,0.0,0.0,62146000000.0,22.643669087464477,29965000000.0,26.723335870760383,352583000000.0,-0.04875905373417811,-1742000000.0,90.62281315605318,111088000000.0,-16.14734299516908
2024-04-12,173.0175330436537,177.0883063929916,172.96790166012116,175.2912139892578,101670900,0.0,0.0,62146000000.0,22.643669087464477,29965000000.0,26.723335870760383,352583000000.0,-0.04875905373417811,-1742000000.0,90.62281315605318,111088000000.0,-16.14734299516908
2024-04-15,174.1097015871075,175.37065085788137,171.27009249111015,171.458740234375,73531800,0.0,0.0,62146000000.0,22.643669087464477,29965000000.0,26.723335870760383,352583000000.0,-0.04875905373417811,-1742000000.0,90.62281315605318,111088000000.0,-16.14734299516908
2024-04-16,170.52542991803605,172.5210932508517,167.0702464097302,168.17233276367188,73711200,0.0,0.0,62146000000.0,22.643669087464477,29965000000.0,26.723335870760383,352583000000.0,-0.04875905373417811,-1742000000.0,90.62281315605318,111088000000.0,-16.14734299516908
2024-04-17,168.4006911997193,169.43326939438703,166.8021697998047,166.8021697998047,50901200,0.0,0.0,62146000000.0,22.643669087464477,29965000000.0,26.723335870760383,352583000000.0,-0.04875905373417811,-1742000000.0,90.62281315605318,111088000000.0,-16.14734299516908
2024-04-18,166.83194578270678,167.4375970919546,165.36250241682455,165.8489990234375,43122900,0.0,0.0,62146000000.0,22.643669087464477,29965000000.0,26.723335870760383,352583000000.0,-0.04875905373417811,-1742000000.0,90.62281315605318,111088000000.0,-16.14734299516908
2024-04-19,165.02494208062998,165.21357466916862,162.9101239696921,163.8235626220703,68149400,0.0,0.0,62146000000.0,22.643669087464477,29965000000.0,26.723335870760383,352583000000.0,-0.04875905373417811,-1742000000.0,90.62281315605318,111088000000.0,-16.14734299516908
2024-04-22,164.33986695337822,166.06745127090076,163.5952143613438,164.65757751464844,48116400,0.0,0.0,62146000000.0,22.643669087464477,29965000000.0,26.723335870760383,352583000000.0,-0.04875905373417811,-1742000000.0,90.62281315605318,111088000000.0,-16.14734299516908
2024-04-23,164.17107024309314,165.85894631264824,163.74412823991455,165.7100067138672,49537800,0.0,0.0,62146000000.0,22.643669087464477,29965000000.0,26.723335870760383,352583000000.0,-0.04875905373417811,-1742000000.0,90.62281315605318,111088000000.0,-16.14734299516908
2024-04-24,165.35256706337344,168.09289802448964,165.02493328758231,167.8148956298828,48251800,0.0,0.0,62146000000.0,22.643669087464477,29965000000.0,26.723335870760383,352583000000.0,-0.04875905373417811,-1742000000.0,90.62281315605318,111088000000.0,-16.14734299516908
2024-04-25,168.32127707377066,169.39357866495865,166.95111140447554,168.6787109375,50558300,0.0,0.0,62146000000.0,22.643669087464477,29965000000.0,26.723335870760383,352583000000.0,-0.04875905373417811,-1742000000.0,90.62281315605318,111088000000.0,-16.14734299516908
2024-04-26,168.66874661981072,170.1183282169712,167.9737255567964,168.09288024902344,44838400,0.0,0.0,62146000000.0,22.643669087464477,29965000000.0,26.723335870760383,352583000000.0,-0.04875905373417811,-1742000000.0,90.62281315605318,111088000000.0,-16.14734299516908
2024-04-29,172.1338767566388,174.7749147415349,171.86581274952138,172.26295471191406,68169400,0.0,0.0,62146000000.0,22.643669087464477,29965000000.0,26.723335870760383,352583000000.0,-0.04875905373417811,-1742000000.0,90.62281315605318,111088000000.0,-16.14734299516908
2024-04-30,172.09414938579766,173.74231713050509,168.78789065093028,169.11553955078125,65934800,0.0,0.0,62146000000.0,22.643669087464477,29965000000.0,26.723335870760383,352583000000.0,-0.04875905373417811,-1742000000.0,90.62281315605318,111088000000.0,-16.14734299516908
2024-05-01,168.3708826142321,171.4785703074486,167.90423254049057,168.09288024902344,50383100,0.0,0.0,62146000000.0,22.643669087464477,29965000000.0,26.723335870760383,352583000000.0,-0.04875905373417811,-1742000000.0,90.62281315605318,111088000000.0,-16.14734299516908
2024-05-02,171.2800137361139,172.18352915382397,169.67156903864844,171.7963104248047,94214900,0.0,0.0,62146000000.0,22.643669087464477,29965000000.0,26.723335870760383,352583000000.0,-0.04875905373417811,-1742000000.0,90.62281315605318,111088000000.0,-16.14734299516908
2024-05-03,185.3191838346203,185.66669440285864,181.3576421366733,182.072509765625,163224100,0.0,0.0,62146000000.0,22.643669087464477,29965000000.0,26.723335870760383,352583000000.0,-0.04875905373417811,-1742000000.0,90.62281315605318,111088000000.0,-16.14734299516908
2024-05-06,181.04986495546194,182.88666551151155,179.1336178251023,180.4144287109375,78569700,0.0,0.0,62146000000.0,22.643669087464477,29965000000.0,26.723335870760383,352583000000.0,-0.04875905373417811,-1742000000.0,90.62281315605318,111088000000.0,-16.14734299516908
2024-05-07,182.1420038655686,183.5816623782166,180.02720100491794,181.0994873046875,77305800,0.0,0.0,62146000000.0,22.643669087464477,29965000000.0,26.723335870760383,352583000000.0,-0.04875905373417811,-1742000000.0,90.62281315605318,111088000000.0,-16.14734299516908
2024-05-08,181.5463043299869,181.76473696457006,180.15627709627628,181.4370880126953,45057100,0.0,0.0,62146000000.0,22.643669087464477,29965000000.0,26.723335870760383,352583000000.0,-0.04875905373417811,-1742000000.0,90.62281315605318,111088000000.0,-16.14734299516908
2024-05-09,181.25836496086742,183.34339825305352,180.81157644111198,183.25404357910156,48983000,0.0,0.0,62146000000.0,22.643669087464477,29965000000.0,26.723335870760383,352583000000.0,-0.04875905373417811,-1742000000.0,90.62281315605318,111088000000.0,-16.14734299516908
2024-05-10,183.83067066594327,184.01957427538,181.07670119634082,181.9913787841797,50759500,0.25,0.0,62146000000.0,22.643669087464477,29965000000.0,26.723335870760383,352583000000.0,-0.04875905373417811,-1742000000.0,90.62281315605318,111088000000.0,-16.14734299516908
2024-05-13,184.3675441223296,186.01794745703555,183.55227916041125,185.2026824951172,72044800,0.0,0.0,62146000000.0,22.643669087464477,29965000000.0,26.723335870760383,352583000000.0,-0.04875905373417811,-1742000000.0,90.62281315605318,111088000000.0,-16.14734299516908
2024-05-14,186.42556271379902,187.2110023802185,185.2126171602605,186.3460235595703,52393600,0.0,0.0,62146000000.0,22.643669087464477,29965000000.0,26.723335870760383,352583000000.0,-0.04875905373417811,-1742000000.0,90.62281315605318,111088000000.0,-16.14734299516908
2024-05-15,186.82328796013638,189.54743236218252,186.2864023770235,188.62281799316406,70400000,0.0,0.0,62146000000.0,22.643669087464477,29965000000.0,26.723335870760383,352583000000.0,-0.04875905373417811,-1742000000.0,90.62281315605318,111088000000.0,-16.14734299516908
2024-05-16,189.36845732702145,189.99481870677727,188.5631442219314,188.74209594726562,52845200,0.0,0.0,62146000000.0,22.643669087464477,29965000000.0,26.723335870760383,352583000000.0,-0.04875905373417811,-1742000000.0,90.62281315605318,111088000000.0,-16.14734299516908
2024-05-17,188.4140082479681,189.70649303935699,188.08591490450098,188.7719268798828,41282900,0.0,0.0,62146000000.0,22.643669087464477,29965000000.0,26.723335870760383,352583000000.0,-0.04875905373417811,-1742000000.0,90.62281315605318,111088000000.0,-16.14734299516908
2024-05-20,188.23504809883084,190.81006568993442,187.91689147556073,189.93515014648438,44361300,0.0,0.0,62146000000.0,22.643669087464477,29965000000.0,26.723335870760383,352583000000.0,-0.04875905373417811,-1742000000.0,90.62281315605318,111088000000.0,-16.14734299516908
2024-05-21,189.98485665329835,191.61537135801854,189.81584164268895,191.23757934570312,42309400,0.0,0.0,62146000000.0,22.643669087464477,29965000000.0,26.723335870760383,352583000000.0,-0.04875905373417811,-1742000000.0,90.62281315605318,111088000000.0,-16.14734299516908
2024-05-22,191.15806201805708,191.7048842739564,189.1696284842733,189.7959747314453,34648500,0.0,0.0,62146000000.0,22.643669087464477,29965000000.0,26.723335870760383,352583000000.0,-0.04875905373417811,-1742000000.0,90.62281315605318,111088000000.0,-16.14734299516908
2024-05-23,189.87551988281993,189.89540846653745,185.55068591274116,185.7992401123047,51005900,0.0,0.0,62146000000.0,22.643669087464477,29965000000.0,26.723335870760383,352583000000.0,-0.04875905373417811,-1742000000.0,90.62281315605318,111088000000.0,-16.14734299516908
2024-05-24,187.72800676525614,189.47782271626807,186.9525037733123,188.88128662109375,36327000,0.0,0.0,62146000000.0,22.643669087464477,29965000000.0,26.723335870760383,352583000000.0,-0.04875905373417811,-1742000000.0,90.62281315605318,111088000000.0,-16.14734299516908
2024-05-28,190.40243380522858,191.88382214222983,188.00638309980087,188.8912353515625,52280100,0.0,0.0,62146000000.0,22.643669087464477,29965000000.0,26.723335870760383,352583000000.0,-0.04875905373417811,-1742000000.0,90.62281315605318,111088000000.0,-16.14734299516908
2024-05-29,188.51345399670836,191.13818582461732,188.41402624535667,189.18951416015625,53068000,0.0,0.0,62146000000.0,22.643669087464477,29965000000.0,26.723335870760383,352583000000.0,-0.04875905373417811,-1742000000.0,90.62281315605318,111088000000.0,-16.14734299516908
2024-05-30,189.6567821553814,191.06856812279528,189.52754429358754,190.1837158203125,49889100,0.0,0.0,62146000000.0,22.643669087464477,29965000000.0,26.723335870760383,352583000000.0,-0.04875905373417811,-1742000000.0,90.62281315605318,111088000000.0,-16.14734299516908
2024-05-31,190.33287039705309,191.45634025792617,188.81171987650453,191.13818359375,75158300,0.0,0.0,62146000000.0,22.643669087464477,29965000000.0,26.723335870760383,352583000000.0,-0.04875905373417811,-1742000000.0,90.62281315605318,111088000000.0,-16.14734299516908
2024-06-03,191.784412862338,193.8623374845637,191.4066207978332,192.9078826904297,50080500,0.0,0.0,62146000000.0,22.643669087464477,29965000000.0,26.723335870760383,352583000000.0,-0.04875905373417811,-1742000000.0,90.62281315605318,111088000000.0,-16.14734299516908
2024-06-04,193.51434462038463,194.19041988861153,191.91365507081835,193.2260284423828,47471400,0.0,0.0,62146000000.0,22.643669087464477,29965000000.0,26.723335870760383,352583000000.0,-0.04875905373417811,-1742000000.0,90.62281315605318,111088000000.0,-16.14734299516908
2024-06-05,194.269945311189,195.76127042413225,193.74301165159252,194.7372283935547,54156800,0.0,0.0,62146000000.0,22.643669087464477,29965000000.0,26.723335870760383,352583000000.0,-0.04875905373417811,-1742000000.0,90.62281315605318,111088000000.0,-16.14734299516908
2024-06-06,194.55826398135935,195.36357706257476,193.04705038431933,193.35525512695312,41181800,0.0,0.0,62146000000.0,22.643669087464477,29965000000.0,26.723335870760383,352583000000.0,-0.04875905373417811,-1742000000.0,90.62281315605318,111088000000.0,-16.14734299516908
2024-06-07,193.52429170702464,195.80105664694403,193.01724660656404,195.7513427734375,53103900,0.0,0.0,62146000000.0,22.643669087464477,29965000000.0,26.723335870760383,352583000000.0,-0.04875905373417811,-1742000000.0,90.62281315605318,111088000000.0,-16.14734299516908
2024-06-10,195.76126603853862,196.15896182874013,191.03873662001607,192.0031280517578,97010200,0.0,0.0,62146000000.0,22.643669087464477,29965000000.0,26.723335870760383,352583000000.0,-0.04875905373417811,-1742000000.0,90.62281315605318,111088000000.0,-16.14734299516908
2024-06-11,192.53005531977516,205.9619324668351,192.51018190883102,205.9519805908203,172373300,0.0,0.0,62146000000.0,22.643669087464477,29965000000.0,26.723335870760383,352583000000.0,-0.04875905373417811,-1742000000.0,90.62281315605318,111088000000.0,-16.14734299516908
2024-06-12,206.17072098738436,218.92652361101457,205.7034379048798,211.8377685546875,198134300,0.0,0.0,62146000000.0,22.643669087464477,29965000000.0,26.723335870760383,352583000000.0,-0.04875905373417811,-1742000000.0,90.62281315605318,111088000000.0,-16.14734299516908
2024-06-13,213.49810017257707,215.49647028335949,210.37626033331,213.00099182128906,97862700,0.0,0.0,62146000000.0,22.643669087464477,29965000000.0,26.723335870760383,352583000000.0,-0.04875905373417811,-1742000000.0,90.62281315605318,111088000000.0,-16.14734299516908
2024-06-14,212.61324369392398,213.9256018265929,210.07798811856898,211.2611083984375,70122700,0.0,0.0,62146000000.0,22.643669087464477,29965000000.0,26.723335870760383,352583000000.0,-0.04875905373417811,-1742000000.0,90.62281315605318,111088000000.0,-16.14734299516908
2024-06-17,212.13602802573277,217.6837594401996,211.4897931914233,215.4169464111328,93728300,0.0,0.0,62146000000.0,22.643669087464477,29965000000.0,26.723335870760383,352583000000.0,-0.04875905373417811,-1742000000.0,90.62281315605318,111088000000.0,-16.14734299516908
2024-06-18,216.3316233309755,217.3656172672209,211.7681719978675,213.0507049560547,79943300,0.0,0.0,62146000000.0,22.643669087464477,29965000000.0,26.723335870760383,352583000000.0,-0.04875905373417811,-1742000000.0,90.62281315605318,111088000000.0,-16.14734299516908
2024-06-20,212.6927826496957,213.00100258632773,207.64217489543017,208.4673614501953,86172500,0.0,0.0,62146000000.0,22.643669087464477,29965000000.0,26.723335870760383,352583000000.0,-0.04875905373417811,-1742000000.0,90.62281315605318,111088000000.0,-16.14734299516908
2024-06-21,209.17326157128963,210.66458669732776,205.91223184266303,206.2900390625,241805100,0.0,0.0,62146000000.0,22.643669087464477,29965000000.0,26.723335870760383,352583000000.0,-0.04875905373417811,-1742000000.0,90.62281315605318,111088000000.0,-16.14734299516908
2024-06-24,206.51869484312465,211.46988977828624,205.39522511371305,206.93626403808594,80727000,0.0,0.0,62146000000.0,22.643669087464477,29965000000.0,26.723335870760383,352583000000.0,-0.04875905373417811,-1742000000.0,90.62281315605318,111088000000.0,-16.14734299516908
2024-06-25,207.94042486793816,210.15753911842552,207.40355450398363,207.86090087890625,55549700,0.0,0.0,62146000000.0,22.643669087464477,29965000000.0,26.723335870760383,352583000000.0,-0.04875905373417811,-1742000000.0,90.62281315605318,111088000000.0,-16.14734299516908
2024-06-26,210.2768291728298,213.6173978459433,209.42180221570723,212.01670837402344,66213200,0.0,0.0,62146000000.0,22.643669087464477,29965000000.0,26.723335870760383,352583000000.0,-0.04875905373417811,-1742000000.0,90.62281315605318,111088000000.0,-16.14734299516908
2024-06-27,213.44838535845383,214.49231592564604,211.12192192565487,212.86180114746094,49772700,0.0,0.0,62146000000.0,22.643669087464477,29965000000.0,26.723335870760383,352583000000.0,-0.04875905373417811,-1742000000.0,90.62281315605318,111088000000.0,-16.14734299516908
2024-06-28,214.52214161134154,214.8204096554565,209.08377504858177,209.40191650390625,82542700,0.0,0.0,62146000000.0,22.643669087464477,29965000000.0,26.723335870760383,352583000000.0,-0.04875905373417811,-1742000000.0,90.62281315605318,111088000000.0,-16.14734299516908
2024-07-01,210.86342163866271,216.25207446959737,210.6944066158183,215.49647521972656,60402900,0.0,0.0,62146000000.0,22.643669087464477,29965000000.0,26.723335870760383,352583000000.0,-0.04875905373417811,-1742000000.0,90.62281315605318,111088000000.0,-16.14734299516908
2024-07-02,214.89995598050683,219.10550398155982,213.85604047340246,218.9961395263672,58046200,0.0,0.0,62146000000.0,22.643669087464477,29965000000.0,26.723335870760383,352583000000.0,-0.04875905373417811,-1742000000.0,90.62281315605318,111088000000.0,-16.14734299516908
2024-07-03,218.72769869983824,220.26873779296875,217.76330717829083,220.26873779296875,37369800,0.0,0.0,62146000000.0,22.643669087464477,29965000000.0,26.723335870760383,352583000000.0,-0.04875905373417811,-1742000000.0,90.62281315605318,111088000000.0,-16.14734299516908
2024-07-05,220.36814201808318,225.14038557018992,220.36814201808318,225.03102111816406,60412400,0.0,0.0,62146000000.0,22.643669087464477,29965000000.0,26.723335870760383,352583000000.0,-0.04875905373417811,-1742000000.0,90.62281315605318,111088000000.0,-16.14734299516908
2024-07-08,225.77666754871936,226.53228195249955,221.95887904834774,226.50245666503906,59085900,0.0,0.0,62146000000.0,22.643669087464477,29965000000.0,26.723335870760383,352583000000.0,-0.04875905373417811,-1742000000.0,90.62281315605318,111088000000.0,-16.14734299516908
2024-07-09,226.61180512644188,228.0733048889389,225.0608295018841,227.3574676513672,48076100,0.0,0.0,62146000000.0,22.643669087464477,29965000000.0,26.723335870760383,352583000000.0,-0.04875905373417811,-1742000000.0,90.62281315605318,111088000000.0,-16.14734299516908
2024-07-10,227.97390377810078,231.73204187894612,227.9241899064988,231.6326141357422,62627700,0.0,0.0,62146000000.0,22.643669087464477,29965000000.0,26.723335870760383,352583000000.0,-0.04875905373417811,-1742000000.0,90.62281315605318,111088000000.0,-16.14734299516908
2024-07-11,230.0518217466028,231.04603853364384,224.46432825800636,226.25392150878906,64710600,0.0,0.0,62146000000.0,22.643669087464477,29965000000.0,26.723335870760383,352583000000.0,-0.04875905373417811,-1742000000.0,90.62281315605318,111088000000.0,-16.14734299516908
2024-07-12,227.59609977127653,231.29458734662404,227.357482286545,229.20672607421875,53046500,0.0,0.0,62146000000.0,22.643669087464477,29965000000.0,26.723335870760383,352583000000.0,-0.04875905373417811,-1742000000.0,90.62281315605318,111088000000.0,-16.14734299516908
2024-07-15,235.11237576276483,235.8580383346859,231.7419815445035,233.04440307617188,62631300,0.0,0.0,62146000000.0,22.643669087464477,29965000000.0,26.723335870760383,352583000000.0,-0.04875905373417811,-1742000000.0,90.62281315605318,111088000000.0,-16.14734299516908
2024-07-16,233.64092682357534,234.9035862928846,230.98637002864072,233.46197509765625,43234300,0.0,0.0,62146000000.0,22.643669087464477,29965000000.0,26.723335870760383,352583000000.0,-0.04875905373417811,-1742000000.0,90.62281315605318,111088000000.0,-16.14734299516908
2024-07-17,228.1230311101644,230.1214164943178,225.32928445945876,227.55633544921875,57345900,0.0,0.0,62146000000.0,22.643669087464477,29965000000.0,26.723335870760383,352583000000.0,-0.04875905373417811,-1742000000.0,90.62281315605318,111088000000.0,-16.14734299516908
2024-07-18,228.94822726389444,229.10730558155058,220.9845567217071,222.8834991455078,66034600,0.0,0.0,62146000000.0,22.643669087464477,29965000000.0,26.723335870760383,352583000000.0,-0.04875905373417811,-1742000000.0,90.62281315605318,111088000000.0,-16.14734299516908
2024-07-19,223.5198165983548,225.4883615119168,221.9887143107171,223.01275634765625,49151500,0.0,0.0,62146000000.0,22.643669087464477,29965000000.0,26.723335870760383,352583000000.0,-0.04875905373417811,-1742000000.0,90.62281315605318,111088000000.0,-16.14734299516908
2024-07-22,225.69712847330965,226.46267958300487,221.7998008147913,222.66477966308594,48201800,0.0,0.0,62146000000.0,22.643669087464477,29965000000.0,26.723335870760383,352583000000.0,-0.04875905373417811,-1742000000.0,90.62281315605318,111088000000.0,-16.14734299516908
2024-07-23,223.07241159149987,225.6275559695254,221.3921828247117,223.70870971679688,39960300,0.0,0.0,62146000000.0,22.643669087464477,29965000000.0,26.723335870760383,352583000000.0,-0.04875905373417811,-1742000000.0,90.62281315605318,111088000000.0,-16.14734299516908
2024-07-24,222.70455320631825,223.4999296447353,215.8742889513949,217.276123046875,61777600,0.0,0.0,62146000000.0,22.643669087464477,29965000000.0,26.723335870760383,352583000000.0,-0.04875905373417811,-1742000000.0,90.62281315605318,111088000000.0,-16.14734299516908
2024-07-25,217.663867640833,219.57277716709376,213.3787958392943,216.23220825195312,51391200,0.0,0.0,62146000000.0,22.643669087464477,29965000000.0,26.723335870760383,352583000000.0,-0.04875905373417811,-1742000000.0,90.62281315605318,111088000000.0,-16.14734299516908
2024-07-26,217.43518879671294,218.22062848355827,214.76074345207394,216.69947814941406,41601300,0.0,0.0,62146000000.0,22.643669087464477,29965000000.0,26.723335870760383,352583000000.0,-0.04875905373417811,-1742000000.0,90.62281315605318,111088000000.0,-16.14734299516908
2024-07-29,215.7052633263403,218.0317267787177,214.50225443638584,216.9778594970703,36311800,0.0,0.0,62146000000.0,22.643669087464477,29965000000.0,26.723335870760383,352583000000.0,-0.04875905373417811,-1742000000.0,90.62281315605318,111088000000.0,-16.14734299516908
2024-07-30,217.92236610782675,219.05577256608925,214.87011348402856,217.5346221923828,41643800,0.0,0.0,62146000000.0,22.643669087464477,29965000000.0,26.723335870760383,352583000000.0,-0.04875905373417811,-1742000000.0,90.62281315605318,111088000000.0,-16.14734299516908
2024-07-31,220.1593561933901,222.52559687691686,219.35404306544518,220.795654296875,50036300,0.0,0.0,62146000000.0,22.643669087464477,29965000000.0,26.723335870760383,352583000000.0,-0.04875905373417811,-1742000000.0,90.62281315605318,111088000000.0,-16.14734299516908
2024-08-01,223.07240511518174,223.1817695634113,215.76492117798517,217.09716796875,62501000,0.0,0.0,62146000000.0,22.643669087464477,29965000000.0,26.723335870760383,352583000000.0,-0.04875905373417811,-1742000000.0,90.62281315605318,111088000000.0,-16.14734299516908
2024-08-02,217.88258518105536,224.29529507499745,216.45092586682142,218.58848571777344,105568600,0.0,0.0,62146000000.0,22.643669087464477,29965000000.0,26.723335870760383,352583000000.0,-0.04875905373417811,-1742000000.0,90.62281315605318,111088000000.0,-16.14734299516908
2024-08-05,197.93858949976783,212.26525508834706,194.86646368766287,208.05972290039062,119548600,0.0,0.0,62146000000.0,22.643669087464477,29965000000.0,26.723335870760383,352583000000.0,-0.04875905373417811,-1742000000.0,90.62281315605318,111088000000.0,-16.14734299516908
2024-08-06,204.1126785722213,208.77555702617022,199.90714644624575,206.03150939941406,69660500,0.0,0.0,62146000000.0,22.643669087464477,29965000000.0,26.723335870760383,352583000000.0,-0.04875905373417811,-1742000000.0,90.62281315605318,111088000000.0,-16.14734299516908
2024-08-07,205.703426053809,212.40445197195865,205.19638100586542,208.60655212402344,63516400,0.0,0.0,62146000000.0,22.643669087464477,29965000000.0,26.723335870760383,352583000000.0,-0.04875905373417811,-1742000000.0,90.62281315605318,111088000000.0,-16.14734299516908
2024-08-08,211.87752992550045,212.96122253044004,207.6222834948103,212.0763702392578,47161100,0.0,0.0,62146000000.0,22.643669087464477,29965000000.0,26.723335870760383,352583000000.0,-0.04875905373417811,-1742000000.0,90.62281315605318,111088000000.0,-16.14734299516908
2024-08-09,210.8733840757052,215.5263113015057,210.7441310403627,214.98944091796875,42201600,0.0,0.0,62146000000.0,22.643669087464477,29965000000.0,26.723335870760383,352583000000.0,-0.04875905373417811,-1742000000.0,90.62281315605318,111088000000.0,-16.14734299516908
2024-08-12,215.0690650325273,218.49311650663688,214.60124108809114,216.5222930908203,38028100,0.25,0.0,62146000000.0,22.643669087464477,29965000000.0,26.723335870760383,352583000000.0,-0.04875905373417811,-1742000000.0,90.62281315605318,111088000000.0,-16.14734299516908
2024-08-13,217.9954546002453,220.8621181746332,217.9954546002453,220.2449951171875,44155300,0.0,0.0,62146000000.0,22.643669087464477,29965000000.0,26.723335870760383,352583000000.0,-0.04875905373417811,-1742000000.0,90.62281315605318,111088000000.0,-16.14734299516908
2024-08-14,219.54820460737923,221.99680001644595,218.6822246024247,220.69287109375,41960600,0.0,0.0,62146000000.0,22.643669087464477,29965000000.0,26.723335870760383,352583000000.0,-0.04875905373417811,-1742000000.0,90.62281315605318,111088000000.0,-16.14734299516908
2024-08-15,223.55954635601313,224.30607198028108,221.72805861485108,223.67898559570312,46414000,0.0,0.0,62146000000.0,22.643669087464477,29965000000.0,26.723335870760383,352583000000.0,-0.04875905373417811,-1742000000.0,90.62281315605318,111088000000.0,-16.14734299516908
2024-08-16,222.88270038911833,225.77922361016536,222.6139468974481,225.00283813476562,44340200,0.0,0.0,62146000000.0,22.643669087464477,29965000000.0,26.723335870760383,352583000000.0,-0.04875905373417811,-1742000000.0,90.62281315605318,111088000000.0,-16.14734299516908
2024-08-19,224.67435623990076,224.94310972106823,222.00676340736013,224.84356689453125,40687800,0.0,0.0,62146000000.0,22.643669087464477,29965000000.0,26.723335870760383,352583000000.0,-0.04875905373417811,-1742000000.0,90.62281315605318,111088000000.0,-16.14734299516908
2024-08-20,224.72413110884563,226.11763957317405,224.4056062095116,225.460693359375,30299000,0.0,0.0,62146000000.0,22.643669087464477,29965000000.0,26.723335870760383,352583000000.0,-0.04875905373417811,-1742000000.0,90.62281315605318,111088000000.0,-16.14734299516908
2024-08-21,225.4706812509204,226.92390949473165,224.00748961035802,225.35122680664062,34765500,0.0,0.0,62146000000.0,22.643669087464477,29965000000.0,26.723335870760383,352583000000.0,-0.04875905373417811,-1742000000.0,90.62281315605318,111088000000.0,-16.14734299516908
2024-08-22,226.7347608131935,227.28221598709214,222.86278176595104,223.4898681640625,43695300,0.0,0.0,62146000000.0,22.643669087464477,29965000000.0,26.723335870760383,352583000000.0,-0.04875905373417811,-1742000000.0,90.62281315605318,111088000000.0,-16.14734299516908
2024-08-23,224.61464290366072,227.16278137803022,223.29080225181497,225.78916931152344,38677300,0.0,0.0,62146000000.0,22.643669087464477,29965000000.0,26.723335870760383,352583000000.0,-0.04875905373417811,-1742000000.0,90.62281315605318,111088000000.0,-16.14734299516908
2024-08-26,225.7095414433551,226.22713682494347,222.85284141893553,226.12759399414062,30602200,0.0,0.0,62146000000.0,22.643669087464477,29965000000.0,26.723335870760383,352583000000.0,-0.04875905373417811,-1742000000.0,90.62281315605318,111088000000.0,-16.14734299516908
2024-08-27,224.9530683997657,227.7898720189865,223.84820980142854,226.97366333007812,35934600,0.0,0.0,62146000000.0,22.643669087464477,29965000000.0,26.723335870760383,352583000000.0,-0.04875905373417811,-1742000000.0,90.62281315605318,111088000000.0,-16.14734299516908
2024-08-28,226.86416416696267,228.79517959293358,224.63453544627717,225.4407958984375,38052200,0.0,0.0,62146000000.0,22.643669087464477,29965000000.0,26.723335870760383,352583000000.0,-0.04875905373417811,-1742000000.0,90.62281315605318,111088000000.0,-16.14734299516908
2024-08-29,229.03407107214645,231.84099956412553,227.819721489883,228.72549438476562,51906300,0.0,0.0,62146000000.0,22.643669087464477,29965000000.0,26.723335870760383,352583000000.0,-0.04875905373417811,-1742000000.0,90.62281315605318,111088000000.0,-16.14734299516908
2024-08-30,229.123652992766,229.33267166766268,226.42620031745173,227.9391632080078,52990800,0.0,0.0,62146000000.0,22.643669087464477,29965000000.0,26.723335870760383,352583000000.0,-0.04875905373417811,-1742000000.0,90.62281315605318,111088000000.0,-16.14734299516908
2024-09-03,227.4912604304481,227.9391727978887,220.1454429272487,221.738037109375,50190600,0.0,0.0,62146000000.0,22.643669087464477,29965000000.0,26.723335870760383,352583000000.0,-0.04875905373417811,-1742000000.0,90.62281315605318,111088000000.0,-16.14734299516908
2024-09-04,220.63318011937469,220.75261936807303,216.47253576183732,219.82693481445312,43840200,0.0,0.0,62146000000.0,22.643669087464477,29965000000.0,26.723335870760383,352583000000.0,-0.04875905373417811,-1742000000.0,90.62281315605318,111088000000.0,-16.14734299516908
2024-09-05,220.60331260233696,224.43546851590304,220.49382156548631,221.34983825683594,36615400,0.0,0.0,62146000000.0,22.643669087464477,29965000000.0,26.723335870760383,352583000000.0,-0.04875905373417811,-1742000000.0,90.62281315605318,111088000000.0,-16.14734299516908
2024-09-06,222.91254804497814,224.1965806221913,218.75191919539128,219.79705810546875,48423000,0.0,0.0,62146000000.0,22.643669087464477,29965000000.0,26.723335870760383,352583000000.0,-0.04875905373417811,-1742000000.0,90.62281315605318,111088000000.0,-16.14734299516908
2024-09-09,219.79707827698536,220.24499065438135,215.70611687897429,219.88665771484375,67180000,0.0,0.0,62146000000.0,22.643669087464477,29965000000.0,26.723335870760383,352583000000.0,-0.04875905373417811,-1742000000.0,90.62281315605318,111088000000.0,-16.14734299516908
2024-09-10,217.905857501112,220.45399594379384,215.72600018375593,219.09034729003906,51591000,0.0,0.0,62146000000.0,22.643669087464477,29965000000.0,26.723335870760383,352583000000.0,-0.04875905373417811,-1742000000.0,90.62281315605318,111088000000.0,-16.14734299516908
2024-09-11,220.43410202901993,222.05654079085224,216.88063262193214,221.6285400390625,44587100,0.0,0.0,62146000000.0,22.643669087464477,29965000000.0,26.723335870760383,352583000000.0,-0.04875905373417811,-1742000000.0,90.62281315605318,111088000000.0,-16.14734299516908
2024-09-12,221.46928361366915,222.51442259643306,218.8017058249269,221.738037109375,37455600,0.0,0.0,62146000000.0,22.643669087464477,29965000000.0,26.723335870760383,352583000000.0,-0.04875905373417811,-1742000000.0,90.62281315605318,111088000000.0,-16.14734299516908
2024-09-13,222.54426752163744,223.00212806640087,220.8820056188433,221.46926879882812,36766600,0.0,0.0,62146000000.0,22.643669087464477,29965000000.0,26.723335870760383,352583000000.0,-0.04875905373417811,-1742000000.0,90.62281315605318,111088000000.0,-16.14734299516908
2024-09-16,215.5368837592455,216.21374159471785,212.92902562434276,215.3179168701172,59357400,0.0,0.0,62146000000.0,22.643669087464477,29965000000.0,26.723335870760383,352583000000.0,-0.04875905373417811,-1742000000.0,90.62281315605318,111088000000.0,-16.14734299516908
2024-09-17,214.75054527350213,215.8952118613641,213.50633585708556,215.7857208251953,45519300,0.0,0.0,62146000000.0,22.643669087464477,29965000000.0,26.723335870760383,352583000000.0,-0.04875905373417811,-1742000000.0,90.62281315605318,111088000000.0,-16.14734299516908
2024-09-18,216.54219508236315,221.67829484771394,216.53223168732617,219.6676483154297,59894900,0.0,0.0,62146000000.0,22.643669087464477,29965000000.0,26.723335870760383,352583000000.0,-0.04875905373417811,-1742000000.0,90.62281315605318,111088000000.0,-16.14734299516908
2024-09-19,223.94773787040657,228.75536468744528,223.58940496515828,227.80975341796875,66781300,0.0,0.0,62146000000.0,22.643669087464477,29965000000.0,26.723335870760383,352583000000.0,-0.04875905373417811,-1742000000.0,90.62281315605318,111088000000.0,-16.14734299516908
2024-09-20,228.90467282845125,232.01021467188832,226.56555305015522,227.1428680419922,318679900,0.0,0.0,62146000000.0,22.643669087464477,29965000000.0,26.723335870760383,352583000000.0,-0.04875905373417811,-1742000000.0,90.62281315605318,111088000000.0,-16.14734299516908
2024-09-23,226.2868480598011,228.38707413181643,224.7639369712135,225.42088317871094,54146000,0.0,0.0,62146000000.0,22.643669087464477,29965000000.0,26.723335870760383,352583000000.0,-0.04875905373417811,-1742000000.0,90.62281315605318,111088000000.0,-16.14734299516908
2024-09-24,227.59079599939528,228.2875654709032,224.68432442569429,226.3167266845703,43556100,0.0,0.0,62146000000.0,22.643669087464477,29965000000.0,26.723335870760383,352583000000.0,-0.04875905373417811,-1742000000.0,90.62281315605318,111088000000.0,-16.14734299516908
2024-09-25,223.88801837861104,226.2370864319121,222.98224544035924,225.32135009765625,42308700,0.0,0.0,62146000000.0,22.643669087464477,29965000000.0,26.723335870760383,352583000000.0,-0.04875905373417811,-1742000000.0,90.62281315605318,111088000000.0,-16.14734299516908
2024-09-26,226.24705185494724,227.4414899021518,224.36580775387156,226.46603393554688,36636700,0.0,0.0,62146000000.0,22.643669087464477,29965000000.0,26.723335870760383,352583000000.0,-0.04875905373417811,-1742000000.0,90.62281315605318,111088000000.0,-16.14734299516908
2024-09-27,227.40168136489095,228.4567685573237,226.24705134037433,226.73477172851562,34026000,0.0,0.0,62146000000.0,22.643669087464477,29965000000.0,26.723335870760383,352583000000.0,-0.04875905373417811,-1742000000.0,90.62281315605318,111088000000.0,-16.14734299516908
2024-09-30,228.97432934379907,231.92062377929688,228.58613663255096,231.92062377929688,54541900,0.0,0.0,56950000000.0,-8.36095645737457,29943000000.0,-0.07341898882029034,364980000000.0,3.5160515396374756,-23405000000.0,-1243.5706084959816,106629000000.0,-4.01393489845888
2024-10-01,228.45675818805825,228.5861456381701,222.70353511874544,225.16209411621094,63285000,0.0,0.0,56950000000.0,-8.36095645737457,29943000000.0,-0.07341898882029034,364980000000.0,3.5160515396374756,-23405000000.0,-1243.5706084959816,106629000000.0,-4.01393489845888
2024-10-02,224.8435547212975,226.31669430804922,221.98685497396562,225.72943115234375,32880600,0.0,0.0,56950000000.0,-8.36095645737457,29943000000.0,-0.07341898882029034,364980000000.0,3.5160515396374756,-23405000000.0,-1243.5706084959816,106629000000.0,-4.01393489845888
2024-10-03,224.09704443839323,225.75930638603796,222.28548343692833,224.6245880126953,34044200,0.0,0.0,56950000000.0,-8.36095645737457,29943000000.0,-0.07341898882029034,364980000000.0,3.5160515396374756,-23405000000.0,-1243.5706084959816,106629000000.0,-4.01393489845888
2024-10-04,226.84426963519522,226.9438124702923,223.091744724082,225.74937438964844,37245100,0.0,0.0,56950000000.0,-8.36095645737457,29943000000.0,-0.07341898882029034,364980000000.0,3.5160515396374756,-23405000000.0,-1243.5706084959816,106629000000.0,-4.01393489845888
2024-10-07,223.4600360693569,224.64452599576788,220.30472246057153,220.66305541992188,39505400,0.0,0.0,56950000000.0,-8.36095645737457,29943000000.0,-0.07341898882029034,364980000000.0,3.5160515396374756,-23405000000.0,-1243.5706084959816,106629000000.0,-4.01393489845888
2024-10-08,223.26094483680066,224.93315503301397,222.2158058701156,224.72413635253906,31855700,0.0,0.0,56950000000.0,-8.36095645737457,29943000000.0,-0.07341898882029034,364980000000.0,3.5160515396374756,-23405000000.0,-1243.5706084959816,106629000000.0,-4.01393489845888
2024-10-09,224.1866374402548,228.68570318762718,223.78849648056692,228.47666931152344,33591100,0.0,0.0,56950000000.0,-8.36095645737457,29943000000.0,-0.07341898882029034,364980000000.0,3.5160515396374756,-23405000000.0,-1243.5706084959816,106629000000.0,-4.01393489845888
2024-10-10,226.72481576308653,228.43684913724616,226.11764095959848,227.97897338867188,28183500,0.0,0.0,56950000000.0,-8.36095645737457,29943000000.0,-0.07341898882029034,364980000000.0,3.5160515396374756,-23405000000.0,-1243.5706084959816,106629000000.0,-4.01393489845888
2024-10-11,228.23777327090536,228.34726430462075,226.28684626691359,226.49588012695312,31759200,0.0,0.0,56950000000.0,-8.36095645737457,29943000000.0,-0.07341898882029034,364980000000.0,3.5160515396374756,-23405000000.0,-1243.5706084959816,106629000000.0,-4.01393489845888
2024-10-14,227.64055393917852,230.65651637799863,227.54102629778745,230.228515625,39882100,0.0,0.0,56950000000.0,-8.36095645737457,29943000000.0,-0.07341898882029034,364980000000.0,3.5160515396374756,-23405000000.0,-1243.5706084959816,106629000000.0,-4.01393489845888
2024-10-15,232.527799450427,236.38983016358188,231.29353829774286,232.76669311523438,64751400,0.0,0.0,56950000000.0,-8.36095645737457,29943000000.0,-0.07341898882029034,364980000000.0,3.5160515396374756,-23405000000.0,-1243.5706084959816,106629000000.0,-4.01393489845888
2024-10-16,230.52712470524975,231.0447048824563,228.7752681420796,230.70628356933594,34082200,0.0,0.0,56950000000.0,-8.36095645737457,29943000000.0,-0.07341898882029034,364980000000.0,3.5160515396374756,-23405000000.0,-1243.5706084959816,106629000000.0,-4.01393489845888
2024-10-17,232.348638945834,232.76670668063704,229.4521309302649,231.07456970214844,32993800,0.0,0.0,56950000000.0,-8.36095645737457,29943000000.0,-0.07341898882029034,364980000000.0,3.5160515396374756,-23405000000.0,-1243.5706084959816,106629000000.0,-4.01393489845888
2024-10-18,235.0859033854084,235.0859033854084,232.92595759952005,233.911376953125,46431500,0.0,0.0,56950000000.0,-8.36095645737457,29943000000.0,-0.07341898882029034,364980000000.0,3.5160515396374756,-23405000000.0,-1243.5706084959816,106629000000.0,-4.01393489845888
2024-10-21,233.36391138062547,235.75280253487685,233.36391138062547,235.38450622558594,36254500,0.0,0.0,56950000000.0,-8.36095645737457,29943000000.0,-0.07341898882029034,364980000000.0,3.5160515396374756,-23405000000.0,-1243.5706084959816,106629000000.0,-4.01393489845888
2024-10-22,232.80651969699693,235.12572795126604,231.52250221800776,234.76739501953125,38846600,0.0,0.0,56950000000.0,-8.36095645737457,29943000000.0,-0.07341898882029034,364980000000.0,3.5160515396374756,-23405000000.0,-1243.5706084959816,106629000000.0,-4.01393489845888
2024-10-23,232.99563706556216,234.05072423456664,226.7049068825192,229.69100952148438,52287000,0.0,0.0,56950000000.0,-8.36095645737457,29943000000.0,-0.07341898882029034,364980000000.0,3.5160515396374756,-23405000000.0,-1243.5706084959816,106629000000.0,-4.01393489845888
2024-10-24,228.9145985013122,229.75071868986194,227.3518795258155,229.5018768310547,31109500,0.0,0.0,56950000000.0,-8.36095645737457,29943000000.0,-0.07341898882029034,364980000000.0,3.5160515396374756,-23405000000.0,-1243.5706084959816,106629000000.0,-4.01393489845888
2024-10-25,228.6757355296476,232.1396101862481,228.50652487676712,230.33799743652344,38802300,0.0,0.0,56950000000.0,-8.36095645737457,29943000000.0,-0.07341898882029034,364980000000.0,3.5160515396374756,-23405000000.0,-1243.5706084959816,106629000000.0,-4.01393489845888
2024-10-28,232.23917058038825,233.6426273223557,231.4727332926884,232.31878662109375,36087100,0.0,0.0,56950000000.0,-8.36095645737457,29943000000.0,-0.07341898882029034,364980000000.0,3.5160515396374756,-23405000000.0,-1243.5706084959816,106629000000.0,-4.01393489845888
2024-10-29,232.02018805231754,233.24448591818899,231.24380255804743,232.58753967285156,35417200,0.0,0.0,56950000000.0,-8.36095645737457,29943000000.0,-0.07341898882029034,364980000000.0,3.5160515396374756,-23405000000.0,-1243.5706084959816,106629000000.0,-4.01393489845888
2024-10-30,231.5324398883544,232.38845656475567,228.48661770128336,229.03407287597656,47070900,0.0,0.0,56950000000.0,-8.36095645737457,29943000000.0,-0.07341898882029034,364980000000.0,3.5160515396374756,-23405000000.0,-1243.5706084959816,106629000000.0,-4.01393489845888
2024-10-31,228.27759840083363,228.76533398541918,224.32598787156826,224.86349487304688,64370100,0.0,0.0,56950000000.0,-8.36095645737457,29943000000.0,-0.07341898882029034,364980000000.0,3.5160515396374756,-23405000000.0,-1243.5706084959816,106629000000.0,-4.01393489845888
2024-11-01,219.9463649274566,224.30607958110733,219.2496106921502,221.87738037109375,65276700,0.0,0.0,56950000000.0,-8.36095645737457,29943000000.0,-0.07341898882029034,364980000000.0,3.5160515396374756,-23405000000.0,-1243.5706084959816,106629000000.0,-4.01393489845888
2024-11-04,219.96627293386246,221.75792231303782,218.69220372782075,220.98153686523438,44944500,0.0,0.0,56950000000.0,-8.36095645737457,29943000000.0,-0.07341898882029034,364980000000.0,3.5160515396374756,-23405000000.0,-1243.5706084959816,106629000000.0,-4.01393489845888
2024-11-05,220.7725208689619,222.91255498009295,220.11557465497725,222.4148712158203,28111300,0.0,0.0,56950000000.0,-8.36095645737457,29943000000.0,-0.07341898882029034,364980000000.0,3.5160515396374756,-23405000000.0,-1243.5706084959816,106629000000.0,-4.01393489845888
2024-11-06,221.57875664968802,225.02273483375984,220.16533664224426,221.68824768066406,54561100,0.0,0.0,56950000000.0,-8.36095645737457,29943000000.0,-0.07341898882029034,364980000000.0,3.5160515396374756,-23405000000.0,-1243.5706084959816,106629000000.0,-4.01393489845888
2024-11-07,223.5894200604507,226.82436463330757,223.52970043689453,226.42620849609375,42137700,0.0,0.0,56950000000.0,-8.36095645737457,29943000000.0,-0.07341898882029034,364980000000.0,3.5160515396374756,-23405000000.0,-1243.5706084959816,106629000000.0,-4.01393489845888
2024-11-08,226.366414165256,227.8511489598711,225.60910803907555,226.15716552734375,38328800,0.25,0.0,56950000000.0,-8.36095645737457,29943000000.0,-0.07341898882029034,364980000000.0,3.5160515396374756,-23405000000.0,-1243.5706084959816,106629000000.0,-4.01393489845888
2024-11-11,224.20409384410638,224.90161465065876,220.7164746065314,223.4368133544922,42005600,0.0,0.0,56950000000.0,-8.36095645737457,29943000000.0,-0.07341898882029034,364980000000.0,3.5160515396374756,-23405000000.0,-1243.5706084959816,106629000000.0,-4.01393489845888
2024-11-12,223.75568869738083,224.79200315214243,222.5698957238352,223.4368133544922,40398300,0.0,0.0,56950000000.0,-8.36095645737457,29943000000.0,-0.07341898882029034,364980000000.0,3.5160515396374756,-23405000000.0,-1243.5706084959816,106629000000.0,-4.01393489845888
2024-11-13,223.21759527142092,225.8482560889112,221.97201694486657,224.32366943359375,48566200,0.0,0.0,56950000000.0,-8.36095645737457,29943000000.0,-0.07341898882029034,364980000000.0,3.5160515396374756,-23405000000.0,-1243.5706084959816,106629000000.0,-4.01393489845888
2024-11-14,224.2240421118748,228.06041440281584,224.204108600429,227.4127197265625,44923900,0.0,0.0,56950000000.0,-8.36095645737457,29943000000.0,-0.07341898882029034,364980000000.0,3.5160515396374756,-23405000000.0,-1243.5706084959816,106629000000.0,-4.01393489845888
2024-11-15,225.59912786989784,226.1172926822584,223.47667285882866,224.20408630371094,47923700,0.0,0.0,56950000000.0,-8.36095645737457,29943000000.0,-0.07341898882029034,364980000000.0,3.5160515396374756,-23405000000.0,-1243.5706084959816,106629000000.0,-4.01393489845888
2024-11-18,224.45320372664565,228.92732633570628,224.3734848929754,227.21340942382812,44633700,0.0,0.0,56950000000.0,-8.36095645737457,29943000000.0,-0.07341898882029034,364980000000.0,3.5160515396374756,-23405000000.0,-1243.5706084959816,106629000000.0,-4.01393489845888
2024-11-19,226.17708394083317,229.34584301691135,225.8582238051146,227.4724884033203,36211800,0.0,0.0,56950000000.0,-8.36095645737457,29943000000.0,-0.07341898882029034,364980000000.0,3.5160515396374756,-23405000000.0,-1243.5706084959816,106629000000.0,-4.01393489845888
2024-11-20,227.25326410482543,229.11664435033194,225.0909420304879,228.18994140625,35169600,0.0,0.0,56950000000.0,-8.36095645737457,29943000000.0,-0.07341898882029034,364980000000.0,3.5160515396374756,-23405000000.0,-1243.5706084959816,106629000000.0,-4.01393489845888
2024-11-21,228.07036655131708,229.34583747298603,224.9115819089953,227.71163940429688,42108300,0.0,0.0,56950000000.0,-8.36095645737457,29943000000.0,-0.07341898882029034,364980000000.0,3.5160515396374756,-23405000000.0,-1243.5706084959816,106629000000.0,-4.01393489845888
2024-11-22,227.2532593649619,229.9038535446,227.2532593649619,229.05685424804688,38168300,0.0,0.0,56950000000.0,-8.36095645737457,29943000000.0,-0.07341898882029034,364980000000.0,3.5160515396374756,-23405000000.0,-1243.5706084959816,106629000000.0,-4.01393489845888
2024-11-25,230.64124862727573,232.42491005721112,228.92733167542056,232.04624938964844,90152800,0.0,0.0,56950000000.0,-8.36095645737457,29943000000.0,-0.07341898882029034,364980000000.0,3.5160515396374756,-23405000000.0,-1243.5706084959816,106629000000.0,-4.01393489845888
2024-11-26,232.50462429580293,234.73670603206307,232.50462429580293,234.22850036621094,45986200,0.0,0.0,56950000000.0,-8.36095645737457,29943000000.0,-0.07341898882029034,364980000000.0,3.5160515396374756,-23405000000.0,-1243.5706084959816,106629000000.0,-4.01393489845888
2024-11-27,233.640604190904,234.85628986853752,232.9829351774668,234.09896850585938,33498400,0.0,0.0,56950000000.0,-8.36095645737457,29943000000.0,-0.07341898882029034,364980000000.0,3.5160515396374756,-23405000000.0,-1243.5706084959816,106629000000.0,-4.01393489845888
2024-11-29,233.97938842310504,236.96877632211965,233.14236346053607,236.490478515625,28481400,0.0,0.0,56950000000.0,-8.36095645737457,29943000000.0,-0.07341898882029034,364980000000.0,3.5160515396374756,-23405000000.0,-1243.5706084959816,106629000000.0,-4.01393489845888
2024-12-02,236.4306920263062,239.93822952974793,236.32108052902282,238.7424774169922,48137100,0.0,0.0,56950000000.0,-8.36095645737457,29943000000.0,-0.07341898882029034,364980000000.0,3.5160515396374756,-23405000000.0,-1243.5706084959816,106629000000.0,-4.01393489845888
2024-12-03,238.96170621081686,241.90126799408412,238.05492154808562,241.79165649414062,38861000,0.0,0.0,56950000000.0,-8.36095645737457,29943000000.0,-0.07341898882029034,364980000000.0,3.5160515396374756,-23405000000.0,-1243.5706084959816,106629000000.0,-4.01393489845888
2024-12-04,242.01088645785893,243.2465056559754,240.3966217802532,242.150390625,44383900,0.0,0.0,56950000000.0,-8.36095645737457,29943000000.0,-0.07341898882029034,364980000000.0,3.5160515396374756,-23405000000.0,-1243.5706084959816,106629000000.0,-4.01393489845888
2024-12-05,243.12691898237586,243.6749612569442,241.27349790971317,242.18026733398438,40033900,0.0,0.0,56950000000.0,-8.36095645737457,29943000000.0,-0.07341898882029034,364980000000.0,3.5160515396374756,-23405000000.0,-1243.5706084959816,106629000000.0,-4.01393489845888
2024-12-06,242.0507319698173,243.7646488451358,241.2236661935451,241.98097229003906,36870600,0.0,0.0,56950000000.0,-8.36095645737457,29943000000.0,-0.07341898882029034,364980000000.0,3.5160515396374756,-23405000000.0,-1243.5706084959816,106629000000.0,-4.01393489845888
2024-12-09,240.97455722335047,246.36542364679892,240.89483838917155,245.8771514892578,44649200,0.0,0.0,56950000000.0,-8.36095645737457,29943000000.0,-0.07341898882029034,364980000000.0,3.5160515396374756,-23405000000.0,-1243.5706084959816,106629000000.0,-4.01393489845888
2024-12-10,246.0166626912396,247.33200068563022,244.47214254503118,246.8935546875,36914800,0.0,0.0,56950000000.0,-8.36095645737457,29943000000.0,-0.07341898882029034,364980000000.0,3.5160515396374756,-23405000000.0,-1243.5706084959816,106629000000.0,-4.01393489845888
2024-12-11,247.0828737526952,249.91282389632013,245.38887516358946,245.61807250976562,45205800,0.0,0.0,56950000000.0,-8.36095645737457,29943000000.0,-0.07341898882029034,364980000000.0,3.5160515396374756,-23405000000.0,-1243.5706084959816,106629000000.0,-4.01393489845888
2024-12-12,246.01666340683192,247.8601253939288,244.81093690846672,247.0828857421875,32777500,0.0,0.0,56950000000.0,-8.36095645737457,29943000000.0,-0.07341898882029034,364980000000.0,3.5160515396374756,-23405000000.0,-1243.5706084959816,106629000000.0,-4.01393489845888
2024-12-13,246.9433725816478,248.40815863747187,245.36895982515324,247.2522735595703,33155300,0.0,0.0,56950000000.0,-8.36095645737457,29943000000.0,-0.07341898882029034,364980000000.0,3.5160515396374756,-23405000000.0,-1243.5706084959816,106629000000.0,-4.01393489845888
2024-12-16,247.11276354004562,250.49077111704125,246.7739547032778,250.15196228027344,51694800,0.0,0.0,56950000000.0,-8.36095645737457,29943000000.0,-0.07341898882029034,364980000000.0,3.5160515396374756,-23405000000.0,-1243.5706084959816,106629000000.0,-4.01393489845888
2024-12-17,249.1953766416157,252.93211150871377,248.89643481128522,252.58334350585938,51356400,0.0,0.0,56950000000.0,-8.36095645737457,29943000000.0,-0.07341898882029034,364980000000.0,3.5160515396374756,-23405000000.0,-1243.5706084959816,106629000000.0,-4.01393489845888
2024-12-18,251.26802371656945,253.38051965426092,246.86366065893745,247.1725616455078,56774100,0.0,0.0,56950000000.0,-8.36095645737457,29943000000.0,-0.07341898882029034,364980000000.0,3.5160515396374756,-23405000000.0,-1243.5706084959816,106629000000.0,-4.01393489845888
2024-12-19,246.6245097734382,251.1085917693189,246.21595643132494,248.90640258789062,60882300,0.0,0.0,56950000000.0,-8.36095645737457,29943000000.0,-0.07341898882029034,364980000000.0,3.5160515396374756,-23405000000.0,-1243.5706084959816,106629000000.0,-4.01393489845888
2024-12-20,247.16260139536695,254.09798847685343,244.82092317346877,253.5897979736328,147495300,0.0,0.0,56950000000.0,-8.36095645737457,29943000000.0,-0.07341898882029034,364980000000.0,3.5160515396374756,-23405000000.0,-1243.5706084959816,106629000000.0,-4.01393489845888
2024-12-23,253.8688035675433,254.74568039470608,252.55346551957817,254.36703491210938,40858800,0.0,0.0,56950000000.0,-8.36095645737457,29943000000.0,-0.07341898882029034,364980000000.0,3.5160515396374756,-23405000000.0,-1243.5706084959816,106629000000.0,-4.01393489845888
2024-12-24,254.58626151312842,257.2966260773909,254.386956808638,257.28668212890625,23234700,0.0,0.0,56950000000.0,-8.36095645737457,29943000000.0,-0.07341898882029034,364980000000.0,3.5160515396374756,-23405000000.0,-1243.5706084959816,106629000000.0,-4.01393489845888
2024-12-26,257.27667867815336,259.1799258751944,256.7186620602343,258.1037292480469,27237100,0.0,0.0,56950000000.0,-8.36095645737457,29943000000.0,-0.07341898882029034,364980000000.0,3.5160515396374756,-23405000000.0,-1243.5706084959816,106629000000.0,-4.01393489845888
2024-12-27,256.917949151404,257.78489719249416,252.16483330495137,254.68588256835938,42355300,0.0,0.0,56950000000.0,-8.36095645737457,29943000000.0,-0.07341898882029034,364980000000.0,3.5160515396374756,-23405000000.0,-1243.5706084959816,106629000000.0,-4.01393489845888
2024-12-30,251.33776924994547,252.60328106925755,249.86300878941353,251.30787658691406,35557500,0.0,0.0,56950000000.0,-8.36095645737457,29943000000.0,-0.07341898882029034,364980000000.0,3.5160515396374756,-23405000000.0,-1243.5706084959816,106629000000.0,-4.01393489845888
2024-12-31,251.5470385357527,252.38406352835983,248.54767617168994,249.5341796875,39480700,0.0,0.0,56950000000.0,-8.36095645737457,29943000000.0,-0.07341898882029034,364980000000.0,3.5160515396374756,-23405000000.0,-1243.5706084959816,106629000000.0,-4.01393489845888
2025-01-02,248.0494437119358,248.21885574509324,240.96460876578237,242.9874267578125,55740700,0.0,0.0,56950000000.0,-8.36095645737457,29943000000.0,-0.07341898882029034,364980000000.0,3.5160515396374756,-23405000000.0,-1243.5706084959816,106629000000.0,-4.01393489845888
2025-01-03,242.49916076660156,243.31625226562878,241.03435939639962,242.49916076660156,40244100,0.0,0.0,56950000000.0,-8.36095645737457,29943000000.0,-0.07341898882029034,364980000000.0,3.5160515396374756,-23405000000.0,-1243.5706084959816,106629000000.0,-4.01393489845888
2025-01-06,243.4457849039297,246.45510633108967,242.33971076643533,244.1333465576172,45045600,0.0,0.0,56950000000.0,-8.36095645737457,29943000000.0,-0.07341898882029034,364980000000.0,3.5160515396374756,-23405000000.0,-1243.5706084959816,106629000000.0,-4.01393489845888
2025-01-07,242.12049100282684,244.681407317594,240.496267218822,241.3532257080078,40856000,0.0,0.0,56950000000.0,-8.36095645737457,29943000000.0,-0.07341898882029034,364980000000.0,3.5160515396374756,-23405000000.0,-1243.5706084959816,106629000000.0,-4.01393489845888
2025-01-08,241.06422159829904,242.84789810210984,239.20084146962273,241.84146118164062,37628900,0.0,0.0,56950000000.0,-8.36095645737457,29943000000.0,-0.07341898882029034,364980000000.0,3.5160515396374756,-23405000000.0,-1243.5706084959816,106629000000.0,-4.01393489845888
2025-01-10,239.16098682233465,239.31046533751606,232.1757893628752,236.01217651367188,61710900,0.0,0.0,56950000000.0,-8.36095645737457,29943000000.0,-0.07341898882029034,364980000000.0,3.5160515396374756,-23405000000.0,-1243.5706084959816,106629000000.0,-4.01393489845888
2025-01-13,232.7039288898965,233.8398957390806,228.90740850459227,233.5708465576172,49630700,0.0,0.0,56950000000.0,-8.36095645737457,29943000000.0,-0.07341898882029034,364980000000.0,3.5160515396374756,-23405000000.0,-1243.5706084959816,106629000000.0,-4.01393489845888
2025-01-14,233.91960476413306,235.28475371553364,231.6476711610837,232.45480346679688,39435300,0.0,0.0,56950000000.0,-8.36095645737457,29943000000.0,-0.07341898882029034,364980000000.0,3.5160515396374756,-23405000000.0,-1243.5706084959816,106629000000.0,-4.01393489845888
2025-01-15,233.80997931617492,238.11470496290485,233.60071548412043,237.02854919433594,39832000,0.0,0.0,56950000000.0,-8.36095645737457,29943000000.0,-0.07341898882029034,364980000000.0,3.5160515396374756,-23405000000.0,-1243.5706084959816,106629000000.0,-4.01393489845888
2025-01-16,236.51041752509497,237.1680713225123,227.22337827123218,227.4525604248047,71759100,0.0,0.0,56950000000.0,-8.36095645737457,29943000000.0,-0.07341898882029034,364980000000.0,3.5160515396374756,-23405000000.0,-1243.5706084959816,106629000000.0,-4.01393489845888
2025-01-17,231.2989028272768,231.4682996512766,227.67177943063626,229.16647338867188,68488300,0.0,0.0,56950000000.0,-8.36095645737457,29943000000.0,-0.07341898882029034,364980000000.0,3.5160515396374756,-23405000000.0,-1243.5706084959816,106629000000.0,-4.01393489845888
2025-01-21,223.20762199269615,223.62613445935494,218.6039696546368,221.85243225097656,98070400,0.0,0.0,56950000000.0,-8.36095645737457,29943000000.0,-0.07341898882029034,364980000000.0,3.5160515396374756,-23405000000.0,-1243.5706084959816,106629000000.0,-4.01393489845888
2025-01-22,219.0125058897086,223.32719072748344,219.0125058897086,223.03822326660156,64126500,0.0,0.0,56950000000.0,-8.36095645737457,29943000000.0,-0.07341898882029034,364980000000.0,3.5160515396374756,-23405000000.0,-1243.5706084959816,106629000000.0,-4.01393489845888
2025-01-23,223.94503224654224,226.2269251350915,221.51366083038826,222.8688507080078,60234800,0.0,0.0,56950000000.0,-8.36095645737457,29943000000.0,-0.07341898882029034,364980000000.0,3.5160515396374756,-23405000000.0,-1243.5706084959816,106629000000.0,-4.01393489845888
2025-01-24,223.9848686181573,224.831867935065,220.6267944226493,221.991943359375,54697900,0.0,0.0,56950000000.0,-8.36095645737457,29943000000.0,-0.07341898882029034,364980000000.0,3.5160515396374756,-23405000000.0,-1243.5706084959816,106629000000.0,-4.01393489845888
2025-01-27,223.22755241503756,231.32878288695173,223.18768539696657,229.04689025878906,94863400,0.0,0.0,56950000000.0,-8.36095645737457,29943000000.0,-0.07341898882029034,364980000000.0,3.5160515396374756,-23405000000.0,-1243.5706084959816,106629000000.0,-4.01393489845888
2025-01-28,230.03341371427896,239.3403714135585,229.99354669273774,237.4171905517578,75707600,0.0,0.0,56950000000.0,-8.36095645737457,29943000000.0,-0.07341898882029034,364980000000.0,3.5160515396374756,-23405000000.0,-1243.5706084959816,106629000000.0,-4.01393489845888
2025-01-29,233.2918357915463,239.01153699982427,233.1822242894862,238.5133056640625,45486100,0.0,0.0,56950000000.0,-8.36095645737457,29943000000.0,-0.07341898882029034,364980000000.0,3.5160515396374756,-23405000000.0,-1243.5706084959816,106629000000.0,-4.01393489845888
2025-01-30,237.825723654139,239.93821947161274,236.37089679279623,236.74954223632812,55658300,0.0,0.0,56950000000.0,-8.36095645737457,29943000000.0,-0.07341898882029034,364980000000.0,3.5160515396374756,-23405000000.0,-1243.5706084959816,106629000000.0,-4.01393489845888
2025-01-31,246.31561143302469,246.31561143302469,232.61424963135997,235.16519165039062,100959800,0.0,0.0,56950000000.0,-8.36095645737457,29943000000.0,-0.07341898882029034,364980000000.0,3.5160515396374756,-23405000000.0,-1243.5706084959816,106629000000.0,-4.01393489845888
2025-02-03,229.1764524471141,231.00994009075862,224.90161912474946,227.2034454345703,73063300,0.0,0.0,56950000000.0,-8.36095645737457,29943000000.0,-0.07341898882029034,364980000000.0,3.5160515396374756,-23405000000.0,-1243.5706084959816,106629000000.0,-4.01393489845888
2025-02-04,226.44613087124998,232.3053359547129,225.84824721606736,231.97650146484375,45067300,0.0,0.0,56950000000.0,-8.36095645737457,29943000000.0,-0.07341898882029034,364980000000.0,3.5160515396374756,-23405000000.0,-1243.5706084959816,106629000000.0,-4.01393489845888
2025-02-05,227.72160926815613,231.84696405052938,227.46253445166022,231.64767456054688,39620300,0.0,0.0,56950000000.0,-8.36095645737457,29943000000.0,-0.07341898882029034,364980000000.0,3.5160515396374756,-23405000000.0,-1243.5706084959816,106629000000.0,-4.01393489845888
2025-02-06,230.47183871784506,232.9729696905443,229.61488023403817,232.39501953125,29925300,0.0,0.0,56950000000.0,-8.36095645737457,29943000000.0,-0.07341898882029034,364980000000.0,3.5160515396374756,-23405000000.0,-1243.5706084959816,106629000000.0,-4.01393489845888
2025-02-07,231.77720359418535,233.1722451327125,226.4560818290891,226.8247833251953,39707200,0.0,0.0,56950000000.0,-8.36095645737457,29943000000.0,-0.07341898882029034,364980000000.0,3.5160515396374756,-23405000000.0,-1243.5706084959816,106629000000.0,-4.01393489845888
2025-02-10,229.0094413336025,230.02693972945139,226.64521806905947,227.0941162109375,33115600,0.25,0.0,56950000000.0,-8.36095645737457,29943000000.0,-0.07341898882029034,364980000000.0,3.5160515396374756,-23405000000.0,-1243.5706084959816,106629000000.0,-4.01393489845888
2025-02-11,227.64279618723114,234.6556296697615,227.57297502290857,232.052001953125,53718400,0.0,0.0,56950000000.0,-8.36095645737457,29943000000.0,-0.07341898882029034,364980000000.0,3.5160515396374756,-23405000000.0,-1243.5706084959816,106629000000.0,-4.01393489845888
2025-02-12,230.63545743654387,236.38140252594314,230.11672290007743,236.29161071777344,45243300,0.0,0.0,56950000000.0,-8.36095645737457,29943000000.0,-0.07341898882029034,364980000000.0,3.5160515396374756,-23405000000.0,-1243.5706084959816,106629000000.0,-4.01393489845888
2025-02-13,236.33153226758247,241.74826634141837,234.99480784534867,240.94024658203125,53614100,0.0,0.0,56950000000.0,-8.36095645737457,29943000000.0,-0.07341898882029034,364980000000.0,3.5160515396374756,-23405000000.0,-1243.5706084959816,106629000000.0,-4.01393489845888
2025-02-14,240.66092045804314,244.9504238462646,240.40156080072015,244.00274658203125,40896200,0.0,0.0,56950000000.0,-8.36095645737457,29943000000.0,-0.07341898882029034,364980000000.0,3.5160515396374756,-23405000000.0,-1243.5706084959816,106629000000.0,-4.01393489845888
2025-02-18,243.55383619329416,244.58131995427482,241.2494791133952,243.87306213378906,48822500,0.0,0.0,56950000000.0,-8.36095645737457,29943000000.0,-0.07341898882029034,364980000000.0,3.5160515396374756,-23405000000.0,-1243.5706084959816,106629000000.0,-4.01393489845888
2025-02-19,244.06260076305156,245.40929524371262,242.56626341463,244.27207946777344,32204200,0.0,0.0,56950000000.0,-8.36095645737457,29943000000.0,-0.07341898882029034,364980000000.0,3.5160515396374756,-23405000000.0,-1243.5706084959816,106629000000.0,-4.01393489845888
2025-02-20,244.34191013103748,246.1774135823035,243.69348816231408,245.229736328125,32316900,0.0,0.0,56950000000.0,-8.36095645737457,29943000000.0,-0.07341898882029034,364980000000.0,3.5160515396374756,-23405000000.0,-1243.5706084959816,106629000000.0,-4.01393489845888
2025-02-21,245.34944139409683,248.08275639920348,244.6212281548445,244.95042419433594,53197400,0.0,0.0,56950000000.0,-8.36095645737457,29943000000.0,-0.07341898882029034,364980000000.0,3.5160515396374756,-23405000000.0,-1243.5706084959816,106629000000.0,-4.01393489845888
2025-02-24,244.3319283268952,248.25234005966587,243.82317911276243,246.49664306640625,51326400,0.0,0.0,56950000000.0,-8.36095645737457,29943000000.0,-0.07341898882029034,364980000000.0,3.5160515396374756,-23405000000.0,-1243.5706084959816,106629000000.0,-4.01393489845888
2025-02-25,247.3944454522674,249.38956194785018,244.3119941197594,246.43678283691406,48013300,0.0,0.0,56950000000.0,-8.36095645737457,29943000000.0,-0.07341898882029034,364980000000.0,3.5160515396374756,-23405000000.0,-1243.5706084959816,106629000000.0,-4.01393489845888
2025-02-26,243.7333937698084,244.3818005030484,238.5460942392985,239.77308654785156,44433600,0.0,0.0,56950000000.0,-8.36095645737457,29943000000.0,-0.07341898882029034,364980000000.0,3.5160515396374756,-23405000000.0,-1243.5706084959816,106629000000.0,-4.01393489845888
2025-02-27,238.82541422357912,241.86796980219768,236.48114634623442,236.72056579589844,41153600,0.0,0.0,56950000000.0,-8.36095645737457,29943000000.0,-0.07341898882029034,364980000000.0,3.5160515396374756,-23405000000.0,-1243.5706084959816,106629000000.0,-4.01393489845888
2025-02-28,236.37142201455794,241.49887076126774,229.63790389196947,241.24948120117188,56833400,0.0,0.0,56950000000.0,-8.36095645737457,29943000000.0,-0.07341898882029034,364980000000.0,3.5160515396374756,-23405000000.0,-1243.5706084959816,106629000000.0,-4.01393489845888
2025-03-03,241.19958958341564,243.43412542285543,235.53346633482454,237.4487762451172,47184000,0.0,0.0,56950000000.0,-8.36095645737457,29943000000.0,-0.07341898882029034,364980000000.0,3.5160515396374756,-23405000000.0,-1243.5706084959816,106629000000.0,-4.01393489845888
2025-03-04,237.1295800554318,239.4838181516717,234.10696453181083,235.35391235351562,53798100,0.0,0.0,56950000000.0,-8.36095645737457,29943000000.0,-0.07341898882029034,364980000000.0,3.5160515396374756,-23405000000.0,-1243.5706084959816,106629000000.0,-4.01393489845888
2025-03-05,234.84515699420854,235.97240266650644,228.67026910680244,235.1643829345703,47227600,0.0,0.0,56950000000.0,-8.36095645737457,29943000000.0,-0.07341898882029034,364980000000.0,3.5160515396374756,-23405000000.0,-1243.5706084959816,106629000000.0,-4.01393489845888
2025-03-06,233.86756011302523,237.27920752401755,232.59068676229822,234.75538635253906,45170400,0.0,0.0,56950000000.0,-8.36095645737457,29943000000.0,-0.07341898882029034,364980000000.0,3.5160515396374756,-23405000000.0,-1243.5706084959816,106629000000.0,-4.01393489845888
2025-03-07,234.53591456798168,240.78062356819368,234.1867631010968,238.4862518310547,46273600,0.0,0.0,56950000000.0,-8.36095645737457,29943000000.0,-0.07341898882029034,364980000000.0,3.5160515396374756,-23405000000.0,-1243.5706084959816,106629000000.0,-4.01393489845888
2025-03-10,234.96486230654432,235.583358769024,223.6725108894593,226.92454528808594,72071200,0.0,0.0,56950000000.0,-8.36095645737457,29943000000.0,-0.07341898882029034,364980000000.0,3.5160515396374756,-23405000000.0,-1243.5706084959816,106629000000.0,-4.01393489845888
2025-03-11,223.26351528828414,225.2885573705892,216.91904404485373,220.30076599121094,76137400,0.0,0.0,56950000000.0,-8.36095645737457,29943000000.0,-0.07341898882029034,364980000000.0,3.5160515396374756,-23405000000.0,-1243.5706084959816,106629000000.0,-4.01393489845888
2025-03-12,219.60246770742089,221.20853706339403,214.38524243690583,216.45018005371094,62547500,0.0,0.0,56950000000.0,-8.36095645737457,29943000000.0,-0.07341898882029034,364980000000.0,3.5160515396374756,-23405000000.0,-1243.5706084959816,106629000000.0,-4.01393489845888
2025-03-13,215.4227092543014,216.31053552178076,207.9110965632093,209.1680145263672,61368300,0.0,0.0,56950000000.0,-8.36095645737457,29943000000.0,-0.07341898882029034,364980000000.0,3.5160515396374756,-23405000000.0,-1243.5706084959816,106629000000.0,-4.01393489845888
2025-03-14,210.7341834889886,213.42758776028128,209.06826301296118,212.96871948242188,60107600,0.0,0.0,56950000000.0,-8.36095645737457,29943000000.0,-0.07341898882029034,364980000000.0,3.5160515396374756,-23405000000.0,-1243.5706084959816,106629000000.0,-4.01393489845888
2025-03-17,212.78914514941675,214.69448503570536,209.4573042902151,213.4774627685547,48073400,0.0,0.0,56950000000.0,-8.36095645737457,29943000000.0,-0.07341898882029034,364980000000.0,3.5160515396374756,-23405000000.0,-1243.5706084959816,106629000000.0,-4.01393489845888
2025-03-18,213.63706605687162,214.62463892519543,210.97358751075308,212.170654296875,42432400,0.0,0.0,56950000000.0,-8.36095645737457,29943000000.0,-0.07341898882029034,364980000000.0,3.5160515396374756,-23405000000.0,-1243.5706084959816,106629000000.0,-4.01393489845888
2025-03-19,213.6969181399133,218.22582565599035,213.22806456968678,214.7144317626953,54385400,0.0,0.0,56950000000.0,-8.36095645737457,29943000000.0,-0.07341898882029034,364980000000.0,3.5160515396374756,-23405000000.0,-1243.5706084959816,106629000000.0,-4.01393489845888
2025-03-20,213.46749271646212,216.9589465476154,211.70181037410745,213.5772247314453,48862900,0.0,0.0,56950000000.0,-8.36095645737457,29943000000.0,-0.07341898882029034,364980000000.0,3.5160515396374756,-23405000000.0,-1243.5706084959816,106629000000.0,-4.01393489845888
2025-03-21,211.04340788811464,218.30563028145062,210.764092813104,217.73703002929688,94127800,0.0,0.0,56950000000.0,-8.36095645737457,29943000000.0,-0.07341898882029034,364980000000.0,3.5160515396374756,-23405000000.0,-1243.5706084959816,106629000000.0,-4.01393489845888
2025-03-24,220.460369765545,220.93919345594836,218.04628066528426,220.19102478027344,44299500,0.0,0.0,56950000000.0,-8.36095645737457,29943000000.0,-0.07341898882029034,364980000000.0,3.5160515396374756,-23405000000.0,-1243.5706084959816,106629000000.0,-4.01393489845888
2025-03-25,220.23093972638688,223.55281053469957,219.54262209652958,223.2036590576172,34493600,0.0,0.0,56950000000.0,-8.36095645737457,29943000000.0,-0.07341898882029034,364980000000.0,3.5160515396374756,-23405000000.0,-1243.5706084959816,106629000000.0,-4.01393489845888
2025-03-26,222.96422035625233,224.47054292972726,219.93165022699972,220.9890594482422,34466100,0.0,0.0,56950000000.0,-8.36095645737457,29943000000.0,-0.07341898882029034,364980000000.0,3.5160515396374756,-23405000000.0,-1243.5706084959816,106629000000.0,-4.01393489845888
2025-03-27,220.84940592957574,224.4406214835582,220.0214308095873,223.30340576171875,37094800,0.0,0.0,56950000000.0,-8.36095645737457,29943000000.0,-0.07341898882029034,364980000000.0,3.5160515396374756,-23405000000.0,-1243.5706084959816,106629000000.0,-4.01393489845888
2025-03-28,221.12873402087155,223.26350805320467,217.1484711493609,217.36793518066406,39818600,0.0,0.0,56950000000.0,-8.36095645737457,29943000000.0,-0.07341898882029034,364980000000.0,3.5160515396374756,-23405000000.0,-1243.5706084959816,106629000000.0,-4.01393489845888
2025-03-31,216.48010744476517,225.06908447075043,215.7020132379398,221.58761596679688,65299300,0.0,0.0,56950000000.0,-8.36095645737457,29943000000.0,-0.07341898882029034,364980000000.0,3.5160515396374756,-23405000000.0,-1243.5706084959816,106629000000.0,-4.01393489845888
2025-04-01,219.27326790744206,223.13381331282267,218.36548628233527,222.64501953125,36412700,0.0,0.0,56950000000.0,-8.36095645737457,29943000000.0,-0.07341898882029034,364980000000.0,3.5160515396374756,-23405000000.0,-1243.5706084959816,106629000000.0,-4.01393489845888
2025-04-02,220.77959080525144,224.6401362151353,220.4803202973195,223.3433074951172,35905900,0.0,0.0,56950000000.0,-8.36095645737457,29943000000.0,-0.07341898882029034,364980000000.0,3.5160515396374756,-23405000000.0,-1243.5706084959816,106629000000.0,-4.01393489845888
2025-04-03,205.03811566571247,206.9833664271943,200.75859747782033,202.69386291503906,103419000,0.0,0.0,56950000000.0,-8.36095645737457,29943000000.0,-0.07341898882029034,364980000000.0,3.5160515396374756,-23405000000.0,-1243.5706084959816,106629000000.0,-4.01393489845888
2025-04-04,193.4165691841804,199.39194860307396,186.88255957870848,187.92002868652344,125910900,0.0,0.0,56950000000.0,-8.36095645737457,29943000000.0,-0.07341898882029034,364980000000.0,3.5160515396374756,-23405000000.0,-1243.5706084959816,106629000000.0,-4.01393489845888
2025-04-07,176.76731422169505,193.6759230716255,174.19361217758157,181.0169219970703,160466300,0.0,0.0,56950000000.0,-8.36095645737457,29943000000.0,-0.07341898882029034,364980000000.0,3.5160515396374756,-23405000000.0,-1243.5706084959816,106629000000.0,-4.01393489845888
2025-04-08,186.244123618335,189.87523506652792,168.79683943762106,171.99899291992188,120859500,0.0,0.0,56950000000.0,-8.36095645737457,29943000000.0,-0.07341898882029034,364980000000.0,3.5160515396374756,-23405000000.0,-1243.5706084959816,106629000000.0,-4.01393489845888
2025-04-09,171.53013119082922,200.1201531468693,171.47028013366514,198.3644561767578,184395900,0.0,0.0,56950000000.0,-8.36095645737457,29943000000.0,-0.07341898882029034,364980000000.0,3.5160515396374756,-23405000000.0,-1243.5706084959816,106629000000.0,-4.01393489845888
2025-04-10,188.6083530498886,194.30440235729913,182.55316692796467,189.95504760742188,121880000,0.0,0.0,56950000000.0,-8.36095645737457,29943000000.0,-0.07341898882029034,364980000000.0,3.5160515396374756,-23405000000.0,-1243.5706084959816,106629000000.0,-4.01393489845888
2025-04-11,185.64558871717136,199.05275825525484,185.60567786476867,197.66615295410156,87435900,0.0,0.0,56950000000.0,-8.36095645737457,29943000000.0,-0.07341898882029034,364980000000.0,3.5160515396374756,-23405000000.0,-1243.5706084959816,106629000000.0,-4.01393489845888
2025-04-14,210.9237150406947,212.42005238891582,200.66881763194172,202.02549743652344,101352900,0.0,0.0,56950000000.0,-8.36095645737457,29943000000.0,-0.07341898882029034,364980000000.0,3.5160515396374756,-23405000000.0,-1243.5706084959816,106629000000.0,-4.01393489845888
2025-04-15,201.36710824854455,203.01307326666696,199.31214069618733,201.64642333984375,51343900,0.0,0.0,56950000000.0,-8.36095645737457,29943000000.0,-0.07341898882029034,364980000000.0,3.5160515396374756,-23405000000.0,-1243.5706084959816,106629000000.0,-4.01393489845888
2025-04-16,197.8756484915953,200.2099310657198,191.9002692932641,193.79563903808594,59732400,0.0,0.0,56950000000.0,-8.36095645737457,29943000000.0,-0.07341898882029034,364980000000.0,3.5160515396374756,-23405000000.0,-1243.5706084959816,106629000000.0,-4.01393489845888
2025-04-17,196.71848747425943,198.34451232255947,193.9452767059697,196.4990234375,52164700,0.0,0.0,56950000000.0,-8.36095645737457,29943000000.0,-0.07341898882029034,364980000000.0,3.5160515396374756,-23405000000.0,-1243.5706084959816,106629000000.0,-4.01393489845888
2025-04-21,192.79807124065385,193.32677585155812,189.3465132845993,192.68833923339844,46742500,0.0,0.0,56950000000.0,-8.36095645737457,29943000000.0,-0.07341898882029034,364980000000.0,3.5160515396374756,-23405000000.0,-1243.5706084959816,106629000000.0,-4.01393489845888
2025-04-22,195.64111763020085,201.097762433896,195.49148998245192,199.25228881835938,52976400,0.0,0.0,56950000000.0,-8.36095645737457,29943000000.0,-0.07341898882029034,364980000000.0,3.5160515396374756,-23405000000.0,-1243.5706084959816,106629000000.0,-4.01393489845888
2025-04-23,205.49700887470834,207.4921254657249,202.30482537338813,204.10043334960938,52929200,0.0,0.0,56950000000.0,-8.36095645737457,29943000000.0,-0.07341898882029034,364980000000.0,3.5160515396374756,-23405000000.0,-1243.5706084959816,106629000000.0,-4.01393489845888
2025-04-24,204.38970763388747,208.32008954356945,202.44447210591895,207.8612060546875,47311000,0.0,0.0,56950000000.0,-8.36095645737457,29943000000.0,-0.07341898882029034,364980000000.0,3.5160515396374756,-23405000000.0,-1243.5706084959816,106629000000.0,-4.01393489845888
2025-04-25,205.86608387594285,209.2378355121778,205.69650080604464,208.76898193359375,38222300,0.0,0.0,56950000000.0,-8.36095645737457,29943000000.0,-0.07341898882029034,364980000000.0,3.5160515396374756,-23405000000.0,-1243.5706084959816,106629000000.0,-4.01393489845888
2025-04-28,209.48723454234343,210.98357193193158,206.95344326011445,209.62689208984375,38743100,0.0,0.0,56950000000.0,-8.36095645737457,29943000000.0,-0.07341898882029034,364980000000.0,3.5160515396374756,-23405000000.0,-1243.5706084959816,106629000000.0,-4.01393489845888
2025-04-29,208.18042396697467,211.72175863443914,207.86119803545407,210.69427490234375,36827600,0.0,0.0,56950000000.0,-8.36095645737457,29943000000.0,-0.07341898882029034,364980000000.0,3.5160515396374756,-23405000000.0,-1243.5706084959816,106629000000.0,-4.01393489845888
2025-04-30,208.78894157113288,213.0584895980106,206.16535854293033,211.9811248779297,52286500,0.0,0.0,56950000000.0,-8.36095645737457,29943000000.0,-0.07341898882029034,364980000000.0,3.5160515396374756,-23405000000.0,-1243.5706084959816,106629000000.0,-4.01393489845888
2025-05-01,208.56948083895412,214.0360957896086,208.3899124386699,212.79913330078125,57365700,0.0,0.0,56950000000.0,-8.36095645737457,29943000000.0,-0.07341898882029034,364980000000.0,3.5160515396374756,-23405000000.0,-1243.5706084959816,106629000000.0,-4.01393489845888
2025-05-02,205.58677037884885,206.48458191182934,201.66637387157866,204.8485870361328,101010600,0.0,0.0,56950000000.0,-8.36095645737457,29943000000.0,-0.07341898882029034,364980000000.0,3.5160515396374756,-23405000000.0,-1243.5706084959816,106629000000.0,-4.01393489845888
2025-05-05,202.6040848015313,203.60164304236298,197.72602561272546,198.40435791015625,69018500,0.0,0.0,56950000000.0,-8.36095645737457,29943000000.0,-0.07341898882029034,364980000000.0,3.5160515396374756,-23405000000.0,-1243.5706084959816,106629000000.0,-4.01393489845888
2025-05-06,197.72601327833053,200.16004244803628,196.53891661034845,198.0252685546875,51216500,0.0,0.0,56950000000.0,-8.36095645737457,29943000000.0,-0.07341898882029034,364980000000.0,3.5160515396374756,-23405000000.0,-1243.5706084959816,106629000000.0,-4.01393489845888
2025-05-07,198.6836658614824,198.95301083885846,192.77812311451905,195.7707977294922,68536700,0.0,0.0,56950000000.0,-8.36095645737457,29943000000.0,-0.07341898882029034,364980000000.0,3.5160515396374756,-23405000000.0,-1243.5706084959816,106629000000.0,-4.01393489845888
2025-05-08,197.2372161152265,199.56152863729463,194.20463054641704,197.00778198242188,50478900,0.0,0.0,56950000000.0,-8.36095645737457,29943000000.0,-0.07341898882029034,364980000000.0,3.5160515396374756,-23405000000.0,-1243.5706084959816,106629000000.0,-4.01393489845888
2025-05-09,198.51409591462888,200.0503289543839,197.05765414160055,198.0452423095703,36453900,0.0,0.0,56950000000.0,-8.36095645737457,29943000000.0,-0.07341898882029034,364980000000.0,3.5160515396374756,-23405000000.0,-1243.5706084959816,106629000000.0,-4.01393489845888
2025-05-12,210.7308445260501,211.03050749278242,206.5156271207593,210.55104064941406,63775800,0.26,0.0,56950000000.0,-8.36095645737457,29943000000.0,-0.07341898882029034,364980000000.0,3.5160515396374756,-23405000000.0,-1243.5706084959816,106629000000.0,-4.01393489845888
2025-05-13,210.19144790738707,213.1580823159532,208.76307628033234,212.68861389160156,51909300,0.0,0.0,56950000000.0,-8.36095645737457,29943000000.0,-0.07341898882029034,364980000000.0,3.5160515396374756,-23405000000.0,-1243.5706084959816,106629000000.0,-4.01393489845888
2025-05-14,212.18917192393894,213.69746987061376,210.34127831689767,212.08929443359375,49325800,0.0,0.0,56950000000.0,-8.36095645737457,29943000000.0,-0.07341898882029034,364980000000.0,3.5160515396374756,-23405000000.0,-1243.5706084959816,106629000000.0,-4.01393489845888
2025-05-15,210.71086343228015,212.71859464512332,209.30245815432872,211.21029663085938,45029500,0.0,0.0,56950000000.0,-8.36095645737457,29943000000.0,-0.07341898882029034,364980000000.0,3.5160515396374756,-23405000000.0,-1243.5706084959816,106629000000.0,-4.01393489845888
2025-05-16,212.11926693678467,212.32903558469047,209.53220664773164,211.0205078125,54737900,0.0,0.0,56950000000.0,-8.36095645737457,29943000000.0,-0.07341898882029034,364980000000.0,3.5160515396374756,-23405000000.0,-1243.5706084959816,106629000000.0,-4.01393489845888
2025-05-19,207.67431083672193,209.24252311349682,204.02843943795537,208.54331970214844,46140500,0.0,0.0,56950000000.0,-8.36095645737457,29943000000.0,-0.07341898882029034,364980000000.0,3.5160515396374756,-23405000000.0,-1243.5706084959816,106629000000.0,-4.01393489845888
2025-05-20,207.4345828831543,208.2336790492342,204.79757620413463,206.62550354003906,42496600,0.0,0.0,56950000000.0,-8.36095645737457,29943000000.0,-0.07341898882029034,364980000000.0,3.5160515396374756,-23405000000.0,-1243.5706084959816,106629000000.0,-4.01393489845888
2025-05-21,204.93741112479617,206.80528635778637,200.4824756537251,201.86090087890625,59211800,0.0,0.0,56950000000.0,-8.36095645737457,29943000000.0,-0.07341898882029034,364980000000.0,3.5160515396374756,-23405000000.0,-1243.5706084959816,106629000000.0,-4.01393489845888
2025-05-22,200.48247209416806,202.52015274475195,199.4736073247078,201.13172912597656,46742400,0.0,0.0,56950000000.0,-8.36095645737457,29943000000.0,-0.07341898882029034,364980000000.0,3.5160515396374756,-23405000000.0,-1243.5706084959816,106629000000.0,-4.01393489845888
2025-05-23,193.45045269257122,197.4758830409797,193.24069928507132,195.04864501953125,78432900,0.0,0.0,56950000000.0,-8.36095645737457,29943000000.0,-0.07341898882029034,364980000000.0,3.5160515396374756,-23405000000.0,-1243.5706084959816,106629000000.0,-4.01393489845888
2025-05-27,198.07520901450675,200.51244545494848,197.20618488735448,199.98304748535156,56288500,0.0,0.0,56950000000.0,-8.36095645737457,29943000000.0,-0.07341898882029034,364980000000.0,3.5160515396374756,-23405000000.0,-1243.5706084959816,106629000000.0,-4.01393489845888
2025-05-28,200.36260025266836,202.50017366149785,199.67338002302156,200.1927947998047,45339700,0.0,0.0,56950000000.0,-8.36095645737457,29943000000.0,-0.07341898882029034,364980000000.0,3.5160515396374756,-23405000000.0,-1243.5706084959816,106629000000.0,-4.01393489845888
2025-05-29,203.3492174371598,203.57895243464628,198.28495762525483,199.72332763671875,51396800,0.0,0.0,56950000000.0,-8.36095645737457,29943000000.0,-0.07341898882029034,364980000000.0,3.5160515396374756,-23405000000.0,-1243.5706084959816,106629000000.0,-4.01393489845888
2025-05-30,199.14398126681596,201.73105672211125,196.55692105301176,200.622314453125,70819900,0.0,0.0,56950000000.0,-8.36095645737457,29943000000.0,-0.07341898882029034,364980000000.0,3.5160515396374756,-23405000000.0,-1243.5706084959816,106629000000.0,-4.01393489845888
2025-06-02,200.05295557621693,201.9008644592711,199.89313329888972,201.47134399414062,35423300,0.0,0.0,56950000000.0,-8.36095645737457,29943000000.0,-0.07341898882029034,364980000000.0,3.5160515396374756,-23405000000.0,-1243.5706084959816,106629000000.0,-4.01393489845888
2025-06-03,201.1217444882778,203.5389992121068,200.7321872237246,203.03956604003906,46381600,0.0,0.0,56950000000.0,-8.36095645737457,29943000000.0,-0.07341898882029034,364980000000.0,3.5160515396374756,-23405000000.0,-1243.5706084959816,106629000000.0,-4.01393489845888
2025-06-04,202.67998220748078,206.00620910456834,201.8709028727957,202.590087890625,43604000,0.0,0.0,56950000000.0,-8.36095645737457,29943000000.0,-0.07341898882029034,364980000000.0,3.5160515396374756,-23405000000.0,-1243.5706084959816,106629000000.0,-4.01393489845888
2025-06-05,203.26931435006063,204.5178973620389,199.92310578136215,200.40257263183594,55126100,0.0,0.0,56950000000.0,-8.36095645737457,29943000000.0,-0.07341898882029034,364980000000.0,3.5160515396374756,-23405000000.0,-1243.5706084959816,106629000000.0,-4.01393489845888
2025-06-06,202.76987228695742,205.4668084267123,201.82095228760733,203.68882751464844,46607700,0.0,0.0,56950000000.0,-8.36095645737457,29943000000.0,-0.07341898882029034,364980000000.0,3.5160515396374756,-23405000000.0,-1243.5706084959816,106629000000.0,-4.01393489845888
2025-06-09,204.15830357568726,205.76647909477697,199.79326227022588,201.2216339111328,72862600,0.0,0.0,56950000000.0,-8.36095645737457,29943000000.0,-0.07341898882029034,364980000000.0,3.5160515396374756,-23405000000.0,-1243.5706084959816,106629000000.0,-4.01393489845888
2025-06-10,200.3726011094186,204.11835001917973,200.34263633745982,202.44024658203125,54672600,0.0,0.0,56950000000.0,-8.36095645737457,29943000000.0,-0.07341898882029034,364980000000.0,3.5160515396374756,-23405000000.0,-1243.5706084959816,106629000000.0,-4.01393489845888
2025-06-11,203.26930749599725,204.26817387189894,198.18508130061548,198.55465698242188,60989900,0.0,0.0,56950000000.0,-8.36095645737457,29943000000.0,-0.07341898882029034,364980000000.0,3.5160515396374756,-23405000000.0,-1243.5706084959816,106629000000.0,-4.01393489845888
2025-06-12,198.85432303920933,199.45363372918547,197.13627162659284,198.97418212890625,43904600,0.0,0.0,56950000000.0,-8.36095645737457,29943000000.0,-0.07341898882029034,364980000000.0,3.5160515396374756,-23405000000.0,-1243.5706084959816,106629000000.0,-4.01393489845888
2025-06-13,199.50357538920457,200.1428492549886,195.47814514596445,196.227294921875,51447300,0.0,0.0,56950000000.0,-8.36095645737457,29943000000.0,-0.07341898882029034,364980000000.0,3.5160515396374756,-23405000000.0,-1243.5706084959816,106629000000.0,-4.01393489845888
2025-06-16,197.07634287373045,198.46476655376847,196.33717625414866,198.195068359375,43020700,0.0,0.0,56950000000.0,-8.36095645737457,29943000000.0,-0.07341898882029034,364980000000.0,3.5160515396374756,-23405000000.0,-1243.5706084959816,106629000000.0,-4.01393489845888
2025-06-17,196.97644196425614,198.16509536417735,194.98870767431248,195.418212890625,38856200,0.0,0.0,56950000000.0,-8.36095645737457,29943000000.0,-0.07341898882029034,364980000000.0,3.5160515396374756,-23405000000.0,-1243.5706084959816,106629000000.0,-4.01393489845888
2025-06-18,195.71787336797544,197.3460303816964,194.84886452825484,196.35714721679688,45394700,0.0,0.0,56950000000.0,-8.36095645737457,29943000000.0,-0.07341898882029034,364980000000.0,3.5160515396374756,-23405000000.0,-1243.5706084959816,106629000000.0,-4.01393489845888
2025-06-20,198.01527480684123,201.47134391409438,196.6368343380514,200.7721405029297,96813500,0.0,0.0,56950000000.0,-8.36095645737457,29943000000.0,-0.07341898882029034,364980000000.0,3.5160515396374756,-23405000000.0,-1243.5706084959816,106629000000.0,-4.01393489845888
2025-06-23,201.40143343464243,202.07067208145295,198.73446202428119,201.27157592773438,55814300,0.0,0.0,56950000000.0,-8.36095645737457,29943000000.0,-0.07341898882029034,364980000000.0,3.5160515396374756,-23405000000.0,-1243.5706084959816,106629000000.0,-4.01393489845888
2025-06-24,202.36033429336192,203.2093768046809,199.9730442780961,200.07293701171875,54064000,0.0,0.0,56950000000.0,-8.36095645737457,29943000000.0,-0.07341898882029034,364980000000.0,3.5160515396374756,-23405000000.0,-1243.5706084959816,106629000000.0,-4.01393489845888
2025-06-25,201.2216365357081,203.43912119943792,200.39257558111612,201.33151245117188,39525700,0.0,0.0,56950000000.0,-8.36095645737457,29943000000.0,-0.07341898882029034,364980000000.0,3.5160515396374756,-23405000000.0,-1243.5706084959816,106629000000.0,-4.01393489845888
2025-06-26,201.20164572639828,202.41028074115465,199.23389299836737,200.7721405029297,50799100,0.0,0.0,56950000000.0,-8.36095645737457,29943000000.0,-0.07341898882029034,364980000000.0,3.5160515396374756,-23405000000.0,-1243.5706084959816,106629000000.0,-4.01393489845888
2025-06-27,201.66113009938155,202.98962419564972,199.77327327657756,200.85205078125,73188600,0.0,0.0,56950000000.0,-8.36095645737457,29943000000.0,-0.07341898882029034,364980000000.0,3.5160515396374756,-23405000000.0,-1243.5706084959816,106629000000.0,-4.01393489845888
2025-06-30,201.78098710410558,207.15489297707504,199.0341046248948,204.93740844726562,91912800,0.0,0.0,56950000000.0,-8.36095645737457,29943000000.0,-0.07341898882029034,364980000000.0,3.5160515396374756,-23405000000.0,-1243.5706084959816,106629000000.0,-4.01393489845888
2025-07-01,206.4357061767528,209.95171998702364,205.90630823197938,207.58441162109375,78788900,0.0,0.0,56950000000.0,-8.36095645737457,29943000000.0,-0.07341898882029034,364980000000.0,3.5160515396374756,-23405000000.0,-1243.5706084959816,106629000000.0,-4.01393489845888
2025-07-02,208.6731759252599,213.09814660534315,207.9040445567577,212.1991729736328,67941800,0.0,0.0,56950000000.0,-8.36095645737457,29943000000.0,-0.07341898882029034,364980000000.0,3.5160515396374756,-23405000000.0,-1243.5706084959816,106629000000.0,-4.01393489845888
2025-07-03,211.90950026104147,214.40666625629999,211.56988934364432,213.30792236328125,34955800,0.0,0.0,56950000000.0,-8.36095645737457,29943000000.0,-0.07341898882029034,364980000000.0,3.5160515396374756,-23405000000.0,-1243.5706084959816,106629000000.0,-4.01393489845888
2025-07-07,212.43889126622693,215.9848699115094,208.56330013289198,209.7119903564453,50229000,0.0,0.0,56950000000.0,-8.36095645737457,29943000000.0,-0.07341898882029034,364980000000.0,3.5160515396374756,-23405000000.0,-1243.5706084959816,106629000000.0,-4.01393489845888
2025-07-08,209.86183643928914,211.1903153368944,208.213697736729,209.7719268798828,42848900,0.0,0.0,56950000000.0,-8.36095645737457,29943000000.0,-0.07341898882029034,364980000000.0,3.5160515396374756,-23405000000.0,-1243.5706084959816,106629000000.0,-4.01393489845888
2025-07-09,209.2924745188519,211.09043707809712,206.98509558510867,210.90065002441406,48749400,0.0,0.0,56950000000.0,-8.36095645737457,29943000000.0,-0.07341898882029034,364980000000.0,3.5160515396374756,-23405000000.0,-1243.5706084959816,106629000000.0,-4.01393489845888
2025-07-10,210.27134950514616,213.23798377907798,209.7918979255535,212.16920471191406,44443600,0.0,0.0,56950000000.0,-8.36095645737457,29943000000.0,-0.07341898882029034,364980000000.0,3.5160515396374756,-23405000000.0,-1243.5706084959816,106629000000.0,-4.01393489845888
2025-07-11,210.33129628612954,211.88952536572023,209.6220944658076,210.92062377929688,39765800,0.0,0.0,56950000000.0,-8.36095645737457,29943000000.0,-0.07341898882029034,364980000000.0,3.5160515396374756,-23405000000.0,-1243.5706084959816,106629000000.0,-4.01393489845888
2025-07-14,209.69201166358403,210.67091168904602,207.3047216270235,208.3834991455078,38840100,0.0,0.0,56950000000.0,-8.36095645737457,29943000000.0,-0.07341898882029034,364980000000.0,3.5160515396374756,-23405000000.0,-1243.5706084959816,106629000000.0,-4.01393489845888
2025-07-15,208.9828312368767,211.64980271899068,208.6831682659836,208.87295532226562,42296300,0.0,0.0,56950000000.0,-8.36095645737457,29943000000.0,-0.07341898882029034,364980000000.0,3.5160515396374756,-23405000000.0,-1243.5706084959816,106629000000.0,-4.01393489845888
2025-07-16,210.06160887608695,212.1592191902425,208.40348697906978,209.92176818847656,47490500,0.0,0.0,56950000000.0,-8.36095645737457,29943000000.0,-0.07341898882029034,364980000000.0,3.5160515396374756,-23405000000.0,-1243.5706084959816,106629000000.0,-4.01393489845888
2025-07-17,210.33130094399476,211.5599023237274,209.35240091776063,209.78192138671875,48068100,0.0,0.0,56950000000.0,-8.36095645737457,29943000000.0,-0.07341898882029034,364980000000.0,3.5160515396374756,-23405000000.0,-1243.5706084959816,106629000000.0,-4.01393489845888
2025-07-18,210.63095139102305,211.54990664350106,209.46227954032304,210.9405975341797,48974600,0.0,0.0,56950000000.0,-8.36095645737457,29943000000.0,-0.07341898882029034,364980000000.0,3.5160515396374756,-23405000000.0,-1243.5706084959816,106629000000.0,-4.01393489845888
2025-07-21,211.8595616297783,215.53538252867688,211.39009321998003,212.23912048339844,51377400,0.0,0.0,56950000000.0,-8.36095645737457,29943000000.0,-0.07341898882029034,364980000000.0,3.5160515396374756,-23405000000.0,-1243.5706084959816,106629000000.0,-4.01393489845888
2025-07-22,212.89838571641525,214.7063314773177,211.9894136266437,214.15695190429688,46404100,0.0,0.0,56950000000.0,-8.36095645737457,29943000000.0,-0.07341898882029034,364980000000.0,3.5160515396374756,-23405000000.0,-1243.5706084959816,106629000000.0,-4.01393489845888
2025-07-23,214.75626907170553,214.90609293027538,212.1692088371252,213.9072265625,46989300,0.0,0.0,56950000000.0,-8.36095645737457,29943000000.0,-0.07341898882029034,364980000000.0,3.5160515396374756,-23405000000.0,-1243.5706084959816,106629000000.0,-4.01393489845888
2025-07-24,213.65751035981805,215.44548969662856,213.28793468034502,213.51766967773438,46022600,0.0,0.0,56950000000.0,-8.36095645737457,29943000000.0,-0.07341898882029034,364980000000.0,3.5160515396374756,-23405000000.0,-1243.5706084959816,106629000000.0,-4.01393489845888
2025-07-25,214.45660521718813,214.9960015887686,213.15807589620647,213.63754272460938,40268800,0.0,0.0,56950000000.0,-8.36095645737457,29943000000.0,-0.07341898882029034,364980000000.0,3.5160515396374756,-23405000000.0,-1243.5706084959816,106629000000.0,-4.01393489845888
2025-07-28,213.78737619229818,214.60645396318566,212.81847455673218,213.80735778808594,37858000,0.0,0.0,56950000000.0,-8.36095645737457,29943000000.0,-0.07341898882029034,364980000000.0,3.5160515396374756,-23405000000.0,-1243.5706084959816,106629000000.0,-4.01393489845888
2025-07-29,213.93719187335407,214.5664825639156,210.58101550100253,211.03050231933594,51411700,0.0,0.0,56950000000.0,-8.36095645737457,29943000000.0,-0.07341898882029034,364980000000.0,3.5160515396374756,-23405000000.0,-1243.5706084959816,106629000000.0,-4.01393489845888
2025-07-30,211.65977882345743,212.14922883427738,207.48452469073794,208.81301879882812,45512500,0.0,0.0,56950000000.0,-8.36095645737457,29943000000.0,-0.07341898882029034,364980000000.0,3.5160515396374756,-23405000000.0,-1243.5706084959816,106629000000.0,-4.01393489845888
2025-07-31,208.25365677749065,209.60211724381097,206.92516266487007,207.33470153808594,80698400,0.0,0.0,56950000000.0,-8.36095645737457,29943000000.0,-0.07341898882029034,364980000000.0,3.5160515396374756,-23405000000.0,-1243.5706084959816,106629000000.0,-4.01393489845888
2025-08-01,210.63095505795985,213.33788973606855,201.27158167093614,202.1505889892578,104434500,0.0,0.0,56950000000.0,-8.36095645737457,29943000000.0,-0.07341898882029034,364980000000.0,3.5160515396374756,-23405000000.0,-1243.5706084959816,106629000000.0,-4.01393489845888
2025-08-04,204.27816503495924,207.64435521756303,201.4513712516652,203.11949157714844,75109300,0.0,0.0,56950000000.0,-8.36095645737457,29943000000.0,-0.07341898882029034,364980000000.0,3.5160515396374756,-23405000000.0,-1243.5706084959816,106629000000.0,-4.01393489845888
2025-08-05,203.1694082424696,205.1072113881769,201.93082373064988,202.68995666503906,44155100,0.0,0.0,56950000000.0,-8.36095645737457,29943000000.0,-0.07341898882029034,364980000000.0,3.5160515396374756,-23405000000.0,-1243.5706084959816,106629000000.0,-4.01393489845888
2025-08-06,205.39689808550258,215.1358452662651,205.35693489516686,213.0082550048828,108483100,0.0,0.0,56950000000.0,-8.36095645737457,29943000000.0,-0.07341898882029034,364980000000.0,3.5160515396374756,-23405000000.0,-1243.5706084959816,106629000000.0,-4.01393489845888
2025-08-07,218.63187314031333,220.59964108330854,216.33447747046458,219.7805633544922,90224800,0.0,0.0,56950000000.0,-8.36095645737457,29943000000.0,-0.07341898882029034,364980000000.0,3.5160515396374756,-23405000000.0,-1243.5706084959816,106629000000.0,-4.01393489845888
2025-08-08,220.57966572513484,230.73813503605493,219.00145500716468,229.0900115966797,113854000,0.0,0.0,56950000000.0,-8.36095645737457,29943000000.0,-0.07341898882029034,364980000000.0,3.5160515396374756,-23405000000.0,-1243.5706084959816,106629000000.0,-4.01393489845888
2025-08-11,227.9199981689453,229.55999755859375,224.75999450683594,227.17999267578125,61806100,0.26,0.0,56950000000.0,-8.36095645737457,29943000000.0,-0.07341898882029034,364980000000.0,3.5160515396374756,-23405000000.0,-1243.5706084959816,106629000000.0,-4.01393489845888
2025-08-12,228.00999450683594,230.8000030517578,227.07000732421875,229.64999389648438,55626200,0.0,0.0,56950000000.0,-8.36095645737457,29943000000.0,-0.07341898882029034,364980000000.0,3.5160515396374756,-23405000000.0,-1243.5706084959816,106629000000.0,-4.01393489845888
2025-08-13,231.07000732421875,235.0,230.42999267578125,233.3300018310547,69878500,0.0,0.0,56950000000.0,-8.36095645737457,29943000000.0,-0.07341898882029034,364980000000.0,3.5160515396374756,-23405000000.0,-1243.5706084959816,106629000000.0,-4.01393489845888
2025-08-14,234.05999755859375,235.1199951171875,230.85000610351562,232.77999877929688,51916300,0.0,0.0,56950000000.0,-8.36095645737457,29943000000.0,-0.07341898882029034,364980000000.0,3.5160515396374756,-23405000000.0,-1243.5706084959816,106629000000.0,-4.01393489845888
2025-08-15,234.0,234.27999877929688,229.33999633789062,231.58999633789062,56038700,0.0,0.0,56950000000.0,-8.36095645737457,29943000000.0,-0.07341898882029034,364980000000.0,3.5160515396374756,-23405000000.0,-1243.5706084959816,106629000000.0,-4.01393489845888
2025-08-18,231.6999969482422,233.1199951171875,230.11000061035156,230.88999938964844,37476200,0.0,0.0,56950000000.0,-8.36095645737457,29943000000.0,-0.07341898882029034,364980000000.0,3.5160515396374756,-23405000000.0,-1243.5706084959816,106629000000.0,-4.01393489845888
2025-08-19,231.27999877929688,232.8699951171875,229.35000610351562,230.55999755859375,39402600,0.0,0.0,56950000000.0,-8.36095645737457,29943000000.0,-0.07341898882029034,364980000000.0,3.5160515396374756,-23405000000.0,-1243.5706084959816,106629000000.0,-4.01393489845888
2025-08-20,229.97999572753906,230.47000122070312,225.77000427246094,226.00999450683594,42263900,0.0,0.0,56950000000.0,-8.36095645737457,29943000000.0,-0.07341898882029034,364980000000.0,3.5160515396374756,-23405000000.0,-1243.5706084959816,106629000000.0,-4.01393489845888
2025-08-21,226.27000427246094,226.52000427246094,223.77999877929688,224.89999389648438,30621200,0.0,0.0,56950000000.0,-8.36095645737457,29943000000.0,-0.07341898882029034,364980000000.0,3.5160515396374756,-23405000000.0,-1243.5706084959816,106629000000.0,-4.01393489845888
2025-08-22,226.1699981689453,229.08999633789062,225.41000366210938,227.75999450683594,42477800,0.0,0.0,56950000000.0,-8.36095645737457,29943000000.0,-0.07341898882029034,364980000000.0,3.5160515396374756,-23405000000.0,-1243.5706084959816,106629000000.0,-4.01393489845888
2025-08-25,226.47999572753906,229.3000030517578,226.22999572753906,227.16000366210938,30983100,0.0,0.0,56950000000.0,-8.36095645737457,29943000000.0,-0.07341898882029034,364980000000.0,3.5160515396374756,-23405000000.0,-1243.5706084959816,106629000000.0,-4.01393489845888
2025-08-26,226.8699951171875,229.49000549316406,224.69000244140625,229.30999755859375,54575100,0.0,0.0,56950000000.0,-8.36095645737457,29943000000.0,-0.07341898882029034,364980000000.0,3.5160515396374756,-23405000000.0,-1243.5706084959816,106629000000.0,-4.01393489845888
2025-08-27,228.61000061035156,230.89999389648438,228.25999450683594,230.49000549316406,31259500,0.0,0.0,56950000000.0,-8.36095645737457,29943000000.0,-0.07341898882029034,364980000000.0,3.5160515396374756,-23405000000.0,-1243.5706084959816,106629000000.0,-4.01393489845888
2025-08-28,230.82000732421875,233.41000366210938,229.33999633789062,232.55999755859375,38074700,0.0,0.0,56950000000.0,-8.36095645737457,29943000000.0,-0.07341898882029034,364980000000.0,3.5160515396374756,-23405000000.0,-1243.5706084959816,106629000000.0,-4.01393489845888
2025-08-29,232.50999450683594,233.3800048828125,231.3699951171875,232.13999938964844,39418400,0.0,0.0,56950000000.0,-8.36095645737457,29943000000.0,-0.07341898882029034,364980000000.0,3.5160515396374756,-23405000000.0,-1243.5706084959816,106629000000.0,-4.01393489845888
2025-09-02,229.25,230.85000610351562,226.97000122070312,229.72000122070312,44075600,0.0,0.0,56950000000.0,-8.36095645737457,29943000000.0,-0.07341898882029034,364980000000.0,3.5160515396374756,-23405000000.0,-1243.5706084959816,106629000000.0,-4.01393489845888
2025-09-03,237.2100067138672,238.85000610351562,234.36000061035156,238.47000122070312,66427800,0.0,0.0,56950000000.0,-8.36095645737457,29943000000.0,-0.07341898882029034,364980000000.0,3.5160515396374756,-23405000000.0,-1243.5706084959816,106629000000.0,-4.01393489845888
2025-09-04,238.4499969482422,239.89999389648438,236.74000549316406,239.77999877929688,47549400,0.0,0.0,56950000000.0,-8.36095645737457,29943000000.0,-0.07341898882029034,364980000000.0,3.5160515396374756,-23405000000.0,-1243.5706084959816,106629000000.0,-4.01393489845888
2025-09-05,240.0,241.32000732421875,238.49000549316406,239.69000244140625,54870400,0.0,0.0,56950000000.0,-8.36095645737457,29943000000.0,-0.07341898882029034,364980000000.0,3.5160515396374756,-23405000000.0,-1243.5706084959816,106629000000.0,-4.01393489845888
2025-09-08,239.3000030517578,240.14999389648438,236.33999633789062,237.8800048828125,48999500,0.0,0.0,56950000000.0,-8.36095645737457,29943000000.0,-0.07341898882029034,364980000000.0,3.5160515396374756,-23405000000.0,-1243.5706084959816,106629000000.0,-4.01393489845888
2025-09-09,237.0,238.77999877929688,233.36000061035156,234.35000610351562,66313900,0.0,0.0,56950000000.0,-8.36095645737457,29943000000.0,-0.07341898882029034,364980000000.0,3.5160515396374756,-23405000000.0,-1243.5706084959816,106629000000.0,-4.01393489845888
2025-09-10,232.19000244140625,232.4199981689453,225.9499969482422,226.7899932861328,83440800,0.0,0.0,56950000000.0,-8.36095645737457,29943000000.0,-0.07341898882029034,364980000000.0,3.5160515396374756,-23405000000.0,-1243.5706084959816,106629000000.0,-4.01393489845888
2025-09-11,226.8800048828125,230.4499969482422,226.64999389648438,230.02999877929688,50208600,0.0,0.0,56950000000.0,-8.36095645737457,29943000000.0,-0.07341898882029034,364980000000.0,3.5160515396374756,-23405000000.0,-1243.5706084959816,106629000000.0,-4.01393489845888
2025-09-12,229.22000122070312,234.50999450683594,229.02000427246094,234.07000732421875,55824200,0.0,0.0,56950000000.0,-8.36095645737457,29943000000.0,-0.07341898882029034,364980000000.0,3.5160515396374756,-23405000000.0,-1243.5706084959816,106629000000.0,-4.01393489845888
2025-09-15,237.0,238.19000244140625,235.02999877929688,236.6999969482422,42699500,0.0,0.0,56950000000.0,-8.36095645737457,29943000000.0,-0.07341898882029034,364980000000.0,3.5160515396374756,-23405000000.0,-1243.5706084959816,106629000000.0,-4.01393489845888
2025-09-16,237.17999267578125,241.22000122070312,236.32000732421875,238.14999389648438,63421100,0.0,0.0,56950000000.0,-8.36095645737457,29943000000.0,-0.07341898882029034,364980000000.0,3.5160515396374756,-23405000000.0,-1243.5706084959816,106629000000.0,-4.01393489845888
2025-09-17,238.97000122070312,240.10000610351562,237.72999572753906,238.99000549316406,46508000,0.0,0.0,56950000000.0,-8.36095645737457,29943000000.0,-0.07341898882029034,364980000000.0,3.5160515396374756,-23405000000.0,-1243.5706084959816,106629000000.0,-4.01393489845888
2025-09-18,239.97000122070312,241.1999969482422,236.64999389648438,237.8800048828125,44249600,0.0,0.0,56950000000.0,-8.36095645737457,29943000000.0,-0.07341898882029034,364980000000.0,3.5160515396374756,-23405000000.0,-1243.5706084959816,106629000000.0,-4.01393489845888
2025-09-19,241.22999572753906,246.3000030517578,240.2100067138672,245.5,163741300,0.0,0.0,56950000000.0,-8.36095645737457,29943000000.0,-0.07341898882029034,364980000000.0,3.5160515396374756,-23405000000.0,-1243.5706084959816,106629000000.0,-4.01393489845888
2025-09-22,248.3000030517578,256.6400146484375,248.1199951171875,256.0799865722656,105517400,0.0,0.0,56950000000.0,-8.36095645737457,29943000000.0,-0.07341898882029034,364980000000.0,3.5160515396374756,-23405000000.0,-1243.5706084959816,106629000000.0,-4.01393489845888
2025-09-23,255.8800048828125,257.3399963378906,253.5800018310547,254.42999267578125,60275200,0.0,0.0,56950000000.0,-8.36095645737457,29943000000.0,-0.07341898882029034,364980000000.0,3.5160515396374756,-23405000000.0,-1243.5706084959816,106629000000.0,-4.01393489845888
2025-09-24,255.22000122070312,255.74000549316406,251.0399932861328,252.30999755859375,42303700,0.0,0.0,56950000000.0,-8.36095645737457,29943000000.0,-0.07341898882029034,364980000000.0,3.5160515396374756,-23405000000.0,-1243.5706084959816,106629000000.0,-4.01393489845888
2025-09-25,253.2100067138672,257.1700134277344,251.7100067138672,256.8699951171875,55202100,0.0,0.0,56950000000.0,-8.36095645737457,29943000000.0,-0.07341898882029034,364980000000.0,3.5160515396374756,-23405000000.0,-1243.5706084959816,106629000000.0,-4.01393489845888
2025-09-26,254.10000610351562,257.6000061035156,253.77999877929688,255.4600067138672,46045700,0.0,0.0,56950000000.0,-8.36095645737457,29943000000.0,-0.07341898882029034,364980000000.0,3.5160515396374756,-23405000000.0,-1243.5706084959816,106629000000.0,-4.01393489845888
