Date,Open,High,Low,Close,Volume,Dividends,Stock Splits,Stockholders_Equity,Stockholders_Equity_Growth,Cash_And_Equivalents,Cash_And_Equivalents_Growth,Total_Assets,Total_Assets_Growth,Working_Capital,Working_Capital_Growth,Total_Debt,Total_Debt_Growth
2020-09-28,244.98298395056716,245.9923703327538,239.68868465272072,244.1022491455078,4088300,0.0,0.0,,0.0,,0.0,,0.0,,0.0,,0.0
2020-09-29,242.7069552037406,245.3194734617211,241.95487187642658,244.87416076660156,3983700,0.0,0.0,,0.0,,0.0,,0.0,,0.0,,0.0
2020-09-30,244.0824721112701,252.75129389202382,243.65695547680193,248.70387268066406,8188500,0.0,0.0,,0.0,,0.0,,0.0,,0.0,,0.0
2020-10-01,250.544467155217,252.01896215143574,248.1991429551464,250.81166076660156,4318000,0.0,0.0,,0.0,,0.0,,0.0,,0.0,,0.0
2020-10-02,247.1502201273427,252.29608755645006,244.6366669750316,245.27000427246094,4494500,0.0,0.0,,0.0,,0.0,,0.0,,0.0,,0.0
2020-10-05,247.3975796319764,250.64343466875195,246.40798931344852,248.91165161132812,3403500,0.0,0.0,,0.0,,0.0,,0.0,,0.0,,0.0
2020-10-06,250.0991836456256,254.61172866331523,246.40801559185454,247.53614807128906,4448100,0.0,0.0,,0.0,,0.0,,0.0,,0.0,,0.0
2020-10-07,249.57468528060767,258.02578029438956,249.57468528060767,257.2737121582031,4963200,0.0,0.0,,0.0,,0.0,,0.0,,0.0,,0.0
2020-10-08,261.4497803834998,261.8653914151114,254.40387178196784,257.5111999511719,4150400,0.0,0.0,,0.0,,0.0,,0.0,,0.0,,0.0
2020-10-09,260.1632875957204,263.2804910458601,258.77786719564716,263.21124267578125,4225000,0.0,0.0,,0.0,,0.0,,0.0,,0.0,,0.0
2020-10-12,267.1894096339422,267.1894096339422,262.52844727741166,264.2899169921875,4317000,0.0,0.0,,0.0,,0.0,,0.0,,0.0,,0.0
2020-10-13,263.64666271435726,265.99198690849965,261.4794575273878,264.0523681640625,3713200,0.0,0.0,,0.0,,0.0,,0.0,,0.0,,0.0
2020-10-14,267.18939769652474,267.3477357784071,256.0565061258362,259.10443115234375,5129500,0.0,0.0,,0.0,,0.0,,0.0,,0.0,,0.0
2020-10-15,255.42314070390742,257.8080569776635,251.37573505541707,255.03721618652344,5256800,0.0,0.0,,0.0,,0.0,,0.0,,0.0,,0.0
2020-10-16,256.54141662300395,259.78727206606965,255.7992237912063,255.8585968017578,3092300,0.0,0.0,,0.0,,0.0,,0.0,,0.0,,0.0
2020-10-19,257.05597656745516,258.7580730290467,251.85072211632902,252.35540771484375,3242300,0.0,0.0,,0.0,,0.0,,0.0,,0.0,,0.0
2020-10-20,253.4538829562752,256.4820270990527,251.4054387243761,253.30545043945312,2989300,0.0,0.0,,0.0,,0.0,,0.0,,0.0,,0.0
2020-10-21,253.78044868011943,255.62107217237693,249.2283271854281,251.5835418701172,2794000,0.0,0.0,,0.0,,0.0,,0.0,,0.0,,0.0
2020-10-22,251.24710229666314,252.56325932098494,243.56788634342522,247.07102966308594,3685700,0.0,0.0,,0.0,,0.0,,0.0,,0.0,,0.0
2020-10-23,247.4965595222726,247.96166820782437,244.24079872341034,247.9121856689453,3159600,0.0,0.0,,0.0,,0.0,,0.0,,0.0,,0.0
2020-10-26,242.7465066555078,245.52725301740335,234.9089531931712,239.4610595703125,5864100,0.0,0.0,,0.0,,0.0,,0.0,,0.0,,0.0
2020-10-27,245.41839727119452,249.12936093960977,243.2116151043629,247.6944580078125,4285600,0.0,0.0,,0.0,,0.0,,0.0,,0.0,,0.0
2020-10-28,242.05379888240904,242.89494159642132,235.5323871822786,235.94801330566406,4425400,0.0,0.0,,0.0,,0.0,,0.0,,0.0,,0.0
2020-10-29,239.99547971454302,239.99547971454302,234.6615878029855,234.67147827148438,4589000,0.0,0.0,,0.0,,0.0,,0.0,,0.0,,0.0
2020-10-30,233.36519090560083,235.27509292935437,226.2797207605859,229.85214233398438,5741200,0.0,0.0,,0.0,,0.0,,0.0,,0.0,,0.0
2020-11-02,232.67249328946792,236.01731372051032,226.6063143200901,230.03028869628906,3953400,0.0,0.0,,0.0,,0.0,,0.0,,0.0,,0.0
2020-11-03,232.65270802250976,238.4319123082534,230.85164625471953,234.6615753173828,4151400,0.0,0.0,,0.0,,0.0,,0.0,,0.0,,0.0
2020-11-04,243.4590152839442,250.24760549790835,240.70795539635625,248.1298828125,6505400,0.0,0.0,,0.0,,0.0,,0.0,,0.0,,0.0
2020-11-05,255.42314862602575,258.20392527039206,252.78095932536425,257.5111999511719,8961700,0.0,0.0,,0.0,,0.0,,0.0,,0.0,,0.0
2020-11-06,257.2934925354225,259.0252756582571,251.84085511036554,257.4419250488281,3798600,0.0,0.0,,0.0,,0.0,,0.0,,0.0,,0.0
2020-11-09,258.2336228822042,268.09984022240326,254.5721263800618,256.58099365234375,8777500,0.0,0.0,,0.0,,0.0,,0.0,,0.0,,0.0
2020-11-10,255.37367287703088,256.30389018403827,240.37148015964516,245.08193969726562,6863200,0.0,0.0,,0.0,,0.0,,0.0,,0.0,,0.0
2020-11-11,250.8710339218258,254.0674063934798,248.59498828996774,251.5340576171875,4163400,0.0,0.0,,0.0,,0.0,,0.0,,0.0,,0.0
2020-11-12,244.82463178401483,252.31583752967708,243.79546452606473,246.8236083984375,5607000,0.0,0.0,,0.0,,0.0,,0.0,,0.0,,0.0
2020-11-13,250.20802697211366,251.14813480905394,244.9829909963278,246.91268920898438,5160000,0.0,0.0,,0.0,,0.0,,0.0,,0.0,,0.0
2020-11-16,246.92255274435846,250.85122707519017,245.5964903906648,247.2886962890625,5712600,0.0,0.0,,0.0,,0.0,,0.0,,0.0,,0.0
2020-11-17,251.09864468587153,255.5814723749388,247.85278975475012,253.50335693359375,5090700,0.0,0.0,,0.0,,0.0,,0.0,,0.0,,0.0
2020-11-18,253.7309339728536,259.9257785996927,253.18667141549966,254.4830322265625,5880500,0.0,0.0,,0.0,,0.0,,0.0,,0.0,,0.0
2020-11-19,254.166352717782,264.3096526418715,252.99864348669146,261.8950500488281,8084600,0.0,0.0,,0.0,,0.0,,0.0,,0.0,,0.0
2020-11-20,260.8461269307838,262.2612339386339,255.13620126000777,255.35391235351562,7286100,0.0,0.0,,0.0,,0.0,,0.0,,0.0,,0.0
2020-11-23,258.5106790610739,259.01534956666353,251.95958115611452,254.9580535888672,5383600,0.0,0.0,,0.0,,0.0,,0.0,,0.0,,0.0
2020-11-24,257.2934731295201,259.5794242632559,255.1361735643329,258.1247253417969,5797300,0.0,0.0,,0.0,,0.0,,0.0,,0.0,,0.0
2020-11-25,260.98469495717603,263.33001944412354,242.49913787412493,244.25071716308594,26394900,0.0,0.0,,0.0,,0.0,,0.0,,0.0,,0.0
2020-11-27,248.38717597487906,249.21842823861567,244.45850110704131,245.05226135253906,7395000,0.0,0.0,,0.0,,0.0,,0.0,,0.0,,0.0
2020-11-30,242.92464158032578,245.05226995139236,233.61260760632825,243.24131774902344,18966400,0.0,0.0,,0.0,,0.0,,0.0,,0.0,,0.0
2020-12-01,242.4496298755892,244.13193040983796,236.21520780165545,238.83763122558594,18872000,0.0,0.0,,0.0,,0.0,,0.0,,0.0,,0.0
2020-12-02,223.13283757393586,223.64742880625514,213.38538126336837,218.4817657470703,52225500,0.0,0.0,,0.0,,0.0,,0.0,,0.0,,0.0
2020-12-03,223.75627842692924,223.75627842692924,217.83853226182742,218.66978454589844,21395300,0.0,0.0,,0.0,,0.0,,0.0,,0.0,,0.0
2020-12-04,221.49010779208615,226.22034820950725,219.51092719567734,223.5088653564453,20504800,0.0,0.0,,0.0,,0.0,,0.0,,0.0,,0.0
2020-12-07,225.735447567576,227.47712108760604,223.8948089759744,225.3297119140625,12864100,0.0,0.0,,0.0,,0.0,,0.0,,0.0,,0.0
2020-12-08,226.26983739370112,227.1109952680075,223.31097178162912,225.48806762695312,12116800,0.0,0.0,,0.0,,0.0,,0.0,,0.0,,0.0
2020-12-09,225.6760723008532,226.45784199860688,217.7791458870444,218.27394104003906,15651800,0.0,0.0,,0.0,,0.0,,0.0,,0.0,,0.0
2020-12-10,218.27394385678332,221.9750019849763,217.8682082021039,220.59947204589844,9258600,0.0,0.0,,0.0,,0.0,,0.0,,0.0,,0.0
2020-12-11,219.60988013717125,220.4213514406551,217.69007251668495,220.10467529296875,8214400,0.0,0.0,,0.0,,0.0,,0.0,,0.0,,0.0
2020-12-14,220.76770611919025,221.14375528172437,218.15518821620904,218.96665954589844,8508500,0.0,0.0,,0.0,,0.0,,0.0,,0.0,,0.0
2020-12-15,219.75833362180433,219.8275970934947,215.92860874553128,217.85830688476562,10766800,0.0,0.0,,0.0,,0.0,,0.0,,0.0,,0.0
2020-12-16,219.17448290692033,221.66825500369836,217.95729091323466,221.29220581054688,8821400,0.0,0.0,,0.0,,0.0,,0.0,,0.0,,0.0
2020-12-17,222.55886616718755,224.36981833996026,222.16303606273527,223.56825256347656,9946900,0.0,0.0,,0.0,,0.0,,0.0,,0.0,,0.0
2020-12-18,224.65679471070928,225.44846997273152,222.0640578500876,225.06251525878906,11845400,0.0,0.0,,0.0,,0.0,,0.0,,0.0,,0.0
2020-12-21,222.55886943167306,225.0724374416606,222.37085994426837,224.11253356933594,9219000,0.0,0.0,,0.0,,0.0,,0.0,,0.0,,0.0
2020-12-22,224.6370206859333,229.45632109950176,224.24119056611477,228.76361083984375,10339600,0.0,0.0,,0.0,,0.0,,0.0,,0.0,,0.0
2020-12-23,230.0797453406448,230.7526594983964,224.74585421394997,225.06251525878906,7090500,0.0,0.0,,0.0,,0.0,,0.0,,0.0,,0.0
2020-12-24,225.92345918101145,226.80419390764558,222.48957977380945,223.4296875,6146300,0.0,0.0,,0.0,,0.0,,0.0,,0.0,,0.0
2020-12-28,224.85471961153976,225.4682607940359,219.7385393350455,222.30157470703125,6422500,0.0,0.0,,0.0,,0.0,,0.0,,0.0,,0.0
2020-12-29,222.62812271640598,222.95468931525048,218.5609061307235,220.14425659179688,6122400,0.0,0.0,,0.0,,0.0,,0.0,,0.0,,0.0
2020-12-30,220.80731176953302,221.31199743980318,219.27344362269653,220.08489990234375,4724000,0.0,0.0,,0.0,,0.0,,0.0,,0.0,,0.0
2020-12-31,219.95625868929469,220.47083481656466,217.87811284471294,220.2135467529297,6011100,0.0,0.0,,0.0,,0.0,,0.0,,0.0,,0.0
2021-01-04,220.32241008384497,221.4208560519443,213.47444620252315,218.01666259765625,10319900,0.0,0.0,,0.0,,0.0,,0.0,,0.0,,0.0
2021-01-05,217.20518316622332,220.67863972774992,215.72079769720258,219.21405029296875,8657200,0.0,0.0,,0.0,,0.0,,0.0,,0.0,,0.0
2021-01-06,215.73069630766238,218.165095212727,213.5338045225883,213.8999481201172,9789800,0.0,0.0,,0.0,,0.0,,0.0,,0.0,,0.0
2021-01-07,214.77079914063626,218.3630170549849,214.24631744679954,215.71090698242188,8443100,0.0,0.0,,0.0,,0.0,,0.0,,0.0,,0.0
2021-01-08,217.70989511609469,220.00575216711394,216.93801578686103,219.72865295410156,7301700,0.0,0.0,,0.0,,0.0,,0.0,,0.0,,0.0
2021-01-11,217.34374321433037,218.28385106928087,213.97912681246666,215.9781036376953,7199000,0.0,0.0,,0.0,,0.0,,0.0,,0.0,,0.0
2021-01-12,215.73069965355498,216.0275797831601,211.8613977009182,213.27651977539062,10736000,0.0,0.0,,0.0,,0.0,,0.0,,0.0,,0.0
2021-01-13,214.741119297746,216.6213350396351,213.28642018482967,215.90882873535156,6839200,0.0,0.0,,0.0,,0.0,,0.0,,0.0,,0.0
2021-01-14,215.9583101323597,217.2150941763092,213.30621509153218,213.35569763183594,6548000,0.0,0.0,,0.0,,0.0,,0.0,,0.0,,0.0
2021-01-15,213.91975284036513,215.60205348373714,210.77286264746405,210.92129516601562,8525600,0.0,0.0,,0.0,,0.0,,0.0,,0.0,,0.0
2021-01-19,213.1082901420829,215.01819228958868,211.47545698752947,214.50360107421875,7753800,0.0,0.0,,0.0,,0.0,,0.0,,0.0,,0.0
2021-01-20,219.6791413708664,222.30154944966458,217.6801648712088,221.11404418945312,9857700,0.0,0.0,,0.0,,0.0,,0.0,,0.0,,0.0
2021-01-21,221.3614814574268,222.4005544089898,218.52136180977908,219.8572998046875,6785900,0.0,0.0,,0.0,,0.0,,0.0,,0.0,,0.0
2021-01-22,222.55886120058247,225.41877667628756,221.42083835071531,223.41981506347656,10186100,0.0,0.0,,0.0,,0.0,,0.0,,0.0,,0.0
2021-01-25,227.29901245273894,227.90266317699653,219.01614596247327,223.56825256347656,8213500,0.0,0.0,,0.0,,0.0,,0.0,,0.0,,0.0
2021-01-26,225.42867110625136,225.53752664216105,222.2025970965365,223.90469360351562,5021000,0.0,0.0,,0.0,,0.0,,0.0,,0.0,,0.0
2021-01-27,221.37134990335318,225.43856669204024,219.27342327267513,222.4401092529297,7641100,0.0,0.0,,0.0,,0.0,,0.0,,0.0,,0.0
2021-01-28,222.65784156243532,227.20996347435897,222.65784156243532,224.14222717285156,7246000,0.0,0.0,,0.0,,0.0,,0.0,,0.0,,0.0
2021-01-29,222.32139550346596,226.40839381941313,220.69846775937208,223.21202087402344,6473000,0.0,0.0,,0.0,,0.0,,0.0,,0.0,,0.0
2021-02-01,224.84482969152145,227.50681504461207,222.41043079061376,226.08181762695312,5696700,0.0,0.0,,0.0,,0.0,,0.0,,0.0,,0.0
2021-02-02,229.06047704506472,233.49383753712905,228.97141753851605,231.76205444335938,7134900,0.0,0.0,,0.0,,0.0,,0.0,,0.0,,0.0
2021-02-03,232.55374463486126,233.5433350375628,229.8422614954766,232.37562561035156,5357600,0.0,0.0,,0.0,,0.0,,0.0,,0.0,,0.0
2021-02-04,233.06831706740638,235.75009838637845,233.01883453127348,235.50270080566406,4770700,0.0,0.0,,0.0,,0.0,,0.0,,0.0,,0.0
2021-02-05,236.6605320800058,236.86835270268034,233.94906411717622,236.4032440185547,5020000,0.0,0.0,,0.0,,0.0,,0.0,,0.0,,0.0
2021-02-08,237.01677426140435,238.60012482777503,234.66155954636437,236.44281005859375,4336400,0.0,0.0,,0.0,,0.0,,0.0,,0.0,,0.0
2021-02-09,237.06626727804758,237.58085849985954,233.780835092519,234.2360382080078,5157200,0.0,0.0,,0.0,,0.0,,0.0,,0.0,,0.0
2021-02-10,234.97824089077184,235.74022973788345,231.52458000831598,234.25584411621094,5535600,0.0,0.0,,0.0,,0.0,,0.0,,0.0,,0.0
2021-02-11,236.44280869367577,240.36159301784855,236.09646114049724,238.72877502441406,6091600,0.0,0.0,,0.0,,0.0,,0.0,,0.0,,0.0
2021-02-12,238.44177729038876,239.04542797112185,236.42301974331787,237.86781311035156,4314400,0.0,0.0,,0.0,,0.0,,0.0,,0.0,,0.0
2021-02-16,242.4496326142181,248.61477618699357,241.26212722956706,246.00225830078125,10837600,0.0,0.0,,0.0,,0.0,,0.0,,0.0,,0.0
2021-02-17,246.00225143720925,246.9027822429249,242.94442100456138,245.08193969726562,5879200,0.0,0.0,,0.0,,0.0,,0.0,,0.0,,0.0
2021-02-18,243.4095381305167,245.42829578837188,240.0449370007746,244.43870544433594,4152800,0.0,0.0,,0.0,,0.0,,0.0,,0.0,,0.0
2021-02-19,245.41839010862108,246.7939199975706,243.41941350958922,243.99337768554688,4647700,0.0,0.0,,0.0,,0.0,,0.0,,0.0,,0.0
2021-02-22,241.71732930601078,241.97463245656252,237.87772908188268,238.44178771972656,5055000,0.0,0.0,,0.0,,0.0,,0.0,,0.0,,0.0
2021-02-23,232.81100834944436,236.47250453637542,226.62606897956036,233.1870574951172,8641600,0.0,0.0,,0.0,,0.0,,0.0,,0.0,,0.0
2021-02-24,233.07821804367543,238.98607374550446,229.10006053843486,237.966796875,6128300,0.0,0.0,,0.0,,0.0,,0.0,,0.0,,0.0
2021-02-25,236.0469905496298,237.84805227712187,227.3781843149761,228.67454528808594,8828900,0.0,0.0,,0.0,,0.0,,0.0,,0.0,,0.0
2021-02-26,227.00211001073458,228.10055580755855,214.08795404806088,214.2462921142578,20372900,0.0,0.0,,0.0,,0.0,,0.0,,0.0,,0.0
2021-03-01,217.61091605202404,217.90779618264446,212.79161578810985,215.27548217773438,14027700,0.0,0.0,,0.0,,0.0,,0.0,,0.0,,0.0
2021-03-02,216.12653719063402,216.32446735047648,211.1192121856239,211.24786376953125,10211500,0.0,0.0,,0.0,,0.0,,0.0,,0.0,,0.0
2021-03-03,210.6145413113697,211.0994460771213,203.26187627534924,203.8556365966797,11459000,0.0,0.0,,0.0,,0.0,,0.0,,0.0,,0.0
2021-03-04,204.68687248732354,206.91345086312344,199.41235390065677,203.19259643554688,12800500,0.0,0.0,,0.0,,0.0,,0.0,,0.0,,0.0
2021-03-05,207.82387774493787,210.13953079341348,201.10456546696778,208.56607055664062,11406000,0.0,0.0,,0.0,,0.0,,0.0,,0.0,,0.0
2021-03-08,211.3962857661131,212.66296020630338,205.40927622769271,205.55770874023438,9576400,0.0,0.0,,0.0,,0.0,,0.0,,0.0,,0.0
2021-03-09,209.97127640334165,213.54369822508525,208.97179557064712,209.3280487060547,9732200,0.0,0.0,,0.0,,0.0,,0.0,,0.0,,0.0
2021-03-10,212.48483439976295,213.89994130726495,209.5655459801306,209.75357055664062,7186400,0.0,0.0,,0.0,,0.0,,0.0,,0.0,,0.0
2021-03-11,212.76190339246799,215.8989026677026,212.11867577102845,213.70201110839844,6431000,0.0,0.0,,0.0,,0.0,,0.0,,0.0,,0.0
2021-03-12,211.22807429067785,211.62391952269974,207.12128004563027,210.00099182128906,6114600,0.0,0.0,,0.0,,0.0,,0.0,,0.0,,0.0
2021-03-15,209.64471582219016,210.72336564952437,207.3191725247724,210.58482360839844,5733700,0.0,0.0,,0.0,,0.0,,0.0,,0.0,,0.0
2021-03-16,212.60358283464745,214.43433098479542,211.25773938209358,212.24732971191406,5311000,0.0,0.0,,0.0,,0.0,,0.0,,0.0,,0.0
2021-03-17,211.2973497427672,212.5739147347668,208.66503561358348,210.90150451660156,5805100,0.0,0.0,,0.0,,0.0,,0.0,,0.0,,0.0
2021-03-18,208.50669419581973,209.17962351958718,206.2306332565302,207.2993927001953,5580100,0.0,0.0,,0.0,,0.0,,0.0,,0.0,,0.0
2021-03-19,207.6259532268081,210.53535133218506,206.89366601657767,209.99107360839844,7088400,0.0,0.0,,0.0,,0.0,,0.0,,0.0,,0.0
2021-03-22,209.2785546025286,214.7213013093937,209.1696990643933,212.93014526367188,5002500,0.0,0.0,,0.0,,0.0,,0.0,,0.0,,0.0
2021-03-23,212.52442524511324,215.1666297560774,212.09890862834357,212.76193237304688,4578000,0.0,0.0,,0.0,,0.0,,0.0,,0.0,,0.0
2021-03-24,212.89057361057746,213.0390061208544,207.2301156861144,207.34886169433594,4617700,0.0,0.0,,0.0,,0.0,,0.0,,0.0,,0.0
2021-03-25,204.02383408219748,206.00301471850918,202.24256848952697,203.3014373779297,7977200,0.0,0.0,,0.0,,0.0,,0.0,,0.0,,0.0
2021-03-26,203.49936830432677,207.23012832293932,202.63842949232045,206.9134521484375,7333200,0.0,0.0,,0.0,,0.0,,0.0,,0.0,,0.0
2021-03-29,206.83428473713897,209.4468027975926,203.84573259143568,208.5759735107422,5686900,0.0,0.0,,0.0,,0.0,,0.0,,0.0,,0.0
2021-03-30,206.46812141981155,209.090529698098,205.20144703256943,207.81396484375,4717900,0.0,0.0,,0.0,,0.0,,0.0,,0.0,,0.0
2021-03-31,208.24938288047792,211.44575528668844,207.92281627303976,209.66448974609375,6838000,0.0,0.0,,0.0,,0.0,,0.0,,0.0,,0.0
2021-04-01,211.37649402654387,216.65099703525667,211.14887738568075,216.4431915283203,7763500,0.0,0.0,,0.0,,0.0,,0.0,,0.0,,0.0
2021-04-05,217.3239272718999,219.5307094218996,216.65099801318604,217.99684143066406,5553200,0.0,0.0,,0.0,,0.0,,0.0,,0.0,,0.0
2021-04-06,217.53172921846473,219.24371606958456,215.9780653264459,218.7884979248047,5448500,0.0,0.0,,0.0,,0.0,,0.0,,0.0,,0.0
2021-04-07,219.64948747539617,220.36197865732234,217.1062329498168,218.4916534423828,4403400,0.0,0.0,,0.0,,0.0,,0.0,,0.0,,0.0
2021-04-08,220.67865288922744,223.36044944051432,220.13437516480198,222.11355590820312,6169100,0.0,0.0,,0.0,,0.0,,0.0,,0.0,,0.0
2021-04-09,221.99481676486857,228.9021535450892,221.3021065032335,228.87246704101562,7319300,0.0,0.0,,0.0,,0.0,,0.0,,0.0,,0.0
2021-04-12,227.1307909888053,227.45735763014358,224.78545149191237,226.37869262695312,6205700,0.0,0.0,,0.0,,0.0,,0.0,,0.0,,0.0
2021-04-13,226.6161898908944,231.05945599329627,226.12139471646012,229.5849609375,5397100,0.0,0.0,,0.0,,0.0,,0.0,,0.0,,0.0
2021-04-14,230.42610037893692,230.71307491322125,225.29012446232582,225.64637756347656,4617600,0.0,0.0,,0.0,,0.0,,0.0,,0.0,,0.0
2021-04-15,227.47713177700732,230.65372348434687,227.11098817489687,230.57455444335938,5073900,0.0,0.0,,0.0,,0.0,,0.0,,0.0,,0.0
2021-04-16,231.56415093271985,231.56415093271985,227.4969338315702,229.49591064453125,5088700,0.0,0.0,,0.0,,0.0,,0.0,,0.0,,0.0
2021-04-19,228.42715257968663,229.7828865881985,226.4875487624435,228.1005859375,4257700,0.0,0.0,,0.0,,0.0,,0.0,,0.0,,0.0
2021-04-20,227.6057785265416,229.04068150161018,224.5281519607282,225.58702087402344,4081200,0.0,0.0,,0.0,,0.0,,0.0,,0.0,,0.0
2021-04-21,224.7458590300184,228.38754417342878,224.31043687157805,228.15994262695312,4024000,0.0,0.0,,0.0,,0.0,,0.0,,0.0,,0.0
2021-04-22,227.60577371193332,231.45527945462845,226.62607385866954,228.9417266845703,4975400,0.0,0.0,,0.0,,0.0,,0.0,,0.0,,0.0
2021-04-23,230.51519546147108,233.0386540591465,229.33758044255913,231.07925415039062,5447100,0.0,0.0,,0.0,,0.0,,0.0,,0.0,,0.0
2021-04-26,231.60371011853303,233.345398732689,230.00057864409385,233.00894165039062,3459600,0.0,0.0,,0.0,,0.0,,0.0,,0.0,,0.0
2021-04-27,233.00896064786156,233.4443677369499,229.49591173169455,231.77197265625,3445200,0.0,0.0,,0.0,,0.0,,0.0,,0.0,,0.0
2021-04-28,232.5537346027175,235.8490723135501,231.09903556550447,234.41416931152344,4274500,0.0,0.0,,0.0,,0.0,,0.0,,0.0,,0.0
2021-04-29,234.849573524255,235.1959210637995,229.7531745000057,231.92037963867188,4140800,0.0,0.0,,0.0,,0.0,,0.0,,0.0,,0.0
2021-04-30,230.37661923124696,232.05891968015374,227.13076433454822,227.9224395751953,5024800,0.0,0.0,,0.0,,0.0,,0.0,,0.0,,0.0
2021-05-03,228.3677786582622,229.05059844374298,220.74793567091555,221.4307403564453,5835700,0.0,0.0,,0.0,,0.0,,0.0,,0.0,,0.0
2021-05-04,219.3624859749321,219.68905259483734,212.12858310052653,214.91921997070312,6727500,0.0,0.0,,0.0,,0.0,,0.0,,0.0,,0.0
2021-05-05,216.5421729887495,217.28436576959942,212.60359242640803,213.1577606201172,4205800,0.0,0.0,,0.0,,0.0,,0.0,,0.0,,0.0
2021-05-06,213.5635091355162,216.00779871537753,211.27755764907585,215.7801971435547,5200000,0.0,0.0,,0.0,,0.0,,0.0,,0.0,,0.0
2021-05-07,218.214543636143,218.94684586734198,212.85096621830186,214.2462921142578,5774700,0.0,0.0,,0.0,,0.0,,0.0,,0.0,,0.0
2021-05-10,213.2567237584176,213.7119419705113,211.0103494008184,211.66348266601562,5263700,0.0,0.0,,0.0,,0.0,,0.0,,0.0,,0.0
2021-05-11,206.82437576715128,214.31558169721973,206.73531626281846,213.3160858154297,6097900,0.0,0.0,,0.0,,0.0,,0.0,,0.0,,0.0
2021-05-12,211.1191833972137,211.14886989715177,206.82436527341855,208.34832763671875,5482500,0.0,0.0,,0.0,,0.0,,0.0,,0.0,,0.0
2021-05-13,210.75304789034013,213.39525218550614,208.27907213457237,209.65460205078125,5337000,0.0,0.0,,0.0,,0.0,,0.0,,0.0,,0.0
2021-05-14,211.96036157658625,215.9978920564697,211.92076950622288,215.3942413330078,4429000,0.0,0.0,,0.0,,0.0,,0.0,,0.0,,0.0
2021-05-17,214.33537639195032,215.45361835130893,210.60463153807305,212.82130432128906,3816100,0.0,0.0,,0.0,,0.0,,0.0,,0.0,,0.0
2021-05-18,213.19735339398062,215.0874746394317,211.56452021075685,212.09890747070312,3540600,0.0,0.0,,0.0,,0.0,,0.0,,0.0,,0.0
2021-05-19,213.60310772291487,219.293252891675,212.2770450250141,219.03594970703125,8092100,0.0,0.0,,0.0,,0.0,,0.0,,0.0,,0.0
2021-05-20,220.65887089691427,224.46880011041216,220.04532965939734,221.45054626464844,6705500,0.0,0.0,,0.0,,0.0,,0.0,,0.0,,0.0
2021-05-21,222.86565856576115,223.4297172365672,220.12448895513938,220.26303100585938,4913600,0.0,0.0,,0.0,,0.0,,0.0,,0.0,,0.0
2021-05-24,222.6578307217584,225.23077169452338,221.87606098231356,224.6271209716797,5288300,0.0,0.0,,0.0,,0.0,,0.0,,0.0,,0.0
2021-05-25,225.62660469069542,227.3287013375862,223.92450804380465,225.33963012695312,6256300,0.0,0.0,,0.0,,0.0,,0.0,,0.0,,0.0
2021-05-26,226.10160285579124,227.84329156592324,225.91357827004285,227.2891082763672,5807100,0.0,0.0,,0.0,,0.0,,0.0,,0.0,,0.0
2021-05-27,227.13076225324184,227.13076225324184,223.0437496195663,223.4791717529297,15344100,0.0,0.0,,0.0,,0.0,,0.0,,0.0,,0.0
2021-05-28,236.72981161193934,240.96525722498197,235.35428158947855,235.62147521972656,17810800,0.0,0.0,,0.0,,0.0,,0.0,,0.0,,0.0
2021-06-01,235.5225071340654,235.91833724052893,230.04018314979695,233.74124145507812,8103900,0.0,0.0,,0.0,,0.0,,0.0,,0.0,,0.0
2021-06-02,231.95997750846672,235.80948345738446,231.4651823217166,232.1776885986328,5543900,0.0,0.0,,0.0,,0.0,,0.0,,0.0,,0.0
2021-06-03,230.4656901635884,230.75266471383338,227.04170099543222,228.43702697753906,5109000,0.0,0.0,,0.0,,0.0,,0.0,,0.0,,0.0
2021-06-04,229.2188246461018,235.41365499147932,229.10996910025878,235.00791931152344,6177600,0.0,0.0,,0.0,,0.0,,0.0,,0.0,,0.0
2021-06-07,234.13709395127623,236.97721355845258,233.38499558564823,235.6610565185547,3510800,0.0,0.0,,0.0,,0.0,,0.0,,0.0,,0.0
2021-06-08,236.31418377397262,239.27304932128726,233.21676107867194,233.95895385742188,5827300,0.0,0.0,,0.0,,0.0,,0.0,,0.0,,0.0
2021-06-09,236.3834298174957,236.3834298174957,233.05840580987962,233.6323699951172,3350900,0.0,0.0,,0.0,,0.0,,0.0,,0.0,,0.0
2021-06-10,233.543326473157,237.78866250108481,232.7021686217268,237.68971252441406,4659500,0.0,0.0,,0.0,,0.0,,0.0,,0.0,,0.0
2021-06-11,236.54178197115564,237.86782942636287,235.92824078142257,237.80845642089844,4624200,0.0,0.0,,0.0,,0.0,,0.0,,0.0,,0.0
2021-06-14,238.19438301449384,244.07255183283243,237.97667193974428,243.69650268554688,6764700,0.0,0.0,,0.0,,0.0,,0.0,,0.0,,0.0
2021-06-15,242.65745223728726,242.80588474728066,239.4907510912263,240.05482482910156,5135300,0.0,0.0,,0.0,,0.0,,0.0,,0.0,,0.0
2021-06-16,239.4808511608017,242.4595125099191,236.98707939180252,239.86679077148438,5099300,0.0,0.0,,0.0,,0.0,,0.0,,0.0,,0.0
2021-06-17,239.48086180854142,244.60693251167376,238.68918651810992,241.88555908203125,5170200,0.0,0.0,,0.0,,0.0,,0.0,,0.0,,0.0
2021-06-18,239.33243479448265,243.44911921936261,238.5506499534946,240.25274658203125,7822200,0.0,0.0,,0.0,,0.0,,0.0,,0.0,,0.0
2021-06-21,240.9157664875339,242.17255045376007,236.40323693000238,241.93504333496094,5895100,0.0,0.0,,0.0,,0.0,,0.0,,0.0,,0.0
2021-06-22,241.2621502581721,242.17257164330312,238.38243847805938,240.57933044433594,4457200,0.0,0.0,,0.0,,0.0,,0.0,,0.0,,0.0
2021-06-23,241.21266158360035,241.95485438847297,238.34285544474008,239.32254028320312,4482400,0.0,0.0,,0.0,,0.0,,0.0,,0.0,,0.0
2021-06-24,240.81679577785107,245.11161388167247,240.17355304897015,241.232421875,4987300,0.0,0.0,,0.0,,0.0,,0.0,,0.0,,0.0
2021-06-25,241.6480755407136,241.65796600845894,238.48138936786575,239.3522186279297,15409300,0.0,0.0,,0.0,,0.0,,0.0,,0.0,,0.0
2021-06-28,241.66787100815284,245.01267619226002,241.06422027818886,242.0241241455078,4274900,0.0,0.0,,0.0,,0.0,,0.0,,0.0,,0.0
2021-06-29,241.89547147493434,244.2111093073278,239.90638517535606,243.25120544433594,3871900,0.0,0.0,,0.0,,0.0,,0.0,,0.0,,0.0
2021-06-30,242.92462972880648,244.06266766709783,240.96524510542193,241.72723388671875,4168800,0.0,0.0,,0.0,,0.0,,0.0,,0.0,,0.0
2021-07-01,241.95484094714615,244.0230811578392,240.09440625430054,242.42984008789062,3899600,0.0,0.0,,0.0,,0.0,,0.0,,0.0,,0.0
2021-07-02,244.34965851026635,246.3684313719469,243.28089907172094,245.6163330078125,4056200,0.0,0.0,,0.0,,0.0,,0.0,,0.0,,0.0
2021-07-06,246.40800105656064,250.28719347806742,245.79445986181764,247.64498901367188,5590200,0.0,0.0,,0.0,,0.0,,0.0,,0.0,,0.0
2021-07-07,250.3663657697041,250.86116095897228,245.27987182802514,245.8538360595703,5101400,0.0,0.0,,0.0,,0.0,,0.0,,0.0,,0.0
2021-07-08,242.29130434288123,244.01319703528551,239.22358323336434,243.24131774902344,5159600,0.0,0.0,,0.0,,0.0,,0.0,,0.0,,0.0
2021-07-09,243.03351493350365,245.41843154142288,241.54912925885796,242.509033203125,4213500,0.0,0.0,,0.0,,0.0,,0.0,,0.0,,0.0
2021-07-12,244.6465409172179,244.68611788940458,239.33244527901977,240.38140869140625,5604500,0.0,0.0,,0.0,,0.0,,0.0,,0.0,,0.0
2021-07-13,239.76784095009873,244.58715625658567,239.1641902283394,241.47984313964844,6699800,0.0,0.0,,0.0,,0.0,,0.0,,0.0,,0.0
2021-07-14,241.95483126395877,243.58764923864356,237.37302328779433,239.9063720703125,6375700,0.0,0.0,,0.0,,0.0,,0.0,,0.0,,0.0
2021-07-15,238.70901174316296,239.51057759901164,233.3652293042038,235.10690307617188,7912600,0.0,0.0,,0.0,,0.0,,0.0,,0.0,,0.0
2021-07-16,235.81937683172688,238.37252167533768,235.29489516888688,235.94801330566406,7288100,0.0,0.0,,0.0,,0.0,,0.0,,0.0,,0.0
2021-07-19,234.04802697033196,236.01731736039073,231.87093104611742,235.07720947265625,8843000,0.0,0.0,,0.0,,0.0,,0.0,,0.0,,0.0
2021-07-20,236.21520867910547,240.6485691281699,233.81051142591352,237.61053466796875,8487000,0.0,0.0,,0.0,,0.0,,0.0,,0.0,,0.0
2021-07-21,238.92669795320435,240.45066045736775,235.78969833688097,239.5897216796875,15323100,0.0,0.0,,0.0,,0.0,,0.0,,0.0,,0.0
2021-07-22,240.96523988466058,246.11110646385023,240.8069018114671,245.6954803466797,7868700,0.0,0.0,,0.0,,0.0,,0.0,,0.0,,0.0
2021-07-23,247.39760046399013,247.95176867303726,244.11215308185174,245.6658172607422,5877300,0.0,0.0,,0.0,,0.0,,0.0,,0.0,,0.0
2021-07-26,245.61629758159845,245.8933816442248,243.2610830492745,245.02255249023438,3960700,0.0,0.0,,0.0,,0.0,,0.0,,0.0,,0.0
2021-07-27,244.63663984921197,245.5470611695702,238.67930164648567,240.9751434326172,6352500,0.0,0.0,,0.0,,0.0,,0.0,,0.0,,0.0
2021-07-28,241.28191389478695,243.51838253403187,240.47044260181735,241.4204559326172,4100200,0.0,0.0,,0.0,,0.0,,0.0,,0.0,,0.0
2021-07-29,240.95535592638734,243.59756030688328,240.95535592638734,241.49961853027344,3271100,0.0,0.0,,0.0,,0.0,,0.0,,0.0,,0.0
2021-07-30,240.47044419204795,241.69754160662302,239.11471030574748,239.4115753173828,3748400,0.0,0.0,,0.0,,0.0,,0.0,,0.0,,0.0
2021-08-02,239.78764044510115,239.94597852849165,236.39335271964038,238.3527374267578,3525700,0.0,0.0,,0.0,,0.0,,0.0,,0.0,,0.0
2021-08-03,238.86734695259491,240.519961187255,236.55169383042124,238.6199493408203,3077900,0.0,0.0,,0.0,,0.0,,0.0,,0.0,,0.0
2021-08-04,239.1048221572686,242.10327979281791,237.1751239413137,241.62828063964844,4121600,0.0,0.0,,0.0,,0.0,,0.0,,0.0,,0.0
2021-08-05,242.13295571219004,248.2882087986078,241.00482333525545,247.95175170898438,5235200,0.0,0.0,,0.0,,0.0,,0.0,,0.0,,0.0
2021-08-06,246.63560181551492,249.45594038859304,246.62571134787223,247.9814453125,4045400,0.0,0.0,,0.0,,0.0,,0.0,,0.0,,0.0
2021-08-09,248.80281644807312,249.7924068476438,245.2699865735803,246.7246856689453,3312200,0.0,0.0,,0.0,,0.0,,0.0,,0.0,,0.0
2021-08-10,248.25853127531116,248.63458044787328,240.51003686667292,240.8563995361328,4430600,0.0,0.0,,0.0,,0.0,,0.0,,0.0,,0.0
2021-08-11,242.12308558116501,243.58767517073645,237.6006652262213,239.75796508789062,3999200,0.0,0.0,,0.0,,0.0,,0.0,,0.0,,0.0
2021-08-12,239.97566512170326,245.84392877752774,239.41159136189444,245.80435180664062,4467400,0.0,0.0,,0.0,,0.0,,0.0,,0.0,,0.0
2021-08-13,249.0897928268279,251.12834652516057,246.27934476606848,248.94134521484375,5986400,0.0,0.0,,0.0,,0.0,,0.0,,0.0,,0.0
2021-08-16,247.56583041688327,248.38719226705135,241.92516811447436,246.60592651367188,4047500,0.0,0.0,,0.0,,0.0,,0.0,,0.0,,0.0
2021-08-17,245.67569894718034,246.60591630766683,243.37985714891326,244.41893005371094,3472600,0.0,0.0,,0.0,,0.0,,0.0,,0.0,,0.0
2021-08-18,245.41839171805267,254.12677418292722,245.14130764507664,248.60487365722656,8306700,0.0,0.0,,0.0,,0.0,,0.0,,0.0,,0.0
2021-08-19,246.57622698264908,252.78096273747397,245.79445724605273,250.43563842773438,6600800,0.0,0.0,,0.0,,0.0,,0.0,,0.0,,0.0
2021-08-20,250.36636814733652,255.18566850459146,249.98042850004026,253.4637908935547,5510700,0.0,0.0,,0.0,,0.0,,0.0,,0.0,,0.0
2021-08-23,254.32472768519145,259.134122436515,253.89921106972574,257.8080749511719,7603900,0.0,0.0,,0.0,,0.0,,0.0,,0.0,,0.0
2021-08-24,259.19351508185997,259.7674641909733,256.36327100615483,256.95703125,6685200,0.0,0.0,,0.0,,0.0,,0.0,,0.0,,0.0
2021-08-25,258.14454944079847,259.17373196138175,256.05652809412965,258.1346740722656,9701000,0.0,0.0,,0.0,,0.0,,0.0,,0.0,,0.0
2021-08-26,266.99146697580096,272.35506001350626,264.5768640820622,265.0024108886719,18987000,0.0,0.0,,0.0,,0.0,,0.0,,0.0,,0.0
2021-08-27,265.071665603616,268.08993439295034,262.6669682199119,263.7555236816406,7992500,0.0,0.0,,0.0,,0.0,,0.0,,0.0,,0.0
2021-08-30,263.043013761192,264.7945778436447,261.99405038527334,262.2117614746094,5730000,0.0,0.0,,0.0,,0.0,,0.0,,0.0,,0.0
2021-08-31,262.01381081089903,263.99299139542796,259.96538185783487,262.50860595703125,5901500,0.0,0.0,,0.0,,0.0,,0.0,,0.0,,0.0
2021-09-01,263.49823796366485,270.41549573759494,262.8253237063718,265.52691650390625,7189000,0.0,0.0,,0.0,,0.0,,0.0,,0.0,,0.0
2021-09-02,266.1998185697301,266.45712173863615,261.172712607374,261.4002990722656,4498300,0.0,0.0,,0.0,,0.0,,0.0,,0.0,,0.0
2021-09-03,260.85601912181573,264.6263558933874,259.07473839357766,264.2997741699219,7356700,0.0,0.0,,0.0,,0.0,,0.0,,0.0,,0.0
2021-09-07,263.7654520206603,265.11128056232894,261.32116235462865,262.44927978515625,4672500,0.0,0.0,,0.0,,0.0,,0.0,,0.0,,0.0
2021-09-08,260.8757902519226,261.5882964764591,258.8570175824193,259.8861999511719,3851500,0.0,0.0,,0.0,,0.0,,0.0,,0.0,,0.0
2021-09-09,259.0945005934243,260.96481027494576,257.7387669184818,258.0257263183594,4126500,0.0,0.0,,0.0,,0.0,,0.0,,0.0,,0.0
2021-09-10,258.28309068774894,258.86694539136903,253.82993395175328,254.5226593017578,5280900,0.0,0.0,,0.0,,0.0,,0.0,,0.0,,0.0
2021-09-13,254.3247288398919,255.00754862125183,249.56480150600123,251.46481323242188,5258200,0.0,0.0,,0.0,,0.0,,0.0,,0.0,,0.0
2021-09-14,251.46481886382062,252.45440927057288,250.36637290832752,251.72210693359375,4097500,0.0,0.0,,0.0,,0.0,,0.0,,0.0,,0.0
2021-09-15,251.89030743117075,254.07730863044864,250.31686248369843,253.4934539794922,4764600,0.0,0.0,,0.0,,0.0,,0.0,,0.0,,0.0
2021-09-16,252.87001131738648,258.5007826108857,252.345529659815,257.64971923828125,5122600,0.0,0.0,,0.0,,0.0,,0.0,,0.0,,0.0
2021-09-17,256.57106919002945,258.97579659889243,255.98721453023379,257.8179626464844,7049400,0.0,0.0,,0.0,,0.0,,0.0,,0.0,,0.0
2021-09-20,253.91902137768662,256.51174364147477,252.28620310162745,255.5320587158203,5985500,0.0,0.0,,0.0,,0.0,,0.0,,0.0,,0.0
2021-09-21,256.7689770130231,259.81690161954367,255.0866615497501,255.2845916748047,6040600,0.0,0.0,,0.0,,0.0,,0.0,,0.0,,0.0
2021-09-22,256.20492873586824,257.6497221523286,253.5429283494358,256.4721374511719,4355600,0.0,0.0,,0.0,,0.0,,0.0,,0.0,,0.0
2021-09-23,267.18936451473024,276.48163135436,263.62683361455436,274.967529296875,15617200,0.0,0.0,,0.0,,0.0,,0.0,,0.0,,0.0
2021-09-24,275.60092345508167,283.3790894200154,275.31393378617565,282.6567077636719,13368300,0.0,0.0,,0.0,,0.0,,0.0,,0.0,,0.0
2021-09-27,279.499925510995,280.80619213613306,276.1353240643484,276.7686462402344,5941100,0.0,0.0,,0.0,,0.0,,0.0,,0.0,,0.0
2021-09-28,272.24620631533577,273.8196816611605,267.2290058311338,269.4456787109375,7127100,0.0,0.0,,0.0,,0.0,,0.0,,0.0,,0.0
2021-09-29,270.64306974355924,271.8206847395176,266.4373105293942,267.6842041015625,4361900,0.0,0.0,,0.0,,0.0,,0.0,,0.0,,0.0
2021-09-30,267.8326242462349,271.4050611411431,267.6248187271098,268.3966979980469,5224200,0.0,0.0,,0.0,,0.0,,0.0,,0.0,,0.0
2021-10-01,268.6737537861486,273.4633669884038,265.97216152252355,272.3946228027344,4756000,0.0,0.0,,0.0,,0.0,,0.0,,0.0,,0.0
2021-10-04,272.355096559941,272.4342505113845,263.3696281757982,268.04046630859375,6393800,0.0,0.0,,0.0,,0.0,,0.0,,0.0,,0.0
2021-10-05,269.27743612451,270.70244875289234,268.2086917531748,268.94097900390625,4050400,0.0,0.0,,0.0,,0.0,,0.0,,0.0,,0.0
2021-10-06,266.86285888510315,272.6222521136028,264.71543440959897,272.404541015625,4745500,0.0,0.0,,0.0,,0.0,,0.0,,0.0,,0.0
2021-10-07,274.01756710890646,276.5905081080312,271.22691502062725,271.7217102050781,5374200,0.0,0.0,,0.0,,0.0,,0.0,,0.0,,0.0
2021-10-08,272.67176007282336,274.0373997209191,269.43577998496954,269.64361572265625,2683300,0.0,0.0,,0.0,,0.0,,0.0,,0.0,,0.0
2021-10-11,268.95083559904606,273.3940861354748,268.6836571048384,270.90032958984375,2693000,0.0,0.0,,0.0,,0.0,,0.0,,0.0,,0.0
2021-10-12,273.54257335180023,277.82748620911735,273.1467130583674,276.095703125,5970100,0.0,0.0,,0.0,,0.0,,0.0,,0.0,,0.0
2021-10-13,277.0853046827276,282.132221629429,275.6998841992943,281.44940185546875,6573500,0.0,0.0,,0.0,,0.0,,0.0,,0.0,,0.0
2021-10-14,283.02283430886393,287.61454793486195,281.69678689098527,287.0009765625,5433900,0.0,0.0,,0.0,,0.0,,0.0,,0.0,,0.0
2021-10-15,289.4452786066027,289.82132778042023,286.3082940353594,288.6239318847656,5119300,0.0,0.0,,0.0,,0.0,,0.0,,0.0,,0.0
2021-10-18,287.7530767862261,290.19736612492477,285.704617542074,288.66351318359375,5163300,0.0,0.0,,0.0,,0.0,,0.0,,0.0,,0.0
2021-10-19,289.0593524581316,292.45364017151877,288.3270350500678,289.2968444824219,3631200,0.0,0.0,,0.0,,0.0,,0.0,,0.0,,0.0
2021-10-20,290.05883418581743,292.3349102770604,284.9525741826391,287.0702819824219,4487900,0.0,0.0,,0.0,,0.0,,0.0,,0.0,,0.0
2021-10-21,286.4567252716347,288.5348710861465,285.26920474908474,286.7931823730469,2828500,0.0,0.0,,0.0,,0.0,,0.0,,0.0,,0.0
2021-10-22,285.99161757560495,289.9499790645407,285.1801462223968,289.5145568847656,2927000,0.0,0.0,,0.0,,0.0,,0.0,,0.0,,0.0
2021-10-25,290.2467802986635,292.0577471937375,288.6832411421637,290.8603515625,2993500,0.0,0.0,,0.0,,0.0,,0.0,,0.0,,0.0
2021-10-26,292.7010026219288,295.2541321762255,290.563484060242,292.0379638671875,3601400,0.0,0.0,,0.0,,0.0,,0.0,,0.0,,0.0
2021-10-27,293.4432151514528,296.0755290156058,292.01820268063466,292.07757568359375,3742700,0.0,0.0,,0.0,,0.0,,0.0,,0.0,,0.0
2021-10-28,291.9984752048276,295.6995339997274,290.47449738343727,295.2740173339844,3450400,0.0,0.0,,0.0,,0.0,,0.0,,0.0,,0.0
2021-10-29,294.8979328615323,297.64899290640557,293.18593063436487,296.5703430175781,4251900,0.0,0.0,,0.0,,0.0,,0.0,,0.0,,0.0
2021-11-01,298.3615048725713,301.68651411251153,296.60003517286196,299.6083984375,3825100,0.0,0.0,,0.0,,0.0,,0.0,,0.0,,0.0
2021-11-02,298.57921019885,300.2813068578081,296.29325884058494,299.7964172363281,4177500,0.0,0.0,,0.0,,0.0,,0.0,,0.0,,0.0
2021-11-03,300.78596274040564,300.78596274040564,295.085913346864,299.73699951171875,3260200,0.0,0.0,,0.0,,0.0,,0.0,,0.0,,0.0
2021-11-04,300.3406561219673,305.19954812011946,299.2521007517266,304.8334045410156,3833800,0.0,0.0,,0.0,,0.0,,0.0,,0.0,,0.0
2021-11-05,305.2886543242887,308.1584605940014,300.18236396994905,304.0516662597656,4681800,0.0,0.0,,0.0,,0.0,,0.0,,0.0,,0.0
2021-11-08,304.0021497676436,308.14853550691475,302.7156642681664,306.7333984375,3893000,0.0,0.0,,0.0,,0.0,,0.0,,0.0,,0.0
2021-11-09,306.77304315669085,308.50482646483346,304.02198288089477,306.4860534667969,3126500,0.0,0.0,,0.0,,0.0,,0.0,,0.0,,0.0
2021-11-10,303.3787353278846,305.37769705833165,294.7890979278734,296.5505676269531,4350900,0.0,0.0,,0.0,,0.0,,0.0,,0.0,,0.0
2021-11-11,298.36150617306583,302.56726538114384,298.36150617306583,299.82611083984375,2681900,0.0,0.0,,0.0,,0.0,,0.0,,0.0,,0.0
2021-11-12,301.3303027564743,304.02199008433126,298.49018289581187,303.4579162597656,3803700,0.0,0.0,,0.0,,0.0,,0.0,,0.0,,0.0
2021-11-15,303.7052318371024,304.55629512845275,300.0734526493089,302.3099060058594,3595300,0.0,0.0,,0.0,,0.0,,0.0,,0.0,,0.0
2021-11-16,300.91460357775424,304.3781696098181,299.5687752726753,303.8932800292969,2989400,0.0,0.0,,0.0,,0.0,,0.0,,0.0,,0.0
2021-11-17,304.5761066206518,306.67403326113754,304.0516249605304,304.8135986328125,3864700,0.0,0.0,,0.0,,0.0,,0.0,,0.0,,0.0
2021-11-18,302.9729826892451,303.7943293850364,296.4614613278319,299.8359680175781,4443100,0.0,0.0,,0.0,,0.0,,0.0,,0.0,,0.0
2021-11-19,302.5276921043517,302.81468179470545,297.96569456411754,298.03497314453125,4758900,0.0,0.0,,0.0,,0.0,,0.0,,0.0,,0.0
2021-11-22,298.6979828511849,302.30998201473693,293.6312844935563,293.7500305175781,4474700,0.0,0.0,,0.0,,0.0,,0.0,,0.0,,0.0
2021-11-23,290.59324207968825,293.3838945164871,285.3088324737806,288.386474609375,6431100,0.0,0.0,,0.0,,0.0,,0.0,,0.0,,0.0
2021-11-24,283.06245867428817,286.4369657077454,280.2520254411237,286.1598815917969,5091400,0.0,0.0,,0.0,,0.0,,0.0,,0.0,,0.0
2021-11-26,281.5384239524286,284.5764732444601,280.09363065454914,281.2514343261719,4195300,0.0,0.0,,0.0,,0.0,,0.0,,0.0,,0.0
2021-11-29,286.50618794213455,295.2838797354487,281.73638539570345,293.6510314941406,8215600,0.0,0.0,,0.0,,0.0,,0.0,,0.0,,0.0
2021-11-30,293.1067626359165,296.15468756828307,280.44989384295525,281.99365234375,13597600,0.0,0.0,,0.0,,0.0,,0.0,,0.0,,0.0
2021-12-01,268.4363047232033,274.0571710132951,248.84241155290394,248.88198852539062,30723100,0.0,0.0,,0.0,,0.0,,0.0,,0.0,,0.0
2021-12-02,250.1882458907527,259.84662741618143,249.51531658368341,258.48101806640625,12200800,0.0,0.0,,0.0,,0.0,,0.0,,0.0,,0.0
2021-12-03,258.82732343559184,259.0252535698548,249.07986832110834,255.63096618652344,8944000,0.0,0.0,,0.0,,0.0,,0.0,,0.0,,0.0
2021-12-06,253.4340798034724,256.53150224919983,248.10018873396305,256.0564880371094,7123000,0.0,0.0,,0.0,,0.0,,0.0,,0.0,,0.0
2021-12-07,262.70652703895104,267.4169863317101,260.85599808819507,264.210693359375,7401200,0.0,0.0,,0.0,,0.0,,0.0,,0.0,,0.0
2021-12-08,265.5169612895075,265.7049858556393,261.81590336651,263.53778076171875,4586500,0.0,0.0,,0.0,,0.0,,0.0,,0.0,,0.0
2021-12-09,263.27063918104915,263.90396133480573,259.90603785196765,261.56854248046875,3967000,0.0,0.0,,0.0,,0.0,,0.0,,0.0,,0.0
2021-12-10,263.32999024031056,267.7534601795184,261.68726668482105,263.2607116699219,3480100,0.0,0.0,,0.0,,0.0,,0.0,,0.0,,0.0
2021-12-13,263.033153186221,267.7436138158308,261.85553802881856,262.99359130859375,3625700,0.0,0.0,,0.0,,0.0,,0.0,,0.0,,0.0
2021-12-14,259.27267544204756,259.4211079567097,250.66324229277888,252.9293975830078,7227300,0.0,0.0,,0.0,,0.0,,0.0,,0.0,,0.0
2021-12-15,252.1971227075137,257.4815318871535,249.2778189101925,257.3330993652344,6484900,0.0,0.0,,0.0,,0.0,,0.0,,0.0,,0.0
2021-12-16,257.29349393964674,258.62944696739055,249.59448213667955,250.485107421875,6556700,0.0,0.0,,0.0,,0.0,,0.0,,0.0,,0.0
2021-12-17,248.62469355773894,251.256992503699,244.2210042681706,250.29708862304688,12119400,0.0,0.0,,0.0,,0.0,,0.0,,0.0,,0.0
2021-12-20,247.2887374044958,248.92155547798149,243.9340266481001,244.6366424560547,5580100,0.0,0.0,,0.0,,0.0,,0.0,,0.0,,0.0
2021-12-21,245.41842680466823,250.3762694263122,242.69705312034228,249.9210662841797,5428200,0.0,0.0,,0.0,,0.0,,0.0,,0.0,,0.0
2021-12-22,250.78199824945145,251.61325056442462,246.91269614767825,250.16845703125,4982400,0.0,0.0,,0.0,,0.0,,0.0,,0.0,,0.0
2021-12-23,248.61479204150075,251.66273228644485,246.74446678891584,250.50491333007812,3769500,0.0,0.0,,0.0,,0.0,,0.0,,0.0,,0.0
2021-12-27,250.75232832801422,255.73985764763816,250.60389579764978,255.6112060546875,3531800,0.0,0.0,,0.0,,0.0,,0.0,,0.0,,0.0
2021-12-28,257.02630829942603,258.0653660700755,252.28616214400625,252.7908477783203,3293700,0.0,0.0,,0.0,,0.0,,0.0,,0.0,,0.0
2021-12-29,253.33511302588317,253.7606296005681,250.48508817235816,251.8903045654297,2592700,0.0,0.0,,0.0,,0.0,,0.0,,0.0,,0.0
2021-12-30,252.64243263656275,255.21535862164916,251.81118032291718,252.672119140625,2950600,0.0,0.0,,0.0,,0.0,,0.0,,0.0,,0.0
2021-12-31,251.82107626060602,253.8200380439884,250.98982392890534,251.484619140625,3169300,0.0,0.0,,0.0,,0.0,,0.0,,0.0,,0.0
2022-01-03,252.35542300680382,254.02784816977265,246.0616279441724,252.80075073242188,4316800,0.0,0.0,,0.0,,0.0,,0.0,,0.0,,0.0
2022-01-04,254.17629054168393,254.1960714769612,240.8662880916712,245.64601135253906,7240700,0.0,0.0,,0.0,,0.0,,0.0,,0.0,,0.0
2022-01-05,233.71156738762346,235.72043472971933,224.9437956733717,225.300048828125,18882500,0.0,0.0,,0.0,,0.0,,0.0,,0.0,,0.0
2022-01-06,225.66617205039697,232.03913618710365,223.696896959051,226.76461791992188,9376100,0.0,0.0,,0.0,,0.0,,0.0,,0.0,,0.0
2022-01-07,226.1213894460587,229.86203966959926,223.69689616783057,225.93336486816406,6286700,0.0,0.0,,0.0,,0.0,,0.0,,0.0,,0.0
2022-01-10,223.1526412462941,227.43756960638785,216.61144792106322,227.23965454101562,7803800,0.0,0.0,,0.0,,0.0,,0.0,,0.0,,0.0
2022-01-11,226.41829662160393,233.8897074942699,224.20160859092016,232.39541625976562,7635300,0.0,0.0,,0.0,,0.0,,0.0,,0.0,,0.0
2022-01-12,234.53290154311827,236.7891662233852,233.30580413281797,235.35426330566406,6718900,0.0,0.0,,0.0,,0.0,,0.0,,0.0,,0.0
2022-01-13,235.02769146799918,236.30425628504767,225.54741477489608,226.25003051757812,6680300,0.0,0.0,,0.0,,0.0,,0.0,,0.0,,0.0
2022-01-14,225.6563115919722,230.86155198034515,225.24068541038673,228.822998046875,5805100,0.0,0.0,,0.0,,0.0,,0.0,,0.0,,0.0
2022-01-18,226.07192280917235,228.32818770268858,222.95471910364236,223.70680236816406,6032000,0.0,0.0,,0.0,,0.0,,0.0,,0.0,,0.0
2022-01-19,225.10211721161087,229.79278088761205,223.81564674182655,223.91461181640625,5332600,0.0,0.0,,0.0,,0.0,,0.0,,0.0,,0.0
2022-01-20,226.6854717115752,228.99120396952245,220.17396531071972,220.61927795410156,5663700,0.0,0.0,,0.0,,0.0,,0.0,,0.0,,0.0
2022-01-21,220.73805033699657,222.43025670395426,215.9781225380608,216.3541717529297,9128400,0.0,0.0,,0.0,,0.0,,0.0,,0.0,,0.0
2022-01-24,210.17910235872338,221.05470618239025,205.34989642283549,220.70834350585938,11664300,0.0,0.0,,0.0,,0.0,,0.0,,0.0,,0.0
2022-01-25,218.69947560177076,221.5692816850715,212.435366637925,213.1478729248047,9092700,0.0,0.0,,0.0,,0.0,,0.0,,0.0,,0.0
2022-01-26,217.32393164266017,219.15467978191398,206.893656272397,208.80355834960938,10029600,0.0,0.0,,0.0,,0.0,,0.0,,0.0,,0.0
2022-01-27,211.85151442961518,220.8270914965579,209.85253759565165,210.5254669189453,9462100,0.0,0.0,,0.0,,0.0,,0.0,,0.0,,0.0
2022-01-28,212.06922392806845,219.97604149254377,208.6848266009789,219.81771850585938,8254900,0.0,0.0,,0.0,,0.0,,0.0,,0.0,,0.0
2022-01-31,220.62917686684955,230.48550390406837,219.94635707421722,230.2084197998047,7084200,0.0,0.0,58131000000.0,0.0,5464000000.0,0.0,95209000000.0,0.0,1062000000.0,0.0,13985000000.0,0.0
2022-02-01,229.9511024189253,230.3568380822165,223.96409294331465,229.70370483398438,6387100,0.0,0.0,58131000000.0,0.0,5464000000.0,0.0,95209000000.0,0.0,1062000000.0,0.0,13985000000.0,0.0
2022-02-02,231.3068594460343,232.04905222650638,220.69844942915762,222.667724609375,9378900,0.0,0.0,58131000000.0,0.0,5464000000.0,0.0,95209000000.0,0.0,1062000000.0,0.0,13985000000.0,0.0
2022-02-03,215.79996155623311,218.49163325018532,208.209790752139,210.5551300048828,12826600,0.0,0.0,58131000000.0,0.0,5464000000.0,0.0,95209000000.0,0.0,1062000000.0,0.0,13985000000.0,0.0
2022-02-04,212.75202279298526,219.36247871048127,210.9707572433772,216.9478759765625,6176500,0.0,0.0,58131000000.0,0.0,5464000000.0,0.0,95209000000.0,0.0,1062000000.0,0.0,13985000000.0,0.0
2022-02-07,216.72029304301338,219.1348959842336,214.40465517969267,214.71142578125,3922300,0.0,0.0,58131000000.0,0.0,5464000000.0,0.0,95209000000.0,0.0,1062000000.0,0.0,13985000000.0,0.0
2022-02-08,213.35568889520064,215.67132672706228,209.9415900534103,215.1666259765625,5628700,0.0,0.0,58131000000.0,0.0,5464000000.0,0.0,95209000000.0,0.0,1062000000.0,0.0,13985000000.0,0.0
2022-02-09,218.83802760497093,219.87710057892446,213.3260167487792,219.72865295410156,6107700,0.0,0.0,58131000000.0,0.0,5464000000.0,0.0,95209000000.0,0.0,1062000000.0,0.0,13985000000.0,0.0
2022-02-10,215.4338155307355,219.67916657551163,213.56349037882688,215.4041290283203,5312600,0.0,0.0,58131000000.0,0.0,5464000000.0,0.0,95209000000.0,0.0,1062000000.0,0.0,13985000000.0,0.0
2022-02-11,215.35464384814898,217.6405951057674,203.96446452947464,205.73582458496094,8165600,0.0,0.0,58131000000.0,0.0,5464000000.0,0.0,95209000000.0,0.0,1062000000.0,0.0,13985000000.0,0.0
2022-02-14,203.65771962789645,207.715031452728,202.49990060203234,204.25146484375,7005900,0.0,0.0,58131000000.0,0.0,5464000000.0,0.0,95209000000.0,0.0,1062000000.0,0.0,13985000000.0,0.0
2022-02-15,207.5665581613049,212.33639048836264,206.34936636288583,212.01971435546875,6353000,0.0,0.0,58131000000.0,0.0,5464000000.0,0.0,95209000000.0,0.0,1062000000.0,0.0,13985000000.0,0.0
2022-02-16,208.8035862981641,210.2088029342428,206.04263556881656,209.535888671875,7072700,0.0,0.0,58131000000.0,0.0,5464000000.0,0.0,95209000000.0,0.0,1062000000.0,0.0,13985000000.0,0.0
2022-02-17,206.16135672351166,207.566573190087,197.42327223562506,197.94775390625,8820100,0.0,0.0,58131000000.0,0.0,5464000000.0,0.0,95209000000.0,0.0,1062000000.0,0.0,13985000000.0,0.0
2022-02-18,198.31392477578137,200.4910358966348,193.75191209064224,194.79098510742188,6691800,0.0,0.0,58131000000.0,0.0,5464000000.0,0.0,95209000000.0,0.0,1062000000.0,0.0,13985000000.0,0.0
2022-02-22,193.4946002422653,199.36287887928555,191.51541953904572,193.09877014160156,8434800,0.0,0.0,58131000000.0,0.0,5464000000.0,0.0,95209000000.0,0.0,1062000000.0,0.0,13985000000.0,0.0
2022-02-23,194.30608200767517,196.92849054021514,188.15082848229144,188.55654907226562,7784300,0.0,0.0,58131000000.0,0.0,5464000000.0,0.0,95209000000.0,0.0,1062000000.0,0.0,13985000000.0,0.0
2022-02-24,182.8169270698595,202.76705709080616,182.52004694426066,202.1634063720703,11792600,0.0,0.0,58131000000.0,0.0,5464000000.0,0.0,95209000000.0,0.0,1062000000.0,0.0,13985000000.0,0.0
2022-02-25,202.5889288807919,206.29989253247706,199.51130242166303,205.92384338378906,5853600,0.0,0.0,58131000000.0,0.0,5464000000.0,0.0,95209000000.0,0.0,1062000000.0,0.0,13985000000.0,0.0
2022-02-28,205.62695714471883,209.46657225390626,204.79570493549764,208.33843994140625,7904700,0.0,0.0,58131000000.0,0.0,5464000000.0,0.0,95209000000.0,0.0,1062000000.0,0.0,13985000000.0,0.0
2022-03-01,211.17859308645015,212.1582930544626,206.29002901462437,206.71554565429688,12587300,0.0,0.0,58131000000.0,0.0,5464000000.0,0.0,95209000000.0,0.0,1062000000.0,0.0,13985000000.0,0.0
2022-03-02,213.85048840091736,215.04788431170434,199.05610005396906,208.19992065429688,16670100,0.0,0.0,58131000000.0,0.0,5464000000.0,0.0,95209000000.0,0.0,1062000000.0,0.0,13985000000.0,0.0
2022-03-03,208.19992641092225,209.42702395916533,202.094155374007,202.61863708496094,6559900,0.0,0.0,58131000000.0,0.0,5464000000.0,0.0,95209000000.0,0.0,1062000000.0,0.0,13985000000.0,0.0
2022-03-04,202.56913859812713,204.2316582132592,197.18576475857594,200.896728515625,6813600,0.0,0.0,58131000000.0,0.0,5464000000.0,0.0,95209000000.0,0.0,1062000000.0,0.0,13985000000.0,0.0
2022-03-07,201.33214485737582,202.79673428315496,193.9992770614966,194.1873016357422,7043500,0.0,0.0,58131000000.0,0.0,5464000000.0,0.0,95209000000.0,0.0,1062000000.0,0.0,13985000000.0,0.0
2022-03-08,192.2576164301725,195.1472185069135,187.23049552407767,190.0805206298828,8229000,0.0,0.0,58131000000.0,0.0,5464000000.0,0.0,95209000000.0,0.0,1062000000.0,0.0,13985000000.0,0.0
2022-03-09,196.28528385118165,203.0936562973103,195.1670417420268,201.0452117919922,6881300,0.0,0.0,58131000000.0,0.0,5464000000.0,0.0,95209000000.0,0.0,1062000000.0,0.0,13985000000.0,0.0
2022-03-10,197.02747039738503,199.10560134319235,195.47380609746855,198.0665283203125,5604200,0.0,0.0,58131000000.0,0.0,5464000000.0,0.0,95209000000.0,0.0,1062000000.0,0.0,13985000000.0,0.0
2022-03-11,202.63841587126745,202.63841587126745,195.57274152711372,195.8399200439453,5196900,0.0,0.0,58131000000.0,0.0,5464000000.0,0.0,95209000000.0,0.0,1062000000.0,0.0,13985000000.0,0.0
2022-03-14,196.17640860935558,198.07642038741832,189.82323997959705,191.1096954345703,5665500,0.0,0.0,58131000000.0,0.0,5464000000.0,0.0,95209000000.0,0.0,1062000000.0,0.0,13985000000.0,0.0
2022-03-15,196.4633716837779,197.87849374133938,190.73365018065806,194.09825134277344,5276300,0.0,0.0,58131000000.0,0.0,5464000000.0,0.0,95209000000.0,0.0,1062000000.0,0.0,13985000000.0,0.0
2022-03-16,196.592026410703,203.7566510212529,195.27586940739548,203.4300994873047,6043400,0.0,0.0,58131000000.0,0.0,5464000000.0,0.0,95209000000.0,0.0,1062000000.0,0.0,13985000000.0,0.0
2022-03-17,202.48995982355308,208.4868745506193,200.45140624702026,208.21969604492188,5842600,0.0,0.0,58131000000.0,0.0,5464000000.0,0.0,95209000000.0,0.0,1062000000.0,0.0,13985000000.0,0.0
2022-03-18,207.05196799278937,217.2942333286875,206.14154675625718,216.52235412597656,12220600,0.0,0.0,58131000000.0,0.0,5464000000.0,0.0,95209000000.0,0.0,1062000000.0,0.0,13985000000.0,0.0
2022-03-21,215.91872466662207,216.8192555248926,208.41762787016594,211.49525451660156,6448700,0.0,0.0,58131000000.0,0.0,5464000000.0,0.0,95209000000.0,0.0,1062000000.0,0.0,13985000000.0,0.0
2022-03-22,211.49525611983165,219.5406306993043,210.40670066752202,215.9385223388672,7018800,0.0,0.0,58131000000.0,0.0,5464000000.0,0.0,95209000000.0,0.0,1062000000.0,0.0,13985000000.0,0.0
2022-03-23,211.64370933405644,211.70308234636147,206.14158872782414,208.91244506835938,8404700,0.0,0.0,58131000000.0,0.0,5464000000.0,0.0,95209000000.0,0.0,1062000000.0,0.0,13985000000.0,0.0
2022-03-24,210.1395261439952,211.8811998009399,207.6853310956332,211.75254821777344,4150300,0.0,0.0,58131000000.0,0.0,5464000000.0,0.0,95209000000.0,0.0,1062000000.0,0.0,13985000000.0,0.0
2022-03-25,212.03954564074368,213.61299080028206,206.30980859570153,208.83326721191406,3656500,0.0,0.0,58131000000.0,0.0,5464000000.0,0.0,95209000000.0,0.0,1062000000.0,0.0,13985000000.0,0.0
2022-03-28,208.190029880554,213.13798180204296,207.12127045351826,213.0390167236328,4290900,0.0,0.0,58131000000.0,0.0,5464000000.0,0.0,95209000000.0,0.0,1062000000.0,0.0,13985000000.0,0.0
2022-03-29,216.34424567280934,219.84740410036255,214.5135125159934,218.9864501953125,5370400,0.0,0.0,58131000000.0,0.0,5464000000.0,0.0,95209000000.0,0.0,1062000000.0,0.0,13985000000.0,0.0
2022-03-30,217.42291080381932,217.56145285414917,211.17858277122548,212.7025604248047,4951200,0.0,0.0,58131000000.0,0.0,5464000000.0,0.0,95209000000.0,0.0,1062000000.0,0.0,13985000000.0,0.0
2022-03-31,212.26714791883404,214.5333033668559,209.58535120091574,210.10984802246094,7141300,0.0,0.0,58131000000.0,0.0,5464000000.0,0.0,95209000000.0,0.0,1062000000.0,0.0,13985000000.0,0.0
2022-04-01,210.26815942042364,211.80202752726922,207.85355648060752,210.04055786132812,6007900,0.0,0.0,58131000000.0,0.0,5464000000.0,0.0,95209000000.0,0.0,1062000000.0,0.0,13985000000.0,0.0
2022-04-04,212.39578116233645,218.69946684530524,211.87129948604283,216.5718536376953,7843600,0.0,0.0,58131000000.0,0.0,5464000000.0,0.0,95209000000.0,0.0,1062000000.0,0.0,13985000000.0,0.0
2022-04-05,215.73066371085417,215.99785729297693,206.49778532811604,207.95248413085938,7304600,0.0,0.0,58131000000.0,0.0,5464000000.0,0.0,95209000000.0,0.0,1062000000.0,0.0,13985000000.0,0.0
2022-04-06,203.0738545150273,203.3311425854357,196.01807006547756,198.72955322265625,7171300,0.0,0.0,58131000000.0,0.0,5464000000.0,0.0,95209000000.0,0.0,1062000000.0,0.0,13985000000.0,0.0
2022-04-07,197.04721837491397,200.60974954318255,196.12690663141532,198.07640075683594,5246000,0.0,0.0,58131000000.0,0.0,5464000000.0,0.0,95209000000.0,0.0,1062000000.0,0.0,13985000000.0,0.0
2022-04-08,196.57222218376583,198.0566076760214,194.57324549287566,195.11752319335938,3897700,0.0,0.0,58131000000.0,0.0,5464000000.0,0.0,95209000000.0,0.0,1062000000.0,0.0,13985000000.0,0.0
2022-04-11,192.18835338987466,195.04826896988178,190.15969010095353,193.41543579101562,5173800,0.0,0.0,58131000000.0,0.0,5464000000.0,0.0,95209000000.0,0.0,1062000000.0,0.0,13985000000.0,0.0
2022-04-12,197.6706678659501,199.02640178228324,192.55448768611953,192.78208923339844,4832200,0.0,0.0,58131000000.0,0.0,5464000000.0,0.0,95209000000.0,0.0,1062000000.0,0.0,13985000000.0,0.0
2022-04-13,189.99146451752677,195.0482720172313,187.34925998675448,193.68263244628906,8733000,0.0,0.0,58131000000.0,0.0,5464000000.0,0.0,95209000000.0,0.0,1062000000.0,0.0,13985000000.0,0.0
2022-04-14,194.27639736061022,194.4050338464872,187.25029937992215,187.43832397460938,5126700,0.0,0.0,58131000000.0,0.0,5464000000.0,0.0,95209000000.0,0.0,1062000000.0,0.0,13985000000.0,0.0
2022-04-18,186.3398735165116,187.3789464463337,183.59870390734972,185.06329345703125,4899500,0.0,0.0,58131000000.0,0.0,5464000000.0,0.0,95209000000.0,0.0,1062000000.0,0.0,13985000000.0,0.0
2022-04-19,185.29091097922247,190.19927088201118,183.5888142919785,189.397705078125,6120400,0.0,0.0,58131000000.0,0.0,5464000000.0,0.0,95209000000.0,0.0,1062000000.0,0.0,13985000000.0,0.0
2022-04-20,190.88210371686205,191.28783943049518,184.14299508290335,184.2914276123047,6015400,0.0,0.0,58131000000.0,0.0,5464000000.0,0.0,95209000000.0,0.0,1062000000.0,0.0,13985000000.0,0.0
2022-04-21,186.81487339020478,188.19040343400576,174.90021168921908,175.38510131835938,9119500,0.0,0.0,58131000000.0,0.0,5464000000.0,0.0,95209000000.0,0.0,1062000000.0,0.0,13985000000.0,0.0
2022-04-22,175.85019759709067,177.18615057479187,169.3189105170903,169.6454620361328,8843900,0.0,0.0,58131000000.0,0.0,5464000000.0,0.0,95209000000.0,0.0,1062000000.0,0.0,13985000000.0,0.0
2022-04-25,167.92357185016584,172.94078656305342,167.46835369142778,172.75277709960938,7988900,0.0,0.0,58131000000.0,0.0,5464000000.0,0.0,95209000000.0,0.0,1062000000.0,0.0,13985000000.0,0.0
2022-04-26,170.82306183469504,171.91161713509248,165.80584718637837,168.30950927734375,8073300,0.0,0.0,58131000000.0,0.0,5464000000.0,0.0,95209000000.0,0.0,1062000000.0,0.0,13985000000.0,0.0
2022-04-27,169.2199480984515,175.38509168715171,168.8538045047255,172.86163330078125,9644600,0.0,0.0,58131000000.0,0.0,5464000000.0,0.0,95209000000.0,0.0,1062000000.0,0.0,13985000000.0,0.0
2022-04-28,179.52160539507258,184.98413375344956,177.11689277321875,183.80653381347656,10614800,0.0,0.0,58131000000.0,0.0,5464000000.0,0.0,95209000000.0,0.0,1062000000.0,0.0,13985000000.0,0.0
2022-04-29,180.66954072312683,183.43049151134184,173.47521372379583,174.10855102539062,7110800,0.0,0.0,58131000000.0,0.0,5464000000.0,0.0,95209000000.0,0.0,1062000000.0,0.0,13985000000.0,0.0
2022-05-02,173.26737783575456,175.92937840199352,171.31788355861866,175.72157287597656,6278400,0.0,0.0,58131000000.0,0.0,5464000000.0,0.0,95209000000.0,0.0,1062000000.0,0.0,13985000000.0,0.0
2022-05-03,175.10800046978648,178.51219351592724,174.29654427620156,176.50332641601562,5047700,0.0,0.0,58131000000.0,0.0,5464000000.0,0.0,95209000000.0,0.0,1062000000.0,0.0,13985000000.0,0.0
2022-05-04,177.83928428081043,184.0440047581477,172.92101914840813,183.54920959472656,7563100,0.0,0.0,58131000000.0,0.0,5464000000.0,0.0,95209000000.0,0.0,1062000000.0,0.0,13985000000.0,0.0
2022-05-05,178.6111874890966,180.34297079339575,168.0522590971642,170.50643920898438,8379400,0.0,0.0,58131000000.0,0.0,5464000000.0,0.0,95209000000.0,0.0,1062000000.0,0.0,13985000000.0,0.0
2022-05-06,167.72568141158956,170.63506448766537,163.85637934483404,167.93348693847656,7232700,0.0,0.0,58131000000.0,0.0,5464000000.0,0.0,95209000000.0,0.0,1062000000.0,0.0,13985000000.0,0.0
2022-05-09,164.98447388720962,168.5173029322186,160.44225864364913,161.89695739746094,9997800,0.0,0.0,58131000000.0,0.0,5464000000.0,0.0,95209000000.0,0.0,1062000000.0,0.0,13985000000.0,0.0
2022-05-10,165.6771972566494,169.47722017921282,161.58029424014694,165.41000366210938,8598700,0.0,0.0,58131000000.0,0.0,5464000000.0,0.0,95209000000.0,0.0,1062000000.0,0.0,13985000000.0,0.0
2022-05-11,163.77719505106967,168.21055537794052,159.15581015074645,159.5912322998047,7220100,0.0,0.0,58131000000.0,0.0,5464000000.0,0.0,95209000000.0,0.0,1062000000.0,0.0,13985000000.0,0.0
2022-05-12,155.29640066353792,165.11314986229618,153.03024548939717,158.7500762939453,10187500,0.0,0.0,58131000000.0,0.0,5464000000.0,0.0,95209000000.0,0.0,1062000000.0,0.0,13985000000.0,0.0
2022-05-13,161.8475069039374,166.9240951986408,160.323529288801,165.1725311279297,6499700,0.0,0.0,58131000000.0,0.0,5464000000.0,0.0,95209000000.0,0.0,1062000000.0,0.0,13985000000.0,0.0
2022-05-16,163.02513164733259,164.38086569424544,160.1949024348335,162.4115753173828,5065800,0.0,0.0,58131000000.0,0.0,5464000000.0,0.0,95209000000.0,0.0,1062000000.0,0.0,13985000000.0,0.0
2022-05-17,165.58816630720577,167.33974557347892,156.62247954417083,162.025634765625,7317700,0.0,0.0,58131000000.0,0.0,5464000000.0,0.0,95209000000.0,0.0,1062000000.0,0.0,13985000000.0,0.0
2022-05-18,161.1251017282281,162.8074022373895,154.56411313255373,155.69224548339844,7454400,0.0,0.0,58131000000.0,0.0,5464000000.0,0.0,95209000000.0,0.0,1062000000.0,0.0,13985000000.0,0.0
2022-05-19,153.61409645177554,157.59225364460477,153.1193013068945,153.98025512695312,8382200,0.0,0.0,58131000000.0,0.0,5464000000.0,0.0,95209000000.0,0.0,1062000000.0,0.0,13985000000.0,0.0
2022-05-20,157.0875823745941,159.05685756704383,152.94119626594238,157.98809814453125,9068700,0.0,0.0,58131000000.0,0.0,5464000000.0,0.0,95209000000.0,0.0,1062000000.0,0.0,13985000000.0,0.0
2022-05-23,158.17610883419604,159.05684359110762,154.28702623006558,158.651123046875,6148800,0.0,0.0,58131000000.0,0.0,5464000000.0,0.0,95209000000.0,0.0,1062000000.0,0.0,13985000000.0,0.0
2022-05-24,156.1276846644152,156.74122589233178,152.9412023066105,155.29641723632812,6928400,0.0,0.0,58131000000.0,0.0,5464000000.0,0.0,95209000000.0,0.0,1062000000.0,0.0,13985000000.0,0.0
2022-05-25,153.70318508661308,160.20478603195926,153.70318508661308,157.98809814453125,7436800,0.0,0.0,58131000000.0,0.0,5464000000.0,0.0,95209000000.0,0.0,1062000000.0,0.0,13985000000.0,0.0
2022-05-26,158.02767528263325,161.9860364290204,155.92974870703188,160.7688446044922,6697700,0.0,0.0,58131000000.0,0.0,5464000000.0,0.0,95209000000.0,0.0,1062000000.0,0.0,13985000000.0,0.0
2022-05-27,158.99747007847105,163.5099993847703,158.58184396867503,163.38136291503906,7883600,0.0,0.0,58131000000.0,0.0,5464000000.0,0.0,95209000000.0,0.0,1062000000.0,0.0,13985000000.0,0.0
2022-05-31,165.22200869721073,165.53866975190311,157.69122565655064,158.57196044921875,18114600,0.0,0.0,58131000000.0,0.0,5464000000.0,0.0,95209000000.0,0.0,1062000000.0,0.0,13985000000.0,0.0
2022-06-01,176.15697523916566,182.5002530956559,172.5548669186227,174.2371826171875,37037400,0.0,0.0,58131000000.0,0.0,5464000000.0,0.0,95209000000.0,0.0,1062000000.0,0.0,13985000000.0,0.0
2022-06-02,173.1783078650313,188.15081439986062,172.8814277458441,186.43881225585938,19231200,0.0,0.0,58131000000.0,0.0,5464000000.0,0.0,95209000000.0,0.0,1062000000.0,0.0,13985000000.0,0.0
2022-06-03,183.07421270475913,187.66591127346427,181.88670731801562,182.9851531982422,9224000,0.0,0.0,58131000000.0,0.0,5464000000.0,0.0,95209000000.0,0.0,1062000000.0,0.0,13985000000.0,0.0
2022-06-06,186.96330007273815,188.4377951498989,179.8085659747371,180.9663848876953,5811700,0.0,0.0,58131000000.0,0.0,5464000000.0,0.0,95209000000.0,0.0,1062000000.0,0.0,13985000000.0,0.0
2022-06-07,179.81848399696725,186.63676146771513,179.81848399696725,185.20184326171875,6331100,0.0,0.0,58131000000.0,0.0,5464000000.0,0.0,95209000000.0,0.0,1062000000.0,0.0,13985000000.0,0.0
2022-06-08,185.0533910821376,188.5763302289927,183.46015005224527,187.22059631347656,6226200,0.0,0.0,58131000000.0,0.0,5464000000.0,0.0,95209000000.0,0.0,1062000000.0,0.0,13985000000.0,0.0
2022-06-09,186.56747853115206,190.674272686989,184.66746675857527,185.16226196289062,8467700,0.0,0.0,58131000000.0,0.0,5464000000.0,0.0,95209000000.0,0.0,1062000000.0,0.0,13985000000.0,0.0
2022-06-10,181.7184777465428,182.0351388012433,175.35540405107574,176.59239196777344,7855800,0.0,0.0,58131000000.0,0.0,5464000000.0,0.0,95209000000.0,0.0,1062000000.0,0.0,13985000000.0,0.0
2022-06-13,168.77464971877797,170.88246705250202,163.34179285871835,164.30169677734375,10726200,0.0,0.0,58131000000.0,0.0,5464000000.0,0.0,95209000000.0,0.0,1062000000.0,0.0,13985000000.0,0.0
2022-06-14,166.97355846040054,167.86419874433446,160.46205281097656,162.7381134033203,8576200,0.0,0.0,58131000000.0,0.0,5464000000.0,0.0,95209000000.0,0.0,1062000000.0,0.0,13985000000.0,0.0
2022-06-15,164.99440934792673,169.71475996082958,162.96574593190314,166.79547119140625,7740700,0.0,0.0,58131000000.0,0.0,5464000000.0,0.0,95209000000.0,0.0,1062000000.0,0.0,13985000000.0,0.0
2022-06-16,162.02563572951615,165.1626355584264,156.96882806399705,158.18603515625,8090900,0.0,0.0,58131000000.0,0.0,5464000000.0,0.0,95209000000.0,0.0,1062000000.0,0.0,13985000000.0,0.0
2022-06-17,156.9094446963572,164.49960092770144,156.52350506086347,161.56051635742188,13074600,0.0,0.0,58131000000.0,0.0,5464000000.0,0.0,95209000000.0,0.0,1062000000.0,0.0,13985000000.0,0.0
2022-06-21,163.3318837272302,167.58712508130762,163.1834361207224,165.09335327148438,6736800,0.0,0.0,58131000000.0,0.0,5464000000.0,0.0,95209000000.0,0.0,1062000000.0,0.0,13985000000.0,0.0
2022-06-22,162.98552057609436,168.67566484250287,162.50063098953348,165.70689392089844,5864500,0.0,0.0,58131000000.0,0.0,5464000000.0,0.0,95209000000.0,0.0,1062000000.0,0.0,13985000000.0,0.0
2022-06-23,167.32982705768433,171.58506854199038,165.38033287882726,171.2486114501953,7258000,0.0,0.0,58131000000.0,0.0,5464000000.0,0.0,95209000000.0,0.0,1062000000.0,0.0,13985000000.0,0.0
2022-06-24,175.87001120844505,184.4695544015243,174.71219222536538,183.98464965820312,12107100,0.0,0.0,58131000000.0,0.0,5464000000.0,0.0,95209000000.0,0.0,1062000000.0,0.0,13985000000.0,0.0
2022-06-27,184.1726750099985,184.63778371877814,178.59138560459436,179.42263793945312,6170600,0.0,0.0,58131000000.0,0.0,5464000000.0,0.0,95209000000.0,0.0,1062000000.0,0.0,13985000000.0,0.0
2022-06-28,178.41322450281734,180.43199712507362,169.65535960611084,169.67515563964844,6668600,0.0,0.0,58131000000.0,0.0,5464000000.0,0.0,95209000000.0,0.0,1062000000.0,0.0,13985000000.0,0.0
2022-06-29,170.70434010187014,171.97101457694885,166.31055641021248,168.83401489257812,5430400,0.0,0.0,58131000000.0,0.0,5464000000.0,0.0,95209000000.0,0.0,1062000000.0,0.0,13985000000.0,0.0
2022-06-30,163.33191179435852,165.7564054511157,159.43292288596376,163.32200622558594,9539400,0.0,0.0,58131000000.0,0.0,5464000000.0,0.0,95209000000.0,0.0,1062000000.0,0.0,13985000000.0,0.0
2022-07-01,163.0448884551048,167.38918916320847,162.34228781504171,166.44908142089844,4561600,0.0,0.0,58131000000.0,0.0,5464000000.0,0.0,95209000000.0,0.0,1062000000.0,0.0,13985000000.0,0.0
2022-07-05,164.37094864415874,170.55588778489397,162.89645371702582,170.40744018554688,4614200,0.0,0.0,58131000000.0,0.0,5464000000.0,0.0,95209000000.0,0.0,1062000000.0,0.0,13985000000.0,0.0
2022-07-06,171.7137306738368,173.23769324796922,169.05173007815733,170.93194580078125,4085100,0.0,0.0,58131000000.0,0.0,5464000000.0,0.0,95209000000.0,0.0,1062000000.0,0.0,13985000000.0,0.0
2022-07-07,172.35696468388932,175.09813442369526,171.36737424640936,174.80125427246094,4000100,0.0,0.0,58131000000.0,0.0,5464000000.0,0.0,95209000000.0,0.0,1062000000.0,0.0,13985000000.0,0.0
2022-07-08,172.23820793691976,174.7715568831071,171.04079693816126,173.67311096191406,2869200,0.0,0.0,58131000000.0,0.0,5464000000.0,0.0,95209000000.0,0.0,1062000000.0,0.0,13985000000.0,0.0
2022-07-11,172.18871453453912,174.48457130964223,169.47723163979487,172.5449676513672,3689300,0.0,0.0,58131000000.0,0.0,5464000000.0,0.0,95209000000.0,0.0,1062000000.0,0.0,13985000000.0,0.0
2022-07-12,170.41736811655022,171.5751870636462,162.63918702840832,164.59857177734375,7073000,0.0,0.0,58131000000.0,0.0,5464000000.0,0.0,95209000000.0,0.0,1062000000.0,0.0,13985000000.0,0.0
2022-07-13,160.719387482152,164.11367545388757,159.4922898967689,161.78814697265625,6225900,0.0,0.0,58131000000.0,0.0,5464000000.0,0.0,95209000000.0,0.0,1062000000.0,0.0,13985000000.0,0.0
2022-07-14,159.35374173407934,160.02667106155926,156.00892133267178,159.36363220214844,6096100,0.0,0.0,58131000000.0,0.0,5464000000.0,0.0,95209000000.0,0.0,1062000000.0,0.0,13985000000.0,0.0
2022-07-15,162.00585450224202,165.86525110502745,160.53135933863862,165.6376495361328,6037700,0.0,0.0,58131000000.0,0.0,5464000000.0,0.0,95209000000.0,0.0,1062000000.0,0.0,13985000000.0,0.0
2022-07-18,167.19128205198098,170.84287275986745,165.37043948163677,166.14231872558594,3818200,0.0,0.0,58131000000.0,0.0,5464000000.0,0.0,95209000000.0,0.0,1062000000.0,0.0,13985000000.0,0.0
2022-07-19,169.14077129882554,172.28767628684196,166.06314487938965,172.0006866455078,4373400,0.0,0.0,58131000000.0,0.0,5464000000.0,0.0,95209000000.0,0.0,1062000000.0,0.0,13985000000.0,0.0
2022-07-20,174.2668907204158,181.5898542808619,173.78198594602623,180.55078125,5654000,0.0,0.0,58131000000.0,0.0,5464000000.0,0.0,95209000000.0,0.0,1062000000.0,0.0,13985000000.0,0.0
2022-07-21,178.7793968304972,183.59869701852688,178.037204065608,183.4205780029297,3886000,0.0,0.0,58131000000.0,0.0,5464000000.0,0.0,95209000000.0,0.0,1062000000.0,0.0,13985000000.0,0.0
2022-07-22,183.14349765142154,185.60756801719626,179.04657900963068,180.570556640625,3804700,0.0,0.0,58131000000.0,0.0,5464000000.0,0.0,95209000000.0,0.0,1062000000.0,0.0,13985000000.0,0.0
2022-07-25,179.93722208465903,180.09556017074718,173.25748696481912,175.44447326660156,4407900,0.0,0.0,58131000000.0,0.0,5464000000.0,0.0,95209000000.0,0.0,1062000000.0,0.0,13985000000.0,0.0
2022-07-26,175.26636302197625,175.2861590587164,167.9928672650279,168.6855926513672,3886500,0.0,0.0,58131000000.0,0.0,5464000000.0,0.0,95209000000.0,0.0,1062000000.0,0.0,13985000000.0,0.0
2022-07-27,173.039767609148,180.33304358940202,172.53508197128457,178.4231414794922,4960900,0.0,0.0,58131000000.0,0.0,5464000000.0,0.0,95209000000.0,0.0,1062000000.0,0.0,13985000000.0,0.0
2022-07-28,176.55282202570635,179.98670182713306,174.0986270293303,179.40283203125,4562100,0.0,0.0,58131000000.0,0.0,5464000000.0,0.0,95209000000.0,0.0,1062000000.0,0.0,13985000000.0,0.0
2022-07-29,179.92730512147142,182.50023069174685,178.34395469364904,182.10440063476562,4751400,0.0,0.0,58131000000.0,0.0,5464000000.0,0.0,95209000000.0,0.0,1062000000.0,0.0,13985000000.0,0.0
2022-08-01,179.4127516393151,183.2523523180824,177.88877389005046,181.07525634765625,3997100,0.0,0.0,58131000000.0,0.0,5464000000.0,0.0,95209000000.0,0.0,1062000000.0,0.0,13985000000.0,0.0
2022-08-02,178.92782557471705,183.21275352575077,177.5621860841014,181.87680053710938,4317900,0.0,0.0,58131000000.0,0.0,5464000000.0,0.0,95209000000.0,0.0,1062000000.0,0.0,13985000000.0,0.0
2022-08-03,183.59868925798403,188.69507332149033,183.44035118417904,187.67579650878906,5786300,0.0,0.0,58131000000.0,0.0,5464000000.0,0.0,95209000000.0,0.0,1062000000.0,0.0,13985000000.0,0.0
2022-08-04,186.5971494948348,189.58571650798575,185.30078858348708,189.27894592285156,3759700,0.0,0.0,58131000000.0,0.0,5464000000.0,0.0,95209000000.0,0.0,1062000000.0,0.0,13985000000.0,0.0
2022-08-05,185.0533995036982,189.80343630774047,184.3408932280943,188.19039916992188,4090300,0.0,0.0,58131000000.0,0.0,5464000000.0,0.0,95209000000.0,0.0,1062000000.0,0.0,13985000000.0,0.0
2022-08-08,189.1008124321341,192.3466675047602,187.1117413059056,187.77476501464844,3396800,0.0,0.0,58131000000.0,0.0,5464000000.0,0.0,95209000000.0,0.0,1062000000.0,0.0,13985000000.0,0.0
2022-08-09,184.3606910754751,185.18205290403418,177.94814963196623,180.34295654296875,5851700,0.0,0.0,58131000000.0,0.0,5464000000.0,0.0,95209000000.0,0.0,1062000000.0,0.0,13985000000.0,0.0
2022-08-10,186.20130910193433,187.59663500868098,184.27161109257685,186.64662170410156,4179200,0.0,0.0,58131000000.0,0.0,5464000000.0,0.0,95209000000.0,0.0,1062000000.0,0.0,13985000000.0,0.0
2022-08-11,190.1299905668585,190.49613414856273,184.3804732976393,184.78619384765625,4175100,0.0,0.0,58131000000.0,0.0,5464000000.0,0.0,95209000000.0,0.0,1062000000.0,0.0,13985000000.0,0.0
2022-08-12,184.68725564801886,188.041966399464,183.5789041652747,187.91331481933594,3846200,0.0,0.0,58131000000.0,0.0,5464000000.0,0.0,95209000000.0,0.0,1062000000.0,0.0,13985000000.0,0.0
2022-08-15,187.08206523745181,190.11020939847862,186.93361761978423,189.07113647460938,2768500,0.0,0.0,58131000000.0,0.0,5464000000.0,0.0,95209000000.0,0.0,1062000000.0,0.0,13985000000.0,0.0
2022-08-16,187.57684759184812,188.86331802383185,184.42005206488685,187.61642456054688,3835900,0.0,0.0,58131000000.0,0.0,5464000000.0,0.0,95209000000.0,0.0,1062000000.0,0.0,13985000000.0,0.0
2022-08-17,185.76589559779342,187.4580865846435,184.52890770099367,186.00340270996094,3181300,0.0,0.0,58131000000.0,0.0,5464000000.0,0.0,95209000000.0,0.0,1062000000.0,0.0,13985000000.0,0.0
2022-08-18,186.45861381882654,186.60706143279657,184.66745768322227,185.9737091064453,2791600,0.0,0.0,58131000000.0,0.0,5464000000.0,0.0,95209000000.0,0.0,1062000000.0,0.0,13985000000.0,0.0
2022-08-19,183.29191277294885,183.50962384243,179.68980475964617,181.8570098876953,4346100,0.0,0.0,58131000000.0,0.0,5464000000.0,0.0,95209000000.0,0.0,1062000000.0,0.0,13985000000.0,0.0
2022-08-22,178.1262468680382,178.71010149767346,174.22725882615708,175.13768005371094,5182900,0.0,0.0,58131000000.0,0.0,5464000000.0,0.0,95209000000.0,0.0,1062000000.0,0.0,13985000000.0,0.0
2022-08-23,174.0491769490446,176.25595947237161,173.08927298375056,174.1679229736328,5076800,0.0,0.0,58131000000.0,0.0,5464000000.0,0.0,95209000000.0,0.0,1062000000.0,0.0,13985000000.0,0.0
2022-08-24,174.83092601666942,179.3434556145943,174.22727529677462,178.1361541748047,11438800,0.0,0.0,58131000000.0,0.0,5464000000.0,0.0,95209000000.0,0.0,1062000000.0,0.0,13985000000.0,0.0
2022-08-25,166.8251517562883,172.327271974596,163.83658451470743,172.09967041015625,24025600,0.0,0.0,58131000000.0,0.0,5464000000.0,0.0,95209000000.0,0.0,1062000000.0,0.0,13985000000.0,0.0
2022-08-26,172.14916048255296,174.4647985002193,162.91627981729422,163.51002502441406,11074700,0.0,0.0,58131000000.0,0.0,5464000000.0,0.0,95209000000.0,0.0,1062000000.0,0.0,13985000000.0,0.0
2022-08-29,162.56990711641066,164.09388476412647,158.38394401902414,158.5422821044922,9329900,0.0,0.0,58131000000.0,0.0,5464000000.0,0.0,95209000000.0,0.0,1062000000.0,0.0,13985000000.0,0.0
2022-08-30,160.45217815749135,162.14438429377336,156.73132389109776,158.0078887939453,8079400,0.0,0.0,58131000000.0,0.0,5464000000.0,0.0,95209000000.0,0.0,1062000000.0,0.0,13985000000.0,0.0
2022-08-31,158.12662172943465,159.53185319305945,154.34639477080404,154.4948272705078,9166100,0.0,0.0,58131000000.0,0.0,5464000000.0,0.0,95209000000.0,0.0,1062000000.0,0.0,13985000000.0,0.0
2022-09-01,153.2578713369729,153.71308959738968,149.29950945490518,151.93182373046875,9924000,0.0,0.0,58131000000.0,0.0,5464000000.0,0.0,95209000000.0,0.0,1062000000.0,0.0,13985000000.0,0.0
2022-09-02,154.8313185245276,157.01830482284376,151.36775217158166,152.09014892578125,7315700,0.0,0.0,58131000000.0,0.0,5464000000.0,0.0,95209000000.0,0.0,1062000000.0,0.0,13985000000.0,0.0
2022-09-06,151.28858399655658,152.82243702455682,149.2500302045489,150.14065551757812,6373700,0.0,0.0,58131000000.0,0.0,5464000000.0,0.0,95209000000.0,0.0,1062000000.0,0.0,13985000000.0,0.0
2022-09-07,149.71511230051362,152.45628170449433,148.91354656034832,151.6844024658203,6211400,0.0,0.0,58131000000.0,0.0,5464000000.0,0.0,95209000000.0,0.0,1062000000.0,0.0,13985000000.0,0.0
2022-09-08,150.73441300807707,155.3953752134103,150.2000257501715,155.2667236328125,6659200,0.0,0.0,58131000000.0,0.0,5464000000.0,0.0,95209000000.0,0.0,1062000000.0,0.0,13985000000.0,0.0
2022-09-09,156.9490207364302,161.5901863559179,156.82036917108877,160.89747619628906,5642300,0.0,0.0,58131000000.0,0.0,5464000000.0,0.0,95209000000.0,0.0,1062000000.0,0.0,13985000000.0,0.0
2022-09-12,161.98606067097572,163.93555503531812,161.04595277800723,163.90586853027344,6353400,0.0,0.0,58131000000.0,0.0,5464000000.0,0.0,95209000000.0,0.0,1062000000.0,0.0,13985000000.0,0.0
2022-09-13,156.60267140271407,159.58133289199057,156.16724923685035,156.45423889160156,5463200,0.0,0.0,58131000000.0,0.0,5464000000.0,0.0,95209000000.0,0.0,1062000000.0,0.0,13985000000.0,0.0
2022-09-14,156.93911652517286,159.96726032052115,156.36515235939555,158.6115264892578,6037300,0.0,0.0,58131000000.0,0.0,5464000000.0,0.0,95209000000.0,0.0,1062000000.0,0.0,13985000000.0,0.0
2022-09-15,155.167769453848,158.17611746522013,152.70368405345064,153.16879272460938,7012200,0.0,0.0,58131000000.0,0.0,5464000000.0,0.0,95209000000.0,0.0,1062000000.0,0.0,13985000000.0,0.0
2022-09-16,150.33856648430782,150.62555614621704,148.00313261820295,149.93283081054688,9882300,0.0,0.0,58131000000.0,0.0,5464000000.0,0.0,95209000000.0,0.0,1062000000.0,0.0,13985000000.0,0.0
2022-09-19,149.1411783727965,151.9417059646253,148.8343926596028,151.23910522460938,4874800,0.0,0.0,58131000000.0,0.0,5464000000.0,0.0,95209000000.0,0.0,1062000000.0,0.0,13985000000.0,0.0
2022-09-20,149.4281364526861,150.0021006431076,147.30052333125357,148.24063110351562,5505700,0.0,0.0,58131000000.0,0.0,5464000000.0,0.0,95209000000.0,0.0,1062000000.0,0.0,13985000000.0,0.0
2022-09-21,149.64585700660444,151.70420678884787,145.97447008876793,146.09323120117188,6164400,0.0,0.0,58131000000.0,0.0,5464000000.0,0.0,95209000000.0,0.0,1062000000.0,0.0,13985000000.0,0.0
2022-09-22,147.9536379199154,151.2687714111844,147.5973848136893,148.58697509765625,12405100,0.0,0.0,58131000000.0,0.0,5464000000.0,0.0,95209000000.0,0.0,1062000000.0,0.0,13985000000.0,0.0
2022-09-23,146.5286537722657,148.28021786044158,143.28278345699994,145.47967529296875,9175800,0.0,0.0,58131000000.0,0.0,5464000000.0,0.0,95209000000.0,0.0,1062000000.0,0.0,13985000000.0,0.0
2022-09-26,145.4697738962928,149.61615966347838,143.83695594355916,144.79685974121094,7862400,0.0,0.0,58131000000.0,0.0,5464000000.0,0.0,95209000000.0,0.0,1062000000.0,0.0,13985000000.0,0.0
2022-09-27,146.82551195150546,149.0421997194617,144.73747575801386,147.34010314941406,7046600,0.0,0.0,58131000000.0,0.0,5464000000.0,0.0,95209000000.0,0.0,1062000000.0,0.0,13985000000.0,0.0
2022-09-28,144.480205894585,149.30941212907356,144.15363923365095,148.60679626464844,7908400,0.0,0.0,58131000000.0,0.0,5464000000.0,0.0,95209000000.0,0.0,1062000000.0,0.0,13985000000.0,0.0
2022-09-29,146.90469650211367,147.4291782226909,143.50050300255091,145.28176879882812,8602500,0.0,0.0,58131000000.0,0.0,5464000000.0,0.0,95209000000.0,0.0,1062000000.0,0.0,13985000000.0,0.0
2022-09-30,144.4900912765673,147.08282843575324,142.25362237126933,142.34268188476562,7575600,0.0,0.0,58131000000.0,0.0,5464000000.0,0.0,95209000000.0,0.0,1062000000.0,0.0,13985000000.0,0.0
2022-10-03,143.47079551417258,147.40937572655412,142.40203619271853,146.3603973388672,6819900,0.0,0.0,58131000000.0,0.0,5464000000.0,0.0,95209000000.0,0.0,1062000000.0,0.0,13985000000.0,0.0
2022-10-04,150.12083918523595,155.78129667150407,149.64584008917086,154.10888671875,8017900,0.0,0.0,58131000000.0,0.0,5464000000.0,0.0,95209000000.0,0.0,1062000000.0,0.0,13985000000.0,0.0
2022-10-05,150.61565076146567,155.32611056997897,150.35836270215765,154.60369873046875,4256200,0.0,0.0,58131000000.0,0.0,5464000000.0,0.0,95209000000.0,0.0,1062000000.0,0.0,13985000000.0,0.0
2022-10-06,154.09902391724674,156.60268651257968,152.83234936703687,153.84173583984375,3853900,0.0,0.0,58131000000.0,0.0,5464000000.0,0.0,95209000000.0,0.0,1062000000.0,0.0,13985000000.0,0.0
2022-10-07,150.21981597315826,151.57554990102824,147.71615363193482,148.72552490234375,5956700,0.0,0.0,58131000000.0,0.0,5464000000.0,0.0,95209000000.0,0.0,1062000000.0,0.0,13985000000.0,0.0
2022-10-10,149.05210317224788,149.38857538862678,143.07498372177977,144.1239471435547,5497800,0.0,0.0,58131000000.0,0.0,5464000000.0,0.0,95209000000.0,0.0,1062000000.0,0.0,13985000000.0,0.0
2022-10-11,143.00568415914506,143.4609023262959,138.06763838695113,141.0858917236328,7415000,0.0,0.0,58131000000.0,0.0,5464000000.0,0.0,95209000000.0,0.0,1062000000.0,0.0,13985000000.0,0.0
2022-10-12,140.828603408471,141.94684536069727,138.12702592118222,140.80880737304688,5707100,0.0,0.0,58131000000.0,0.0,5464000000.0,0.0,95209000000.0,0.0,1062000000.0,0.0,13985000000.0,0.0
2022-10-13,137.513469461591,144.81663532772168,136.15772053458613,143.92601013183594,6548600,0.0,0.0,58131000000.0,0.0,5464000000.0,0.0,95209000000.0,0.0,1062000000.0,0.0,13985000000.0,0.0
2022-10-14,145.7963552715077,146.16249888709015,140.52183663375365,140.7395477294922,5736300,0.0,0.0,58131000000.0,0.0,5464000000.0,0.0,95209000000.0,0.0,1062000000.0,0.0,13985000000.0,0.0
2022-10-17,144.54948777109294,147.44898061165372,144.42083617750075,145.64791870117188,6288200,0.0,0.0,58131000000.0,0.0,5464000000.0,0.0,95209000000.0,0.0,1062000000.0,0.0,13985000000.0,0.0
2022-10-18,154.82142609238394,157.31519830607323,150.31878643154144,151.93182373046875,16354800,0.0,0.0,58131000000.0,0.0,5464000000.0,0.0,95209000000.0,0.0,1062000000.0,0.0,13985000000.0,0.0
2022-10-19,150.2792020292506,154.32662322963523,149.07190050689383,152.0703582763672,6220500,0.0,0.0,58131000000.0,0.0,5464000000.0,0.0,95209000000.0,0.0,1062000000.0,0.0,13985000000.0,0.0
2022-10-20,153.3864978608631,159.62091982616556,152.00107746855136,155.8604736328125,9203400,0.0,0.0,58131000000.0,0.0,5464000000.0,0.0,95209000000.0,0.0,1062000000.0,0.0,13985000000.0,0.0
2022-10-21,155.8604811077098,158.75997360351508,153.20838620096438,158.502685546875,8335500,0.0,0.0,58131000000.0,0.0,5464000000.0,0.0,95209000000.0,0.0,1062000000.0,0.0,13985000000.0,0.0
2022-10-24,159.502188663294,159.88814345212228,156.75112829644635,158.9777069091797,6259200,0.0,0.0,58131000000.0,0.0,5464000000.0,0.0,95209000000.0,0.0,1062000000.0,0.0,13985000000.0,0.0
2022-10-25,160.01677634800745,164.30170490498273,160.00688587926743,163.54962158203125,5804500,0.0,0.0,58131000000.0,0.0,5464000000.0,0.0,95209000000.0,0.0,1062000000.0,0.0,13985000000.0,0.0
2022-10-26,158.13655155469428,162.4115743014049,157.0479960567151,158.2454071044922,6617500,0.0,0.0,58131000000.0,0.0,5464000000.0,0.0,95209000000.0,0.0,1062000000.0,0.0,13985000000.0,0.0
2022-10-27,160.11572999359402,162.94595914607478,157.6615500256932,158.08706665039062,4987700,0.0,0.0,58131000000.0,0.0,5464000000.0,0.0,95209000000.0,0.0,1062000000.0,0.0,13985000000.0,0.0
2022-10-28,157.84957158425522,161.39230730467187,156.52352396877842,161.3230438232422,5055400,0.0,0.0,58131000000.0,0.0,5464000000.0,0.0,95209000000.0,0.0,1062000000.0,0.0,13985000000.0,0.0
2022-10-31,160.43236756769207,162.29280208208007,159.3240313122859,160.89747619628906,4878100,0.0,0.0,58131000000.0,0.0,5464000000.0,0.0,95209000000.0,0.0,1062000000.0,0.0,13985000000.0,0.0
2022-11-01,163.28239671245768,163.97510689064185,157.9781921910126,158.1563262939453,4545900,0.0,0.0,58131000000.0,0.0,5464000000.0,0.0,95209000000.0,0.0,1062000000.0,0.0,13985000000.0,0.0
2022-11-02,157.84956494888453,158.1068681261134,148.39898836872752,148.44845581054688,7238200,0.0,0.0,58131000000.0,0.0,5464000000.0,0.0,95209000000.0,0.0,1062000000.0,0.0,13985000000.0,0.0
2022-11-03,147.44896720846333,148.8541837416774,144.6088476385128,144.8067626953125,5999400,0.0,0.0,58131000000.0,0.0,5464000000.0,0.0,95209000000.0,0.0,1062000000.0,0.0,13985000000.0,0.0
2022-11-04,144.97498708237703,145.42029972236693,134.62386531975267,138.31504821777344,14265300,0.0,0.0,58131000000.0,0.0,5464000000.0,0.0,95209000000.0,0.0,1062000000.0,0.0,13985000000.0,0.0
2022-11-07,139.15617952931365,143.42131119522472,137.32544658196986,143.08485412597656,7379900,0.0,0.0,58131000000.0,0.0,5464000000.0,0.0,95209000000.0,0.0,1062000000.0,0.0,13985000000.0,0.0
2022-11-08,143.57966970516395,149.98232089895933,143.56977923699532,145.56875610351562,9101800,0.0,0.0,58131000000.0,0.0,5464000000.0,0.0,95209000000.0,0.0,1062000000.0,0.0,13985000000.0,0.0
2022-11-09,144.33176327979578,144.80676243525218,140.46246126151425,140.58120727539062,5588500,0.0,0.0,58131000000.0,0.0,5464000000.0,0.0,95209000000.0,0.0,1062000000.0,0.0,13985000000.0,0.0
2022-11-10,149.42815653623347,154.74225237047125,148.17137244863758,154.67298889160156,8777900,0.0,0.0,58131000000.0,0.0,5464000000.0,0.0,95209000000.0,0.0,1062000000.0,0.0,13985000000.0,0.0
2022-11-11,154.86100656174497,158.2552943732698,153.96047567707268,156.0880889892578,7382500,0.0,0.0,58131000000.0,0.0,5464000000.0,0.0,95209000000.0,0.0,1062000000.0,0.0,13985000000.0,0.0
2022-11-14,154.19797463998506,158.49279310867647,153.0401406496244,157.00840759277344,6580100,0.0,0.0,58131000000.0,0.0,5464000000.0,0.0,95209000000.0,0.0,1062000000.0,0.0,13985000000.0,0.0
2022-11-15,160.98657026049165,163.52982501398117,159.0766679031617,160.3829345703125,8116100,0.0,0.0,58131000000.0,0.0,5464000000.0,0.0,95209000000.0,0.0,1062000000.0,0.0,13985000000.0,0.0
2022-11-16,158.3344704633431,159.14594187244458,152.22869925809465,153.50526428222656,6454700,0.0,0.0,58131000000.0,0.0,5464000000.0,0.0,95209000000.0,0.0,1062000000.0,0.0,13985000000.0,0.0
2022-11-17,148.6265700539449,150.18021897799866,146.79582195304076,148.13177490234375,7357900,0.0,0.0,58131000000.0,0.0,5464000000.0,0.0,95209000000.0,0.0,1062000000.0,0.0,13985000000.0,0.0
2022-11-18,150.25942475272188,150.73443908636392,144.1338568622046,146.4989776611328,7555700,0.0,0.0,58131000000.0,0.0,5464000000.0,0.0,95209000000.0,0.0,1062000000.0,0.0,13985000000.0,0.0
2022-11-21,144.50001270591085,145.80626434709276,141.90727526213013,143.34219360351562,8015900,0.0,0.0,58131000000.0,0.0,5464000000.0,0.0,95209000000.0,0.0,1062000000.0,0.0,13985000000.0,0.0
2022-11-22,143.68850642175005,147.82500166674356,141.43224177900794,147.69635009765625,7017700,0.0,0.0,58131000000.0,0.0,5464000000.0,0.0,95209000000.0,0.0,1062000000.0,0.0,13985000000.0,0.0
2022-11-23,146.08331036032322,151.318251327928,146.01404689361732,150.6552276611328,5558900,0.0,0.0,58131000000.0,0.0,5464000000.0,0.0,95209000000.0,0.0,1062000000.0,0.0,13985000000.0,0.0
2022-11-25,150.48700300198283,152.43648198591137,149.80418328428598,151.75367736816406,3023700,0.0,0.0,58131000000.0,0.0,5464000000.0,0.0,95209000000.0,0.0,1062000000.0,0.0,13985000000.0,0.0
2022-11-28,150.4177387565095,153.7031860878518,150.4177387565095,152.09014892578125,7931700,0.0,0.0,58131000000.0,0.0,5464000000.0,0.0,95209000000.0,0.0,1062000000.0,0.0,13985000000.0,0.0
2022-11-29,151.130226029685,152.41669639035183,149.6854176031009,150.10104370117188,6398100,0.0,0.0,58131000000.0,0.0,5464000000.0,0.0,95209000000.0,0.0,1062000000.0,0.0,13985000000.0,0.0
2022-11-30,149.18076885062706,158.58187866210938,148.56722756859944,158.58187866210938,14591500,0.0,0.0,58131000000.0,0.0,5464000000.0,0.0,95209000000.0,0.0,1062000000.0,0.0,13985000000.0,0.0
2022-12-01,146.0140500172678,146.05362698481082,140.60098993380515,145.4697723388672,33721500,0.0,0.0,58131000000.0,0.0,5464000000.0,0.0,95209000000.0,0.0,1062000000.0,0.0,13985000000.0,0.0
2022-12-02,142.7879821639913,143.69841855613572,141.29370620070776,143.05517578125,15086700,0.0,0.0,58131000000.0,0.0,5464000000.0,0.0,95209000000.0,0.0,1062000000.0,0.0,13985000000.0,0.0
2022-12-05,141.3135042634339,142.88694928774467,131.49676985459487,132.53582763671875,20294600,0.0,0.0,58131000000.0,0.0,5464000000.0,0.0,95209000000.0,0.0,1062000000.0,0.0,13985000000.0,0.0
2022-12-06,131.3285527219823,133.14939549075652,129.54728692646333,131.88272094726562,16981800,0.0,0.0,58131000000.0,0.0,5464000000.0,0.0,95209000000.0,0.0,1062000000.0,0.0,13985000000.0,0.0
2022-12-07,131.12072669400573,132.35771468168502,128.66654675443627,129.1217498779297,12915900,0.0,0.0,58131000000.0,0.0,5464000000.0,0.0,95209000000.0,0.0,1062000000.0,0.0,13985000000.0,0.0
2022-12-08,127.09307503433462,130.09154753654602,125.69775663673624,128.775390625,15156900,0.0,0.0,58131000000.0,0.0,5464000000.0,0.0,95209000000.0,0.0,1062000000.0,0.0,13985000000.0,0.0
2022-12-09,128.38944441275476,131.9816467506604,127.02380503639044,129.74517822265625,10287500,0.0,0.0,58131000000.0,0.0,5464000000.0,0.0,95209000000.0,0.0,1062000000.0,0.0,13985000000.0,0.0
2022-12-12,129.73529417041652,132.69415949889733,129.5868465656751,131.724365234375,11852400,0.0,0.0,58131000000.0,0.0,5464000000.0,0.0,95209000000.0,0.0,1062000000.0,0.0,13985000000.0,0.0
2022-12-13,135.95980036116944,138.42388545653853,132.64466706860026,134.20822143554688,12579800,0.0,0.0,58131000000.0,0.0,5464000000.0,0.0,95209000000.0,0.0,1062000000.0,0.0,13985000000.0,0.0
2022-12-14,133.60457807551234,135.84106176907753,131.8431085876305,133.3472900390625,9611800,0.0,0.0,58131000000.0,0.0,5464000000.0,0.0,95209000000.0,0.0,1062000000.0,0.0,13985000000.0,0.0
2022-12-15,130.2993450875148,132.72383815550103,128.33005507395276,129.0821533203125,10807300,0.0,0.0,58131000000.0,0.0,5464000000.0,0.0,95209000000.0,0.0,1062000000.0,0.0,13985000000.0,0.0
2022-12-16,127.57797341207312,128.52798669749575,125.56910640951321,126.93474578857422,15464700,0.0,0.0,58131000000.0,0.0,5464000000.0,0.0,95209000000.0,0.0,1062000000.0,0.0,13985000000.0,0.0
2022-12-19,126.43996322955144,128.23112700373437,125.87589699844897,127.66705322265625,9441400,0.0,0.0,58131000000.0,0.0,5464000000.0,0.0,95209000000.0,0.0,1062000000.0,0.0,13985000000.0,0.0
2022-12-20,126.17278422955111,128.63686992225217,125.86601360153435,127.1128921508789,8455500,0.0,0.0,58131000000.0,0.0,5464000000.0,0.0,95209000000.0,0.0,1062000000.0,0.0,13985000000.0,0.0
2022-12-21,126.6279885372164,130.78427280822632,125.28214496945802,128.94363403320312,9313200,0.0,0.0,58131000000.0,0.0,5464000000.0,0.0,95209000000.0,0.0,1062000000.0,0.0,13985000000.0,0.0
2022-12-22,127.33058549901031,128.191524251083,125.0248382262668,127.84517669677734,9968600,0.0,0.0,58131000000.0,0.0,5464000000.0,0.0,95209000000.0,0.0,1062000000.0,0.0,13985000000.0,0.0
2022-12-23,127.38995929308793,128.50820120095804,126.26182691787344,128.0925750732422,5821300,0.0,0.0,58131000000.0,0.0,5464000000.0,0.0,95209000000.0,0.0,1062000000.0,0.0,13985000000.0,0.0
2022-12-27,127.22173517068087,130.37853085753085,126.32121186266157,129.2998809814453,8300800,0.0,0.0,58131000000.0,0.0,5464000000.0,0.0,95209000000.0,0.0,1062000000.0,0.0,13985000000.0,0.0
2022-12-28,128.35976495423952,129.77487184074576,126.83578743036388,127.1326675415039,6249800,0.0,0.0,58131000000.0,0.0,5464000000.0,0.0,95209000000.0,0.0,1062000000.0,0.0,13985000000.0,0.0
2022-12-29,128.34986071121125,131.56602923184658,128.1519456683929,131.16029357910156,7628800,0.0,0.0,58131000000.0,0.0,5464000000.0,0.0,95209000000.0,0.0,1062000000.0,0.0,13985000000.0,0.0
2022-12-30,129.25039321257086,131.25926036837092,129.0029956308226,131.20977783203125,5630200,0.0,0.0,58131000000.0,0.0,5464000000.0,0.0,95209000000.0,0.0,1062000000.0,0.0,13985000000.0,0.0
2023-01-03,133.78271930239293,135.52439284947226,131.64520056282961,133.37698364257812,8196400,0.0,0.0,58131000000.0,0.0,5464000000.0,0.0,95209000000.0,0.0,1062000000.0,0.0,13985000000.0,0.0
2023-01-04,139.74993882393443,140.37338552461975,136.18740781994555,138.13690185546875,14322600,0.0,0.0,58131000000.0,0.0,5464000000.0,0.0,95209000000.0,0.0,1062000000.0,0.0,13985000000.0,0.0
2023-01-05,136.20721633560856,137.14732415616353,132.84261515679583,134.92074584960938,8493500,0.0,0.0,58131000000.0,0.0,5464000000.0,0.0,95209000000.0,0.0,1062000000.0,0.0,13985000000.0,0.0
2023-01-06,136.1478552659311,140.1754805260184,134.13898787012226,139.04734802246094,9145700,0.0,0.0,58131000000.0,0.0,5464000000.0,0.0,95209000000.0,0.0,1062000000.0,0.0,13985000000.0,0.0
2023-01-09,141.10569366737445,147.64688691528798,141.10569366737445,145.56875610351562,13679700,0.0,0.0,58131000000.0,0.0,5464000000.0,0.0,95209000000.0,0.0,1062000000.0,0.0,13985000000.0,0.0
2023-01-10,144.29216011267002,147.72603968274305,144.0843546043663,145.9051971435547,6527700,0.0,0.0,58131000000.0,0.0,5464000000.0,0.0,95209000000.0,0.0,1062000000.0,0.0,13985000000.0,0.0
2023-01-11,143.7676812356344,145.50935477198712,142.0655846683113,143.39163208007812,13595000,0.0,0.0,58131000000.0,0.0,5464000000.0,0.0,95209000000.0,0.0,1062000000.0,0.0,13985000000.0,0.0
2023-01-12,146.3010208241408,148.26042041639158,142.44162483931186,148.04270935058594,11678000,0.0,0.0,58131000000.0,0.0,5464000000.0,0.0,95209000000.0,0.0,1062000000.0,0.0,13985000000.0,0.0
2023-01-13,144.67811716571154,148.3989868289845,144.56926161492532,147.9536590576172,8378100,0.0,0.0,58131000000.0,0.0,5464000000.0,0.0,95209000000.0,0.0,1062000000.0,0.0,13985000000.0,0.0
2023-01-17,148.04274158411036,148.92347650574246,144.5791749102838,146.92449951171875,9407600,0.0,0.0,58131000000.0,0.0,5464000000.0,0.0,95209000000.0,0.0,1062000000.0,0.0,13985000000.0,0.0
2023-01-18,147.31041979635538,147.9833339849693,143.77757500628115,143.9359130859375,7812600,0.0,0.0,58131000000.0,0.0,5464000000.0,0.0,95209000000.0,0.0,1062000000.0,0.0,13985000000.0,0.0
2023-01-19,142.02600981457243,145.15310381278536,141.66975668820004,144.88592529296875,7070100,0.0,0.0,58131000000.0,0.0,5464000000.0,0.0,95209000000.0,0.0,1062000000.0,0.0,13985000000.0,0.0
2023-01-20,142.79788734979374,149.95262119321785,142.79788734979374,149.675537109375,10127100,0.0,0.0,58131000000.0,0.0,5464000000.0,0.0,95209000000.0,0.0,1062000000.0,0.0,13985000000.0,0.0
2023-01-23,155.71204105169198,156.2266171400465,151.63491871351164,154.2474365234375,19922900,0.0,0.0,58131000000.0,0.0,5464000000.0,0.0,95209000000.0,0.0,1062000000.0,0.0,13985000000.0,0.0
2023-01-24,154.27710723480257,158.54225371102532,152.89168698495058,153.24794006347656,6390200,0.0,0.0,58131000000.0,0.0,5464000000.0,0.0,95209000000.0,0.0,1062000000.0,0.0,13985000000.0,0.0
2023-01-25,149.63593743842577,154.7718977775712,148.2604076951961,154.54429626464844,9390500,0.0,0.0,58131000000.0,0.0,5464000000.0,0.0,95209000000.0,0.0,1062000000.0,0.0,13985000000.0,0.0
2023-01-26,156.54329289088054,163.45062899739568,156.45423338734625,163.3714599609375,13354600,0.0,0.0,58131000000.0,0.0,5464000000.0,0.0,95209000000.0,0.0,1062000000.0,0.0,13985000000.0,0.0
2023-01-27,163.331885225703,165.49909044103163,161.89698228266187,162.80740356445312,9872300,0.0,0.0,58131000000.0,0.0,5464000000.0,0.0,95209000000.0,0.0,1062000000.0,0.0,13985000000.0,0.0
2023-01-30,162.36208949891542,164.70741370292055,161.69905070289516,163.03500366210938,8169800,0.0,0.0,58131000000.0,0.0,5464000000.0,0.0,95209000000.0,0.0,1062000000.0,0.0,13985000000.0,0.0
2023-01-31,162.56990568041556,166.2610735530732,162.56990568041556,166.22149658203125,6421300,0.0,0.0,58359000000.0,0.39221757754038294,7016000000.0,28.40409956076135,98849000000.0,3.8231679778172234,504000000.0,-52.54237288135594,14088000000.0,0.736503396496246
2023-02-01,165.98399681425047,171.27831159790225,165.2616000360911,170.03143310546875,8853900,0.0,0.0,58359000000.0,0.39221757754038294,7016000000.0,28.40409956076135,98849000000.0,3.8231679778172234,504000000.0,-52.54237288135594,14088000000.0,0.736503396496246
2023-02-02,173.88095159150168,176.97835955633659,171.10018963144722,172.82208251953125,10667100,0.0,0.0,58359000000.0,0.39221757754038294,7016000000.0,28.40409956076135,98849000000.0,3.8231679778172234,504000000.0,-52.54237288135594,14088000000.0,0.736503396496246
2023-02-03,168.2501502311582,173.2574748283179,168.09181215616144,169.259521484375,6481700,0.0,0.0,58359000000.0,0.39221757754038294,7016000000.0,28.40409956076135,98849000000.0,3.8231679778172234,504000000.0,-52.54237288135594,14088000000.0,0.736503396496246
2023-02-06,166.25117979185765,169.388179408079,165.6079521005003,167.29025268554688,4310600,0.0,0.0,58359000000.0,0.39221757754038294,7016000000.0,28.40409956076135,98849000000.0,3.8231679778172234,504000000.0,-52.54237288135594,14088000000.0,0.736503396496246
2023-02-07,165.82568285385204,169.94236774669204,164.87566935553372,169.49705505371094,6179200,0.0,0.0,58359000000.0,0.39221757754038294,7016000000.0,28.40409956076135,98849000000.0,3.8231679778172234,504000000.0,-52.54237288135594,14088000000.0,0.736503396496246
2023-02-08,168.23035562521545,170.65484890688296,167.46836684527992,167.8642120361328,7694500,0.0,0.0,58359000000.0,0.39221757754038294,7016000000.0,28.40409956076135,98849000000.0,3.8231679778172234,504000000.0,-52.54237288135594,14088000000.0,0.736503396496246
2023-02-09,171.52571300545713,173.5543764301472,170.21944637494192,171.85227966308594,11512300,0.0,0.0,58359000000.0,0.39221757754038294,7016000000.0,28.40409956076135,98849000000.0,3.8231679778172234,504000000.0,-52.54237288135594,14088000000.0,0.736503396496246
2023-02-10,165.91470646082715,167.97305601170106,163.608959345184,165.291259765625,11273700,0.0,0.0,58359000000.0,0.39221757754038294,7016000000.0,28.40409956076135,98849000000.0,3.8231679778172234,504000000.0,-52.54237288135594,14088000000.0,0.736503396496246
2023-02-13,166.52826205588104,169.3782870815897,165.2121050849795,169.2991180419922,8820300,0.0,0.0,58359000000.0,0.39221757754038294,7016000000.0,28.40409956076135,98849000000.0,3.8231679778172234,504000000.0,-52.54237288135594,14088000000.0,0.736503396496246
2023-02-14,166.46888801401897,170.99130801071638,166.10274442061828,168.19078063964844,8393100,0.0,0.0,58359000000.0,0.39221757754038294,7016000000.0,28.40409956076135,98849000000.0,3.8231679778172234,504000000.0,-52.54237288135594,14088000000.0,0.736503396496246
2023-02-15,167.09231542774614,169.82357901107315,166.48866478687205,169.3188934326172,4997000,0.0,0.0,58359000000.0,0.39221757754038294,7016000000.0,28.40409956076135,98849000000.0,3.8231679778172234,504000000.0,-52.54237288135594,14088000000.0,0.736503396496246
2023-02-16,167.23089078975073,168.59651530365363,166.21161386345264,166.36004638671875,7483500,0.0,0.0,58359000000.0,0.39221757754038294,7016000000.0,28.40409956076135,98849000000.0,3.8231679778172234,504000000.0,-52.54237288135594,14088000000.0,0.736503396496246
2023-02-17,163.31209577109257,165.3704455302266,161.0459404924985,163.4506378173828,8084500,0.0,0.0,58359000000.0,0.39221757754038294,7016000000.0,28.40409956076135,98849000000.0,3.8231679778172234,504000000.0,-52.54237288135594,14088000000.0,0.736503396496246
2023-02-21,162.03553341540209,162.79750713207898,159.76936300100243,159.93759155273438,5210800,0.0,0.0,58359000000.0,0.39221757754038294,7016000000.0,28.40409956076135,98849000000.0,3.8231679778172234,504000000.0,-52.54237288135594,14088000000.0,0.736503396496246
2023-02-22,161.41208726861413,163.28241248029954,160.42249688994565,161.65948486328125,4343700,0.0,0.0,58359000000.0,0.39221757754038294,7016000000.0,28.40409956076135,98849000000.0,3.8231679778172234,504000000.0,-52.54237288135594,14088000000.0,0.736503396496246
2023-02-23,163.5693942997754,163.7475284278097,159.88813181983434,162.4115753173828,4679400,0.0,0.0,58359000000.0,0.39221757754038294,7016000000.0,28.40409956076135,98849000000.0,3.8231679778172234,504000000.0,-52.54237288135594,14088000000.0,0.736503396496246
2023-02-24,158.91830984422654,160.69957548482054,157.99799807155733,160.5115509033203,6569900,0.0,0.0,58359000000.0,0.39221757754038294,7016000000.0,28.40409956076135,98849000000.0,3.8231679778172234,504000000.0,-52.54237288135594,14088000000.0,0.736503396496246
2023-02-27,162.1344673761288,163.05479418580572,160.53133595921005,161.44175720214844,6891200,0.0,0.0,58359000000.0,0.39221757754038294,7016000000.0,28.40409956076135,98849000000.0,3.8231679778172234,504000000.0,-52.54237288135594,14088000000.0,0.736503396496246
2023-02-28,160.83811623459698,162.73812786928838,159.84852589778168,161.90687561035156,6912600,0.0,0.0,58359000000.0,0.39221757754038294,7016000000.0,28.40409956076135,98849000000.0,3.8231679778172234,504000000.0,-52.54237288135594,14088000000.0,0.736503396496246
2023-03-01,161.29334127703925,166.23138760329633,161.28343570928268,165.6079559326172,15841200,0.0,0.0,58359000000.0,0.39221757754038294,7016000000.0,28.40409956076135,98849000000.0,3.8231679778172234,504000000.0,-52.54237288135594,14088000000.0,0.736503396496246
2023-03-02,191.10968306243706,191.8914678928738,183.2721293228372,184.6476593017578,37712500,0.0,0.0,58359000000.0,0.39221757754038294,7016000000.0,28.40409956076135,98849000000.0,3.8231679778172234,504000000.0,-52.54237288135594,14088000000.0,0.736503396496246
2023-03-03,186.11226149249453,187.7945620414718,182.37159613542482,184.48931884765625,12087200,0.0,0.0,58359000000.0,0.39221757754038294,7016000000.0,28.40409956076135,98849000000.0,3.8231679778172234,504000000.0,-52.54237288135594,14088000000.0,0.736503396496246
2023-03-06,183.14350278743743,187.03258581595128,181.7184901937999,181.88671875,10770300,0.0,0.0,58359000000.0,0.39221757754038294,7016000000.0,28.40409956076135,98849000000.0,3.8231679778172234,504000000.0,-52.54237288135594,14088000000.0,0.736503396496246
2023-03-07,182.53984505663811,184.2221456542427,181.12472298515763,181.41171264648438,9024300,0.0,0.0,58359000000.0,0.39221757754038294,7016000000.0,28.40409956076135,98849000000.0,3.8231679778172234,504000000.0,-52.54237288135594,14088000000.0,0.736503396496246
2023-03-08,181.3919254281083,182.97526102636436,179.9075398110206,181.04556274414062,6749100,0.0,0.0,58359000000.0,0.39221757754038294,7016000000.0,28.40409956076135,98849000000.0,3.8231679778172234,504000000.0,-52.54237288135594,14088000000.0,0.736503396496246
2023-03-09,181.19399918957623,181.92628638486903,176.68145450800915,176.85958862304688,7102400,0.0,0.0,58359000000.0,0.39221757754038294,7016000000.0,28.40409956076135,98849000000.0,3.8231679778172234,504000000.0,-52.54237288135594,14088000000.0,0.736503396496246
2023-03-10,176.64188647911578,177.492934827495,169.9225743040848,171.37725830078125,14109000,0.0,0.0,58359000000.0,0.39221757754038294,7016000000.0,28.40409956076135,98849000000.0,3.8231679778172234,504000000.0,-52.54237288135594,14088000000.0,0.736503396496246
2023-03-13,169.21995156936185,175.25645880567603,168.2303612093071,173.68299865722656,9154800,0.0,0.0,58359000000.0,0.39221757754038294,7016000000.0,28.40409956076135,98849000000.0,3.8231679778172234,504000000.0,-52.54237288135594,14088000000.0,0.736503396496246
2023-03-14,178.1262750942171,183.3809977935043,177.24554022691598,180.98619079589844,10138100,0.0,0.0,58359000000.0,0.39221757754038294,7016000000.0,28.40409956076135,98849000000.0,3.8231679778172234,504000000.0,-52.54237288135594,14088000000.0,0.736503396496246
2023-03-15,177.2950174912916,181.94608929367428,176.3549096429298,181.0059814453125,7716900,0.0,0.0,58359000000.0,0.39221757754038294,7016000000.0,28.40409956076135,98849000000.0,3.8231679778172234,504000000.0,-52.54237288135594,14088000000.0,0.736503396496246
2023-03-16,181.39190431802973,185.69661304663867,181.07522817526194,185.3502655029297,8369500,0.0,0.0,58359000000.0,0.39221757754038294,7016000000.0,28.40409956076135,98849000000.0,3.8231679778172234,504000000.0,-52.54237288135594,14088000000.0,0.736503396496246
2023-03-17,184.1033503621471,185.70649672100564,182.26271202415978,182.92575073242188,10493300,0.0,0.0,58359000000.0,0.39221757754038294,7016000000.0,28.40409956076135,98849000000.0,3.8231679778172234,504000000.0,-52.54237288135594,14088000000.0,0.736503396496246
2023-03-20,182.29244219299466,183.58880311541648,180.74866858695594,183.3216094970703,5513200,0.0,0.0,58359000000.0,0.39221757754038294,7016000000.0,28.40409956076135,98849000000.0,3.8231679778172234,504000000.0,-52.54237288135594,14088000000.0,0.736503396496246
2023-03-21,183.93515018932877,187.30965684566561,182.96535589188903,186.7158966064453,6982000,0.0,0.0,58359000000.0,0.39221757754038294,7016000000.0,28.40409956076135,98849000000.0,3.8231679778172234,504000000.0,-52.54237288135594,14088000000.0,0.736503396496246
2023-03-22,188.02217257313785,189.44718513915797,184.46954672587572,184.56849670410156,6575600,0.0,0.0,58359000000.0,0.39221757754038294,7016000000.0,28.40409956076135,98849000000.0,3.8231679778172234,504000000.0,-52.54237288135594,14088000000.0,0.736503396496246
2023-03-23,185.44923849367066,188.57634784191907,183.64819178293865,185.48883056640625,8685000,0.0,0.0,58359000000.0,0.39221757754038294,7016000000.0,28.40409956076135,98849000000.0,3.8231679778172234,504000000.0,-52.54237288135594,14088000000.0,0.736503396496246
2023-03-24,184.55858870088502,188.3388308487931,184.1528530588416,188.08152770996094,6102700,0.0,0.0,58359000000.0,0.39221757754038294,7016000000.0,28.40409956076135,98849000000.0,3.8231679778172234,504000000.0,-52.54237288135594,14088000000.0,0.736503396496246
2023-03-27,186.95342026953097,190.11021612422775,186.94352980131694,189.26905822753906,7776500,0.0,0.0,58359000000.0,0.39221757754038294,7016000000.0,28.40409956076135,98849000000.0,3.8231679778172234,504000000.0,-52.54237288135594,14088000000.0,0.736503396496246
2023-03-28,189.1898663691022,190.8226994246164,189.1898663691022,190.2982177734375,4899000,0.0,0.0,58359000000.0,0.39221757754038294,7016000000.0,28.40409956076135,98849000000.0,3.8231679778172234,504000000.0,-52.54237288135594,14088000000.0,0.736503396496246
2023-03-29,191.12948183019788,195.3748178373675,190.87219377217113,194.59304809570312,8085200,0.0,0.0,58359000000.0,0.39221757754038294,7016000000.0,28.40409956076135,98849000000.0,3.8231679778172234,504000000.0,-52.54237288135594,14088000000.0,0.736503396496246
2023-03-30,195.71128568216258,196.10711577800527,193.4550209159688,194.553466796875,6932500,0.0,0.0,58359000000.0,0.39221757754038294,7016000000.0,28.40409956076135,98849000000.0,3.8231679778172234,504000000.0,-52.54237288135594,14088000000.0,0.736503396496246
2023-03-31,195.43419276912465,197.9180589732572,194.9393976216915,197.70034790039062,6634300,0.0,0.0,58359000000.0,0.39221757754038294,7016000000.0,28.40409956076135,98849000000.0,3.8231679778172234,504000000.0,-52.54237288135594,14088000000.0,0.736503396496246
2023-04-03,196.15659764934117,196.85919833207026,193.4945972289741,194.44461059570312,5340800,0.0,0.0,58359000000.0,0.39221757754038294,7016000000.0,28.40409956076135,98849000000.0,3.8231679778172234,504000000.0,-52.54237288135594,14088000000.0,0.736503396496246
2023-04-04,196.0873399551558,196.63161771800424,194.57326778756496,195.14723205566406,4659100,0.0,0.0,58359000000.0,0.39221757754038294,7016000000.0,28.40409956076135,98849000000.0,3.8231679778172234,504000000.0,-52.54237288135594,14088000000.0,0.736503396496246
2023-04-05,195.93888640448205,196.22586095776308,191.71333144443975,193.27688598632812,3953700,0.0,0.0,58359000000.0,0.39221757754038294,7016000000.0,28.40409956076135,98849000000.0,3.8231679778172234,504000000.0,-52.54237288135594,14088000000.0,0.736503396496246
2023-04-06,191.98054213196858,192.04982070958056,187.6263503091623,190.54563903808594,6304700,0.0,0.0,58359000000.0,0.39221757754038294,7016000000.0,28.40409956076135,98849000000.0,3.8231679778172234,504000000.0,-52.54237288135594,14088000000.0,0.736503396496246
2023-04-10,188.60601796541692,190.54562166231085,187.3096570450213,189.4966583251953,5263800,0.0,0.0,58359000000.0,0.39221757754038294,7016000000.0,28.40409956076135,98849000000.0,3.8231679778172234,504000000.0,-52.54237288135594,14088000000.0,0.736503396496246
2023-04-11,187.09194986161788,188.47738541682065,185.36016674257726,186.92372131347656,4907700,0.0,0.0,58359000000.0,0.39221757754038294,7016000000.0,28.40409956076135,98849000000.0,3.8231679778172234,504000000.0,-52.54237288135594,14088000000.0,0.736503396496246
2023-04-12,188.31905589275058,189.89250100269658,187.55706705776467,188.33885192871094,5033400,0.0,0.0,58359000000.0,0.39221757754038294,7016000000.0,28.40409956076135,98849000000.0,3.8231679778172234,504000000.0,-52.54237288135594,14088000000.0,0.736503396496246
2023-04-13,188.46749067952672,192.35658884517483,188.46749067952672,192.00033569335938,4716400,0.0,0.0,58359000000.0,0.39221757754038294,7016000000.0,28.40409956076135,98849000000.0,3.8231679778172234,504000000.0,-52.54237288135594,14088000000.0,0.736503396496246
2023-04-14,189.85289293789617,193.13832467154225,189.19975975773113,192.6237335205078,5073800,0.0,0.0,58359000000.0,0.39221757754038294,7016000000.0,28.40409956076135,98849000000.0,3.8231679778172234,504000000.0,-52.54237288135594,14088000000.0,0.736503396496246
2023-04-17,193.128446082412,195.46387978848972,192.99979451175426,195.02845764160156,5413500,0.0,0.0,58359000000.0,0.39221757754038294,7016000000.0,28.40409956076135,98849000000.0,3.8231679778172234,504000000.0,-52.54237288135594,14088000000.0,0.736503396496246
2023-04-18,197.00766482352108,198.0368322278244,195.00868792483297,196.43370056152344,4679000,0.0,0.0,58359000000.0,0.39221757754038294,7016000000.0,28.40409956076135,98849000000.0,3.8231679778172234,504000000.0,-52.54237288135594,14088000000.0,0.736503396496246
2023-04-19,194.25659745645402,196.99776707715048,193.6925236836238,196.8493194580078,3665100,0.0,0.0,58359000000.0,0.39221757754038294,7016000000.0,28.40409956076135,98849000000.0,3.8231679778172234,504000000.0,-52.54237288135594,14088000000.0,0.736503396496246
2023-04-20,195.12742810650965,197.997249330635,194.77119005794705,195.45399475097656,3620000,0.0,0.0,58359000000.0,0.39221757754038294,7016000000.0,28.40409956076135,98849000000.0,3.8231679778172234,504000000.0,-52.54237288135594,14088000000.0,0.736503396496246
2023-04-21,194.9789797581921,197.04721990530157,194.42481159436852,196.95816040039062,4860100,0.0,0.0,58359000000.0,0.39221757754038294,7016000000.0,28.40409956076135,98849000000.0,3.8231679778172234,504000000.0,-52.54237288135594,14088000000.0,0.736503396496246
2023-04-24,196.3841980937012,196.7008742474791,192.03989714622978,192.8909454345703,4449700,0.0,0.0,58359000000.0,0.39221757754038294,7016000000.0,28.40409956076135,98849000000.0,3.8231679778172234,504000000.0,-52.54237288135594,14088000000.0,0.736503396496246
2023-04-25,191.95084719649984,192.09927971350396,188.6456189516341,188.68519592285156,5010000,0.0,0.0,58359000000.0,0.39221757754038294,7016000000.0,28.40409956076135,98849000000.0,3.8231679778172234,504000000.0,-52.54237288135594,14088000000.0,0.736503396496246
2023-04-26,190.61487692953304,192.34665993795718,188.5862289139101,189.52633666992188,4007600,0.0,0.0,58359000000.0,0.39221757754038294,7016000000.0,28.40409956076135,98849000000.0,3.8231679778172234,504000000.0,-52.54237288135594,14088000000.0,0.736503396496246
2023-04-27,192.14875049660452,195.45397853925257,191.25812524916762,193.90032958984375,4794400,0.0,0.0,58359000000.0,0.39221757754038294,7016000000.0,28.40409956076135,98849000000.0,3.8231679778172234,504000000.0,-52.54237288135594,14088000000.0,0.736503396496246
2023-04-28,194.10813151696465,196.58210726966595,193.23730231997956,196.30502319335938,4094600,0.0,0.0,58359000000.0,0.39221757754038294,7016000000.0,28.40409956076135,98849000000.0,3.8231679778172234,504000000.0,-52.54237288135594,14088000000.0,0.736503396496246
2023-05-01,195.70139259747828,196.97797267290466,195.06805534376286,195.7310791015625,2882900,0.0,0.0,58359000000.0,0.39221757754038294,7016000000.0,28.40409956076135,98849000000.0,3.8231679778172234,504000000.0,-52.54237288135594,14088000000.0,0.736503396496246
2023-05-02,195.95868483548492,196.34462446700314,190.92165849086206,191.8221893310547,6051000,0.0,0.0,58359000000.0,0.39221757754038294,7016000000.0,28.40409956076135,98849000000.0,3.8231679778172234,504000000.0,-52.54237288135594,14088000000.0,0.736503396496246
2023-05-03,192.1883616948707,193.7519012671184,190.55552844544528,190.60501098632812,3779900,0.0,0.0,58359000000.0,0.39221757754038294,7016000000.0,28.40409956076135,98849000000.0,3.8231679778172234,504000000.0,-52.54237288135594,14088000000.0,0.736503396496246
2023-05-04,189.9023661710361,192.53467990487957,188.77423387081024,190.37738037109375,4386500,0.0,0.0,58359000000.0,0.39221757754038294,7016000000.0,28.40409956076135,98849000000.0,3.8231679778172234,504000000.0,-52.54237288135594,14088000000.0,0.736503396496246
2023-05-05,191.93104901017253,196.04774856839876,191.2383387719976,195.5331573486328,4284400,0.0,0.0,58359000000.0,0.39221757754038294,7016000000.0,28.40409956076135,98849000000.0,3.8231679778172234,504000000.0,-52.54237288135594,14088000000.0,0.736503396496246
2023-05-08,196.65139136159706,198.4128609389946,194.03887349737087,195.8399200439453,4169400,0.0,0.0,58359000000.0,0.39221757754038294,7016000000.0,28.40409956076135,98849000000.0,3.8231679778172234,504000000.0,-52.54237288135594,14088000000.0,0.736503396496246
2023-05-09,194.7315932907696,201.67852196931653,194.7315932907696,199.08578491210938,6996800,0.0,0.0,58359000000.0,0.39221757754038294,7016000000.0,28.40409956076135,98849000000.0,3.8231679778172234,504000000.0,-52.54237288135594,14088000000.0,0.736503396496246
2023-05-10,202.80664984002402,204.13269729219576,200.92641910490167,202.71759033203125,6535600,0.0,0.0,58359000000.0,0.39221757754038294,7016000000.0,28.40409956076135,98849000000.0,3.8231679778172234,504000000.0,-52.54237288135594,14088000000.0,0.736503396496246
2023-05-11,200.79779102234488,201.6785258714272,196.48317628864976,201.35195922851562,5366300,0.0,0.0,58359000000.0,0.39221757754038294,7016000000.0,28.40409956076135,98849000000.0,3.8231679778172234,504000000.0,-52.54237288135594,14088000000.0,0.736503396496246
2023-05-12,201.31236006989135,201.8368568536439,198.0467239556378,199.709228515625,4733600,0.0,0.0,58359000000.0,0.39221757754038294,7016000000.0,28.40409956076135,98849000000.0,3.8231679778172234,504000000.0,-52.54237288135594,14088000000.0,0.736503396496246
2023-05-15,201.62902027213372,203.2618382000019,200.37223638404672,201.21339416503906,4518200,0.0,0.0,58359000000.0,0.39221757754038294,7016000000.0,28.40409956076135,98849000000.0,3.8231679778172234,504000000.0,-52.54237288135594,14088000000.0,0.736503396496246
2023-05-16,199.82796046792907,203.5290335969604,199.6498414632982,202.4305877685547,4423200,0.0,0.0,58359000000.0,0.39221757754038294,7016000000.0,28.40409956076135,98849000000.0,3.8231679778172234,504000000.0,-52.54237288135594,14088000000.0,0.736503396496246
2023-05-17,204.35041431495634,207.30929499937315,202.66811368199046,207.200439453125,5772200,0.0,0.0,58359000000.0,0.39221757754038294,7016000000.0,28.40409956076135,98849000000.0,3.8231679778172234,504000000.0,-52.54237288135594,14088000000.0,0.736503396496246
2023-05-18,207.31918378499785,211.65359446413385,207.1509552330614,211.09942626953125,5165500,0.0,0.0,58359000000.0,0.39221757754038294,7016000000.0,28.40409956076135,98849000000.0,3.8231679778172234,504000000.0,-52.54237288135594,14088000000.0,0.736503396496246
2023-05-19,210.74318345334675,211.02026756422094,207.74471057504465,208.1702423095703,6091600,0.0,0.0,58359000000.0,0.39221757754038294,7016000000.0,28.40409956076135,98849000000.0,3.8231679778172234,504000000.0,-52.54237288135594,14088000000.0,0.736503396496246
2023-05-22,206.99260870301444,210.60462248823092,206.86395712739147,208.07125854492188,3890800,0.0,0.0,58359000000.0,0.39221757754038294,7016000000.0,28.40409956076135,98849000000.0,3.8231679778172234,504000000.0,-52.54237288135594,14088000000.0,0.736503396496246
2023-05-23,205.5775234193709,207.45773921518705,204.3207393327202,204.4889678955078,4256800,0.0,0.0,58359000000.0,0.39221757754038294,7016000000.0,28.40409956076135,98849000000.0,3.8231679778172234,504000000.0,-52.54237288135594,14088000000.0,0.736503396496246
2023-05-24,203.89517638704578,208.0217811778132,203.28163524019425,206.8837432861328,4894000,0.0,0.0,58359000000.0,0.39221757754038294,7016000000.0,28.40409956076135,98849000000.0,3.8231679778172234,504000000.0,-52.54237288135594,14088000000.0,0.736503396496246
2023-05-25,209.8129507988912,210.11972139222362,206.2702155243755,207.72491455078125,6496700,0.0,0.0,58359000000.0,0.39221757754038294,7016000000.0,28.40409956076135,98849000000.0,3.8231679778172234,504000000.0,-52.54237288135594,14088000000.0,0.736503396496246
2023-05-26,210.5848240663531,213.89994259334415,210.3374264852366,213.1973419189453,6933300,0.0,0.0,58359000000.0,0.39221757754038294,7016000000.0,28.40409956076135,98849000000.0,3.8231679778172234,504000000.0,-52.54237288135594,14088000000.0,0.736503396496246
2023-05-30,216.9874742172441,219.82759361050375,213.48431602003086,216.5916290283203,10421000,0.0,0.0,58359000000.0,0.39221757754038294,7016000000.0,28.40409956076135,98849000000.0,3.8231679778172234,504000000.0,-52.54237288135594,14088000000.0,0.736503396496246
2023-05-31,217.26453981690918,222.65780359511217,214.8004546878084,221.05467224121094,19624000,0.0,0.0,58359000000.0,0.39221757754038294,7016000000.0,28.40409956076135,98849000000.0,3.8231679778172234,504000000.0,-52.54237288135594,14088000000.0,0.736503396496246
2023-06-01,206.05250132302822,213.11817573017865,203.9149825696171,210.68377685546875,20907400,0.0,0.0,58359000000.0,0.39221757754038294,7016000000.0,28.40409956076135,98849000000.0,3.8231679778172234,504000000.0,-52.54237288135594,14088000000.0,0.736503396496246
2023-06-02,210.68377213305385,213.89005019130275,208.2394828457371,210.8124237060547,11026900,0.0,0.0,58359000000.0,0.39221757754038294,7016000000.0,28.40409956076135,98849000000.0,3.8231679778172234,504000000.0,-52.54237288135594,14088000000.0,0.736503396496246
2023-06-05,208.27908101198608,210.1098291892655,204.9045743133004,207.67543029785156,7804400,0.0,0.0,58359000000.0,0.39221757754038294,7016000000.0,28.40409956076135,98849000000.0,3.8231679778172234,504000000.0,-52.54237288135594,14088000000.0,0.736503396496246
2023-06-06,206.3790664207048,211.17857046307694,206.20093230926238,210.63430786132812,6796000,0.0,0.0,58359000000.0,0.39221757754038294,7016000000.0,28.40409956076135,98849000000.0,3.8231679778172234,504000000.0,-52.54237288135594,14088000000.0,0.736503396496246
2023-06-07,212.6431697836283,214.40463932029877,202.6483016531253,203.58840942382812,9323900,0.0,0.0,58359000000.0,0.39221757754038294,7016000000.0,28.40409956076135,98849000000.0,3.8231679778172234,504000000.0,-52.54237288135594,14088000000.0,0.736503396496246
2023-06-08,203.24206784387226,208.1900195191057,202.71758617429356,207.34886169433594,5548600,0.0,0.0,58359000000.0,0.39221757754038294,7016000000.0,28.40409956076135,98849000000.0,3.8231679778172234,504000000.0,-52.54237288135594,14088000000.0,0.736503396496246
2023-06-09,208.49679249995472,216.38382876879456,208.49679249995472,213.06869506835938,7676700,0.0,0.0,58359000000.0,0.39221757754038294,7016000000.0,28.40409956076135,98849000000.0,3.8231679778172234,504000000.0,-52.54237288135594,14088000000.0,0.736503396496246
2023-06-12,213.89992924458974,218.09579739445795,209.93167772710797,211.46554565429688,11568300,0.0,0.0,58359000000.0,0.39221757754038294,7016000000.0,28.40409956076135,98849000000.0,3.8231679778172234,504000000.0,-52.54237288135594,14088000000.0,0.736503396496246
2023-06-13,213.25671379795997,213.97911050302508,205.7556173660656,206.80458068847656,11698900,0.0,0.0,58359000000.0,0.39221757754038294,7016000000.0,28.40409956076135,98849000000.0,3.8231679778172234,504000000.0,-52.54237288135594,14088000000.0,0.736503396496246
2023-06-14,205.53792939071332,209.50619668090732,202.8858342850036,207.22023010253906,8963400,0.0,0.0,58359000000.0,0.39221757754038294,7016000000.0,28.40409956076135,98849000000.0,3.8231679778172234,504000000.0,-52.54237288135594,14088000000.0,0.736503396496246
2023-06-15,205.78529931061155,211.10929994225225,205.2113351261639,209.71397399902344,7905400,0.0,0.0,58359000000.0,0.39221757754038294,7016000000.0,28.40409956076135,98849000000.0,3.8231679778172234,504000000.0,-52.54237288135594,14088000000.0,0.736503396496246
2023-06-16,211.3171030461534,211.42595858162048,208.40772028902734,209.55563354492188,13672700,0.0,0.0,58359000000.0,0.39221757754038294,7016000000.0,28.40409956076135,98849000000.0,3.8231679778172234,504000000.0,-52.54237288135594,14088000000.0,0.736503396496246
2023-06-20,206.47802657839748,214.79059482357945,206.43844960720818,214.71142578125,9522900,0.0,0.0,58359000000.0,0.39221757754038294,7016000000.0,28.40409956076135,98849000000.0,3.8231679778172234,504000000.0,-52.54237288135594,14088000000.0,0.736503396496246
2023-06-21,214.26610248151388,215.5327768959293,205.90406721292868,207.40823364257812,7971600,0.0,0.0,58359000000.0,0.39221757754038294,7016000000.0,28.40409956076135,98849000000.0,3.8231679778172234,504000000.0,-52.54237288135594,14088000000.0,0.736503396496246
2023-06-22,207.4478282313654,211.73275622434173,206.91344099069798,211.06971740722656,5689800,0.0,0.0,58359000000.0,0.39221757754038294,7016000000.0,28.40409956076135,98849000000.0,3.8231679778172234,504000000.0,-52.54237288135594,14088000000.0,0.736503396496246
2023-06-23,208.30878134646596,208.80357655156445,205.90408389766392,207.90304565429688,14037600,0.0,0.0,58359000000.0,0.39221757754038294,7016000000.0,28.40409956076135,98849000000.0,3.8231679778172234,504000000.0,-52.54237288135594,14088000000.0,0.736503396496246
2023-06-26,206.84417006576783,209.54574737417624,205.1915560661213,205.20144653320312,4771500,0.0,0.0,58359000000.0,0.39221757754038294,7016000000.0,28.40409956076135,98849000000.0,3.8231679778172234,504000000.0,-52.54237288135594,14088000000.0,0.736503396496246
2023-06-27,205.97332623133133,208.28896392950475,205.35978507197333,206.64625549316406,4014800,0.0,0.0,58359000000.0,0.39221757754038294,7016000000.0,28.40409956076135,98849000000.0,3.8231679778172234,504000000.0,-52.54237288135594,14088000000.0,0.736503396496246
2023-06-28,206.24054076184737,209.9910817679455,205.4389749465567,209.96139526367188,4775900,0.0,0.0,58359000000.0,0.39221757754038294,7016000000.0,28.40409956076135,98849000000.0,3.8231679778172234,504000000.0,-52.54237288135594,14088000000.0,0.736503396496246
2023-06-29,209.6942010584058,210.43639386314288,207.53690122061326,208.239501953125,3838300,0.0,0.0,58359000000.0,0.39221757754038294,7016000000.0,28.40409956076135,98849000000.0,3.8231679778172234,504000000.0,-52.54237288135594,14088000000.0,0.736503396496246
2023-06-30,209.6546276033014,211.62391798088981,208.76400226265628,209.0608673095703,5984200,0.0,0.0,58359000000.0,0.39221757754038294,7016000000.0,28.40409956076135,98849000000.0,3.8231679778172234,504000000.0,-52.54237288135594,14088000000.0,0.736503396496246
2023-07-03,208.37806348798898,209.75359357769665,207.73482065038584,209.44680786132812,2400000,0.0,0.0,58359000000.0,0.39221757754038294,7016000000.0,28.40409956076135,98849000000.0,3.8231679778172234,504000000.0,-52.54237288135594,14088000000.0,0.736503396496246
2023-07-05,208.29887021265785,212.38586793332644,207.90302502788074,211.59420776367188,5069300,0.0,0.0,58359000000.0,0.39221757754038294,7016000000.0,28.40409956076135,98849000000.0,3.8231679778172234,504000000.0,-52.54237288135594,14088000000.0,0.736503396496246
2023-07-06,209.0014473274067,210.28791760805737,205.66653318367645,207.95248413085938,4250900,0.0,0.0,58359000000.0,0.39221757754038294,7016000000.0,28.40409956076135,98849000000.0,3.8231679778172234,504000000.0,-52.54237288135594,14088000000.0,0.736503396496246
2023-07-07,207.5863677539538,209.9020055021866,207.1014630562674,207.40823364257812,3022200,0.0,0.0,58359000000.0,0.39221757754038294,7016000000.0,28.40409956076135,98849000000.0,3.8231679778172234,504000000.0,-52.54237288135594,14088000000.0,0.736503396496246
2023-07-10,206.82437464131343,210.6540843062763,206.1514604789731,210.59471130371094,3820100,0.0,0.0,58359000000.0,0.39221757754038294,7016000000.0,28.40409956076135,98849000000.0,3.8231679778172234,504000000.0,-52.54237288135594,14088000000.0,0.736503396496246
2023-07-11,219.74842582799437,220.03541547909725,214.9786082988281,218.86769104003906,10028100,0.0,0.0,58359000000.0,0.39221757754038294,7016000000.0,28.40409956076135,98849000000.0,3.8231679778172234,504000000.0,-52.54237288135594,14088000000.0,0.736503396496246
2023-07-12,219.5901070125547,225.71567409639366,219.30313243623033,224.9141082763672,8923500,0.0,0.0,58359000000.0,0.39221757754038294,7016000000.0,28.40409956076135,98849000000.0,3.8231679778172234,504000000.0,-52.54237288135594,14088000000.0,0.736503396496246
2023-07-13,225.88387246906333,228.55577831202828,225.23075435851243,227.97190856933594,5800300,0.0,0.0,58359000000.0,0.39221757754038294,7016000000.0,28.40409956076135,98849000000.0,3.8231679778172234,504000000.0,-52.54237288135594,14088000000.0,0.736503396496246
2023-07-14,227.3089078918504,229.7828838486619,225.77503977863708,226.94276428222656,4278700,0.0,0.0,58359000000.0,0.39221757754038294,7016000000.0,28.40409956076135,98849000000.0,3.8231679778172234,504000000.0,-52.54237288135594,14088000000.0,0.736503396496246
2023-07-17,226.85368431396293,227.88285157520718,225.43856234230887,225.6265869140625,3557900,0.0,0.0,58359000000.0,0.39221757754038294,7016000000.0,28.40409956076135,98849000000.0,3.8231679778172234,504000000.0,-52.54237288135594,14088000000.0,0.736503396496246
2023-07-18,224.68648806553244,227.22972736866538,223.12293352783064,225.2604522705078,5092700,0.0,0.0,58359000000.0,0.39221757754038294,7016000000.0,28.40409956076135,98849000000.0,3.8231679778172234,504000000.0,-52.54237288135594,14088000000.0,0.736503396496246
2023-07-19,231.54435819850298,235.74022694198314,228.82298459104575,231.9302978515625,8516300,0.0,0.0,58359000000.0,0.39221757754038294,7016000000.0,28.40409956076135,98849000000.0,3.8231679778172234,504000000.0,-52.54237288135594,14088000000.0,0.736503396496246
2023-07-20,228.69430982229454,231.0693203512357,224.95365993424045,225.784912109375,5303000,0.0,0.0,58359000000.0,0.39221757754038294,7016000000.0,28.40409956076135,98849000000.0,3.8231679778172234,504000000.0,-52.54237288135594,14088000000.0,0.736503396496246
2023-07-21,227.60578182728116,228.40734759946344,224.9239853191641,225.68597412109375,3529700,0.0,0.0,58359000000.0,0.39221757754038294,7016000000.0,28.40409956076135,98849000000.0,3.8231679778172234,504000000.0,-52.54237288135594,14088000000.0,0.736503396496246
2023-07-24,224.89430970703,225.22087635224244,221.21303219730018,223.31097412109375,5363200,0.0,0.0,58359000000.0,0.39221757754038294,7016000000.0,28.40409956076135,98849000000.0,3.8231679778172234,504000000.0,-52.54237288135594,14088000000.0,0.736503396496246
2023-07-25,223.5286914986935,225.15161920235172,222.8458716849678,223.6771240234375,3203700,0.0,0.0,58359000000.0,0.39221757754038294,7016000000.0,28.40409956076135,98849000000.0,3.8231679778172234,504000000.0,-52.54237288135594,14088000000.0,0.736503396496246
2023-07-26,222.12347507127976,225.14171380974162,220.79741241607482,223.2318115234375,4856700,0.0,0.0,58359000000.0,0.39221757754038294,7016000000.0,28.40409956076135,98849000000.0,3.8231679778172234,504000000.0,-52.54237288135594,14088000000.0,0.736503396496246
2023-07-27,225.66615918107792,227.74430479408258,221.67811158941163,222.80624389648438,4299600,0.0,0.0,58359000000.0,0.39221757754038294,7016000000.0,28.40409956076135,98849000000.0,3.8231679778172234,504000000.0,-52.54237288135594,14088000000.0,0.736503396496246
2023-07-28,223.64743229622718,224.9437933152264,221.64845544329225,223.25160217285156,4238700,0.0,0.0,58359000000.0,0.39221757754038294,7016000000.0,28.40409956076135,98849000000.0,3.8231679778172234,504000000.0,-52.54237288135594,14088000000.0,0.736503396496246
2023-07-31,220.03542569059667,223.03388331570773,219.44166542623873,222.667724609375,5571900,0.0,0.0,58359000000.0,0.39221757754038294,7016000000.0,28.40409956076135,98849000000.0,3.8231679778172234,504000000.0,-52.54237288135594,14088000000.0,0.736503396496246
2023-08-01,221.5593908848677,222.46981222785934,219.32292204881986,221.93544006347656,4212600,0.0,0.0,58359000000.0,0.39221757754038294,7016000000.0,28.40409956076135,98849000000.0,3.8231679778172234,504000000.0,-52.54237288135594,14088000000.0,0.736503396496246
2023-08-02,219.66925558718683,220.53020943583215,216.52236560923143,218.2046661376953,5127000,0.0,0.0,58359000000.0,0.39221757754038294,7016000000.0,28.40409956076135,98849000000.0,3.8231679778172234,504000000.0,-52.54237288135594,14088000000.0,0.736503396496246
2023-08-03,213.94942301282393,215.93850920928932,212.36608756931327,213.3160858154297,5515200,0.0,0.0,58359000000.0,0.39221757754038294,7016000000.0,28.40409956076135,98849000000.0,3.8231679778172234,504000000.0,-52.54237288135594,14088000000.0,0.736503396496246
2023-08-04,214.15724756694053,214.98849982258875,210.8520194790416,212.35618591308594,4800400,0.0,0.0,58359000000.0,0.39221757754038294,7016000000.0,28.40409956076135,98849000000.0,3.8231679778172234,504000000.0,-52.54237288135594,14088000000.0,0.736503396496246
2023-08-07,213.06868982681414,214.63224434766343,212.13847250808547,213.81088256835938,3615200,0.0,0.0,58359000000.0,0.39221757754038294,7016000000.0,28.40409956076135,98849000000.0,3.8231679778172234,504000000.0,-52.54237288135594,14088000000.0,0.736503396496246
2023-08-08,211.32702720204787,211.9603644368535,208.94211077881474,209.37753295898438,4843800,0.0,0.0,58359000000.0,0.39221757754038294,7016000000.0,28.40409956076135,98849000000.0,3.8231679778172234,504000000.0,-52.54237288135594,14088000000.0,0.736503396496246
2023-08-09,209.44679305730074,209.4566986248409,202.77696371387162,203.71707153320312,7847500,0.0,0.0,58359000000.0,0.39221757754038294,7016000000.0,28.40409956076135,98849000000.0,3.8231679778172234,504000000.0,-52.54237288135594,14088000000.0,0.736503396496246
2023-08-10,206.01292052127573,208.15043939159688,204.2910429034762,206.0821990966797,4004700,0.0,0.0,58359000000.0,0.39221757754038294,7016000000.0,28.40409956076135,98849000000.0,3.8231679778172234,504000000.0,-52.54237288135594,14088000000.0,0.736503396496246
2023-08-11,203.9842721435999,207.3191869295273,203.36082536524037,206.5275115966797,2930800,0.0,0.0,58359000000.0,0.39221757754038294,7016000000.0,28.40409956076135,98849000000.0,3.8231679778172234,504000000.0,-52.54237288135594,14088000000.0,0.736503396496246
2023-08-14,205.73583934990222,209.89213113470933,204.96396004128403,209.8525390625,3304700,0.0,0.0,58359000000.0,0.39221757754038294,7016000000.0,28.40409956076135,98849000000.0,3.8231679778172234,504000000.0,-52.54237288135594,14088000000.0,0.736503396496246
2023-08-15,208.14055764470618,210.15931548462765,205.67647202984537,206.606689453125,4076400,0.0,0.0,58359000000.0,0.39221757754038294,7016000000.0,28.40409956076135,98849000000.0,3.8231679778172234,504000000.0,-52.54237288135594,14088000000.0,0.736503396496246
2023-08-16,205.8347927067133,207.5072028134474,204.79571981969414,204.83531188964844,2759600,0.0,0.0,58359000000.0,0.39221757754038294,7016000000.0,28.40409956076135,98849000000.0,3.8231679778172234,504000000.0,-52.54237288135594,14088000000.0,0.736503396496246
2023-08-17,204.41968640692826,204.77592443795083,201.27278123334168,201.7180938720703,4062700,0.0,0.0,58359000000.0,0.39221757754038294,7016000000.0,28.40409956076135,98849000000.0,3.8231679778172234,504000000.0,-52.54237288135594,14088000000.0,0.736503396496246
2023-08-18,198.87796523426317,203.3608081176191,198.11597646977813,202.69778442382812,4267200,0.0,0.0,58359000000.0,0.39221757754038294,7016000000.0,28.40409956076135,98849000000.0,3.8231679778172234,504000000.0,-52.54237288135594,14088000000.0,0.736503396496246
2023-08-21,203.8556074571921,207.24000456511845,202.09413788230557,206.85406494140625,4023300,0.0,0.0,58359000000.0,0.39221757754038294,7016000000.0,28.40409956076135,98849000000.0,3.8231679778172234,504000000.0,-52.54237288135594,14088000000.0,0.736503396496246
2023-08-22,207.66554220864694,207.92283026517777,203.8556132987627,204.60769653320312,3153200,0.0,0.0,58359000000.0,0.39221757754038294,7016000000.0,28.40409956076135,98849000000.0,3.8231679778172234,504000000.0,-52.54237288135594,14088000000.0,0.736503396496246
2023-08-23,205.83479152669898,208.79367209087738,204.98374322696557,206.95303344726562,3833200,0.0,0.0,58359000000.0,0.39221757754038294,7016000000.0,28.40409956076135,98849000000.0,3.8231679778172234,504000000.0,-52.54237288135594,14088000000.0,0.736503396496246
2023-08-24,208.81344366892765,209.78325303443583,203.30143355249075,203.37069702148438,3960300,0.0,0.0,58359000000.0,0.39221757754038294,7016000000.0,28.40409956076135,98849000000.0,3.8231679778172234,504000000.0,-52.54237288135594,14088000000.0,0.736503396496246
2023-08-25,203.37069038504634,208.59572578809136,203.341003885025,207.2894744873047,3068800,0.0,0.0,58359000000.0,0.39221757754038294,7016000000.0,28.40409956076135,98849000000.0,3.8231679778172234,504000000.0,-52.54237288135594,14088000000.0,0.736503396496246
2023-08-28,208.25929871528257,211.2577564488777,207.45773289936426,209.51608276367188,4086900,0.0,0.0,58359000000.0,0.39221757754038294,7016000000.0,28.40409956076135,98849000000.0,3.8231679778172234,504000000.0,-52.54237288135594,14088000000.0,0.736503396496246
2023-08-29,204.597798353194,210.24836571589864,204.3701968079213,209.75357055664062,5850400,0.0,0.0,58359000000.0,0.39221757754038294,7016000000.0,28.40409956076135,98849000000.0,3.8231679778172234,504000000.0,-52.54237288135594,14088000000.0,0.736503396496246
2023-08-30,209.56554889844008,213.3457761158391,207.24989604490392,212.80149841308594,9946000,0.0,0.0,58359000000.0,0.39221757754038294,7016000000.0,28.40409956076135,98849000000.0,3.8231679778172234,504000000.0,-52.54237288135594,14088000000.0,0.736503396496246
2023-08-31,225.6266080862209,226.40837784745352,218.89739043909782,219.15469360351562,19268400,0.0,0.0,58359000000.0,0.39221757754038294,7016000000.0,28.40409956076135,98849000000.0,3.8231679778172234,504000000.0,-52.54237288135594,14088000000.0,0.736503396496246
2023-09-01,221.17344748208973,221.63855616353806,218.22447241031472,219.2239532470703,5600900,0.0,0.0,58359000000.0,0.39221757754038294,7016000000.0,28.40409956076135,98849000000.0,3.8231679778172234,504000000.0,-52.54237288135594,14088000000.0,0.736503396496246
2023-09-05,217.04686569862938,218.02656563717767,215.34476899122592,216.4135284423828,5807300,0.0,0.0,58359000000.0,0.39221757754038294,7016000000.0,28.40409956076135,98849000000.0,3.8231679778172234,504000000.0,-52.54237288135594,14088000000.0,0.736503396496246
2023-09-06,217.18540548673633,219.89688860861543,216.74009282838585,219.31301879882812,5066700,0.0,0.0,58359000000.0,0.39221757754038294,7016000000.0,28.40409956076135,98849000000.0,3.8231679778172234,504000000.0,-52.54237288135594,14088000000.0,0.736503396496246
2023-09-07,217.4822827314359,220.4114618095682,217.0270645112115,220.2135467529297,4201900,0.0,0.0,58359000000.0,0.39221757754038294,7016000000.0,28.40409956076135,98849000000.0,3.8231679778172234,504000000.0,-52.54237288135594,14088000000.0,0.736503396496246
2023-09-08,220.99530604183468,223.12291907944234,220.54008787428023,222.42030334472656,4578900,0.0,0.0,58359000000.0,0.39221757754038294,7016000000.0,28.40409956076135,98849000000.0,3.8231679778172234,504000000.0,-52.54237288135594,14088000000.0,0.736503396496246
2023-09-11,223.65730983521402,224.46878117116148,220.4708276964041,222.964599609375,4418000,0.0,0.0,58359000000.0,0.39221757754038294,7016000000.0,28.40409956076135,98849000000.0,3.8231679778172234,504000000.0,-52.54237288135594,14088000000.0,0.736503396496246
2023-09-12,221.12396017608117,222.45000761802612,218.95675489860153,219.35260009765625,4002300,0.0,0.0,58359000000.0,0.39221757754038294,7016000000.0,28.40409956076135,98849000000.0,3.8231679778172234,504000000.0,-52.54237288135594,14088000000.0,0.736503396496246
2023-09-13,218.87756870093727,219.55049793660407,216.02755899090803,216.52235412597656,4173600,0.0,0.0,58359000000.0,0.39221757754038294,7016000000.0,28.40409956076135,98849000000.0,3.8231679778172234,504000000.0,-52.54237288135594,14088000000.0,0.736503396496246
2023-09-14,217.13590066120204,218.27393856012984,216.0671413308823,216.5025634765625,4297200,0.0,0.0,58359000000.0,0.39221757754038294,7016000000.0,28.40409956076135,98849000000.0,3.8231679778172234,504000000.0,-52.54237288135594,14088000000.0,0.736503396496246
2023-09-15,216.59164139945176,216.90831756867848,211.23796892552602,212.37599182128906,9939000,0.0,0.0,58359000000.0,0.39221757754038294,7016000000.0,28.40409956076135,98849000000.0,3.8231679778172234,504000000.0,-52.54237288135594,14088000000.0,0.736503396496246
2023-09-18,212.32651018847733,214.12757193375117,211.95046101090347,212.76193237304688,4279400,0.0,0.0,58359000000.0,0.39221757754038294,7016000000.0,28.40409956076135,98849000000.0,3.8231679778172234,504000000.0,-52.54237288135594,14088000000.0,0.736503396496246
2023-09-19,212.15828984284676,213.81090403461317,210.05045741325148,213.45465087890625,4001500,0.0,0.0,58359000000.0,0.39221757754038294,7016000000.0,28.40409956076135,98849000000.0,3.8231679778172234,504000000.0,-52.54237288135594,14088000000.0,0.736503396496246
2023-09-20,212.95983287872713,214.91921747545985,210.7035681673501,210.8124237060547,2990900,0.0,0.0,58359000000.0,0.39221757754038294,7016000000.0,28.40409956076135,98849000000.0,3.8231679778172234,504000000.0,-52.54237288135594,14088000000.0,0.736503396496246
2023-09-21,207.6160609918315,209.68430122466484,205.90407389335775,206.43844604492188,4957300,0.0,0.0,58359000000.0,0.39221757754038294,7016000000.0,28.40409956076135,98849000000.0,3.8231679778172234,504000000.0,-52.54237288135594,14088000000.0,0.736503396496246
2023-09-22,207.13115295888943,207.53688862484253,203.73686531920688,204.2811279296875,3848300,0.0,0.0,58359000000.0,0.39221757754038294,7016000000.0,28.40409956076135,98849000000.0,3.8231679778172234,504000000.0,-52.54237288135594,14088000000.0,0.736503396496246
2023-09-25,202.8660301368854,204.38010222698412,201.74778816317092,204.19207763671875,4067300,0.0,0.0,58359000000.0,0.39221757754038294,7016000000.0,28.40409956076135,98849000000.0,3.8231679778172234,504000000.0,-52.54237288135594,14088000000.0,0.736503396496246
2023-09-26,203.3311468846287,204.29105080984067,199.18476056643618,200.38217163085938,5404500,0.0,0.0,58359000000.0,0.39221757754038294,7016000000.0,28.40409956076135,98849000000.0,3.8231679778172234,504000000.0,-52.54237288135594,14088000000.0,0.736503396496246
2023-09-27,200.87694731582306,201.8071495457378,198.84828411132307,200.61964416503906,4123800,0.0,0.0,58359000000.0,0.39221757754038294,7016000000.0,28.40409956076135,98849000000.0,3.8231679778172234,504000000.0,-52.54237288135594,14088000000.0,0.736503396496246
2023-09-28,198.67015962552028,203.01446079787212,197.47276371944648,201.0847625732422,4344000,0.0,0.0,58359000000.0,0.39221757754038294,7016000000.0,28.40409956076135,98849000000.0,3.8231679778172234,504000000.0,-52.54237288135594,14088000000.0,0.736503396496246
2023-09-29,202.9452046572715,205.6269862330458,199.99622944075367,200.6691436767578,4405100,0.0,0.0,58359000000.0,0.39221757754038294,7016000000.0,28.40409956076135,98849000000.0,3.8231679778172234,504000000.0,-52.54237288135594,14088000000.0,0.736503396496246
2023-10-02,198.70976570092307,202.9748981313193,198.4326815824717,201.5894775390625,3745700,0.0,0.0,58359000000.0,0.39221757754038294,7016000000.0,28.40409956076135,98849000000.0,3.8231679778172234,504000000.0,-52.54237288135594,14088000000.0,0.736503396496246
2023-10-03,200.63943402744292,201.45090532425974,195.36491589798277,197.7498321533203,4622400,0.0,0.0,58359000000.0,0.39221757754038294,7016000000.0,28.40409956076135,98849000000.0,3.8231679778172234,504000000.0,-52.54237288135594,14088000000.0,0.736503396496246
2023-10-04,198.78890049079888,200.62953901756364,197.43315153778465,199.76858520507812,3656400,0.0,0.0,58359000000.0,0.39221757754038294,7016000000.0,28.40409956076135,98849000000.0,3.8231679778172234,504000000.0,-52.54237288135594,14088000000.0,0.736503396496246
2023-10-05,199.89725980058657,200.045692319864,196.423802949935,199.9071502685547,3592600,0.0,0.0,58359000000.0,0.39221757754038294,7016000000.0,28.40409956076135,98849000000.0,3.8231679778172234,504000000.0,-52.54237288135594,14088000000.0,0.736503396496246
2023-10-06,198.39306039338294,206.10197733598918,197.80920573661166,205.20144653320312,4989200,0.0,0.0,58359000000.0,0.39221757754038294,7016000000.0,28.40409956076135,98849000000.0,3.8231679778172234,504000000.0,-52.54237288135594,14088000000.0,0.736503396496246
2023-10-09,202.75716467721304,206.11187533439568,202.55924962869688,205.0629119873047,2781100,0.0,0.0,58359000000.0,0.39221757754038294,7016000000.0,28.40409956076135,98849000000.0,3.8231679778172234,504000000.0,-52.54237288135594,14088000000.0,0.736503396496246
2023-10-10,205.47853891573368,207.04209347498826,204.11289940576253,204.72645568847656,4503500,0.0,0.0,58359000000.0,0.39221757754038294,7016000000.0,28.40409956076135,98849000000.0,3.8231679778172234,504000000.0,-52.54237288135594,14088000000.0,0.736503396496246
2023-10-11,205.07278084874943,207.02227482613762,202.28214422880077,204.69674682617188,3971000,0.0,0.0,58359000000.0,0.39221757754038294,7016000000.0,28.40409956076135,98849000000.0,3.8231679778172234,504000000.0,-52.54237288135594,14088000000.0,0.736503396496246
2023-10-12,205.66655337079712,206.40874609402815,201.15402402954447,203.53892517089844,3548500,0.0,0.0,58359000000.0,0.39221757754038294,7016000000.0,28.40409956076135,98849000000.0,3.8231679778172234,504000000.0,-52.54237288135594,14088000000.0,0.736503396496246
2023-10-13,202.97487257008393,204.9837397258496,201.09465698880922,202.4602813720703,3677500,0.0,0.0,58359000000.0,0.39221757754038294,7016000000.0,28.40409956076135,98849000000.0,3.8231679778172234,504000000.0,-52.54237288135594,14088000000.0,0.736503396496246
2023-10-16,203.6972527501587,207.3092662104663,202.9055775328345,206.3592529296875,3623200,0.0,0.0,58359000000.0,0.39221757754038294,7016000000.0,28.40409956076135,98849000000.0,3.8231679778172234,504000000.0,-52.54237288135594,14088000000.0,0.736503396496246
2023-10-17,204.34052096840304,209.7337854657343,203.85561625104694,207.6556396484375,4006100,0.0,0.0,58359000000.0,0.39221757754038294,7016000000.0,28.40409956076135,98849000000.0,3.8231679778172234,504000000.0,-52.54237288135594,14088000000.0,0.736503396496246
2023-10-18,206.70562818774195,207.44782091809822,202.06444723125543,202.69778442382812,3380800,0.0,0.0,58359000000.0,0.39221757754038294,7016000000.0,28.40409956076135,98849000000.0,3.8231679778172234,504000000.0,-52.54237288135594,14088000000.0,0.736503396496246
2023-10-19,204.30092973132352,208.7540864151739,203.39050839906378,206.15147399902344,4995900,0.0,0.0,58359000000.0,0.39221757754038294,7016000000.0,28.40409956076135,98849000000.0,3.8231679778172234,504000000.0,-52.54237288135594,14088000000.0,0.736503396496246
2023-10-20,205.20145547148292,205.94364823359044,200.01599660424296,201.60923767089844,5539100,0.0,0.0,58359000000.0,0.39221757754038294,7016000000.0,28.40409956076135,98849000000.0,3.8231679778172234,504000000.0,-52.54237288135594,14088000000.0,0.736503396496246
2023-10-23,197.81911667482697,201.45092676300095,195.79046841679224,199.8972625732422,4564100,0.0,0.0,58359000000.0,0.39221757754038294,7016000000.0,28.40409956076135,98849000000.0,3.8231679778172234,504000000.0,-52.54237288135594,14088000000.0,0.736503396496246
2023-10-24,201.60924201085157,202.5097728722488,198.83838595267977,202.09414672851562,3959600,0.0,0.0,58359000000.0,0.39221757754038294,7016000000.0,28.40409956076135,98849000000.0,3.8231679778172234,504000000.0,-52.54237288135594,14088000000.0,0.736503396496246
2023-10-25,201.0847509825578,201.6191382139303,193.3956299307539,195.0086669921875,4490000,0.0,0.0,58359000000.0,0.39221757754038294,7016000000.0,28.40409956076135,98849000000.0,3.8231679778172234,504000000.0,-52.54237288135594,14088000000.0,0.736503396496246
2023-10-26,195.3649264495381,197.58161428500276,191.6638530787057,194.2071075439453,5149100,0.0,0.0,58359000000.0,0.39221757754038294,7016000000.0,28.40409956076135,98849000000.0,3.8231679778172234,504000000.0,-52.54237288135594,14088000000.0,0.736503396496246
2023-10-27,195.24618520233304,196.24566605121726,193.3758599861353,194.52378845214844,3168600,0.0,0.0,58359000000.0,0.39221757754038294,7016000000.0,28.40409956076135,98849000000.0,3.8231679778172234,504000000.0,-52.54237288135594,14088000000.0,0.736503396496246
2023-10-30,196.92846984296855,198.49202433009762,195.0284582775831,197.19566345214844,3438300,0.0,0.0,58359000000.0,0.39221757754038294,7016000000.0,28.40409956076135,98849000000.0,3.8231679778172234,504000000.0,-52.54237288135594,14088000000.0,0.736503396496246
2023-10-31,198.33372045950853,199.80821569782913,196.5920466658843,198.7394561767578,3425400,0.0,0.0,58359000000.0,0.39221757754038294,7016000000.0,28.40409956076135,98849000000.0,3.8231679778172234,504000000.0,-52.54237288135594,14088000000.0,0.736503396496246
2023-11-01,198.82848823765335,202.36133298053906,198.40297164170474,201.78736877441406,3593600,0.0,0.0,58359000000.0,0.39221757754038294,7016000000.0,28.40409956076135,98849000000.0,3.8231679778172234,504000000.0,-52.54237288135594,14088000000.0,0.736503396496246
2023-11-02,204.16238363378966,206.09208180519636,203.80613050214913,205.9436492919922,4963600,0.0,0.0,58359000000.0,0.39221757754038294,7016000000.0,28.40409956076135,98849000000.0,3.8231679778172234,504000000.0,-52.54237288135594,14088000000.0,0.736503396496246
2023-11-03,207.21034511675262,207.99211493353783,205.04313960066744,205.31033325195312,3861900,0.0,0.0,58359000000.0,0.39221757754038294,7016000000.0,28.40409956076135,98849000000.0,3.8231679778172234,504000000.0,-52.54237288135594,14088000000.0,0.736503396496246
2023-11-06,206.04263390924734,206.30981245835503,202.5592713028268,205.26084899902344,3729700,0.0,0.0,58359000000.0,0.39221757754038294,7016000000.0,28.40409956076135,98849000000.0,3.8231679778172234,504000000.0,-52.54237288135594,14088000000.0,0.736503396496246
2023-11-07,207.3191736584777,211.11919689295533,206.784801525484,209.6348114013672,5467100,0.0,0.0,58359000000.0,0.39221757754038294,7016000000.0,28.40409956076135,98849000000.0,3.8231679778172234,504000000.0,-52.54237288135594,14088000000.0,0.736503396496246
2023-11-08,210.20876926201208,210.30773433177913,207.46759990892028,209.26866149902344,3433500,0.0,0.0,58359000000.0,0.39221757754038294,7016000000.0,28.40409956076135,98849000000.0,3.8231679778172234,504000000.0,-52.54237288135594,14088000000.0,0.736503396496246
2023-11-09,211.34680667528986,211.3566971422638,206.89365034517365,207.8238525390625,4731400,0.0,0.0,58359000000.0,0.39221757754038294,7016000000.0,28.40409956076135,98849000000.0,3.8231679778172234,504000000.0,-52.54237288135594,14088000000.0,0.736503396496246
2023-11-10,207.22019600201097,212.03951087334076,206.66602786812933,211.4061737060547,4112600,0.0,0.0,58359000000.0,0.39221757754038294,7016000000.0,28.40409956076135,98849000000.0,3.8231679778172234,504000000.0,-52.54237288135594,14088000000.0,0.736503396496246
2023-11-13,210.3572352381583,213.89006505812694,209.5556543429183,213.0390167236328,3306600,0.0,0.0,58359000000.0,0.39221757754038294,7016000000.0,28.40409956076135,98849000000.0,3.8231679778172234,504000000.0,-52.54237288135594,14088000000.0,0.736503396496246
2023-11-14,216.72027909552727,218.94685730541283,215.68120624425737,218.87757873535156,4743800,0.0,0.0,58359000000.0,0.39221757754038294,7016000000.0,28.40409956076135,98849000000.0,3.8231679778172234,504000000.0,-52.54237288135594,14088000000.0,0.736503396496246
2023-11-15,218.45205164372044,219.06559277784817,215.3942213398301,217.13589477539062,4800700,0.0,0.0,58359000000.0,0.39221757754038294,7016000000.0,28.40409956076135,98849000000.0,3.8231679778172234,504000000.0,-52.54237288135594,14088000000.0,0.736503396496246
2023-11-16,217.7098724332143,220.45104187320035,216.66090910020992,219.144775390625,3712300,0.0,0.0,58359000000.0,0.39221757754038294,7016000000.0,28.40409956076135,98849000000.0,3.8231679778172234,504000000.0,-52.54237288135594,14088000000.0,0.736503396496246
2023-11-17,218.8676927561889,220.47082426819566,218.08592303488746,218.91717529296875,3634900,0.0,0.0,58359000000.0,0.39221757754038294,7016000000.0,28.40409956076135,98849000000.0,3.8231679778172234,504000000.0,-52.54237288135594,14088000000.0,0.736503396496246
2023-11-20,219.1249873331983,223.74638762695392,218.32342155332375,222.78648376464844,4599300,0.0,0.0,58359000000.0,0.39221757754038294,7016000000.0,28.40409956076135,98849000000.0,3.8231679778172234,504000000.0,-52.54237288135594,14088000000.0,0.736503396496246
2023-11-21,221.66823290549047,223.61772705466421,221.21301471179584,221.9849090576172,3852300,0.0,0.0,58359000000.0,0.39221757754038294,7016000000.0,28.40409956076135,98849000000.0,3.8231679778172234,504000000.0,-52.54237288135594,14088000000.0,0.736503396496246
2023-11-22,221.96510587434605,223.34063577845131,220.88645607831054,221.5098876953125,3893600,0.0,0.0,58359000000.0,0.39221757754038294,7016000000.0,28.40409956076135,98849000000.0,3.8231679778172234,504000000.0,-52.54237288135594,14088000000.0,0.736503396496246
2023-11-24,222.02448497145804,222.15313654514185,219.8077972169562,222.04428100585938,1869100,0.0,0.0,58359000000.0,0.39221757754038294,7016000000.0,28.40409956076135,98849000000.0,3.8231679778172234,504000000.0,-52.54237288135594,14088000000.0,0.736503396496246
2023-11-27,223.15261270539443,223.86511892956727,221.91562483008738,222.4499969482422,4885500,0.0,0.0,58359000000.0,0.39221757754038294,7016000000.0,28.40409956076135,98849000000.0,3.8231679778172234,504000000.0,-52.54237288135594,14088000000.0,0.736503396496246
2023-11-28,221.28229811890895,223.18230977334588,219.91665860792756,222.5786590576172,5535300,0.0,0.0,58359000000.0,0.39221757754038294,7016000000.0,28.40409956076135,98849000000.0,3.8231679778172234,504000000.0,-52.54237288135594,14088000000.0,0.736503396496246
2023-11-29,226.23024060914364,229.09015599138803,224.89428765517508,227.95213317871094,12327400,0.0,0.0,58359000000.0,0.39221757754038294,7016000000.0,28.40409956076135,98849000000.0,3.8231679778172234,504000000.0,-52.54237288135594,14088000000.0,0.736503396496246
2023-11-30,246.45746300822142,249.87154646467962,241.11366641989824,249.2777862548828,24425700,0.0,0.0,58359000000.0,0.39221757754038294,7016000000.0,28.40409956076135,98849000000.0,3.8231679778172234,504000000.0,-52.54237288135594,14088000000.0,0.736503396496246
2023-12-01,247.39758418156552,260.6877751558231,247.1007040605576,257.2934875488281,14538200,0.0,0.0,58359000000.0,0.39221757754038294,7016000000.0,28.40409956076135,98849000000.0,3.8231679778172234,504000000.0,-52.54237288135594,14088000000.0,0.736503396496246
2023-12-04,250.16844295523427,252.46428471026076,247.2491544490813,248.05072021484375,11429200,0.0,0.0,58359000000.0,0.39221757754038294,7016000000.0,28.40409956076135,98849000000.0,3.8231679778172234,504000000.0,-52.54237288135594,14088000000.0,0.736503396496246
2023-12-05,247.38769033816362,249.0501948332,246.0517373618344,248.40696716308594,5771500,0.0,0.0,58359000000.0,0.39221757754038294,7016000000.0,28.40409956076135,98849000000.0,3.8231679778172234,504000000.0,-52.54237288135594,14088000000.0,0.736503396496246
2023-12-06,248.90177197149592,251.33615580499972,246.259567518083,246.53665161132812,5374800,0.0,0.0,58359000000.0,0.39221757754038294,7016000000.0,28.40409956076135,98849000000.0,3.8231679778172234,504000000.0,-52.54237288135594,14088000000.0,0.736503396496246
2023-12-07,246.16061743736478,248.1200022446587,244.31997864870945,246.25958251953125,6568200,0.0,0.0,58359000000.0,0.39221757754038294,7016000000.0,28.40409956076135,98849000000.0,3.8231679778172234,504000000.0,-52.54237288135594,14088000000.0,0.736503396496246
2023-12-08,245.9626889197519,249.4658321775445,245.41841119750924,248.19915771484375,4605800,0.0,0.0,58359000000.0,0.39221757754038294,7016000000.0,28.40409956076135,98849000000.0,3.8231679778172234,504000000.0,-52.54237288135594,14088000000.0,0.736503396496246
2023-12-11,247.39760783835683,250.88097038470735,247.11063325724305,249.4757537841797,4766000,0.0,0.0,58359000000.0,0.39221757754038294,7016000000.0,28.40409956076135,98849000000.0,3.8231679778172234,504000000.0,-52.54237288135594,14088000000.0,0.736503396496246
2023-12-12,249.17888233413098,253.9091084531945,248.4070029787235,253.78048706054688,5827600,0.0,0.0,58359000000.0,0.39221757754038294,7016000000.0,28.40409956076135,98849000000.0,3.8231679778172234,504000000.0,-52.54237288135594,14088000000.0,0.736503396496246
2023-12-13,254.82941251591214,256.4226384323389,252.5038692280503,254.64138793945312,6567600,0.0,0.0,58359000000.0,0.39221757754038294,7016000000.0,28.40409956076135,98849000000.0,3.8231679778172234,504000000.0,-52.54237288135594,14088000000.0,0.736503396496246
2023-12-14,253.82990059510524,256.07625960365226,250.58404576430215,254.53250122070312,6613200,0.0,0.0,58359000000.0,0.39221757754038294,7016000000.0,28.40409956076135,98849000000.0,3.8231679778172234,504000000.0,-52.54237288135594,14088000000.0,0.736503396496246
2023-12-15,252.35538968906903,259.5794011181911,251.86059459255313,258.8768005371094,13739500,0.0,0.0,58359000000.0,0.39221757754038294,7016000000.0,28.40409956076135,98849000000.0,3.8231679778172234,504000000.0,-52.54237288135594,14088000000.0,0.736503396496246
2023-12-18,257.1153553473913,262.82528042544556,256.9767982114048,260.8460998535156,7498500,0.0,0.0,58359000000.0,0.39221757754038294,7016000000.0,28.40409956076135,98849000000.0,3.8231679778172234,504000000.0,-52.54237288135594,14088000000.0,0.736503396496246
2023-12-19,262.7065598343841,263.80499066210353,260.99455760210134,261.58831787109375,4665500,0.0,0.0,58359000000.0,0.39221757754038294,7016000000.0,28.40409956076135,98849000000.0,3.8231679778172234,504000000.0,-52.54237288135594,14088000000.0,0.736503396496246
2023-12-20,258.936250282006,262.16232493147254,257.37268040162814,257.5409240722656,4510500,0.0,0.0,58359000000.0,0.39221757754038294,7016000000.0,28.40409956076135,98849000000.0,3.8231679778172234,504000000.0,-52.54237288135594,14088000000.0,0.736503396496246
2023-12-21,261.99401150338554,265.566417711976,261.48931082575757,264.4679870605469,5160700,0.0,0.0,58359000000.0,0.39221757754038294,7016000000.0,28.40409956076135,98849000000.0,3.8231679778172234,504000000.0,-52.54237288135594,14088000000.0,0.736503396496246
2023-12-22,264.47791072051024,265.35863037516606,262.5382920070745,263.5674743652344,3110600,0.0,0.0,58359000000.0,0.39221757754038294,7016000000.0,28.40409956076135,98849000000.0,3.8231679778172234,504000000.0,-52.54237288135594,14088000000.0,0.736503396496246
2023-12-26,262.7659107468084,263.75550104528617,261.86537995120574,263.44873046875,3218800,0.0,0.0,58359000000.0,0.39221757754038294,7016000000.0,28.40409956076135,98849000000.0,3.8231679778172234,504000000.0,-52.54237288135594,14088000000.0,0.736503396496246
2023-12-27,263.17163277800705,264.23050159057357,262.63724558850373,263.9435119628906,3387000,0.0,0.0,58359000000.0,0.39221757754038294,7016000000.0,28.40409956076135,98849000000.0,3.8231679778172234,504000000.0,-52.54237288135594,14088000000.0,0.736503396496246
2023-12-28,263.72583560518353,264.1414768516925,262.53831507221645,262.8153991699219,2958700,0.0,0.0,58359000000.0,0.39221757754038294,7016000000.0,28.40409956076135,98849000000.0,3.8231679778172234,504000000.0,-52.54237288135594,14088000000.0,0.736503396496246
2023-12-29,262.2513162497514,262.88463829236133,259.91586760537837,260.4007873535156,3706600,0.0,0.0,58359000000.0,0.39221757754038294,7016000000.0,28.40409956076135,98849000000.0,3.8231679778172234,504000000.0,-52.54237288135594,14088000000.0,0.736503396496246
2024-01-02,257.82788812833246,257.8476690641264,251.12835697403207,253.4637908935547,4741400,0.0,0.0,58359000000.0,0.39221757754038294,7016000000.0,28.40409956076135,98849000000.0,3.8231679778172234,504000000.0,-52.54237288135594,14088000000.0,0.736503396496246
2024-01-03,250.86115316676225,251.51428642029694,249.14916609305803,249.2184295654297,5097100,0.0,0.0,58359000000.0,0.39221757754038294,7016000000.0,28.40409956076135,98849000000.0,3.8231679778172234,504000000.0,-52.54237288135594,14088000000.0,0.736503396496246
2024-01-04,249.20853423524986,250.01009998533354,247.23924404557576,248.6246795654297,4489800,0.0,0.0,58359000000.0,0.39221757754038294,7016000000.0,28.40409956076135,98849000000.0,3.8231679778172234,504000000.0,-52.54237288135594,14088000000.0,0.736503396496246
2024-01-05,248.594995016382,251.26688590429964,247.5658126106973,248.50592041015625,3676000,0.0,0.0,58359000000.0,0.39221757754038294,7016000000.0,28.40409956076135,98849000000.0,3.8231679778172234,504000000.0,-52.54237288135594,14088000000.0,0.736503396496246
2024-01-08,249.58463735869935,258.8372998707611,248.7731658659017,258.15447998046875,6626000,0.0,0.0,58359000000.0,0.39221757754038294,7016000000.0,28.40409956076135,98849000000.0,3.8231679778172234,504000000.0,-52.54237288135594,14088000000.0,0.736503396496246
2024-01-09,256.79869474118857,261.1825727252103,256.0861884841996,258.6195373535156,4571800,0.0,0.0,58359000000.0,0.39221757754038294,7016000000.0,28.40409956076135,98849000000.0,3.8231679778172234,504000000.0,-52.54237288135594,14088000000.0,0.736503396496246
2024-01-10,260.52949063074675,263.6862868697865,260.0149144218402,261.38055419921875,5128300,0.0,0.0,58359000000.0,0.39221757754038294,7016000000.0,28.40409956076135,98849000000.0,3.8231679778172234,504000000.0,-52.54237288135594,14088000000.0,0.736503396496246
2024-01-11,265.21017297567187,270.1185319001462,262.3403674424069,268.55499267578125,9012600,0.0,0.0,58359000000.0,0.39221757754038294,7016000000.0,28.40409956076135,98849000000.0,3.8231679778172234,504000000.0,-52.54237288135594,14088000000.0,0.736503396496246
2024-01-12,268.40660905466876,272.37484593389115,268.23836540247845,269.09930419921875,4847600,0.0,0.0,58359000000.0,0.39221757754038294,7016000000.0,28.40409956076135,98849000000.0,3.8231679778172234,504000000.0,-52.54237288135594,14088000000.0,0.736503396496246
2024-01-16,266.89251810377755,268.74304714745006,264.93311842229514,266.3878173828125,5858700,0.0,0.0,58359000000.0,0.39221757754038294,7016000000.0,28.40409956076135,98849000000.0,3.8231679778172234,504000000.0,-52.54237288135594,14088000000.0,0.736503396496246
2024-01-17,265.4972067986421,269.06961351114694,261.3805072668471,268.6144104003906,4706500,0.0,0.0,58359000000.0,0.39221757754038294,7016000000.0,28.40409956076135,98849000000.0,3.8231679778172234,504000000.0,-52.54237288135594,14088000000.0,0.736503396496246
2024-01-18,270.1581424594749,272.82014268944476,269.30710932716545,271.6029357910156,4752400,0.0,0.0,58359000000.0,0.39221757754038294,7016000000.0,28.40409956076135,98849000000.0,3.8231679778172234,504000000.0,-52.54237288135594,14088000000.0,0.736503396496246
2024-01-19,273.6316411820375,279.0644826158023,272.661831753465,277.9561462402344,7413600,0.0,0.0,58359000000.0,0.39221757754038294,7016000000.0,28.40409956076135,98849000000.0,3.8231679778172234,504000000.0,-52.54237288135594,14088000000.0,0.736503396496246
2024-01-22,280.83589349299626,282.7457958899024,277.25358075271276,277.3822021484375,6735900,0.0,0.0,58359000000.0,0.39221757754038294,7016000000.0,28.40409956076135,98849000000.0,3.8231679778172234,504000000.0,-52.54237288135594,14088000000.0,0.736503396496246
2024-01-23,277.90668146975975,278.7775259249571,272.8399830394167,273.8889465332031,6573800,0.0,0.0,58359000000.0,0.39221757754038294,7016000000.0,28.40409956076135,98849000000.0,3.8231679778172234,504000000.0,-52.54237288135594,14088000000.0,0.736503396496246
2024-01-24,277.0655391033697,278.03531839557155,273.80977813692704,273.997802734375,7037800,0.0,0.0,58359000000.0,0.39221757754038294,7016000000.0,28.40409956076135,98849000000.0,3.8231679778172234,504000000.0,-52.54237288135594,14088000000.0,0.736503396496246
2024-01-25,275.7097554896817,276.9368680710622,273.97797236102565,276.1253967285156,4178000,0.0,0.0,58359000000.0,0.39221757754038294,7016000000.0,28.40409956076135,98849000000.0,3.8231679778172234,504000000.0,-52.54237288135594,14088000000.0,0.736503396496246
2024-01-26,276.3727762055516,280.3905103847294,275.78892155585714,277.0259094238281,4877400,0.0,0.0,58359000000.0,0.39221757754038294,7016000000.0,28.40409956076135,98849000000.0,3.8231679778172234,504000000.0,-52.54237288135594,14088000000.0,0.736503396496246
2024-01-29,278.4707489674424,285.1504845619701,278.0749188240438,284.8634948730469,5762300,0.0,0.0,58359000000.0,0.39221757754038294,7016000000.0,28.40409956076135,98849000000.0,3.8231679778172234,504000000.0,-52.54237288135594,14088000000.0,0.736503396496246
2024-01-30,284.6358676919984,286.27859124209846,283.53740673625265,284.7348327636719,4810900,0.0,0.0,58359000000.0,0.39221757754038294,7016000000.0,28.40409956076135,98849000000.0,3.8231679778172234,504000000.0,-52.54237288135594,14088000000.0,0.736503396496246
2024-01-31,281.0931193314973,282.6566889546896,277.8967619142863,278.1639404296875,4557300,0.0,0.0,59646000000.0,2.205315375520485,8472000000.0,20.752565564424174,99823000000.0,0.9853412781110583,2443000000.0,384.72222222222223,12588000000.0,-10.647359454855195
2024-02-01,279.07438863230215,282.0827215994251,278.4311307348207,280.8457336425781,3218300,0.0,0.0,59646000000.0,2.205315375520485,8472000000.0,20.752565564424174,99823000000.0,0.9853412781110583,2443000000.0,384.72222222222223,12588000000.0,-10.647359454855195
2024-02-02,282.23122870102793,285.16040818754493,280.2124555819863,282.6864318847656,3629600,0.0,0.0,59646000000.0,2.205315375520485,8472000000.0,20.752565564424174,99823000000.0,0.9853412781110583,2443000000.0,384.72222222222223,12588000000.0,-10.647359454855195
2024-02-05,283.27024674741136,286.0410877360716,278.4311352851883,285.1108703613281,5274800,0.0,0.0,59646000000.0,2.205315375520485,8472000000.0,20.752565564424174,99823000000.0,0.9853412781110583,2443000000.0,384.72222222222223,12588000000.0,-10.647359454855195
2024-02-06,284.94260424597877,285.6353294650669,278.9753765554721,282.85455322265625,4207200,0.0,0.0,59646000000.0,2.205315375520485,8472000000.0,20.752565564424174,99823000000.0,0.9853412781110583,2443000000.0,384.72222222222223,12588000000.0,-10.647359454855195
2024-02-07,284.35880246467764,286.7832807819751,282.2311891821833,285.8332824707031,3621400,0.0,0.0,59646000000.0,2.205315375520485,8472000000.0,20.752565564424174,99823000000.0,0.9853412781110583,2443000000.0,384.72222222222223,12588000000.0,-10.647359454855195
2024-02-08,286.2885108024194,290.05884807596,285.97186480404486,288.91094970703125,4488400,0.0,0.0,59646000000.0,2.205315375520485,8472000000.0,20.752565564424174,99823000000.0,0.9853412781110583,2443000000.0,384.72222222222223,12588000000.0,-10.647359454855195
2024-02-09,290.19738302589815,292.16665824589035,288.0202720792468,288.2676696777344,4376300,0.0,0.0,59646000000.0,2.205315375520485,8472000000.0,20.752565564424174,99823000000.0,0.9853412781110583,2443000000.0,384.72222222222223,12588000000.0,-10.647359454855195
2024-02-12,287.792667726014,287.97078673787576,284.01242540814553,284.3291015625,3750000,0.0,0.0,59646000000.0,2.205315375520485,8472000000.0,20.752565564424174,99823000000.0,0.9853412781110583,2443000000.0,384.72222222222223,12588000000.0,-10.647359454855195
2024-02-13,277.4910404238572,280.47959248165836,273.54258449518824,278.22332763671875,4956600,0.0,0.0,59646000000.0,2.205315375520485,8472000000.0,20.752565564424174,99823000000.0,0.9853412781110583,2443000000.0,384.72222222222223,12588000000.0,-10.647359454855195
2024-02-14,282.033251231917,286.44681576013545,281.6770131999976,286.1400451660156,3850700,0.0,0.0,59646000000.0,2.205315375520485,8472000000.0,20.752565564424174,99823000000.0,0.9853412781110583,2443000000.0,384.72222222222223,12588000000.0,-10.647359454855195
2024-02-15,288.3072102886159,288.9603434560315,285.01188815291096,288.9009704589844,3986500,0.0,0.0,59646000000.0,2.205315375520485,8472000000.0,20.752565564424174,99823000000.0,0.9853412781110583,2443000000.0,384.72222222222223,12588000000.0,-10.647359454855195
2024-02-16,288.96042774327185,289.0297063266671,284.8833196906599,286.70416259765625,4159400,0.0,0.0,59646000000.0,2.205315375520485,8472000000.0,20.752565564424174,99823000000.0,0.9853412781110583,2443000000.0,384.72222222222223,12588000000.0,-10.647359454855195
2024-02-20,286.48639432259483,287.822347279105,281.19208013192105,283.4087829589844,4295500,0.0,0.0,59646000000.0,2.205315375520485,8472000000.0,20.752565564424174,99823000000.0,0.9853412781110583,2443000000.0,384.72222222222223,12588000000.0,-10.647359454855195
2024-02-21,277.15457259606376,280.61813877137104,275.46235137791393,280.59832763671875,3797200,0.0,0.0,59646000000.0,2.205315375520485,8472000000.0,20.752565564424174,99823000000.0,0.9853412781110583,2443000000.0,384.72222222222223,12588000000.0,-10.647359454855195
2024-02-22,288.96035229746496,291.562979480621,288.366592108929,290.5931701660156,5264300,0.0,0.0,59646000000.0,2.205315375520485,8472000000.0,20.752565564424174,99823000000.0,0.9853412781110583,2443000000.0,384.72222222222223,12588000000.0,-10.647359454855195
2024-02-23,294.8979266181457,294.8979266181457,288.0499480543584,289.7520446777344,4416800,0.0,0.0,59646000000.0,2.205315375520485,8472000000.0,20.752565564424174,99823000000.0,0.9853412781110583,2443000000.0,384.72222222222223,12588000000.0,-10.647359454855195
2024-02-26,292.51303972480736,300.66725543109436,291.9291849788381,297.2630920410156,8719300,0.0,0.0,59646000000.0,2.205315375520485,8472000000.0,20.752565564424174,99823000000.0,0.9853412781110583,2443000000.0,384.72222222222223,12588000000.0,-10.647359454855195
2024-02-27,298.44062822923775,298.60887186754127,293.5124878822756,296.3822937011719,6178800,0.0,0.0,59646000000.0,2.205315375520485,8472000000.0,20.752565564424174,99823000000.0,0.9853412781110583,2443000000.0,384.72222222222223,12588000000.0,-10.647359454855195
2024-02-28,296.46145052356235,297.7479360410418,293.5223661073408,296.64947509765625,12490800,0.0,0.0,59646000000.0,2.205315375520485,8472000000.0,20.752565564424174,99823000000.0,0.9853412781110583,2443000000.0,384.72222222222223,12588000000.0,-10.647359454855195
2024-02-29,296.8770918948469,307.307382179391,291.72133485491156,305.60528564453125,21737800,0.0,0.0,59646000000.0,2.205315375520485,8472000000.0,20.752565564424174,99823000000.0,0.9853412781110583,2443000000.0,384.72222222222223,12588000000.0,-10.647359454855195
2024-03-01,303.8042330330242,315.392327407074,303.42818387350746,313.5813903808594,9450200,0.0,0.0,59646000000.0,2.205315375520485,8472000000.0,20.752565564424174,99823000000.0,0.9853412781110583,2443000000.0,384.72222222222223,12588000000.0,-10.647359454855195
2024-03-04,311.29543700517394,314.3433619301821,310.27616017441886,311.3647155761719,9350000,0.0,0.0,59646000000.0,2.205315375520485,8472000000.0,20.752565564424174,99823000000.0,0.9853412781110583,2443000000.0,384.72222222222223,12588000000.0,-10.647359454855195
2024-03-05,308.0693581245497,309.29644044950044,293.0572899785127,295.6401062011719,9015300,0.0,0.0,59646000000.0,2.205315375520485,8472000000.0,20.752565564424174,99823000000.0,0.9853412781110583,2443000000.0,384.72222222222223,12588000000.0,-10.647359454855195
2024-03-06,301.4786628532772,302.7057752960767,299.5885418566123,300.6078186035156,8270000,0.0,0.0,59646000000.0,2.205315375520485,8472000000.0,20.752565564424174,99823000000.0,0.9853412781110583,2443000000.0,384.72222222222223,12588000000.0,-10.647359454855195
2024-03-07,302.814662483694,303.57663621993976,298.6089032825316,299.2719421386719,6788900,0.0,0.0,59646000000.0,2.205315375520485,8472000000.0,20.752565564424174,99823000000.0,0.9853412781110583,2443000000.0,384.72222222222223,12588000000.0,-10.647359454855195
2024-03-08,299.0542173288679,305.65476808406504,299.0542173288679,302.1021423339844,4851600,0.0,0.0,59646000000.0,2.205315375520485,8472000000.0,20.752565564424174,99823000000.0,0.9853412781110583,2443000000.0,384.72222222222223,12588000000.0,-10.647359454855195
2024-03-11,299.48962726977237,304.40786214082755,297.12449192221646,302.81463623046875,4895500,0.0,0.0,59646000000.0,2.205315375520485,8472000000.0,20.752565564424174,99823000000.0,0.9853412781110583,2443000000.0,384.72222222222223,12588000000.0,-10.647359454855195
2024-03-12,303.51719059424414,305.8229525871642,300.70675815386255,303.4281311035156,4832000,0.0,0.0,59646000000.0,2.205315375520485,8472000000.0,20.752565564424174,99823000000.0,0.9853412781110583,2443000000.0,384.72222222222223,12588000000.0,-10.647359454855195
2024-03-13,302.21931149345227,304.9244329382314,300.34652813029385,301.9022216796875,5548800,0.4,0.0,59646000000.0,2.205315375520485,8472000000.0,20.752565564424174,99823000000.0,0.9853412781110583,2443000000.0,384.72222222222223,12588000000.0,-10.647359454855195
2024-03-14,302.2193025789828,306.66835738953773,299.24665370115673,300.55462646484375,4828800,0.0,0.0,59646000000.0,2.205315375520485,8472000000.0,20.752565564424174,99823000000.0,0.9853412781110583,2443000000.0,384.72222222222223,12588000000.0,-10.647359454855195
2024-03-15,296.2343999882784,297.3144589271782,291.09171433430623,291.6466064453125,11885100,0.0,0.0,59646000000.0,2.205315375520485,8472000000.0,20.752565564424174,99823000000.0,0.9853412781110583,2443000000.0,384.72222222222223,12588000000.0,-10.647359454855195
2024-03-18,296.8883632761319,298.22606139046763,293.32117838435323,297.770263671875,5240500,0.0,0.0,59646000000.0,2.205315375520485,8472000000.0,20.752565564424174,99823000000.0,0.9853412781110583,2443000000.0,384.72222222222223,12588000000.0,-10.647359454855195
2024-03-19,295.461453743331,299.0187197000705,293.91567884957635,298.70166015625,3329900,0.0,0.0,59646000000.0,2.205315375520485,8472000000.0,20.752565564424174,99823000000.0,0.9853412781110583,2443000000.0,384.72222222222223,12588000000.0,-10.647359454855195
2024-03-20,299.2169445611177,304.2208916796219,297.94861551440806,303.2894592285156,4946600,0.0,0.0,59646000000.0,2.205315375520485,8472000000.0,20.752565564424174,99823000000.0,0.9853412781110583,2443000000.0,384.72222222222223,12588000000.0,-10.647359454855195
2024-03-21,305.1325511924484,308.9573455307931,303.5570506562375,305.5784606933594,6083900,0.0,0.0,59646000000.0,2.205315375520485,8472000000.0,20.752565564424174,99823000000.0,0.9853412781110583,2443000000.0,384.72222222222223,12588000000.0,-10.647359454855195
2024-03-22,306.4999370879338,307.4016442474515,303.85426617028526,304.96405029296875,3779000,0.0,0.0,59646000000.0,2.205315375520485,8472000000.0,20.752565564424174,99823000000.0,0.9853412781110583,2443000000.0,384.72222222222223,12588000000.0,-10.647359454855195
2024-03-25,300.93118391850066,304.9046042481013,299.78175599173983,303.2696533203125,4141200,0.0,0.0,59646000000.0,2.205315375520485,8472000000.0,20.752565564424174,99823000000.0,0.9853412781110583,2443000000.0,384.72222222222223,12588000000.0,-10.647359454855195
2024-03-26,304.6767292609861,305.1721707829954,302.1103458057002,303.041748046875,3893900,0.0,0.0,59646000000.0,2.205315375520485,8472000000.0,20.752565564424174,99823000000.0,0.9853412781110583,2443000000.0,384.72222222222223,12588000000.0,-10.647359454855195
2024-03-27,304.63710392771173,306.4801319863521,295.90742620019574,298.6323547363281,3859900,0.0,0.0,59646000000.0,2.205315375520485,8472000000.0,20.752565564424174,99823000000.0,0.9853412781110583,2443000000.0,384.72222222222223,12588000000.0,-10.647359454855195
2024-03-28,297.26487795298965,300.03933805147875,296.8982561084765,298.4341125488281,4892300,0.0,0.0,59646000000.0,2.205315375520485,8472000000.0,20.752565564424174,99823000000.0,0.9853412781110583,2443000000.0,384.72222222222223,12588000000.0,-10.647359454855195
2024-04-01,298.93949241536785,300.7429067190946,297.25497923244075,299.5043029785156,2918100,0.0,0.0,59646000000.0,2.205315375520485,8472000000.0,20.752565564424174,99823000000.0,0.9853412781110583,2443000000.0,384.72222222222223,12588000000.0,-10.647359454855195
2024-04-02,294.78774447190136,301.68428290076247,292.2015539008364,301.2284851074219,4746100,0.0,0.0,59646000000.0,2.205315375520485,8472000000.0,20.752565564424174,99823000000.0,0.9853412781110583,2443000000.0,384.72222222222223,12588000000.0,-10.647359454855195
2024-04-03,301.2185076862025,304.35962004095853,300.33663755766577,301.961669921875,3047400,0.0,0.0,59646000000.0,2.205315375520485,8472000000.0,20.752565564424174,99823000000.0,0.9853412781110583,2443000000.0,384.72222222222223,12588000000.0,-10.647359454855195
2024-04-04,305.44957480683064,308.4618370739351,289.43690338953877,291.45831298828125,8351000,0.0,0.0,59646000000.0,2.205315375520485,8472000000.0,20.752565564424174,99823000000.0,0.9853412781110583,2443000000.0,384.72222222222223,12588000000.0,-10.647359454855195
2024-04-05,290.8638150423224,300.6537442826217,290.6259825507705,299.1575012207031,4918200,0.0,0.0,59646000000.0,2.205315375520485,8472000000.0,20.752565564424174,99823000000.0,0.9853412781110583,2443000000.0,384.72222222222223,12588000000.0,-10.647359454855195
2024-04-08,298.3548953282237,300.73300862367074,296.78928315983643,298.9791564941406,3142900,0.0,0.0,59646000000.0,2.205315375520485,8472000000.0,20.752565564424174,99823000000.0,0.9853412781110583,2443000000.0,384.72222222222223,12588000000.0,-10.647359454855195
2024-04-09,300.554662788396,302.8138749990071,296.5217613993052,299.6133117675781,2997700,0.0,0.0,59646000000.0,2.205315375520485,8472000000.0,20.752565564424174,99823000000.0,0.9853412781110583,2443000000.0,384.72222222222223,12588000000.0,-10.647359454855195
2024-04-10,295.7290200972071,298.1765021235464,295.43173707706876,296.8883361816406,3036400,0.0,0.0,59646000000.0,2.205315375520485,8472000000.0,20.752565564424174,99823000000.0,0.9853412781110583,2443000000.0,384.72222222222223,12588000000.0,-10.647359454855195
2024-04-11,296.7397277510534,298.34495334317535,293.70762824607897,296.4226379394531,3468600,0.0,0.0,59646000000.0,2.205315375520485,8472000000.0,20.752565564424174,99823000000.0,0.9853412781110583,2443000000.0,384.72222222222223,12588000000.0,-10.647359454855195
2024-04-12,294.1634277556215,295.1345039698501,290.8241569249663,291.6366882324219,3820000,0.0,0.0,59646000000.0,2.205315375520485,8472000000.0,20.752565564424174,99823000000.0,0.9853412781110583,2443000000.0,384.72222222222223,12588000000.0,-10.647359454855195
2024-04-15,280.3604619250944,283.86819650595703,269.18330195835165,270.4119873046875,18365100,0.0,0.0,59646000000.0,2.205315375520485,8472000000.0,20.752565564424174,99823000000.0,0.9853412781110583,2443000000.0,384.72222222222223,12588000000.0,-10.647359454855195
2024-04-16,272.27483222095225,278.0021348079735,269.95616960676193,274.880859375,7624300,0.0,0.0,59646000000.0,2.205315375520485,8472000000.0,20.752565564424174,99823000000.0,0.9853412781110583,2443000000.0,384.72222222222223,12588000000.0,-10.647359454855195
2024-04-17,275.20787943963603,276.4266766137454,272.3343243208148,273.80084228515625,4199400,0.0,0.0,59646000000.0,2.205315375520485,8472000000.0,20.752565564424174,99823000000.0,0.9853412781110583,2443000000.0,384.72222222222223,12588000000.0,-10.647359454855195
2024-04-18,273.80082812099823,273.8107163893351,267.29071883303266,269.4409484863281,5918200,0.0,0.0,59646000000.0,2.205315375520485,8472000000.0,20.752565564424174,99823000000.0,0.9853412781110583,2443000000.0,384.72222222222223,12588000000.0,-10.647359454855195
2024-04-19,270.00569639838966,270.65968280082615,266.2799969169548,267.905029296875,4913600,0.0,0.0,59646000000.0,2.205315375520485,8472000000.0,20.752565564424174,99823000000.0,0.9853412781110583,2443000000.0,384.72222222222223,12588000000.0,-10.647359454855195
2024-04-22,276.84280349454264,277.14997479164697,267.1024071064471,271.31365966796875,6747200,0.0,0.0,59646000000.0,2.205315375520485,8472000000.0,20.752565564424174,99823000000.0,0.9853412781110583,2443000000.0,384.72222222222223,12588000000.0,-10.647359454855195
2024-04-23,272.4432929836482,274.1773382338895,267.9446756960044,274.1575012207031,6285200,0.0,0.0,59646000000.0,2.205315375520485,8472000000.0,20.752565564424174,99823000000.0,0.9853412781110583,2443000000.0,384.72222222222223,12588000000.0,-10.647359454855195
2024-04-24,275.4654315697542,276.3968638654326,271.6108827785869,273.67193603515625,3938800,0.0,0.0,59646000000.0,2.205315375520485,8472000000.0,20.752565564424174,99823000000.0,0.9853412781110583,2443000000.0,384.72222222222223,12588000000.0,-10.647359454855195
2024-04-25,269.12381208148736,271.0857409460758,266.82495640726194,270.6497802734375,4811900,0.0,0.0,59646000000.0,2.205315375520485,8472000000.0,20.752565564424174,99823000000.0,0.9853412781110583,2443000000.0,384.72222222222223,12588000000.0,-10.647359454855195
2024-04-26,272.4928557004473,274.3755275646889,270.966887241506,271.7893371582031,3754600,0.0,0.0,59646000000.0,2.205315375520485,8472000000.0,20.752565564424174,99823000000.0,0.9853412781110583,2443000000.0,384.72222222222223,12588000000.0,-10.647359454855195
2024-04-29,272.3838174198447,274.76193035401144,270.72902965619875,273.2260437011719,3576400,0.0,0.0,59646000000.0,2.205315375520485,8472000000.0,20.752565564424174,99823000000.0,0.9853412781110583,2443000000.0,384.72222222222223,12588000000.0,-10.647359454855195
2024-04-30,272.0072930118879,272.1063571171326,265.91333857192257,266.4880676269531,5218000,0.0,0.0,59646000000.0,2.205315375520485,8472000000.0,20.752565564424174,99823000000.0,0.9853412781110583,2443000000.0,384.72222222222223,12588000000.0,-10.647359454855195
2024-05-01,266.56736508598516,271.50197389179135,264.1198825789194,266.2403869628906,3761000,0.0,0.0,59646000000.0,2.205315375520485,8472000000.0,20.752565564424174,99823000000.0,0.9853412781110583,2443000000.0,384.72222222222223,12588000000.0,-10.647359454855195
2024-05-02,267.9644736757149,270.5903074920351,265.4971847629355,269.64898681640625,3859900,0.0,0.0,59646000000.0,2.205315375520485,8472000000.0,20.752565564424174,99823000000.0,0.9853412781110583,2443000000.0,384.72222222222223,12588000000.0,-10.647359454855195
2024-05-03,274.2962328979409,275.138489476099,270.85786775883685,271.1650390625,4041600,0.0,0.0,59646000000.0,2.205315375520485,8472000000.0,20.752565564424174,99823000000.0,0.9853412781110583,2443000000.0,384.72222222222223,12588000000.0,-10.647359454855195
2024-05-06,273.6521812535206,274.60342050070125,271.56140232389225,273.1170959472656,3744800,0.0,0.0,59646000000.0,2.205315375520485,8472000000.0,20.752565564424174,99823000000.0,0.9853412781110583,2443000000.0,384.72222222222223,12588000000.0,-10.647359454855195
2024-05-07,273.0774840373004,276.3374980720876,271.57135253349594,274.6529846191406,3507700,0.0,0.0,59646000000.0,2.205315375520485,8472000000.0,20.752565564424174,99823000000.0,0.9853412781110583,2443000000.0,384.72222222222223,12588000000.0,-10.647359454855195
2024-05-08,273.2162146152036,277.38782409943866,273.2162146152036,276.4266662597656,3283300,0.0,0.0,59646000000.0,2.205315375520485,8472000000.0,20.752565564424174,99823000000.0,0.9853412781110583,2443000000.0,384.72222222222223,12588000000.0,-10.647359454855195
2024-05-09,269.68869680298997,272.8396981560549,268.59871922318126,272.6613464355469,4709700,0.0,0.0,59646000000.0,2.205315375520485,8472000000.0,20.752565564424174,99823000000.0,0.9853412781110583,2443000000.0,384.72222222222223,12588000000.0,-10.647359454855195
2024-05-10,273.58283341139435,277.0905680966923,272.4631306559636,274.14764404296875,2912300,0.0,0.0,59646000000.0,2.205315375520485,8472000000.0,20.752565564424174,99823000000.0,0.9853412781110583,2443000000.0,384.72222222222223,12588000000.0,-10.647359454855195
2024-05-13,274.61332750976595,275.2672836752685,272.6810935754609,274.9898376464844,2998700,0.0,0.0,59646000000.0,2.205315375520485,8472000000.0,20.752565564424174,99823000000.0,0.9853412781110583,2443000000.0,384.72222222222223,12588000000.0,-10.647359454855195
2024-05-14,274.4349426111415,276.3176142317022,272.5324642170787,274.2763977050781,3056800,0.0,0.0,59646000000.0,2.205315375520485,8472000000.0,20.752565564424174,99823000000.0,0.9853412781110583,2443000000.0,384.72222222222223,12588000000.0,-10.647359454855195
2024-05-15,277.18964189299663,285.1761576394696,277.17975362428626,284.9185485839844,5828500,0.0,0.0,59646000000.0,2.205315375520485,8472000000.0,20.752565564424174,99823000000.0,0.9853412781110583,2443000000.0,384.72222222222223,12588000000.0,-10.647359454855195
2024-05-16,286.7813391498252,287.37584469197674,281.985439354599,282.08453369140625,3559200,0.0,0.0,59646000000.0,2.205315375520485,8472000000.0,20.752565564424174,99823000000.0,0.9853412781110583,2443000000.0,384.72222222222223,12588000000.0,-10.647359454855195
2024-05-17,284.42308930970165,284.7203421395908,281.66843554177206,283.006103515625,3478900,0.0,0.0,59646000000.0,2.205315375520485,8472000000.0,20.752565564424174,99823000000.0,0.9853412781110583,2443000000.0,384.72222222222223,12588000000.0,-10.647359454855195
2024-05-20,283.39256764586133,285.0968877937252,282.5106671687175,284.45281982421875,2799300,0.0,0.0,59646000000.0,2.205315375520485,8472000000.0,20.752565564424174,99823000000.0,0.9853412781110583,2443000000.0,384.72222222222223,12588000000.0,-10.647359454855195
2024-05-21,284.1753171111831,284.6013895033686,280.7072269397874,281.1729431152344,3492100,0.0,0.0,59646000000.0,2.205315375520485,8472000000.0,20.752565564424174,99823000000.0,0.9853412781110583,2443000000.0,384.72222222222223,12588000000.0,-10.647359454855195
2024-05-22,280.82615621402806,284.47259841677936,280.25142713680935,281.232421875,3309200,0.0,0.0,59646000000.0,2.205315375520485,8472000000.0,20.752565564424174,99823000000.0,0.9853412781110583,2443000000.0,384.72222222222223,12588000000.0,-10.647359454855195
2024-05-23,284.066351134621,284.3834409743364,274.9304080233627,276.0303039550781,5456600,0.0,0.0,59646000000.0,2.205315375520485,8472000000.0,20.752565564424174,99823000000.0,0.9853412781110583,2443000000.0,384.72222222222223,12588000000.0,-10.647359454855195
2024-05-24,268.4599394698877,272.45319698142663,266.0818261801224,269.80755615234375,8325100,0.0,0.0,59646000000.0,2.205315375520485,8472000000.0,20.752565564424174,99823000000.0,0.9853412781110583,2443000000.0,384.72222222222223,12588000000.0,-10.647359454855195
2024-05-28,270.61017158111247,270.738991218088,264.72432374538636,267.3699645996094,9294100,0.0,0.0,59646000000.0,2.205315375520485,8472000000.0,20.752565564424174,99823000000.0,0.9853412781110583,2443000000.0,384.72222222222223,12588000000.0,-10.647359454855195
2024-05-29,265.55668458787,270.3822806971216,265.3287705768697,269.1436767578125,13397900,0.0,0.0,59646000000.0,2.205315375520485,8472000000.0,20.752565564424174,99823000000.0,0.9853412781110583,2443000000.0,384.72222222222223,12588000000.0,-10.647359454855195
2024-05-30,221.36325872974726,223.03785343839465,210.06719844608256,216.02239990234375,66763300,0.0,0.0,59646000000.0,2.205315375520485,8472000000.0,20.752565564424174,99823000000.0,0.9853412781110583,2443000000.0,384.72222222222223,12588000000.0,-10.647359454855195
2024-05-31,217.11238840283264,232.48097925726063,214.090192038639,232.30262756347656,36807400,0.0,0.0,59646000000.0,2.205315375520485,8472000000.0,20.752565564424174,99823000000.0,0.9853412781110583,2443000000.0,384.72222222222223,12588000000.0,-10.647359454855195
2024-06-03,232.4809719744316,238.79290716543937,228.1111892971803,234.46273803710938,19962700,0.0,0.0,59646000000.0,2.205315375520485,8472000000.0,20.752565564424174,99823000000.0,0.9853412781110583,2443000000.0,384.72222222222223,12588000000.0,-10.647359454855195
2024-06-04,233.5709251823295,238.39652020720771,230.08301303950432,232.71876525878906,11197500,0.0,0.0,59646000000.0,2.205315375520485,8472000000.0,20.752565564424174,99823000000.0,0.9853412781110583,2443000000.0,384.72222222222223,12588000000.0,-10.647359454855195
2024-06-05,233.49168036762615,234.76000945700258,229.43897233798305,234.37356567382812,10772100,0.0,0.0,59646000000.0,2.205315375520485,8472000000.0,20.752565564424174,99823000000.0,0.9853412781110583,2443000000.0,384.72222222222223,12588000000.0,-10.647359454855195
2024-06-06,237.69302015572947,244.50038156401837,237.2669326012087,240.5467529296875,11693800,0.0,0.0,59646000000.0,2.205315375520485,8472000000.0,20.752565564424174,99823000000.0,0.9853412781110583,2443000000.0,384.72222222222223,12588000000.0,-10.647359454855195
2024-06-07,240.12068492544032,241.7060886914091,238.09927509026068,239.6450653076172,6883800,0.0,0.0,59646000000.0,2.205315375520485,8472000000.0,20.752565564424174,99823000000.0,0.9853412781110583,2443000000.0,384.72222222222223,12588000000.0,-10.647359454855195
2024-06-10,239.58559991955033,241.41873956334487,238.23799840100264,239.63514709472656,7656900,0.0,0.0,59646000000.0,2.205315375520485,8472000000.0,20.752565564424174,99823000000.0,0.9853412781110583,2443000000.0,384.72222222222223,12588000000.0,-10.647359454855195
2024-06-11,238.9613560161979,241.52773944454816,234.10602007966133,238.79290771484375,7264400,0.0,0.0,59646000000.0,2.205315375520485,8472000000.0,20.752565564424174,99823000000.0,0.9853412781110583,2443000000.0,384.72222222222223,12588000000.0,-10.647359454855195
2024-06-12,238.36682058388385,239.99186815720196,232.748515587357,233.6502227783203,10260100,0.0,0.0,59646000000.0,2.205315375520485,8472000000.0,20.752565564424174,99823000000.0,0.9853412781110583,2443000000.0,384.72222222222223,12588000000.0,-10.647359454855195
2024-06-13,233.37277664816597,233.50158116134315,226.57531842294526,226.9419403076172,13566700,0.0,0.0,59646000000.0,2.205315375520485,8472000000.0,20.752565564424174,99823000000.0,0.9853412781110583,2443000000.0,384.72222222222223,12588000000.0,-10.647359454855195
2024-06-14,227.25902555522566,233.10522929629576,227.11038403115953,229.82540893554688,8833700,0.0,0.0,59646000000.0,2.205315375520485,8472000000.0,20.752565564424174,99823000000.0,0.9853412781110583,2443000000.0,384.72222222222223,12588000000.0,-10.647359454855195
2024-06-17,228.18053431117028,229.7263093603755,225.69342344299264,228.3787078857422,10563700,0.0,0.0,59646000000.0,2.205315375520485,8472000000.0,20.752565564424174,99823000000.0,0.9853412781110583,2443000000.0,384.72222222222223,12588000000.0,-10.647359454855195
2024-06-18,228.3787179855682,230.17221386222252,227.14011419012456,229.69659423828125,7119800,0.0,0.0,59646000000.0,2.205315375520485,8472000000.0,20.752565564424174,99823000000.0,0.9853412781110583,2443000000.0,384.72222222222223,12588000000.0,-10.647359454855195
2024-06-20,230.72710521832292,241.54754541788233,230.72710521832292,239.5955047607422,14809600,0.0,0.0,59646000000.0,2.205315375520485,8472000000.0,20.752565564424174,99823000000.0,0.9853412781110583,2443000000.0,384.72222222222223,12588000000.0,-10.647359454855195
2024-06-21,238.37675030232322,243.13297700034485,238.00020989285406,242.8258056640625,15719600,0.0,0.0,59646000000.0,2.205315375520485,8472000000.0,20.752565564424174,99823000000.0,0.9853412781110583,2443000000.0,384.72222222222223,12588000000.0,-10.647359454855195
2024-06-24,240.97287263842358,242.18175127580113,237.62368279522897,237.75250244140625,7545700,0.0,0.0,59646000000.0,2.205315375520485,8472000000.0,20.752565564424174,99823000000.0,0.9853412781110583,2443000000.0,384.72222222222223,12588000000.0,-10.647359454855195
2024-06-25,239.5756995798045,240.8836724466538,237.68310934959467,239.55587768554688,6037800,0.0,0.0,59646000000.0,2.205315375520485,8472000000.0,20.752565564424174,99823000000.0,0.9853412781110583,2443000000.0,384.72222222222223,12588000000.0,-10.647359454855195
2024-06-26,239.26852082773965,241.38900985720483,237.7128272498397,240.93319702148438,4524700,0.0,0.0,59646000000.0,2.205315375520485,8472000000.0,20.752565564424174,99823000000.0,0.9853412781110583,2443000000.0,384.72222222222223,12588000000.0,-10.647359454855195
2024-06-27,242.7663317920257,256.2423464618202,242.22134312529238,250.54476928710938,12869000,0.0,0.0,59646000000.0,2.205315375520485,8472000000.0,20.752565564424174,99823000000.0,0.9853412781110583,2443000000.0,384.72222222222223,12588000000.0,-10.647359454855195
2024-06-28,251.18881225731198,257.80790269564346,250.87172247552047,254.75599670410156,12619300,0.0,0.0,59646000000.0,2.205315375520485,8472000000.0,20.752565564424174,99823000000.0,0.9853412781110583,2443000000.0,384.72222222222223,12588000000.0,-10.647359454855195
2024-07-01,255.79643035386945,257.11432162613534,252.20943887307047,253.87411499023438,5871700,0.0,0.0,59646000000.0,2.205315375520485,8472000000.0,20.752565564424174,99823000000.0,0.9853412781110583,2443000000.0,384.72222222222223,12588000000.0,-10.647359454855195
2024-07-02,252.72471829823348,255.38029266481706,251.74373866137842,253.8543243408203,5130600,0.0,0.0,59646000000.0,2.205315375520485,8472000000.0,20.752565564424174,99823000000.0,0.9853412781110583,2443000000.0,384.72222222222223,12588000000.0,-10.647359454855195
2024-07-03,254.63717636171944,258.83851146532777,254.59753256658476,258.57098388671875,4755700,0.0,0.0,59646000000.0,2.205315375520485,8472000000.0,20.752565564424174,99823000000.0,0.9853412781110583,2443000000.0,384.72222222222223,12588000000.0,-10.647359454855195
2024-07-05,260.3247806108177,263.3866054243531,258.937550471257,260.7904968261719,6562100,0.0,0.0,59646000000.0,2.205315375520485,8472000000.0,20.752565564424174,99823000000.0,0.9853412781110583,2443000000.0,384.72222222222223,12588000000.0,-10.647359454855195
2024-07-08,258.9970101812734,260.44369093225504,254.84520788307165,255.0235595703125,6539300,0.0,0.0,59646000000.0,2.205315375520485,8472000000.0,20.752565564424174,99823000000.0,0.9853412781110583,2443000000.0,384.72222222222223,12588000000.0,-10.647359454855195
2024-07-09,254.15024052862702,255.05335136042177,249.18811307025305,250.51795959472656,7014900,0.4,0.0,59646000000.0,2.205315375520485,8472000000.0,20.752565564424174,99823000000.0,0.9853412781110583,2443000000.0,384.72222222222223,12588000000.0,-10.647359454855195
2024-07-10,249.297286949005,252.87002486902665,244.2458446996727,250.6767578125,8947700,0.0,0.0,59646000000.0,2.205315375520485,8472000000.0,20.752565564424174,99823000000.0,0.9853412781110583,2443000000.0,384.72222222222223,12588000000.0,-10.647359454855195
2024-07-11,250.6866655053135,253.48529729689116,249.01938293617803,249.21786499023438,5341800,0.0,0.0,59646000000.0,2.205315375520485,8472000000.0,20.752565564424174,99823000000.0,0.9853412781110583,2443000000.0,384.72222222222223,12588000000.0,-10.647359454855195
2024-07-12,249.71407416125868,253.3562735600182,247.79870040908025,252.04627990722656,4705500,0.0,0.0,59646000000.0,2.205315375520485,8472000000.0,20.752565564424174,99823000000.0,0.9853412781110583,2443000000.0,384.72222222222223,12588000000.0,-10.647359454855195
2024-07-15,254.080755089787,254.44797795018172,250.21030185728026,250.9447021484375,4404300,0.0,0.0,59646000000.0,2.205315375520485,8472000000.0,20.752565564424174,99823000000.0,0.9853412781110583,2443000000.0,384.72222222222223,12588000000.0,-10.647359454855195
2024-07-16,251.85772575401742,254.83500205985877,250.7561329151277,254.09068298339844,4780400,0.0,0.0,59646000000.0,2.205315375520485,8472000000.0,20.752565564424174,99823000000.0,0.9853412781110583,2443000000.0,384.72222222222223,12588000000.0,-10.647359454855195
2024-07-17,252.07606495985107,253.6341801891708,247.71931782867497,249.31712341308594,5625300,0.0,0.0,59646000000.0,2.205315375520485,8472000000.0,20.752565564424174,99823000000.0,0.9853412781110583,2443000000.0,384.72222222222223,12588000000.0,-10.647359454855195
2024-07-18,250.23013610462854,250.5377855512328,243.85876694663924,245.47642517089844,6351600,0.0,0.0,59646000000.0,2.205315375520485,8472000000.0,20.752565564424174,99823000000.0,0.9853412781110583,2443000000.0,384.72222222222223,12588000000.0,-10.647359454855195
2024-07-19,246.7665812899307,247.10401745068327,243.31294497516012,245.7543182373047,4468900,0.0,0.0,59646000000.0,2.205315375520485,8472000000.0,20.752565564424174,99823000000.0,0.9853412781110583,2443000000.0,384.72222222222223,12588000000.0,-10.647359454855195
2024-07-22,246.86582715301734,253.6440946966553,246.12150807617408,252.15545654296875,5647600,0.0,0.0,59646000000.0,2.205315375520485,8472000000.0,20.752565564424174,99823000000.0,0.9853412781110583,2443000000.0,384.72222222222223,12588000000.0,-10.647359454855195
2024-07-23,254.64645243704945,255.38083760681855,251.82796768433244,254.12046813964844,3905500,0.0,0.0,59646000000.0,2.205315375520485,8472000000.0,20.752565564424174,99823000000.0,0.9853412781110583,2443000000.0,384.72222222222223,12588000000.0,-10.647359454855195
2024-07-24,251.70887509675995,253.97160394157453,247.0146917523482,247.88803100585938,5204100,0.0,0.0,59646000000.0,2.205315375520485,8472000000.0,20.752565564424174,99823000000.0,0.9853412781110583,2443000000.0,384.72222222222223,12588000000.0,-10.647359454855195
2024-07-25,252.8104795399874,262.07971501374357,249.81335026358818,254.5769805908203,7155800,0.0,0.0,59646000000.0,2.205315375520485,8472000000.0,20.752565564424174,99823000000.0,0.9853412781110583,2443000000.0,384.72222222222223,12588000000.0,-10.647359454855195
2024-07-26,256.2144728514621,262.4865782150858,255.12279887971118,260.7200622558594,6127300,0.0,0.0,59646000000.0,2.205315375520485,8472000000.0,20.752565564424174,99823000000.0,0.9853412781110583,2443000000.0,384.72222222222223,12588000000.0,-10.647359454855195
2024-07-29,260.7201055237692,264.06457475275147,256.56184008202604,256.6313171386719,5101400,0.0,0.0,59646000000.0,2.205315375520485,8472000000.0,20.752565564424174,99823000000.0,0.9853412781110583,2443000000.0,384.72222222222223,12588000000.0,-10.647359454855195
2024-07-30,257.6534892672958,258.774934866331,253.18757476337063,255.97628784179688,3944300,0.0,0.0,59646000000.0,2.205315375520485,8472000000.0,20.752565564424174,99823000000.0,0.9853412781110583,2443000000.0,384.72222222222223,12588000000.0,-10.647359454855195
2024-07-31,254.2693129128377,259.8467390268826,253.41584157389798,256.8396911621094,4647700,0.0,0.0,59646000000.0,2.205315375520485,8472000000.0,20.752565564424174,99823000000.0,0.9853412781110583,2443000000.0,384.72222222222223,12588000000.0,-10.647359454855195
2024-08-01,257.93135942526783,261.3651428826216,247.84832871285803,251.14317321777344,5527400,0.0,0.0,59646000000.0,2.205315375520485,8472000000.0,20.752565564424174,99823000000.0,0.9853412781110583,2443000000.0,384.72222222222223,12588000000.0,-10.647359454855195
2024-08-02,245.91309716367417,246.12151317251843,239.29362118706632,242.12203979492188,6504500,0.0,0.0,59646000000.0,2.205315375520485,8472000000.0,20.752565564424174,99823000000.0,0.9853412781110583,2443000000.0,384.72222222222223,12588000000.0,-10.647359454855195
2024-08-05,230.56030154293202,239.98834387938524,230.45113413120254,237.19961547851562,6899300,0.0,0.0,59646000000.0,2.205315375520485,8472000000.0,20.752565564424174,99823000000.0,0.9853412781110583,2443000000.0,384.72222222222223,12588000000.0,-10.647359454855195
2024-08-06,239.26384884957946,242.0029527917453,236.22702938605704,236.61407470703125,5673900,0.0,0.0,59646000000.0,2.205315375520485,8472000000.0,20.752565564424174,99823000000.0,0.9853412781110583,2443000000.0,384.72222222222223,12588000000.0,-10.647359454855195
2024-08-07,240.7723270473277,244.66263280052738,237.84467514417497,238.22178649902344,4035500,0.0,0.0,59646000000.0,2.205315375520485,8472000000.0,20.752565564424174,99823000000.0,0.9853412781110583,2443000000.0,384.72222222222223,12588000000.0,-10.647359454855195
2024-08-08,241.39758066626442,247.5406817043088,241.2387889541337,247.2330322265625,4474300,0.0,0.0,59646000000.0,2.205315375520485,8472000000.0,20.752565564424174,99823000000.0,0.9853412781110583,2443000000.0,384.72222222222223,12588000000.0,-10.647359454855195
2024-08-09,246.81621139103137,251.03401963905554,246.56810502350055,250.61720275878906,2975300,0.0,0.0,59646000000.0,2.205315375520485,8472000000.0,20.752565564424174,99823000000.0,0.9853412781110583,2443000000.0,384.72222222222223,12588000000.0,-10.647359454855195
2024-08-12,250.68668573115164,252.16539002490444,247.13380064701283,249.4064483642578,3679700,0.0,0.0,59646000000.0,2.205315375520485,8472000000.0,20.752565564424174,99823000000.0,0.9853412781110583,2443000000.0,384.72222222222223,12588000000.0,-10.647359454855195
2024-08-13,251.08365244338995,253.84259413229913,251.08365244338995,252.67153930664062,4031600,0.0,0.0,59646000000.0,2.205315375520485,8472000000.0,20.752565564424174,99823000000.0,0.9853412781110583,2443000000.0,384.72222222222223,12588000000.0,-10.647359454855195
2024-08-14,253.4555550521553,255.75797440320804,251.937145205401,253.38609313964844,4145200,0.0,0.0,59646000000.0,2.205315375520485,8472000000.0,20.752565564424174,99823000000.0,0.9853412781110583,2443000000.0,384.72222222222223,12588000000.0,-10.647359454855195
2024-08-15,255.94652439299588,260.89874811667676,254.29909446724307,260.79949951171875,5167900,0.0,0.0,59646000000.0,2.205315375520485,8472000000.0,20.752565564424174,99823000000.0,0.9853412781110583,2443000000.0,384.72222222222223,12588000000.0,-10.647359454855195
2024-08-16,259.76736194339315,261.6033550860462,257.7130339899421,260.9185791015625,3494900,0.0,0.0,59646000000.0,2.205315375520485,8472000000.0,20.752565564424174,99823000000.0,0.9853412781110583,2443000000.0,384.72222222222223,12588000000.0,-10.647359454855195
2024-08-19,261.107113957355,263.3797764743866,259.64824749081237,263.3698425292969,4501300,0.0,0.0,59646000000.0,2.205315375520485,8472000000.0,20.752565564424174,99823000000.0,0.9853412781110583,2443000000.0,384.72222222222223,12588000000.0,-10.647359454855195
2024-08-20,262.9431176290023,263.48893947568365,259.05279679734815,259.8566589355469,5731300,0.0,0.0,59646000000.0,2.205315375520485,8472000000.0,20.752565564424174,99823000000.0,0.9853412781110583,2443000000.0,384.72222222222223,12588000000.0,-10.647359454855195
2024-08-21,259.1222996691414,260.1544306516618,257.21682941575153,259.11236572265625,4648200,0.0,0.0,59646000000.0,2.205315375520485,8472000000.0,20.752565564424174,99823000000.0,0.9853412781110583,2443000000.0,384.72222222222223,12588000000.0,-10.647359454855195
2024-08-22,259.519279098769,261.2659577434413,255.32130815516769,256.6313171386719,5111400,0.0,0.0,59646000000.0,2.205315375520485,8472000000.0,20.752565564424174,99823000000.0,0.9853412781110583,2443000000.0,384.72222222222223,12588000000.0,-10.647359454855195
2024-08-23,260.0055204333568,263.58819187049414,258.72531347565183,262.00030517578125,4711300,0.0,0.0,59646000000.0,2.205315375520485,8472000000.0,20.752565564424174,99823000000.0,0.9853412781110583,2443000000.0,384.72222222222223,12588000000.0,-10.647359454855195
2024-08-26,261.94075301177,265.27528769751615,261.2460431423636,263.2705993652344,3818300,0.0,0.0,59646000000.0,2.205315375520485,8472000000.0,20.752565564424174,99823000000.0,0.9853412781110583,2443000000.0,384.72222222222223,12588000000.0,-10.647359454855195
2024-08-27,257.68326794850907,262.45683204963876,257.4351615803156,262.1988220214844,5276400,0.0,0.0,59646000000.0,2.205315375520485,8472000000.0,20.752565564424174,99823000000.0,0.9853412781110583,2443000000.0,384.72222222222223,12588000000.0,-10.647359454855195
2024-08-28,259.84673352836006,263.17136473158683,255.41059070425726,256.9389343261719,10981900,0.0,0.0,59646000000.0,2.205315375520485,8472000000.0,20.752565564424174,99823000000.0,0.9853412781110583,2443000000.0,384.72222222222223,12588000000.0,-10.647359454855195
2024-08-29,268.9572346944572,269.89011705354534,254.33879670639917,255.0632781982422,14301700,0.0,0.0,59646000000.0,2.205315375520485,8472000000.0,20.752565564424174,99823000000.0,0.9853412781110583,2443000000.0,384.72222222222223,12588000000.0,-10.647359454855195
2024-08-30,255.49002581489748,257.16722735035194,249.09880310514254,250.98440551757812,10507700,0.0,0.0,59646000000.0,2.205315375520485,8472000000.0,20.752565564424174,99823000000.0,0.9853412781110583,2443000000.0,384.72222222222223,12588000000.0,-10.647359454855195
2024-09-03,250.70651853199575,251.76842105849283,244.7718184343568,246.18106079101562,6190400,0.0,0.0,59646000000.0,2.205315375520485,8472000000.0,20.752565564424174,99823000000.0,0.9853412781110583,2443000000.0,384.72222222222223,12588000000.0,-10.647359454855195
2024-09-04,244.6030982639624,247.59029337283204,243.30302336655805,245.80392456054688,4706500,0.0,0.0,59646000000.0,2.205315375520485,8472000000.0,20.752565564424174,99823000000.0,0.9853412781110583,2443000000.0,384.72222222222223,12588000000.0,-10.647359454855195
2024-09-05,244.11679835287862,246.61771462864823,243.14422569021656,244.2557373046875,4083600,0.0,0.0,59646000000.0,2.205315375520485,8472000000.0,20.752565564424174,99823000000.0,0.9853412781110583,2443000000.0,384.72222222222223,12588000000.0,-10.647359454855195
2024-09-06,245.8634880054257,248.10636408520003,239.6112046018365,242.12203979492188,6259400,0.0,0.0,59646000000.0,2.205315375520485,8472000000.0,20.752565564424174,99823000000.0,0.9853412781110583,2443000000.0,384.72222222222223,12588000000.0,-10.647359454855195
2024-09-09,244.63286828670854,247.47120561982027,242.91597653436926,243.89846801757812,4588800,0.0,0.0,59646000000.0,2.205315375520485,8472000000.0,20.752565564424174,99823000000.0,0.9853412781110583,2443000000.0,384.72222222222223,12588000000.0,-10.647359454855195
2024-09-10,245.25810984446932,245.4665107117795,241.46703730200656,244.2954559326172,3544800,0.0,0.0,59646000000.0,2.205315375520485,8472000000.0,20.752565564424174,99823000000.0,0.9853412781110583,2443000000.0,384.72222222222223,12588000000.0,-10.647359454855195
2024-09-11,242.95567163806277,248.1262148880518,240.17687735346405,247.67962646484375,4822200,0.0,0.0,59646000000.0,2.205315375520485,8472000000.0,20.752565564424174,99823000000.0,0.9853412781110583,2443000000.0,384.72222222222223,12588000000.0,-10.647359454855195
2024-09-12,249.48582285398723,252.2149927275471,247.67961648486406,251.45082092285156,5219700,0.0,0.0,59646000000.0,2.205315375520485,8472000000.0,20.752565564424174,99823000000.0,0.9853412781110583,2443000000.0,384.72222222222223,12588000000.0,-10.647359454855195
2024-09-13,250.6271165545376,254.88461507329134,250.53780189838156,252.64175415039062,4998900,0.0,0.0,59646000000.0,2.205315375520485,8472000000.0,20.752565564424174,99823000000.0,0.9853412781110583,2443000000.0,384.72222222222223,12588000000.0,-10.647359454855195
2024-09-16,252.64174791340054,255.8571966013221,252.64174791340054,254.96401977539062,5367000,0.0,0.0,59646000000.0,2.205315375520485,8472000000.0,20.752565564424174,99823000000.0,0.9853412781110583,2443000000.0,384.72222222222223,12588000000.0,-10.647359454855195
2024-09-17,256.7602946700351,257.40536510760313,252.83028351530996,253.2570343017578,5423400,0.0,0.0,59646000000.0,2.205315375520485,8472000000.0,20.752565564424174,99823000000.0,0.9853412781110583,2443000000.0,384.72222222222223,12588000000.0,-10.647359454855195
2024-09-18,254.4597833606113,254.5790565306264,249.45011304917267,250.9112548828125,4436700,0.4,0.0,59646000000.0,2.205315375520485,8472000000.0,20.752565564424174,99823000000.0,0.9853412781110583,2443000000.0,384.72222222222223,12588000000.0,-10.647359454855195
2024-09-19,259.15136657070315,267.9183078891025,256.49741740945814,264.3896484375,11022800,0.0,0.0,59646000000.0,2.205315375520485,8472000000.0,20.752565564424174,99823000000.0,0.9853412781110583,2443000000.0,384.72222222222223,12588000000.0,-10.647359454855195
2024-09-20,264.40953812562174,268.6936042207074,259.7477534791234,265.19476318359375,11463200,0.0,0.0,59646000000.0,2.205315375520485,8472000000.0,20.752565564424174,99823000000.0,0.9853412781110583,2443000000.0,384.72222222222223,12588000000.0,-10.647359454855195
2024-09-23,265.642079538368,266.4472037138062,260.66221269964717,262.620361328125,6034000,0.0,0.0,59646000000.0,2.205315375520485,8472000000.0,20.752565564424174,99823000000.0,0.9853412781110583,2443000000.0,384.72222222222223,12588000000.0,-10.647359454855195
2024-09-24,268.20658147634845,270.820763198128,264.6879013723453,268.81292724609375,7154500,0.0,0.0,59646000000.0,2.205315375520485,8472000000.0,20.752565564424174,99823000000.0,0.9853412781110583,2443000000.0,384.72222222222223,12588000000.0,-10.647359454855195
2024-09-25,268.8228340136519,275.3831004634625,267.75926445059474,272.44091796875,7920000,0.0,0.0,59646000000.0,2.205315375520485,8472000000.0,20.752565564424174,99823000000.0,0.9853412781110583,2443000000.0,384.72222222222223,12588000000.0,-10.647359454855195
2024-09-26,274.46869070189405,276.96359919368376,271.0692535125472,274.1009216308594,5253400,0.0,0.0,59646000000.0,2.205315375520485,8472000000.0,20.752565564424174,99823000000.0,0.9853412781110583,2443000000.0,384.72222222222223,12588000000.0,-10.647359454855195
2024-09-27,274.5978978627765,276.1683784826955,273.40510550118927,274.9756164550781,5220100,0.0,0.0,59646000000.0,2.205315375520485,8472000000.0,20.752565564424174,99823000000.0,0.9853412781110583,2443000000.0,384.72222222222223,12588000000.0,-10.647359454855195
2024-09-30,272.30180910399594,274.08101784056555,267.5207505946754,272.063232421875,5059700,0.0,0.0,59646000000.0,2.205315375520485,8472000000.0,20.752565564424174,99823000000.0,0.9853412781110583,2443000000.0,384.72222222222223,12588000000.0,-10.647359454855195
2024-10-01,272.49064074356914,273.04726905538905,268.0674022055334,269.24029541015625,4369900,0.0,0.0,59646000000.0,2.205315375520485,8472000000.0,20.752565564424174,99823000000.0,0.9853412781110583,2443000000.0,384.72222222222223,12588000000.0,-10.647359454855195
2024-10-02,272.07316821126585,280.3033504800884,269.22044038428305,277.79852294921875,8512300,0.0,0.0,59646000000.0,2.205315375520485,8472000000.0,20.752565564424174,99823000000.0,0.9853412781110583,2443000000.0,384.72222222222223,12588000000.0,-10.647359454855195
2024-10-03,277.3114479938942,279.428637710237,276.05904940631547,279.21990966796875,3868400,0.0,0.0,59646000000.0,2.205315375520485,8472000000.0,20.752565564424174,99823000000.0,0.9853412781110583,2443000000.0,384.72222222222223,12588000000.0,-10.647359454855195
2024-10-04,282.15215771643363,286.15794056872767,279.7765527906642,286.0187683105469,6129900,0.0,0.0,59646000000.0,2.205315375520485,8472000000.0,20.752565564424174,99823000000.0,0.9853412781110583,2443000000.0,384.72222222222223,12588000000.0,-10.647359454855195
2024-10-07,284.85579649327434,286.43625705431225,281.67506728808536,282.85791015625,4794700,0.0,0.0,59646000000.0,2.205315375520485,8472000000.0,20.752565564424174,99823000000.0,0.9853412781110583,2443000000.0,384.72222222222223,12588000000.0,-10.647359454855195
2024-10-08,284.2793001503219,290.8694160526965,282.39073743989366,289.8157958984375,5211200,0.0,0.0,59646000000.0,2.205315375520485,8472000000.0,20.752565564424174,99823000000.0,0.9853412781110583,2443000000.0,384.72222222222223,12588000000.0,-10.647359454855195
2024-10-09,289.0702594137165,289.8157469630603,285.35274087389166,286.1877136230469,4851000,0.0,0.0,59646000000.0,2.205315375520485,8472000000.0,20.752565564424174,99823000000.0,0.9853412781110583,2443000000.0,384.72222222222223,12588000000.0,-10.647359454855195
2024-10-10,286.1877012668872,288.4838003930148,282.90753799101583,288.4241638183594,3965500,0.0,0.0,59646000000.0,2.205315375520485,8472000000.0,20.752565564424174,99823000000.0,0.9853412781110583,2443000000.0,384.72222222222223,12588000000.0,-10.647359454855195
2024-10-11,287.4699758886068,288.49377773846703,284.57748009904736,286.3666687011719,3597000,0.0,0.0,59646000000.0,2.205315375520485,8472000000.0,20.752565564424174,99823000000.0,0.9853412781110583,2443000000.0,384.72222222222223,12588000000.0,-10.647359454855195
2024-10-14,288.17569272612997,290.6904696199365,286.51572703176697,289.8853454589844,3642500,0.0,0.0,59646000000.0,2.205315375520485,8472000000.0,20.752565564424174,99823000000.0,0.9853412781110583,2443000000.0,384.72222222222223,12588000000.0,-10.647359454855195
2024-10-15,291.6943838500324,291.8136570143212,286.26724253711086,286.6151428222656,3850800,0.0,0.0,59646000000.0,2.205315375520485,8472000000.0,20.752565564424174,99823000000.0,0.9853412781110583,2443000000.0,384.72222222222223,12588000000.0,-10.647359454855195
2024-10-16,285.8199330289893,289.16968278424986,282.51993098129304,289.1100158691406,3497000,0.0,0.0,59646000000.0,2.205315375520485,8472000000.0,20.752565564424174,99823000000.0,0.9853412781110583,2443000000.0,384.72222222222223,12588000000.0,-10.647359454855195
2024-10-17,290.20338193819947,291.5750838693013,288.3545873938209,289.3584899902344,2830000,0.0,0.0,59646000000.0,2.205315375520485,8472000000.0,20.752565564424174,99823000000.0,0.9853412781110583,2443000000.0,384.72222222222223,12588000000.0,-10.647359454855195
2024-10-18,290.2829416938314,292.9368605773915,288.40429837120433,291.1775207519531,3087900,0.0,0.0,59646000000.0,2.205315375520485,8472000000.0,20.752565564424174,99823000000.0,0.9853412781110583,2443000000.0,384.72222222222223,12588000000.0,-10.647359454855195
2024-10-21,287.26124477225807,291.1576736192302,286.30702906168204,289.5374755859375,2712600,0.0,0.0,59646000000.0,2.205315375520485,8472000000.0,20.752565564424174,99823000000.0,0.9853412781110583,2443000000.0,384.72222222222223,12588000000.0,-10.647359454855195
2024-10-22,288.0067152593296,290.1835415218294,285.9193438705528,286.5952453613281,3100100,0.0,0.0,59646000000.0,2.205315375520485,8472000000.0,20.752565564424174,99823000000.0,0.9853412781110583,2443000000.0,384.72222222222223,12588000000.0,-10.647359454855195
2024-10-23,285.9988832311509,286.56543077204896,280.9196117750457,282.7187194824219,3227100,0.0,0.0,59646000000.0,2.205315375520485,8472000000.0,20.752565564424174,99823000000.0,0.9853412781110583,2443000000.0,384.72222222222223,12588000000.0,-10.647359454855195
2024-10-24,284.83592016275986,287.1717875433635,283.46421802717265,285.03472900390625,3210700,0.0,0.0,59646000000.0,2.205315375520485,8472000000.0,20.752565564424174,99823000000.0,0.9853412781110583,2443000000.0,384.72222222222223,12588000000.0,-10.647359454855195
2024-10-25,288.2552394236773,292.60889237599457,287.0922652831929,288.71246337890625,3351200,0.0,0.0,59646000000.0,2.205315375520485,8472000000.0,20.752565564424174,99823000000.0,0.9853412781110583,2443000000.0,384.72222222222223,12588000000.0,-10.647359454855195
2024-10-28,291.8335727445935,294.28871329614765,290.7302352440476,292.0025329589844,3867800,0.0,0.0,59646000000.0,2.205315375520485,8472000000.0,20.752565564424174,99823000000.0,0.9853412781110583,2443000000.0,384.72222222222223,12588000000.0,-10.647359454855195
2024-10-29,292.2311720979356,298.79146978325497,291.04832921272623,297.0917663574219,4280700,0.0,0.0,59646000000.0,2.205315375520485,8472000000.0,20.752565564424174,99823000000.0,0.9853412781110583,2443000000.0,384.72222222222223,12588000000.0,-10.647359454855195
2024-10-30,295.28271208795894,297.7378527663438,294.5670426904629,294.6167297363281,2826500,0.0,0.0,59646000000.0,2.205315375520485,8472000000.0,20.752565564424174,99823000000.0,0.9853412781110583,2443000000.0,384.72222222222223,12588000000.0,-10.647359454855195
2024-10-31,290.8395845289267,294.308577312941,287.80791658722734,289.6169738769531,4301800,0.0,0.0,59646000000.0,2.205315375520485,8472000000.0,20.752565564424174,99823000000.0,0.9853412781110583,2443000000.0,384.72222222222223,12588000000.0,-10.647359454855195
2024-11-01,288.48383181273715,295.2031394054417,288.2552046956811,292.9468078613281,3527500,0.0,0.0,59646000000.0,2.205315375520485,8472000000.0,20.752565564424174,99823000000.0,0.9853412781110583,2443000000.0,384.72222222222223,12588000000.0,-10.647359454855195
2024-11-04,296.1971419313155,298.37396828530456,291.15766849597,296.217041015625,5107900,0.0,0.0,59646000000.0,2.205315375520485,8472000000.0,20.752565564424174,99823000000.0,0.9853412781110583,2443000000.0,384.72222222222223,12588000000.0,-10.647359454855195
2024-11-05,295.65044723718,297.0121997445248,292.96667972103404,295.70013427734375,4456100,0.0,0.0,59646000000.0,2.205315375520485,8472000000.0,20.752565564424174,99823000000.0,0.9853412781110583,2443000000.0,384.72222222222223,12588000000.0,-10.647359454855195
2024-11-06,303.1649652627619,306.70354406993107,301.2465844020714,305.05352783203125,5874900,0.0,0.0,59646000000.0,2.205315375520485,8472000000.0,20.752565564424174,99823000000.0,0.9853412781110583,2443000000.0,384.72222222222223,12588000000.0,-10.647359454855195
2024-11-07,305.64995234021944,310.31173777986606,304.1589769629501,308.91021728515625,5722600,0.0,0.0,59646000000.0,2.205315375520485,8472000000.0,20.752565564424174,99823000000.0,0.9853412781110583,2443000000.0,384.72222222222223,12588000000.0,-10.647359454855195
2024-11-08,308.16473318940564,320.8678423384869,307.57828650758563,320.0130310058594,8485000,0.0,0.0,59646000000.0,2.205315375520485,8472000000.0,20.752565564424174,99823000000.0,0.9853412781110583,2443000000.0,384.72222222222223,12588000000.0,-10.647359454855195
2024-11-11,323.29312227508075,342.80502256359586,323.29312227508075,339.6739807128906,13954200,0.0,0.0,59646000000.0,2.205315375520485,8472000000.0,20.752565564424174,99823000000.0,0.9853412781110583,2443000000.0,384.72222222222223,12588000000.0,-10.647359454855195
2024-11-12,337.24867835020376,346.7610776210309,336.47337241484547,339.09747314453125,7659700,0.0,0.0,59646000000.0,2.205315375520485,8472000000.0,20.752565564424174,99823000000.0,0.9853412781110583,2443000000.0,384.72222222222223,12588000000.0,-10.647359454855195
2024-11-13,343.4212882790335,346.095106235333,336.7317686175086,339.6640319824219,6902900,0.0,0.0,59646000000.0,2.205315375520485,8472000000.0,20.752565564424174,99823000000.0,0.9853412781110583,2443000000.0,384.72222222222223,12588000000.0,-10.647359454855195
2024-11-14,340.37972338019847,343.918302330056,328.8296395831272,329.6546325683594,7630600,0.0,0.0,59646000000.0,2.205315375520485,8472000000.0,20.752565564424174,99823000000.0,0.9853412781110583,2443000000.0,384.72222222222223,12588000000.0,-10.647359454855195
2024-11-15,324.9630361346331,328.273018357552,322.2295813602451,323.3031005859375,7093000,0.0,0.0,59646000000.0,2.205315375520485,8472000000.0,20.752565564424174,99823000000.0,0.9853412781110583,2443000000.0,384.72222222222223,12588000000.0,-10.647359454855195
2024-11-18,325.03257847350176,325.03257847350176,318.283422555419,320.3111572265625,4250400,0.0,0.0,59646000000.0,2.205315375520485,8472000000.0,20.752565564424174,99823000000.0,0.9853412781110583,2443000000.0,384.72222222222223,12588000000.0,-10.647359454855195
2024-11-19,317.0807302856705,322.74644825821815,314.09877984411247,321.48406982421875,5469900,0.0,0.0,59646000000.0,2.205315375520485,8472000000.0,20.752565564424174,99823000000.0,0.9853412781110583,2443000000.0,384.72222222222223,12588000000.0,-10.647359454855195
2024-11-20,323.3329111104899,325.2910598788164,320.07264634400394,323.7404479980469,3763500,0.0,0.0,59646000000.0,2.205315375520485,8472000000.0,20.752565564424174,99823000000.0,0.9853412781110583,2443000000.0,384.72222222222223,12588000000.0,-10.647359454855195
2024-11-21,329.3564261689145,340.87669085231374,326.6229716486766,333.759765625,8364200,0.0,0.0,59646000000.0,2.205315375520485,8472000000.0,20.752565564424174,99823000000.0,0.9853412781110583,2443000000.0,384.72222222222223,12588000000.0,-10.647359454855195
2024-11-22,336.910713005545,340.7474746817521,333.75977202395035,339.96221923828125,5649400,0.0,0.0,59646000000.0,2.205315375520485,8472000000.0,20.752565564424174,99823000000.0,0.9853412781110583,2443000000.0,384.72222222222223,12588000000.0,-10.647359454855195
2024-11-25,342.9243100854611,345.7571691486131,336.25468924368715,337.0697326660156,7117200,0.0,0.0,59646000000.0,2.205315375520485,8472000000.0,20.752565564424174,99823000000.0,0.9853412781110583,2443000000.0,384.72222222222223,12588000000.0,-10.647359454855195
2024-11-26,339.922502841759,341.7414793778941,337.09959322065896,341.1152648925781,4492800,0.0,0.0,59646000000.0,2.205315375520485,8472000000.0,20.752565564424174,99823000000.0,0.9853412781110583,2443000000.0,384.72222222222223,12588000000.0,-10.647359454855195
2024-11-27,334.43571212486984,335.3501903798866,326.9013298162052,328.0245361328125,7471500,0.0,0.0,59646000000.0,2.205315375520485,8472000000.0,20.752565564424174,99823000000.0,0.9853412781110583,2443000000.0,384.72222222222223,12588000000.0,-10.647359454855195
2024-11-29,327.35852494078,329.9925751706378,325.28110304878004,328.0046081542969,3517600,0.0,0.0,59646000000.0,2.205315375520485,8472000000.0,20.752565564424174,99823000000.0,0.9853412781110583,2443000000.0,384.72222222222223,12588000000.0,-10.647359454855195
2024-12-02,330.0024970184029,332.4874555802885,328.1238537853134,329.0184631347656,6063400,0.0,0.0,59646000000.0,2.205315375520485,8472000000.0,20.752565564424174,99823000000.0,0.9853412781110583,2443000000.0,384.72222222222223,12588000000.0,-10.647359454855195
2024-12-03,325.4301913182135,330.7976961429256,321.7027531991122,329.4359436035156,12632400,0.0,0.0,59646000000.0,2.205315375520485,8472000000.0,20.752565564424174,99823000000.0,0.9853412781110583,2443000000.0,384.72222222222223,12588000000.0,-10.647359454855195
2024-12-04,364.60311810290955,366.77994459102115,354.50424119170884,365.65673828125,24733100,0.0,0.0,59646000000.0,2.205315375520485,8472000000.0,20.752565564424174,99823000000.0,0.9853412781110583,2443000000.0,384.72222222222223,12588000000.0,-10.647359454855195
2024-12-05,358.6093838327072,363.251300356563,354.5241260039135,359.2057800292969,10942100,0.0,0.0,59646000000.0,2.205315375520485,8472000000.0,20.752565564424174,99823000000.0,0.9853412781110583,2443000000.0,384.72222222222223,12588000000.0,-10.647359454855195
2024-12-06,362.7940232149199,364.94103118692595,358.9174936823959,359.81207275390625,5738900,0.0,0.0,59646000000.0,2.205315375520485,8472000000.0,20.752565564424174,99823000000.0,0.9853412781110583,2443000000.0,384.72222222222223,12588000000.0,-10.647359454855195
2024-12-09,359.523830270804,359.523830270804,348.6794670623645,349.45477294921875,6475000,0.0,0.0,59646000000.0,2.205315375520485,8472000000.0,20.752565564424174,99823000000.0,0.9853412781110583,2443000000.0,384.72222222222223,12588000000.0,-10.647359454855195
2024-12-10,349.2361211245878,353.3511971862421,345.3396923200443,346.7213439941406,6033000,0.0,0.0,59646000000.0,2.205315375520485,8472000000.0,20.752565564424174,99823000000.0,0.9853412781110583,2443000000.0,384.72222222222223,12588000000.0,-10.647359454855195
2024-12-11,351.36322401511745,358.0328752602958,349.7629251116972,352.7150573730469,7546600,0.0,0.0,59646000000.0,2.205315375520485,8472000000.0,20.752565564424174,99823000000.0,0.9853412781110583,2443000000.0,384.72222222222223,12588000000.0,-10.647359454855195
2024-12-12,352.86414669985584,357.83406425900876,350.7966743421948,355.87591552734375,5422000,0.0,0.0,59646000000.0,2.205315375520485,8472000000.0,20.752565564424174,99823000000.0,0.9853412781110583,2443000000.0,384.72222222222223,12588000000.0,-10.647359454855195
2024-12-13,361.81001737290944,362.6051920906901,350.37920638447963,352.1783142089844,5538000,0.0,0.0,59646000000.0,2.205315375520485,8472000000.0,20.752565564424174,99823000000.0,0.9853412781110583,2443000000.0,384.72222222222223,12588000000.0,-10.647359454855195
2024-12-16,348.66951360389334,355.91566145260634,348.4508360313928,355.0807189941406,5482300,0.0,0.0,59646000000.0,2.205315375520485,8472000000.0,20.752565564424174,99823000000.0,0.9853412781110583,2443000000.0,384.72222222222223,12588000000.0,-10.647359454855195
2024-12-17,354.752713451387,355.0807450011476,347.00957331022454,348.8583984375,6911000,0.0,0.0,59646000000.0,2.205315375520485,8472000000.0,20.752565564424174,99823000000.0,0.9853412781110583,2443000000.0,384.72222222222223,12588000000.0,-10.647359454855195
2024-12-18,352.7691970111724,353.03786783643295,333.60322189284557,335.5835266113281,8400000,0.4,0.0,59646000000.0,2.205315375520485,8472000000.0,20.752565564424174,99823000000.0,0.9853412781110583,2443000000.0,384.72222222222223,12588000000.0,-10.647359454855195
2024-12-19,340.0317040381684,341.85275592668114,333.79229710401887,334.5884094238281,7423400,0.0,0.0,59646000000.0,2.205315375520485,8472000000.0,20.752565564424174,99823000000.0,0.9853412781110583,2443000000.0,384.72222222222223,12588000000.0,-10.647359454855195
2024-12-20,331.11543096557,344.7585155579146,329.5232670501388,341.97216796875,14932300,0.0,0.0,59646000000.0,2.205315375520485,8472000000.0,20.752565564424174,99823000000.0,0.9853412781110583,2443000000.0,384.72222222222223,12588000000.0,-10.647359454855195
2024-12-23,340.5790401505071,342.17123457847003,335.03622715382716,341.2258605957031,5330300,0.0,0.0,59646000000.0,2.205315375520485,8472000000.0,20.752565564424174,99823000000.0,0.9853412781110583,2443000000.0,384.72222222222223,12588000000.0,-10.647359454855195
2024-12-24,341.32534115309187,343.26583264527153,339.1659225713769,342.74835205078125,1811000,0.0,0.0,59646000000.0,2.205315375520485,8472000000.0,20.752565564424174,99823000000.0,0.9853412781110583,2443000000.0,384.72222222222223,12588000000.0,-10.647359454855195
2024-12-26,343.1961806488671,343.1961806488671,339.3649716153067,340.0516052246094,3483300,0.0,0.0,59646000000.0,2.205315375520485,8472000000.0,20.752565564424174,99823000000.0,0.9853412781110583,2443000000.0,384.72222222222223,12588000000.0,-10.647359454855195
2024-12-27,338.68829434376755,340.59890320331965,333.6330797336844,336.7975769042969,3220400,0.0,0.0,59646000000.0,2.205315375520485,8472000000.0,20.752565564424174,99823000000.0,0.9853412781110583,2443000000.0,384.72222222222223,12588000000.0,-10.647359454855195
2024-12-30,331.84189336372475,336.4592235989052,329.99095869061244,334.1007995605469,3411100,0.0,0.0,59646000000.0,2.205315375520485,8472000000.0,20.752565564424174,99823000000.0,0.9853412781110583,2443000000.0,384.72222222222223,12588000000.0,-10.647359454855195
2024-12-31,334.6281929763692,335.5039013457353,330.7870535190621,332.6976623535156,3026000,0.0,0.0,59646000000.0,2.205315375520485,8472000000.0,20.752565564424174,99823000000.0,0.9853412781110583,2443000000.0,384.72222222222223,12588000000.0,-10.647359454855195
2025-01-02,334.66803273540904,337.26530573554135,326.20953224805623,329.0456237792969,4807100,0.0,0.0,59646000000.0,2.205315375520485,8472000000.0,20.752565564424174,99823000000.0,0.9853412781110583,2443000000.0,384.72222222222223,12588000000.0,-10.647359454855195
2025-01-03,330.47857623394117,331.8120302350434,327.66237629000693,331.274658203125,4101200,0.0,0.0,59646000000.0,2.205315375520485,8472000000.0,20.752565564424174,99823000000.0,0.9853412781110583,2443000000.0,384.72222222222223,12588000000.0,-10.647359454855195
2025-01-06,332.3891800611125,334.9566005546259,325.6820969483946,328.9162292480469,5785300,0.0,0.0,59646000000.0,2.205315375520485,8472000000.0,20.752565564424174,99823000000.0,0.9853412781110583,2443000000.0,384.72222222222223,12588000000.0,-10.647359454855195
2025-01-07,328.8863794278102,329.8814970660184,321.33344019803957,323.34356689453125,4643100,0.0,0.0,59646000000.0,2.205315375520485,8472000000.0,20.752565564424174,99823000000.0,0.9853412781110583,2443000000.0,384.72222222222223,12588000000.0,-10.647359454855195
2025-01-08,326.139819667412,327.1946418524021,321.5324205018117,325.3039245605469,3788200,0.0,0.0,59646000000.0,2.205315375520485,8472000000.0,20.752565564424174,99823000000.0,0.9853412781110583,2443000000.0,384.72222222222223,12588000000.0,-10.647359454855195
2025-01-10,321.19411865674493,321.19411865674493,314.47707440006474,316.29815673828125,6540000,0.0,0.0,59646000000.0,2.205315375520485,8472000000.0,20.752565564424174,99823000000.0,0.9853412781110583,2443000000.0,384.72222222222223,12588000000.0,-10.647359454855195
2025-01-13,313.06402976469906,318.98496176911055,312.2679173955755,317.51220703125,4583000,0.0,0.0,59646000000.0,2.205315375520485,8472000000.0,20.752565564424174,99823000000.0,0.9853412781110583,2443000000.0,384.72222222222223,12588000000.0,-10.647359454855195
2025-01-14,323.4132208626889,328.3291042492881,319.93030925339843,321.9603576660156,5935200,0.0,0.0,59646000000.0,2.205315375520485,8472000000.0,20.752565564424174,99823000000.0,0.9853412781110583,2443000000.0,384.72222222222223,12588000000.0,-10.647359454855195
2025-01-15,328.2694068822589,329.91134488923416,319.21383042412464,319.59197998046875,6042700,0.0,0.0,59646000000.0,2.205315375520485,8472000000.0,20.752565564424174,99823000000.0,0.9853412781110583,2443000000.0,384.72222222222223,12588000000.0,-10.647359454855195
2025-01-16,321.36330095052836,326.11996217131673,317.9898374915065,318.4376525878906,5047700,0.0,0.0,59646000000.0,2.205315375520485,8472000000.0,20.752565564424174,99823000000.0,0.9853412781110583,2443000000.0,384.72222222222223,12588000000.0,-10.647359454855195
2025-01-17,327.11509616657395,327.9609522972053,321.4926871560916,322.97540283203125,6303600,0.0,0.0,59646000000.0,2.205315375520485,8472000000.0,20.752565564424174,99823000000.0,0.9853412781110583,2443000000.0,384.72222222222223,12588000000.0,-10.647359454855195
2025-01-21,327.7917307998459,327.9111400526669,320.8756817129446,325.2442321777344,6397200,0.0,0.0,59646000000.0,2.205315375520485,8472000000.0,20.752565564424174,99823000000.0,0.9853412781110583,2443000000.0,384.72222222222223,12588000000.0,-10.647359454855195
2025-01-22,329.63269598153715,333.5932748538676,325.68207800287945,330.9960021972656,7259300,0.0,0.0,59646000000.0,2.205315375520485,8472000000.0,20.752565564424174,99823000000.0,0.9853412781110583,2443000000.0,384.72222222222223,12588000000.0,-10.647359454855195
2025-01-23,330.70739067583827,333.8221133593794,327.99073929349305,333.0260314941406,4355900,0.0,0.0,59646000000.0,2.205315375520485,8472000000.0,20.752565564424174,99823000000.0,0.9853412781110583,2443000000.0,384.72222222222223,12588000000.0,-10.647359454855195
2025-01-24,334.65804557894086,336.9965780744736,330.1700857349396,332.2498779296875,3299100,0.0,0.0,59646000000.0,2.205315375520485,8472000000.0,20.752565564424174,99823000000.0,0.9853412781110583,2443000000.0,384.72222222222223,12588000000.0,-10.647359454855195
2025-01-27,330.7372799971864,351.42578396974625,328.8863757875245,345.40533447265625,15661100,0.0,0.0,59646000000.0,2.205315375520485,8472000000.0,20.752565564424174,99823000000.0,0.9853412781110583,2443000000.0,384.72222222222223,12588000000.0,-10.647359454855195
2025-01-28,353.0378340490425,365.29768926763853,348.74887993803407,358.19256591796875,12099300,0.0,0.0,59646000000.0,2.205315375520485,8472000000.0,20.752565564424174,99823000000.0,0.9853412781110583,2443000000.0,384.72222222222223,12588000000.0,-10.647359454855195
2025-01-29,357.0084065450829,358.42145655700403,349.78384291654254,352.2716369628906,6266700,0.0,0.0,59646000000.0,2.205315375520485,8472000000.0,20.752565564424174,99823000000.0,0.9853412781110583,2443000000.0,384.72222222222223,12588000000.0,-10.647359454855195
2025-01-30,339.23560063867643,346.30094202379763,338.34000082784826,341.892578125,7591100,0.0,0.0,59646000000.0,2.205315375520485,8472000000.0,20.752565564424174,99823000000.0,0.9853412781110583,2443000000.0,384.72222222222223,12588000000.0,-10.647359454855195
2025-01-31,346.30093671188604,347.79361316323036,338.43951347518856,340.0317077636719,5778000,0.0,0.0,61173000000.0,2.560104617241726,8848000000.0,4.4381491973559966,102928000000.0,3.1105055949029783,1747000000.0,-28.489562013917315,11392000000.0,-9.50111217032094
2025-02-03,334.3296556349163,339.7928414486161,329.6426603213519,337.58367919921875,4549400,0.0,0.0,61173000000.0,2.560104617241726,8848000000.0,4.4381491973559966,102928000000.0,3.1105055949029783,1747000000.0,-28.489562013917315,11392000000.0,-9.50111217032094
2025-02-04,343.9325324114185,345.2361340089683,337.01648346622903,342.45977783203125,4965600,0.0,0.0,61173000000.0,2.560104617241726,8848000000.0,4.4381491973559966,102928000000.0,3.1105055949029783,1747000000.0,-28.489562013917315,11392000000.0,-9.50111217032094
2025-02-05,344.0320607956385,346.34074093561804,337.21549910428655,346.23126220703125,4521000,0.0,0.0,61173000000.0,2.560104617241726,8848000000.0,4.4381491973559966,102928000000.0,3.1105055949029783,1747000000.0,-28.489562013917315,11392000000.0,-9.50111217032094
2025-02-06,335.83230256933524,335.83230256933524,327.49321212332,329.1948547363281,13240600,0.0,0.0,61173000000.0,2.560104617241726,8848000000.0,4.4381491973559966,102928000000.0,3.1105055949029783,1747000000.0,-28.489562013917315,11392000000.0,-9.50111217032094
2025-02-07,330.37905544143996,332.1901768290059,322.1394826228846,324.2391662597656,7626100,0.0,0.0,61173000000.0,2.560104617241726,8848000000.0,4.4381491973559966,102928000000.0,3.1105055949029783,1747000000.0,-28.489562013917315,11392000000.0,-9.50111217032094
2025-02-10,326.31899447056423,330.1302817233104,325.05517561405884,325.6025085449219,5981900,0.0,0.0,61173000000.0,2.560104617241726,8848000000.0,4.4381491973559966,102928000000.0,3.1105055949029783,1747000000.0,-28.489562013917315,11392000000.0,-9.50111217032094
2025-02-11,322.43801254044655,324.84621063444416,319.691508455615,322.816162109375,5455900,0.0,0.0,61173000000.0,2.560104617241726,8848000000.0,4.4381491973559966,102928000000.0,3.1105055949029783,1747000000.0,-28.489562013917315,11392000000.0,-9.50111217032094
2025-02-12,317.9898106864774,325.40344880828724,315.42242069108204,324.5277404785156,5643400,0.0,0.0,61173000000.0,2.560104617241726,8848000000.0,4.4381491973559966,102928000000.0,3.1105055949029783,1747000000.0,-28.489562013917315,11392000000.0,-9.50111217032094
2025-02-13,324.6074198186929,328.73715237721325,321.6419580127338,328.2395935058594,4312100,0.0,0.0,61173000000.0,2.560104617241726,8848000000.0,4.4381491973559966,102928000000.0,3.1105055949029783,1747000000.0,-28.489562013917315,11392000000.0,-9.50111217032094
2025-02-14,326.4284553896711,326.8961619197943,321.0448650301107,324.94573974609375,5879700,0.0,0.0,61173000000.0,2.560104617241726,8848000000.0,4.4381491973559966,102928000000.0,3.1105055949029783,1747000000.0,-28.489562013917315,11392000000.0,-9.50111217032094
2025-02-18,326.98569317768784,327.5529175061922,321.42298935901675,327.3538818359375,5262100,0.0,0.0,61173000000.0,2.560104617241726,8848000000.0,4.4381491973559966,102928000000.0,3.1105055949029783,1747000000.0,-28.489562013917315,11392000000.0,-9.50111217032094
2025-02-19,328.1300805182818,328.1300805182818,321.29362719831704,322.9455261230469,5012000,0.0,0.0,61173000000.0,2.560104617241726,8848000000.0,4.4381491973559966,102928000000.0,3.1105055949029783,1747000000.0,-28.489562013917315,11392000000.0,-9.50111217032094
2025-02-20,320.66670098292064,322.8659328490711,316.6563780786082,316.87530517578125,6393100,0.0,0.0,61173000000.0,2.560104617241726,8848000000.0,4.4381491973559966,102928000000.0,3.1105055949029783,1747000000.0,-28.489562013917315,11392000000.0,-9.50111217032094
2025-02-21,317.41265613381637,317.41265613381637,305.3617664321641,308.28741455078125,7353200,0.0,0.0,61173000000.0,2.560104617241726,8848000000.0,4.4381491973559966,102928000000.0,3.1105055949029783,1747000000.0,-28.489562013917315,11392000000.0,-9.50111217032094
2025-02-24,309.989094332165,311.20313902297426,302.0380840309016,306.8146667480469,6652900,0.0,0.0,61173000000.0,2.560104617241726,8848000000.0,4.4381491973559966,102928000000.0,3.1105055949029783,1747000000.0,-28.489562013917315,11392000000.0,-9.50111217032094
2025-02-25,304.75478535730946,306.91420405573126,299.15226803609437,304.3865966796875,7360100,0.0,0.0,61173000000.0,2.560104617241726,8848000000.0,4.4381491973559966,102928000000.0,3.1105055949029783,1747000000.0,-28.489562013917315,11392000000.0,-9.50111217032094
2025-02-26,311.1334613992822,312.1683921696921,304.9537898261747,305.8294677734375,12638500,0.0,0.0,61173000000.0,2.560104617241726,8848000000.0,4.4381491973559966,102928000000.0,3.1105055949029783,1747000000.0,-28.489562013917315,11392000000.0,-9.50111217032094
2025-02-27,294.8931463359584,303.43127236183363,291.24108174545614,293.4601745605469,16691400,0.0,0.0,61173000000.0,2.560104617241726,8848000000.0,4.4381491973559966,102928000000.0,3.1105055949029783,1747000000.0,-28.489562013917315,11392000000.0,-9.50111217032094
2025-02-28,294.51502595855493,300.5056539478324,290.72362995143084,296.39581298828125,10863100,0.0,0.0,61173000000.0,2.560104617241726,8848000000.0,4.4381491973559966,102928000000.0,3.1105055949029783,1747000000.0,-28.489562013917315,11392000000.0,-9.50111217032094
2025-03-03,299.5304176095154,301.5903184675818,289.6389455752495,291.6291809082031,6298200,0.0,0.0,61173000000.0,2.560104617241726,8848000000.0,4.4381491973559966,102928000000.0,3.1105055949029783,1747000000.0,-28.489562013917315,11392000000.0,-9.50111217032094
2025-03-04,288.5841198773477,290.22605793396815,280.86199715854593,285.9371032714844,9096300,0.0,0.0,61173000000.0,2.560104617241726,8848000000.0,4.4381491973559966,102928000000.0,3.1105055949029783,1747000000.0,-28.489562013917315,11392000000.0,-9.50111217032094
2025-03-05,285.8176859029506,291.25101964053096,284.22549162680747,290.54449462890625,6612600,0.0,0.0,61173000000.0,2.560104617241726,8848000000.0,4.4381491973559966,102928000000.0,3.1105055949029783,1747000000.0,-28.489562013917315,11392000000.0,-9.50111217032094
2025-03-06,286.8227608263759,296.62464502976997,283.4393366437888,284.65338134765625,10396800,0.0,0.0,61173000000.0,2.560104617241726,8848000000.0,4.4381491973559966,102928000000.0,3.1105055949029783,1747000000.0,-28.489562013917315,11392000000.0,-9.50111217032094
2025-03-07,281.7974123543784,286.90237082154323,273.8265405290649,281.50885009765625,8248100,0.0,0.0,61173000000.0,2.560104617241726,8848000000.0,4.4381491973559966,102928000000.0,3.1105055949029783,1747000000.0,-28.489562013917315,11392000000.0,-9.50111217032094
2025-03-10,275.6177015245149,276.99096856505014,269.3982170065669,271.56756591796875,10040200,0.0,0.0,61173000000.0,2.560104617241726,8848000000.0,4.4381491973559966,102928000000.0,3.1105055949029783,1747000000.0,-28.489562013917315,11392000000.0,-9.50111217032094
2025-03-11,272.3835983214497,279.08075088985436,270.6719947867316,275.69732666015625,8313400,0.0,0.0,61173000000.0,2.560104617241726,8848000000.0,4.4381491973559966,102928000000.0,3.1105055949029783,1747000000.0,-28.489562013917315,11392000000.0,-9.50111217032094
2025-03-12,280.47390015997763,284.5339665844694,277.7273658804639,283.1905517578125,7463900,0.0,0.0,61173000000.0,2.560104617241726,8848000000.0,4.4381491973559966,102928000000.0,3.1105055949029783,1747000000.0,-28.489562013917315,11392000000.0,-9.50111217032094
2025-03-13,280.6729299093718,281.1804496448643,268.4329945748023,270.41326904296875,9494500,0.0,0.0,61173000000.0,2.560104617241726,8848000000.0,4.4381491973559966,102928000000.0,3.1105055949029783,1747000000.0,-28.489562013917315,11392000000.0,-9.50111217032094
2025-03-14,273.65734668111503,278.5234864408357,271.34866650429154,278.0358581542969,6976900,0.0,0.0,61173000000.0,2.560104617241726,8848000000.0,4.4381491973559966,102928000000.0,3.1105055949029783,1747000000.0,-28.489562013917315,11392000000.0,-9.50111217032094
2025-03-17,276.01580018875916,281.3496470185874,274.73208981256465,279.3793029785156,4484300,0.0,0.0,61173000000.0,2.560104617241726,8848000000.0,4.4381491973559966,102928000000.0,3.1105055949029783,1747000000.0,-28.489562013917315,11392000000.0,-9.50111217032094
2025-03-18,278.6528204684562,279.1304878509431,274.5927540073446,277.369140625,5881700,0.0,0.0,61173000000.0,2.560104617241726,8848000000.0,4.4381491973559966,102928000000.0,3.1105055949029783,1747000000.0,-28.489562013917315,11392000000.0,-9.50111217032094
2025-03-19,276.1451529712775,280.8421095807034,275.9361867641236,278.02593994140625,5245400,0.0,0.0,61173000000.0,2.560104617241726,8848000000.0,4.4381491973559966,102928000000.0,3.1105055949029783,1747000000.0,-28.489562013917315,11392000000.0,-9.50111217032094
2025-03-20,275.70728068139704,281.49887241981395,275.70728068139704,277.66766357421875,5504700,0.0,0.0,61173000000.0,2.560104617241726,8848000000.0,4.4381491973559966,102928000000.0,3.1105055949029783,1747000000.0,-28.489562013917315,11392000000.0,-9.50111217032094
2025-03-21,274.861435992258,280.47391408228043,272.7119782366269,279.2499084472656,9804100,0.0,0.0,61173000000.0,2.560104617241726,8848000000.0,4.4381491973559966,102928000000.0,3.1105055949029783,1747000000.0,-28.489562013917315,11392000000.0,-9.50111217032094
2025-03-24,282.3546803129461,285.3599551371983,281.8372300529376,284.5638427734375,6763800,0.0,0.0,61173000000.0,2.560104617241726,8848000000.0,4.4381491973559966,102928000000.0,3.1105055949029783,1747000000.0,-28.489562013917315,11392000000.0,-9.50111217032094
2025-03-25,284.2155441958304,289.0319404606746,284.2155441958304,287.2008972167969,4301700,0.0,0.0,61173000000.0,2.560104617241726,8848000000.0,4.4381491973559966,102928000000.0,3.1105055949029783,1747000000.0,-28.489562013917315,11392000000.0,-9.50111217032094
2025-03-26,286.93219262445655,287.62878706150434,278.21495311073693,279.6180725097656,5070300,0.0,0.0,61173000000.0,2.560104617241726,8848000000.0,4.4381491973559966,102928000000.0,3.1105055949029783,1747000000.0,-28.489562013917315,11392000000.0,-9.50111217032094
2025-03-27,279.1703260327786,279.52855382525627,274.66244409927566,276.4536437988281,3757200,0.0,0.0,61173000000.0,2.560104617241726,8848000000.0,4.4381491973559966,102928000000.0,3.1105055949029783,1747000000.0,-28.489562013917315,11392000000.0,-9.50111217032094
2025-03-28,275.35899982981323,275.85655866095954,267.8757259420612,268.65191650390625,4973400,0.0,0.0,61173000000.0,2.560104617241726,8848000000.0,4.4381491973559966,102928000000.0,3.1105055949029783,1747000000.0,-28.489562013917315,11392000000.0,-9.50111217032094
2025-03-31,263.2583781230131,267.13936148820505,257.9245617725103,267.0497741699219,7585800,0.0,0.0,61173000000.0,2.560104617241726,8848000000.0,4.4381491973559966,102928000000.0,3.1105055949029783,1747000000.0,-28.489562013917315,11392000000.0,-9.50111217032094
2025-04-01,267.5473139785655,269.4977664173598,264.5221782198688,268.88079833984375,4598200,0.0,0.0,61173000000.0,2.560104617241726,8848000000.0,4.4381491973559966,102928000000.0,3.1105055949029783,1747000000.0,-28.489562013917315,11392000000.0,-9.50111217032094
2025-04-02,264.66149024317593,272.29405622749323,264.4525240331259,270.2142639160156,5396900,0.0,0.0,61173000000.0,2.560104617241726,8848000000.0,4.4381491973559966,102928000000.0,3.1105055949029783,1747000000.0,-28.489562013917315,11392000000.0,-9.50111217032094
2025-04-03,258.8699023572897,261.28803079308045,253.20766570195835,253.98385620117188,8872600,0.0,0.0,61173000000.0,2.560104617241726,8848000000.0,4.4381491973559966,102928000000.0,3.1105055949029783,1747000000.0,-28.489562013917315,11392000000.0,-9.50111217032094
2025-04-04,246.49063730943206,249.06798836240424,238.3605279824585,239.5845184326172,9705000,0.0,0.0,61173000000.0,2.560104617241726,8848000000.0,4.4381491973559966,102928000000.0,3.1105055949029783,1747000000.0,-28.489562013917315,11392000000.0,-9.50111217032094
2025-04-07,228.87705662646997,251.7150033703836,228.87705662646997,243.01768493652344,11965200,0.0,0.0,61173000000.0,2.560104617241726,8848000000.0,4.4381491973559966,102928000000.0,3.1105055949029783,1747000000.0,-28.489562013917315,11392000000.0,-9.50111217032094
2025-04-08,252.71013063373326,256.13335305092386,239.09692812257205,242.79876708984375,9340300,0.0,0.0,61173000000.0,2.560104617241726,8848000000.0,4.4381491973559966,102928000000.0,3.1105055949029783,1747000000.0,-28.489562013917315,11392000000.0,-9.50111217032094
2025-04-09,239.7238408971579,266.8607192242734,239.7238408971579,263.8753662109375,12491100,0.0,0.0,61173000000.0,2.560104617241726,8848000000.0,4.4381491973559966,102928000000.0,3.1105055949029783,1747000000.0,-28.489562013917315,11392000000.0,-9.50111217032094
2025-04-10,259.1371092417353,260.37298418336576,247.30650839026805,254.27330017089844,9692300,0.416,0.0,61173000000.0,2.560104617241726,8848000000.0,4.4381491973559966,102928000000.0,3.1105055949029783,1747000000.0,-28.489562013917315,11392000000.0,-9.50111217032094
2025-04-11,253.42614399168968,255.55904124402167,246.8580030401621,254.15371704101562,6089000,0.0,0.0,61173000000.0,2.560104617241726,8848000000.0,4.4381491973559966,102928000000.0,3.1105055949029783,1747000000.0,-28.489562013917315,11392000000.0,-9.50111217032094
2025-04-14,259.13710964430385,259.13710964430385,252.29987606613207,253.7052001953125,6038100,0.0,0.0,61173000000.0,2.560104617241726,8848000000.0,4.4381491973559966,102928000000.0,3.1105055949029783,1747000000.0,-28.489562013917315,11392000000.0,-9.50111217032094
2025-04-15,253.5257995432802,255.86800651643716,252.9576991505636,254.0839385986328,5227700,0.0,0.0,61173000000.0,2.560104617241726,8848000000.0,4.4381491973559966,102928000000.0,3.1105055949029783,1747000000.0,-28.489562013917315,11392000000.0,-9.50111217032094
2025-04-16,251.09389385166799,255.75835468730776,245.87129396302672,249.01083374023438,7190900,0.0,0.0,61173000000.0,2.560104617241726,8848000000.0,4.4381491973559966,102928000000.0,3.1105055949029783,1747000000.0,-28.489562013917315,11392000000.0,-9.50111217032094
2025-04-17,248.94107167619953,250.72512436195365,245.9809272468671,246.43939208984375,5566900,0.0,0.0,61173000000.0,2.560104617241726,8848000000.0,4.4381491973559966,102928000000.0,3.1105055949029783,1747000000.0,-28.489562013917315,11392000000.0,-9.50111217032094
2025-04-21,239.6320498265785,241.67524929589726,231.9974835135032,235.47589111328125,9240000,0.0,0.0,61173000000.0,2.560104617241726,8848000000.0,4.4381491973559966,102928000000.0,3.1105055949029783,1747000000.0,-28.489562013917315,11392000000.0,-9.50111217032094
2025-04-22,237.439351121669,243.40947681120952,234.81808998334014,242.5822296142578,7145300,0.0,0.0,61173000000.0,2.560104617241726,8848000000.0,4.4381491973559966,102928000000.0,3.1105055949029783,1747000000.0,-28.489562013917315,11392000000.0,-9.50111217032094
2025-04-23,251.77164806108954,256.93446478055887,248.671968803549,249.64871215820312,5818900,0.0,0.0,61173000000.0,2.560104617241726,8848000000.0,4.4381491973559966,102928000000.0,3.1105055949029783,1747000000.0,-28.489562013917315,11392000000.0,-9.50111217032094
2025-04-24,257.3431052214932,264.1006027302972,256.14707558144227,263.821533203125,7857600,0.0,0.0,61173000000.0,2.560104617241726,8848000000.0,4.4381491973559966,102928000000.0,3.1105055949029783,1747000000.0,-28.489562013917315,11392000000.0,-9.50111217032094
2025-04-25,263.8414426170355,268.1371360602642,263.32317935442006,266.9610595703125,5651700,0.0,0.0,61173000000.0,2.560104617241726,8848000000.0,4.4381491973559966,102928000000.0,3.1105055949029783,1747000000.0,-28.489562013917315,11392000000.0,-9.50111217032094
2025-04-28,267.26007211544515,268.60559789129564,262.45606117235724,264.7584228515625,4977700,0.0,0.0,61173000000.0,2.560104617241726,8848000000.0,4.4381491973559966,102928000000.0,3.1105055949029783,1747000000.0,-28.489562013917315,11392000000.0,-9.50111217032094
2025-04-29,264.51918495476684,267.68862387754194,264.289967744713,266.8713684082031,3139800,0.0,0.0,61173000000.0,2.560104617241726,8848000000.0,4.4381491973559966,102928000000.0,3.1105055949029783,1747000000.0,-28.489562013917315,11392000000.0,-9.50111217032094
2025-04-30,263.9211794988917,267.9776794350502,262.1271654380779,267.8182067871094,4624100,0.0,0.0,61173000000.0,2.560104617241726,8848000000.0,4.4381491973559966,102928000000.0,3.1105055949029783,1747000000.0,-28.489562013917315,11392000000.0,-9.50111217032094
2025-05-01,272.4926263795004,273.68865595258524,268.1072353053486,268.4361267089844,5208900,0.0,0.0,61173000000.0,2.560104617241726,8848000000.0,4.4381491973559966,102928000000.0,3.1105055949029783,1747000000.0,-28.489562013917315,11392000000.0,-9.50111217032094
2025-05-02,273.5491157405084,275.4029586032486,271.346458788121,274.16705322265625,4323400,0.0,0.0,61173000000.0,2.560104617241726,8848000000.0,4.4381491973559966,102928000000.0,3.1105055949029783,1747000000.0,-28.489562013917315,11392000000.0,-9.50111217032094
2025-05-05,272.4627235333328,275.2534490279423,271.40624393823555,271.7251892089844,4219600,0.0,0.0,61173000000.0,2.560104617241726,8848000000.0,4.4381491973559966,102928000000.0,3.1105055949029783,1747000000.0,-28.489562013917315,11392000000.0,-9.50111217032094
2025-05-06,268.92452923358434,273.8879821532998,267.64877851162856,272.4527587890625,4681600,0.0,0.0,61173000000.0,2.560104617241726,8848000000.0,4.4381491973559966,102928000000.0,3.1105055949029783,1747000000.0,-28.489562013917315,11392000000.0,-9.50111217032094
2025-05-07,272.8016218194193,277.8647797027412,272.8016218194193,277.306640625,4267600,0.0,0.0,61173000000.0,2.560104617241726,8848000000.0,4.4381491973559966,102928000000.0,3.1105055949029783,1747000000.0,-28.489562013917315,11392000000.0,-9.50111217032094
2025-05-08,278.28334466217893,282.1105967559517,277.4561126632412,278.81158447265625,4789900,0.0,0.0,61173000000.0,2.560104617241726,8848000000.0,4.4381491973559966,102928000000.0,3.1105055949029783,1747000000.0,-28.489562013917315,11392000000.0,-9.50111217032094
2025-05-09,280.6853873549446,281.54254910321,272.97108370205586,274.5059814453125,4324200,0.0,0.0,61173000000.0,2.560104617241726,8848000000.0,4.4381491973559966,102928000000.0,3.1105055949029783,1747000000.0,-28.489562013917315,11392000000.0,-9.50111217032094
2025-05-12,284.0541511069147,288.0109768144243,282.29003627622296,287.8614807128906,5937400,0.0,0.0,61173000000.0,2.560104617241726,8848000000.0,4.4381491973559966,102928000000.0,3.1105055949029783,1747000000.0,-28.489562013917315,11392000000.0,-9.50111217032094
2025-05-13,290.0342404319002,291.7684560538448,287.9711029680917,288.2103271484375,6711600,0.0,0.0,61173000000.0,2.560104617241726,8848000000.0,4.4381491973559966,102928000000.0,3.1105055949029783,1747000000.0,-28.489562013917315,11392000000.0,-9.50111217032094
2025-05-14,292.5259353238092,295.06746024443095,288.3000167238966,289.77508544921875,7926200,0.0,0.0,61173000000.0,2.560104617241726,8848000000.0,4.4381491973559966,102928000000.0,3.1105055949029783,1747000000.0,-28.489562013917315,11392000000.0,-9.50111217032094
2025-05-15,288.60899084922016,291.00101971612247,286.99437212446855,289.7950439453125,4635600,0.0,0.0,61173000000.0,2.560104617241726,8848000000.0,4.4381491973559966,102928000000.0,3.1105055949029783,1747000000.0,-28.489562013917315,11392000000.0,-9.50111217032094
2025-05-16,290.123917383569,291.2003500775423,288.7584690507674,290.1837158203125,3846000,0.0,0.0,61173000000.0,2.560104617241726,8848000000.0,4.4381491973559966,102928000000.0,3.1105055949029783,1747000000.0,-28.489562013917315,11392000000.0,-9.50111217032094
2025-05-19,287.1438564141855,288.9378703864927,285.9578033668804,286.6754150390625,5781200,0.0,0.0,61173000000.0,2.560104617241726,8848000000.0,4.4381491973559966,102928000000.0,3.1105055949029783,1747000000.0,-28.489562013917315,11392000000.0,-9.50111217032094
2025-05-20,287.13390312766717,287.4827476550664,284.26345620642525,287.10400390625,4032300,0.0,0.0,61173000000.0,2.560104617241726,8848000000.0,4.4381491973559966,102928000000.0,3.1105055949029783,1747000000.0,-28.489562013917315,11392000000.0,-9.50111217032094
2025-05-21,283.4661367534309,286.6754518078283,280.17707016061985,281.34320068359375,5689800,0.0,0.0,61173000000.0,2.560104617241726,8848000000.0,4.4381491973559966,102928000000.0,3.1105055949029783,1747000000.0,-28.489562013917315,11392000000.0,-9.50111217032094
2025-05-22,281.56244054257155,285.3996692668535,280.09731795389285,282.4794006347656,6642700,0.0,0.0,61173000000.0,2.560104617241726,8848000000.0,4.4381491973559966,102928000000.0,3.1105055949029783,1747000000.0,-28.489562013917315,11392000000.0,-9.50111217032094
2025-05-23,278.0740550422551,279.80827059855113,270.74844213261383,272.2235412597656,8887800,0.0,0.0,61173000000.0,2.560104617241726,8848000000.0,4.4381491973559966,102928000000.0,3.1105055949029783,1747000000.0,-28.489562013917315,11392000000.0,-9.50111217032094
2025-05-27,272.2634328558058,277.65545169969494,269.3929859637883,276.27008056640625,10958000,0.0,0.0,61173000000.0,2.560104617241726,8848000000.0,4.4381491973559966,102928000000.0,3.1105055949029783,1747000000.0,-28.489562013917315,11392000000.0,-9.50111217032094
2025-05-28,276.7883393064376,277.88469475632166,272.67204090877595,275.1139221191406,12758600,0.0,0.0,61173000000.0,2.560104617241726,8848000000.0,4.4381491973559966,102928000000.0,3.1105055949029783,1747000000.0,-28.489562013917315,11392000000.0,-9.50111217032094
2025-05-29,262.71518386701575,266.90125691433843,253.65535575351558,266.0341491699219,28053100,0.0,0.0,61173000000.0,2.560104617241726,8848000000.0,4.4381491973559966,102928000000.0,3.1105055949029783,1747000000.0,-28.489562013917315,11392000000.0,-9.50111217032094
2025-05-30,267.19028589771074,268.84478035938776,259.8348041037231,264.4892883300781,12388500,0.0,0.0,61173000000.0,2.560104617241726,8848000000.0,4.4381491973559966,102928000000.0,3.1105055949029783,1747000000.0,-28.489562013917315,11392000000.0,-9.50111217032094
2025-06-02,262.23675411561305,262.91452039161214,258.2799592804398,260.751708984375,9213500,0.0,0.0,61173000000.0,2.560104617241726,8848000000.0,4.4381491973559966,102928000000.0,3.1105055949029783,1747000000.0,-28.489562013917315,11392000000.0,-9.50111217032094
2025-06-03,261.13048131044997,263.87135468298334,260.4925907257468,263.59228515625,7838500,0.0,0.0,61173000000.0,2.560104617241726,8848000000.0,4.4381491973559966,102928000000.0,3.1105055949029783,1747000000.0,-28.489562013917315,11392000000.0,-9.50111217032094
2025-06-04,263.3132041987009,264.61885411526913,260.75172625820136,262.2966003417969,7372500,0.0,0.0,61173000000.0,2.560104617241726,8848000000.0,4.4381491973559966,102928000000.0,3.1105055949029783,1747000000.0,-28.489562013917315,11392000000.0,-9.50111217032094
2025-06-05,262.83480862130494,267.85809072770155,262.7650640489441,266.2534484863281,8642900,0.0,0.0,61173000000.0,2.560104617241726,8848000000.0,4.4381491973559966,102928000000.0,3.1105055949029783,1747000000.0,-28.489562013917315,11392000000.0,-9.50111217032094
2025-06-06,269.07402729894693,273.9876583610231,267.3198586373146,273.5989685058594,7507000,0.0,0.0,61173000000.0,2.560104617241726,8848000000.0,4.4381491973559966,102928000000.0,3.1105055949029783,1747000000.0,-28.489562013917315,11392000000.0,-9.50111217032094
2025-06-09,271.94448088835054,273.2900066380453,268.76506531732184,271.3464660644531,5728300,0.0,0.0,61173000000.0,2.560104617241726,8848000000.0,4.4381491973559966,102928000000.0,3.1105055949029783,1747000000.0,-28.489562013917315,11392000000.0,-9.50111217032094
2025-06-10,271.1670627063478,272.8414798306025,265.95440905505984,267.329833984375,6309700,0.0,0.0,61173000000.0,2.560104617241726,8848000000.0,4.4381491973559966,102928000000.0,3.1105055949029783,1747000000.0,-28.489562013917315,11392000000.0,-9.50111217032094
2025-06-11,267.60889694524684,268.615554670695,264.52915574767604,265.0274963378906,6568100,0.0,0.0,61173000000.0,2.560104617241726,8848000000.0,4.4381491973559966,102928000000.0,3.1105055949029783,1747000000.0,-28.489562013917315,11392000000.0,-9.50111217032094
2025-06-12,263.82154335748237,268.12718331153366,262.5258394615067,266.0242004394531,8054000,0.0,0.0,61173000000.0,2.560104617241726,8848000000.0,4.4381491973559966,102928000000.0,3.1105055949029783,1747000000.0,-28.489562013917315,11392000000.0,-9.50111217032094
2025-06-13,262.6055770302866,264.8182105404656,257.1437530315329,257.54241943359375,7659300,0.0,0.0,61173000000.0,2.560104617241726,8848000000.0,4.4381491973559966,102928000000.0,3.1105055949029783,1747000000.0,-28.489562013917315,11392000000.0,-9.50111217032094
2025-06-16,259.52583426184844,263.1039161473845,259.09723822617013,263.0042419433594,7177000,0.0,0.0,61173000000.0,2.560104617241726,8848000000.0,4.4381491973559966,102928000000.0,3.1105055949029783,1747000000.0,-28.489562013917315,11392000000.0,-9.50111217032094
2025-06-17,262.9743488624542,269.60227296483674,261.23015670833786,261.8879699707031,9110100,0.0,0.0,61173000000.0,2.560104617241726,8848000000.0,4.4381491973559966,102928000000.0,3.1105055949029783,1747000000.0,-28.489562013917315,11392000000.0,-9.50111217032094
2025-06-18,264.33969467609177,264.6192067427119,257.0224495786054,259.0489196777344,7628000,0.416,0.0,61173000000.0,2.560104617241726,8848000000.0,4.4381491973559966,102928000000.0,3.1105055949029783,1747000000.0,-28.489562013917315,11392000000.0,-9.50111217032094
2025-06-20,260.2368341803139,262.4130372842634,258.80932732020716,260.17694091796875,12859200,0.0,0.0,61173000000.0,2.560104617241726,8848000000.0,4.4381491973559966,102928000000.0,3.1105055949029783,1747000000.0,-28.489562013917315,11392000000.0,-9.50111217032094
2025-06-23,260.1869439795492,264.2797925758583,258.3002147445281,262.9521179199219,9283800,0.0,0.0,61173000000.0,2.560104617241726,8848000000.0,4.4381491973559966,102928000000.0,3.1105055949029783,1747000000.0,-28.489562013917315,11392000000.0,-9.50111217032094
2025-06-24,265.2481080930584,272.9047887455767,264.9785884009678,270.6986389160156,9713900,0.0,0.0,61173000000.0,2.560104617241726,8848000000.0,4.4381491973559966,102928000000.0,3.1105055949029783,1747000000.0,-28.489562013917315,11392000000.0,-9.50111217032094
2025-06-25,271.52717541452205,273.5236987631583,266.5159127766755,267.2945556640625,6074300,0.0,0.0,61173000000.0,2.560104617241726,8848000000.0,4.4381491973559966,102928000000.0,3.1105055949029783,1747000000.0,-28.489562013917315,11392000000.0,-9.50111217032094
2025-06-26,268.31276384948774,270.53889828610454,264.6990615672291,270.26934814453125,6708000,0.0,0.0,61173000000.0,2.560104617241726,8848000000.0,4.4381491973559966,102928000000.0,3.1105055949029783,1747000000.0,-28.489562013917315,11392000000.0,-9.50111217032094
2025-06-27,271.38741635670766,273.69342895541,268.961647690557,272.9447326660156,21741400,0.0,0.0,61173000000.0,2.560104617241726,8848000000.0,4.4381491973559966,102928000000.0,3.1105055949029783,1747000000.0,-28.489562013917315,11392000000.0,-9.50111217032094
2025-06-30,273.98288506096105,275.89956084127255,269.92994518237754,272.2159729003906,8541900,0.0,0.0,61173000000.0,2.560104617241726,8848000000.0,4.4381491973559966,102928000000.0,3.1105055949029783,1747000000.0,-28.489562013917315,11392000000.0,-9.50111217032094
2025-07-01,271.60703484404195,273.52371074710095,270.1695659974102,271.4373474121094,6256800,0.0,0.0,61173000000.0,2.560104617241726,8848000000.0,4.4381491973559966,102928000000.0,3.1105055949029783,1747000000.0,-28.489562013917315,11392000000.0,-9.50111217032094
2025-07-02,271.04801709792315,271.2376892659797,265.1882255493604,268.7420349121094,6115200,0.0,0.0,61173000000.0,2.560104617241726,8848000000.0,4.4381491973559966,102928000000.0,3.1105055949029783,1747000000.0,-28.489562013917315,11392000000.0,-9.50111217032094
2025-07-03,269.23118756057556,274.2524425975935,268.8518432474582,271.6769104003906,5031800,0.0,0.0,61173000000.0,2.560104617241726,8848000000.0,4.4381491973559966,102928000000.0,3.1105055949029783,1747000000.0,-28.489562013917315,11392000000.0,-9.50111217032094
2025-07-07,271.038043088596,273.52370496536173,267.7437612099306,269.33099365234375,6283500,0.0,0.0,61173000000.0,2.560104617241726,8848000000.0,4.4381491973559966,102928000000.0,3.1105055949029783,1747000000.0,-28.489562013917315,11392000000.0,-9.50111217032094
2025-07-08,270.3193024805398,276.3188347638184,269.2611474835743,273.17431640625,6661200,0.0,0.0,61173000000.0,2.560104617241726,8848000000.0,4.4381491973559966,102928000000.0,3.1105055949029783,1747000000.0,-28.489562013917315,11392000000.0,-9.50111217032094
2025-07-09,273.88305829378095,275.08098448855907,268.90174228847684,270.4490661621094,6373600,0.0,0.0,61173000000.0,2.560104617241726,8848000000.0,4.4381491973559966,102928000000.0,3.1105055949029783,1747000000.0,-28.489562013917315,11392000000.0,-9.50111217032094
2025-07-10,270.42908510016537,271.0180558401543,262.75245028472796,263.5111389160156,7244600,0.0,0.0,61173000000.0,2.560104617241726,8848000000.0,4.4381491973559966,102928000000.0,3.1105055949029783,1747000000.0,-28.489562013917315,11392000000.0,-9.50111217032094
2025-07-11,262.1235383841973,262.492920795796,256.81280940259336,257.62139892578125,7011200,0.0,0.0,61173000000.0,2.560104617241726,8848000000.0,4.4381491973559966,102928000000.0,3.1105055949029783,1747000000.0,-28.489562013917315,11392000000.0,-9.50111217032094
2025-07-14,258.1504674879566,261.7741621336037,257.05237358555934,259.22857666015625,6533900,0.0,0.0,61173000000.0,2.560104617241726,8848000000.0,4.4381491973559966,102928000000.0,3.1105055949029783,1747000000.0,-28.489562013917315,11392000000.0,-9.50111217032094
2025-07-15,260.5463010496801,261.35489058129264,256.782865446193,257.1322326660156,5201500,0.0,0.0,61173000000.0,2.560104617241726,8848000000.0,4.4381491973559966,102928000000.0,3.1105055949029783,1747000000.0,-28.489562013917315,11392000000.0,-9.50111217032094
2025-07-16,258.4798943993192,258.5298257629847,254.0775718834422,257.5016174316406,5649500,0.0,0.0,61173000000.0,2.560104617241726,8848000000.0,4.4381491973559966,102928000000.0,3.1105055949029783,1747000000.0,-28.489562013917315,11392000000.0,-9.50111217032094
2025-07-17,257.5415239545556,259.7477042264874,256.20385694414034,259.4282531738281,5837400,0.0,0.0,61173000000.0,2.560104617241726,8848000000.0,4.4381491973559966,102928000000.0,3.1105055949029783,1747000000.0,-28.489562013917315,11392000000.0,-9.50111217032094
2025-07-18,259.8475182026605,262.5228828134107,258.6695766633665,261.9239196777344,6381200,0.0,0.0,61173000000.0,2.560104617241726,8848000000.0,4.4381491973559966,102928000000.0,3.1105055949029783,1747000000.0,-28.489562013917315,11392000000.0,-9.50111217032094
2025-07-21,263.1617331266578,263.8505361071046,261.18519454322615,261.8240661621094,6714700,0.0,0.0,61173000000.0,2.560104617241726,8848000000.0,4.4381491973559966,102928000000.0,3.1105055949029783,1747000000.0,-28.489562013917315,11392000000.0,-9.50111217032094
2025-07-22,262.5428346557154,265.42782567471664,261.54457292698646,263.1318054199219,5001400,0.0,0.0,61173000000.0,2.560104617241726,8848000000.0,4.4381491973559966,102928000000.0,3.1105055949029783,1747000000.0,-28.489562013917315,11392000000.0,-9.50111217032094
2025-07-23,263.4612417340518,268.01331265693506,262.0436967131534,266.7554931640625,5620700,0.0,0.0,61173000000.0,2.560104617241726,8848000000.0,4.4381491973559966,102928000000.0,3.1105055949029783,1747000000.0,-28.489562013917315,11392000000.0,-9.50111217032094
2025-07-24,267.5141922446008,268.8318745893041,265.1782634270665,267.23468017578125,5877100,0.0,0.0,61173000000.0,2.560104617241726,8848000000.0,4.4381491973559966,102928000000.0,3.1105055949029783,1747000000.0,-28.489562013917315,11392000000.0,-9.50111217032094
2025-07-25,267.54411793925857,270.62874282091667,266.5458562766691,268.6421813964844,4015400,0.0,0.0,61173000000.0,2.560104617241726,8848000000.0,4.4381491973559966,102928000000.0,3.1105055949029783,1747000000.0,-28.489562013917315,11392000000.0,-9.50111217032094
2025-07-28,269.0315161607091,269.8700522955965,266.1265710874234,269.78021240234375,4533700,0.0,0.0,61173000000.0,2.560104617241726,8848000000.0,4.4381491973559966,102928000000.0,3.1105055949029783,1747000000.0,-28.489562013917315,11392000000.0,-9.50111217032094
2025-07-29,271.1278744985686,273.52369640335655,266.84532342262327,266.9252014160156,5137100,0.0,0.0,61173000000.0,2.560104617241726,8848000000.0,4.4381491973559966,102928000000.0,3.1105055949029783,1747000000.0,-28.489562013917315,11392000000.0,-9.50111217032094
2025-07-30,266.4060870133077,267.3045164234517,262.87223217124426,264.34967041015625,3928200,0.0,0.0,61173000000.0,2.560104617241726,8848000000.0,4.4381491973559966,102928000000.0,3.1105055949029783,1747000000.0,-28.489562013917315,11392000000.0,-9.50111217032094
2025-07-31,264.5393390657507,264.57927806209267,257.41173621285475,257.88092041015625,7340300,0.0,0.0,61173000000.0,2.560104617241726,8848000000.0,4.4381491973559966,102928000000.0,3.1105055949029783,1747000000.0,-28.489562013917315,11392000000.0,-9.50111217032094
2025-08-01,254.54675030760632,255.54501198384455,249.69519795179784,250.30413818359375,7646900,0.0,0.0,61173000000.0,2.560104617241726,8848000000.0,4.4381491973559966,102928000000.0,3.1105055949029783,1747000000.0,-28.489562013917315,11392000000.0,-9.50111217032094
2025-08-04,250.56368070863866,253.05933489896373,250.20430589594127,251.8813934326172,4403500,0.0,0.0,61173000000.0,2.560104617241726,8848000000.0,4.4381491973559966,102928000000.0,3.1105055949029783,1747000000.0,-28.489562013917315,11392000000.0,-9.50111217032094
2025-08-05,252.57017733639083,252.84968938285692,246.58060737109287,247.05978393554688,6761000,0.0,0.0,61173000000.0,2.560104617241726,8848000000.0,4.4381491973559966,102928000000.0,3.1105055949029783,1747000000.0,-28.489562013917315,11392000000.0,-9.50111217032094
2025-08-06,248.93651147313142,249.82496376334453,246.59060565312643,248.7368621826172,5834700,0.0,0.0,61173000000.0,2.560104617241726,8848000000.0,4.4381491973559966,102928000000.0,3.1105055949029783,1747000000.0,-28.489562013917315,11392000000.0,-9.50111217032094
2025-08-07,250.25421762687853,252.57017675400954,236.5580664525636,240.46127319335938,10010200,0.0,0.0,61173000000.0,2.560104617241726,8848000000.0,4.4381491973559966,102928000000.0,3.1105055949029783,1747000000.0,-28.489562013917315,11392000000.0,-9.50111217032094
2025-08-08,240.87056186233718,242.52767996052398,237.41658486779494,240.0919189453125,8812000,0.0,0.0,61173000000.0,2.560104617241726,8848000000.0,4.4381491973559966,102928000000.0,3.1105055949029783,1747000000.0,-28.489562013917315,11392000000.0,-9.50111217032094
2025-08-11,238.5046865237461,241.44955552918194,231.16747207619568,232.27552795410156,10740100,0.0,0.0,61173000000.0,2.560104617241726,8848000000.0,4.4381491973559966,102928000000.0,3.1105055949029783,1747000000.0,-28.489562013917315,11392000000.0,-9.50111217032094
2025-08-12,232.59497598153612,233.2638094923237,226.08630543581694,231.25730895996094,13178000,0.0,0.0,61173000000.0,2.560104617241726,8848000000.0,4.4381491973559966,102928000000.0,3.1105055949029783,1747000000.0,-28.489562013917315,11392000000.0,-9.50111217032094
2025-08-13,232.6049494642353,236.93741674855283,229.21086583213918,236.6179656982422,10209200,0.0,0.0,61173000000.0,2.560104617241726,8848000000.0,4.4381491973559966,102928000000.0,3.1105055949029783,1747000000.0,-28.489562013917315,11392000000.0,-9.50111217032094
2025-08-14,236.58801974822248,236.58801974822248,232.46519410782122,232.96432495117188,7544800,0.0,0.0,61173000000.0,2.560104617241726,8848000000.0,4.4381491973559966,102928000000.0,3.1105055949029783,1747000000.0,-28.489562013917315,11392000000.0,-9.50111217032094
2025-08-15,235.7394952982848,244.07498661929336,234.22214847548955,242.01856994628906,12942800,0.0,0.0,61173000000.0,2.560104617241726,8848000000.0,4.4381491973559966,102928000000.0,3.1105055949029783,1747000000.0,-28.489562013917315,11392000000.0,-9.50111217032094
2025-08-18,239.35320251145842,244.09494539701757,239.0736904652066,243.5458984375,8809200,0.0,0.0,61173000000.0,2.560104617241726,8848000000.0,4.4381491973559966,102928000000.0,3.1105055949029783,1747000000.0,-28.489562013917315,11392000000.0,-9.50111217032094
2025-08-19,244.5741107599522,248.0680266279515,243.0268021148139,245.57237243652344,8642200,0.0,0.0,61173000000.0,2.560104617241726,8848000000.0,4.4381491973559966,102928000000.0,3.1105055949029783,1747000000.0,-28.489562013917315,11392000000.0,-9.50111217032094
2025-08-20,245.27289491679437,247.13965464059214,244.02506780057922,246.02159118652344,8195100,0.0,0.0,61173000000.0,2.560104617241726,8848000000.0,4.4381491973559966,102928000000.0,3.1105055949029783,1747000000.0,-28.489562013917315,11392000000.0,-9.50111217032094
2025-08-21,244.61404415774354,245.86187130259714,239.60278131124227,245.40267944335938,5646800,0.0,0.0,61173000000.0,2.560104617241726,8848000000.0,4.4381491973559966,102928000000.0,3.1105055949029783,1747000000.0,-28.489562013917315,11392000000.0,-9.50111217032094
2025-08-22,245.35275187227782,249.09623313231006,243.68565671234853,247.85838317871094,6694300,0.0,0.0,61173000000.0,2.560104617241726,8848000000.0,4.4381491973559966,102928000000.0,3.1105055949029783,1747000000.0,-28.489562013917315,11392000000.0,-9.50111217032094
2025-08-25,248.93650994973055,248.93650994973055,246.36099299074417,247.43911743164062,4957700,0.0,0.0,61173000000.0,2.560104617241726,8848000000.0,4.4381491973559966,102928000000.0,3.1105055949029783,1747000000.0,-28.489562013917315,11392000000.0,-9.50111217032094
2025-08-26,246.27116082901892,248.39746314580316,242.42786238458956,243.31631469726562,8862300,0.0,0.0,61173000000.0,2.560104617241726,8848000000.0,4.4381491973559966,102928000000.0,3.1105055949029783,1747000000.0,-28.489562013917315,11392000000.0,-9.50111217032094
2025-08-27,245.3228058049517,249.93476985359308,245.18304978021303,249.7251434326172,6506900,0.0,0.0,61173000000.0,2.560104617241726,8848000000.0,4.4381491973559966,102928000000.0,3.1105055949029783,1747000000.0,-28.489562013917315,11392000000.0,-9.50111217032094
2025-08-28,252.04110021879478,255.2055878602424,249.85490474131413,254.08753967285156,8461200,0.0,0.0,61173000000.0,2.560104617241726,8848000000.0,4.4381491973559966,102928000000.0,3.1105055949029783,1747000000.0,-28.489562013917315,11392000000.0,-9.50111217032094
2025-08-29,254.956036875844,257.1921638417244,252.4304359459877,255.8045654296875,7363200,0.0,0.0,61173000000.0,2.560104617241726,8848000000.0,4.4381491973559966,102928000000.0,3.1105055949029783,1747000000.0,-28.489562013917315,11392000000.0,-9.50111217032094
2025-09-02,254.37705558124145,254.54675824362107,248.31759970607249,252.4204559326172,9312500,0.0,0.0,61173000000.0,2.560104617241726,8848000000.0,4.4381491973559966,102928000000.0,3.1105055949029783,1747000000.0,-28.489562013917315,11392000000.0,-9.50111217032094
2025-09-03,254.61661311419977,257.5515047920152,250.11445857218692,256.00421142578125,17417900,0.0,0.0,61173000000.0,2.560104617241726,8848000000.0,4.4381491973559966,102928000000.0,3.1105055949029783,1747000000.0,-28.489562013917315,11392000000.0,-9.50111217032094
2025-09-04,239.6427000400819,244.79373404149973,234.21215398267375,243.58583068847656,30967500,0.0,0.0,61173000000.0,2.560104617241726,8848000000.0,4.4381491973559966,102928000000.0,3.1105055949029783,1747000000.0,-28.489562013917315,11392000000.0,-9.50111217032094
2025-09-05,244.40441215105494,250.69346386407673,243.93522793671386,250.3240966796875,13029400,0.0,0.0,61173000000.0,2.560104617241726,8848000000.0,4.4381491973559966,102928000000.0,3.1105055949029783,1747000000.0,-28.489562013917315,11392000000.0,-9.50111217032094
2025-09-08,250.3640360241148,252.50031544102913,246.8701200934058,251.83148193359375,12602200,0.0,0.0,61173000000.0,2.560104617241726,8848000000.0,4.4381491973559966,102928000000.0,3.1105055949029783,1747000000.0,-28.489562013917315,11392000000.0,-9.50111217032094
2025-09-09,250.88313752200096,254.89613858503566,250.77332812581258,251.62184143066406,10901900,0.0,0.0,61173000000.0,2.560104617241726,8848000000.0,4.4381491973559966,102928000000.0,3.1105055949029783,1747000000.0,-28.489562013917315,11392000000.0,-9.50111217032094
2025-09-10,252.3106426606466,253.54849264237936,241.30979454943912,242.14834594726562,11363600,0.0,0.0,61173000000.0,2.560104617241726,8848000000.0,4.4381491973559966,102928000000.0,3.1105055949029783,1747000000.0,-28.489562013917315,11392000000.0,-9.50111217032094
2025-09-11,243.27636599741192,246.74033521181664,243.07671670981154,245.8518829345703,6944900,0.0,0.0,61173000000.0,2.560104617241726,8848000000.0,4.4381491973559966,102928000000.0,3.1105055949029783,1747000000.0,-28.489562013917315,11392000000.0,-9.50111217032094
2025-09-12,245.6722029896189,247.15960312872315,240.83062779899254,242.33799743652344,8386400,0.0,0.0,61173000000.0,2.560104617241726,8848000000.0,4.4381491973559966,102928000000.0,3.1105055949029783,1747000000.0,-28.489562013917315,11392000000.0,-9.50111217032094
2025-09-15,242.8271612323328,244.2846300327789,240.4213468527663,242.0984344482422,7244600,0.0,0.0,61173000000.0,2.560104617241726,8848000000.0,4.4381491973559966,102928000000.0,3.1105055949029783,1747000000.0,-28.489562013917315,11392000000.0,-9.50111217032094
2025-09-16,242.0984238469874,242.25813413725334,236.82760346160717,238.8939971923828,8779800,0.0,0.0,61173000000.0,2.560104617241726,8848000000.0,4.4381491973559966,102928000000.0,3.1105055949029783,1747000000.0,-28.489562013917315,11392000000.0,-9.50111217032094
2025-09-17,239.97000122070312,243.0,239.3800048828125,242.2100067138672,10124000,0.416,0.0,61173000000.0,2.560104617241726,8848000000.0,4.4381491973559966,102928000000.0,3.1105055949029783,1747000000.0,-28.489562013917315,11392000000.0,-9.50111217032094
2025-09-18,244.16000366210938,247.2899932861328,242.9499969482422,244.27999877929688,9344400,0.0,0.0,61173000000.0,2.560104617241726,8848000000.0,4.4381491973559966,102928000000.0,3.1105055949029783,1747000000.0,-28.489562013917315,11392000000.0,-9.50111217032094
2025-09-19,246.02000427246094,247.1999969482422,243.35000610351562,247.08999633789062,11813900,0.0,0.0,61173000000.0,2.560104617241726,8848000000.0,4.4381491973559966,102928000000.0,3.1105055949029783,1747000000.0,-28.489562013917315,11392000000.0,-9.50111217032094
2025-09-22,245.27999877929688,250.47999572753906,243.16000366210938,249.69000244140625,7523800,0.0,0.0,61173000000.0,2.560104617241726,8848000000.0,4.4381491973559966,102928000000.0,3.1105055949029783,1747000000.0,-28.489562013917315,11392000000.0,-9.50111217032094
2025-09-23,249.74000549316406,251.36000061035156,244.1300048828125,244.55999755859375,7669800,0.0,0.0,61173000000.0,2.560104617241726,8848000000.0,4.4381491973559966,102928000000.0,3.1105055949029783,1747000000.0,-28.489562013917315,11392000000.0,-9.50111217032094
2025-09-24,245.6699981689453,248.83999633789062,243.00999450683594,245.88999938964844,6707100,0.0,0.0,61173000000.0,2.560104617241726,8848000000.0,4.4381491973559966,102928000000.0,3.1105055949029783,1747000000.0,-28.489562013917315,11392000000.0,-9.50111217032094
2025-09-25,244.5,244.66000366210938,239.49000549316406,240.9499969482422,8145500,0.0,0.0,61173000000.0,2.560104617241726,8848000000.0,4.4381491973559966,102928000000.0,3.1105055949029783,1747000000.0,-28.489562013917315,11392000000.0,-9.50111217032094
2025-09-26,240.69000244140625,244.52999877929688,240.35000610351562,243.42999267578125,4972000,0.0,0.0,61173000000.0,2.560104617241726,8848000000.0,4.4381491973559966,102928000000.0,3.1105055949029783,1747000000.0,-28.489562013917315,11392000000.0,-9.50111217032094
