Date,Open,High,Low,Close,Volume,Dividends,Stock Splits,Stockholders_Equity,Stockholders_Equity_Growth,Cash_And_Equivalents,Cash_And_Equivalents_Growth,Total_Assets,Total_Assets_Growth,Working_Capital,Working_Capital_Growth,Total_Debt,Total_Debt_Growth
2020-09-28,73.09534902669603,73.14500198249189,71.8186550726428,72.43341064453125,30784000,0.0,0.0,,0.0,,0.0,,0.0,,0.0,,0.0
2020-09-29,72.694120183098,73.09584466392775,72.20200807293823,72.79889678955078,31816000,0.0,0.0,,0.0,,0.0,,0.0,,0.0,,0.0
2020-09-30,72.54662474947686,73.80097367765457,72.28940381084516,72.77803039550781,40924000,0.0,0.0,,0.0,,0.0,,0.0,,0.0,,0.0
2020-10-01,73.67486065011207,74.24145605727813,73.33420782483996,73.88540649414062,32884000,0.0,0.0,,0.0,,0.0,,0.0,,0.0,,0.0
2020-10-02,72.4815909596404,73.44494787809407,71.8717983052176,72.2814712524414,31222000,0.0,0.0,,0.0,,0.0,,0.0,,0.0,,0.0
2020-10-05,72.6315529369491,73.7265018849997,72.5044313545936,73.6336441040039,21602000,0.0,0.0,,0.0,,0.0,,0.0,,0.0,,0.0
2020-10-06,73.26965381491353,73.71756095605366,71.7555984119484,72.05403900146484,26096000,0.0,0.0,,0.0,,0.0,,0.0,,0.0,,0.0
2020-10-07,72.46569342964418,72.94538662475436,71.17062485186818,72.4572525024414,36108000,0.0,0.0,,0.0,,0.0,,0.0,,0.0,,0.0
2020-10-08,72.77060038816721,73.89186483210524,72.77060038816721,73.66344451904297,26076000,0.0,0.0,,0.0,,0.0,,0.0,,0.0,,0.0
2020-10-09,74.13171101982338,75.0747082019005,73.8407187273074,75.00518798828125,32966000,0.0,0.0,,0.0,,0.0,,0.0,,0.0,,0.0
2020-10-12,76.37325769805075,78.87698566298394,75.94123217577507,77.69364929199219,55344000,0.0,0.0,,0.0,,0.0,,0.0,,0.0,,0.0
2020-10-13,78.31038496240312,78.71509484567285,77.39768128178348,77.81678771972656,39072000,0.0,0.0,,0.0,,0.0,,0.0,,0.0,,0.0
2020-10-14,78.19070433997409,78.65003016211465,76.76552891007314,77.63652038574219,33174000,0.0,0.0,,0.0,,0.0,,0.0,,0.0,,0.0
2020-10-15,76.69601789191054,78.03180603986702,76.52867688240575,77.24076080322266,31210000,0.0,0.0,,0.0,,0.0,,0.0,,0.0,,0.0
2020-10-16,77.55656831048998,78.34512809434271,77.34950042632315,77.84806060791016,34194000,0.0,0.0,,0.0,,0.0,,0.0,,0.0,,0.0
2020-10-19,78.25675108360606,78.65401262927215,75.6244093541497,75.97349548339844,29734000,0.0,0.0,,0.0,,0.0,,0.0,,0.0,,0.0
2020-10-20,75.63384710979612,78.1529714473702,75.50424022967013,77.02276611328125,41670000,0.0,0.0,,0.0,,0.0,,0.0,,0.0,,0.0
2020-10-21,77.95483057781071,80.20382232049026,77.82026068582488,78.75630187988281,60322000,0.0,0.0,,0.0,,0.0,,0.0,,0.0,,0.0
2020-10-22,78.70714079624807,80.11840464128612,78.3337169261627,79.78272247314453,30512000,0.0,0.0,,0.0,,0.0,,0.0,,0.0,,0.0
2020-10-23,80.19936290074068,81.14633045232473,80.04343304769533,81.0897216796875,30548000,0.0,0.0,,0.0,,0.0,,0.0,,0.0,,0.0
2020-10-26,80.19687961430068,80.92088242116448,77.85205190328901,78.6718978881836,35826000,0.0,0.0,,0.0,,0.0,,0.0,,0.0,,0.0
2020-10-27,78.90231064798252,79.5513301261755,78.30939985271544,79.39640045166016,25902000,0.0,0.0,,0.0,,0.0,,0.0,,0.0,,0.0
2020-10-28,76.96963351424793,77.15832688244774,74.90735737417214,75.0225601196289,45174000,0.0,0.0,,0.0,,0.0,,0.0,,0.0,,0.0
2020-10-29,75.33142384973424,78.89285854363483,75.30808627791404,77.31077575683594,55406000,0.0,0.0,,0.0,,0.0,,0.0,,0.0,,0.0
2020-10-30,82.80092441714463,83.49017093425739,79.52998127495282,80.25199890136719,99878000,0.0,0.0,,0.0,,0.0,,0.0,,0.0,,0.0
2020-11-02,80.62094129246884,82.34405718716918,80.1591225920331,80.65967559814453,44228000,0.0,0.0,,0.0,,0.0,,0.0,,0.0,,0.0
2020-11-03,80.97947599539556,82.38179892514135,80.05336078632573,81.71936798095703,31432000,0.0,0.0,,0.0,,0.0,,0.0,,0.0,,0.0
2020-11-04,84.69485294507058,87.89528301491228,84.56673875495531,86.69456481933594,71342000,0.0,0.0,,0.0,,0.0,,0.0,,0.0,,0.0
2020-11-05,87.91613860412481,88.97732390790966,86.45521397761841,87.5213623046875,39758000,0.0,0.0,,0.0,,0.0,,0.0,,0.0,,0.0
2020-11-06,86.96718320704757,87.81930775936743,86.23920242731536,87.3838119506836,28622000,0.0,0.0,,0.0,,0.0,,0.0,,0.0,,0.0
2020-11-09,89.18388779864829,90.22222032962502,87.27554876417429,87.46772003173828,53440000,0.0,0.0,,0.0,,0.0,,0.0,,0.0,,0.0
2020-11-10,85.89606389807871,87.36642187641647,85.21823623503911,86.29084014892578,43022000,0.0,0.0,,0.0,,0.0,,0.0,,0.0,,0.0
2020-11-11,86.82119356546892,87.54122598567889,86.55602414438157,86.76309967041016,31838000,0.0,0.0,,0.0,,0.0,,0.0,,0.0,,0.0
2020-11-12,86.50338600548156,87.64451771355215,86.30326628899803,86.54410552978516,26474000,0.0,0.0,,0.0,,0.0,,0.0,,0.0,,0.0
2020-11-13,86.80131586899107,88.24783612815703,86.20443475003442,88.0060043334961,29744000,0.0,0.0,,0.0,,0.0,,0.0,,0.0,,0.0
2020-11-16,87.60279824360163,89.10245712996237,87.46325773434673,88.09391021728516,25468000,0.0,0.0,,0.0,,0.0,,0.0,,0.0,,0.0
2020-11-17,87.7875265532104,88.2483527483011,87.37189796826333,87.47965240478516,21314000,0.0,0.0,,0.0,,0.0,,0.0,,0.0,,0.0
2020-11-18,87.23036759862198,87.64550364770136,86.33305301374617,86.43584442138672,20108000,0.0,0.0,,0.0,,0.0,,0.0,,0.0,,0.0
2020-11-19,86.06789033907135,87.57052716829506,85.9084901465647,87.32621002197266,20106000,0.0,0.0,,0.0,,0.0,,0.0,,0.0,,0.0
2020-11-20,87.49653554143116,87.8123581090682,86.15578421887,86.22431182861328,27694000,0.0,0.0,,0.0,,0.0,,0.0,,0.0,,0.0
2020-11-23,86.4149908162109,86.70151257860655,84.92328035546011,85.78632354736328,22530000,0.0,0.0,,0.0,,0.0,,0.0,,0.0,,0.0
2020-11-24,85.78334829165836,87.71899554089296,85.44716597999957,87.59088134765625,27984000,0.0,0.0,,0.0,,0.0,,0.0,,0.0,,0.0
2020-11-25,87.78504789071293,87.91266199664649,86.81920565967509,87.60230255126953,19600000,0.0,0.0,,0.0,,0.0,,0.0,,0.0,,0.0
2020-11-27,87.62265137734866,89.23503517364202,87.62265137734866,88.73895263671875,14790000,0.0,0.0,,0.0,,0.0,,0.0,,0.0,,0.0
2020-11-30,88.17435503755391,88.40724583978081,86.7933768344479,87.11913299560547,32418000,0.0,0.0,,0.0,,0.0,,0.0,,0.0,,0.0
2020-12-01,87.72793104126895,90.46207172577871,87.5476710184764,89.1530990600586,37350000,0.0,0.0,,0.0,,0.0,,0.0,,0.0,,0.0
2020-12-02,89.15310829223527,91.00930935976088,88.64709964033578,90.62346649169922,29424000,0.0,0.0,,0.0,,0.0,,0.0,,0.0,,0.0
2020-12-03,90.40346803101117,91.55998863218481,90.2276785362936,90.46802520751953,24728000,0.0,0.0,,0.0,,0.0,,0.0,,0.0,,0.0
2020-12-04,90.38758786798329,90.84840643586647,90.05835381182969,90.5633773803711,20544000,0.0,0.0,,0.0,,0.0,,0.0,,0.0,,0.0
2020-12-07,90.15567355859292,90.83797169317472,89.53446227377843,90.22917175292969,22288000,0.0,0.0,,0.0,,0.0,,0.0,,0.0,,0.0
2020-12-08,89.80659591980766,90.17654191763987,88.95050099478975,89.94612884521484,19936000,0.0,0.0,,0.0,,0.0,,0.0,,0.0,,0.0
2020-12-09,89.89796478940806,90.79230154815504,87.49652840724409,88.28409576416016,31728000,0.0,0.0,,0.0,,0.0,,0.0,,0.0,,0.0
2020-12-10,87.5263267524468,88.14158252987346,86.08278404964399,87.777099609375,28688000,0.0,0.0,,0.0,,0.0,,0.0,,0.0,,0.0
2020-12-11,87.39720456707914,88.25677733118998,87.03669212873011,88.13213348388672,18628000,0.0,0.0,,0.0,,0.0,,0.0,,0.0,,0.0
2020-12-14,87.92954487062023,88.87700490171588,86.85743340263497,87.01286315917969,33050000,0.0,0.0,,0.0,,0.0,,0.0,,0.0,,0.0
2020-12-15,87.39025704522699,87.59583985286919,86.48699444327288,87.45084381103516,21352000,0.0,0.0,,0.0,,0.0,,0.0,,0.0,,0.0
2020-12-16,87.84959334388638,87.84959334388638,86.8539654427043,87.25767517089844,24676000,0.0,0.0,,0.0,,0.0,,0.0,,0.0,,0.0
2020-12-17,87.59237404777944,87.73042186459409,85.96460093493897,86.42938995361328,34880000,0.0,0.0,,0.0,,0.0,,0.0,,0.0,,0.0
2020-12-18,86.71046011685708,86.81920715877509,85.16263328193209,85.71978759765625,85256000,0.0,0.0,,0.0,,0.0,,0.0,,0.0,,0.0
2020-12-21,84.87112877315111,86.25508471112633,84.11981047967087,86.13391876220703,33974000,0.0,0.0,,0.0,,0.0,,0.0,,0.0,,0.0
2020-12-22,85.87422216127273,86.03710025089265,84.70478990793866,85.42184448242188,20370000,0.0,0.0,,0.0,,0.0,,0.0,,0.0,,0.0
2020-12-23,85.60607168641371,86.60815530253585,85.47050159575537,85.81959533691406,22974000,0.0,0.0,,0.0,,0.0,,0.0,,0.0,,0.0
2020-12-24,85.8578235085603,86.52373235094736,85.62691792776171,86.11405944824219,9312000,0.0,0.0,,0.0,,0.0,,0.0,,0.0,,0.0
2020-12-28,86.64787370341108,88.73795785846364,86.49443674465653,88.09042358398438,27650000,0.0,0.0,,0.0,,0.0,,0.0,,0.0,,0.0
2020-12-29,88.7493978086226,88.81096960706013,87.1543957516824,87.2859878540039,19726000,0.0,0.0,,0.0,,0.0,,0.0,,0.0,,0.0
2020-12-30,87.6455108664549,87.78256608793059,85.80818439204691,86.21785736083984,21026000,0.0,0.0,,0.0,,0.0,,0.0,,0.0,,0.0
2020-12-31,86.26850867543338,87.27307766159485,86.20990711305191,87.03174591064453,21070000,0.0,0.0,,0.0,,0.0,,0.0,,0.0,,0.0
2021-01-04,87.39720550059997,87.52084916759205,84.772312128226,85.7153091430664,37324000,0.0,0.0,,0.0,,0.0,,0.0,,0.0,,0.0
2021-01-05,85.66367014998892,86.74322235263449,85.25697504611246,86.40654754638672,20360000,0.0,0.0,,0.0,,0.0,,0.0,,0.0,,0.0
2021-01-06,84.43068253258387,86.60121349106612,84.22410709911334,85.5539321899414,46588000,0.0,0.0,,0.0,,0.0,,0.0,,0.0,,0.0
2021-01-07,85.74659668999963,88.28211046401697,85.74659668999963,88.10930633544922,41936000,0.0,0.0,,0.0,,0.0,,0.0,,0.0,,0.0
2021-01-08,88.24933551484223,89.3517327598918,87.4577901976101,89.2757568359375,35484000,0.0,0.0,,0.0,,0.0,,0.0,,0.0,,0.0
2021-01-11,88.24238133150995,88.60786440316203,87.00690685691502,87.21298217773438,34796000,0.0,0.0,,0.0,,0.0,,0.0,,0.0,,0.0
2021-01-12,86.67022716182484,87.78950631707407,85.23115504466647,86.27644348144531,29528000,0.0,0.0,,0.0,,0.0,,0.0,,0.0,,0.0
2021-01-13,85.77440403010542,87.21795421271686,85.77440403010542,86.76408386230469,23432000,0.0,0.0,,0.0,,0.0,,0.0,,0.0,,0.0
2021-01-14,86.84452983792997,87.77213786116161,85.71233916919952,85.95317840576172,29212000,0.0,0.0,,0.0,,0.0,,0.0,,0.0,,0.0
2021-01-15,85.85881158240142,86.78244143399044,84.99924639520269,85.78929138183594,31444000,0.0,0.0,,0.0,,0.0,,0.0,,0.0,,0.0
2021-01-19,86.5530367998629,89.5741993642567,86.04802079890773,88.61233520507812,41660000,0.0,0.0,,0.0,,0.0,,0.0,,0.0,,0.0
2021-01-20,90.69297541443379,94.33535679156603,90.3523301990079,93.35958862304688,64152000,0.0,0.0,,0.0,,0.0,,0.0,,0.0,,0.0
2021-01-21,94.03394723441394,95.94227893241104,93.32681871001536,93.56219482421875,58634000,0.0,0.0,,0.0,,0.0,,0.0,,0.0,,0.0
2021-01-22,93.92518905965122,94.56726028066227,93.18231164160541,93.97981262207031,32744000,0.0,0.0,,0.0,,0.0,,0.0,,0.0,,0.0
2021-01-25,94.98189773441027,95.43279024667792,92.32124775133792,94.06521606445312,50586000,0.0,0.0,,0.0,,0.0,,0.0,,0.0,,0.0
2021-01-26,93.65356299193041,95.13136939895124,93.16394372149756,94.7440414428711,31462000,0.0,0.0,,0.0,,0.0,,0.0,,0.0,,0.0
2021-01-27,93.1033509899852,93.37944659543606,89.24843864993461,90.32402038574219,82512000,0.0,0.0,,0.0,,0.0,,0.0,,0.0,,0.0
2021-01-28,90.92289423121268,93.75287039579504,90.92289423121268,92.0252914428711,55278000,0.0,0.0,,0.0,,0.0,,0.0,,0.0,,0.0
2021-01-29,91.07286091482506,91.74423292058923,89.4609846616316,90.74214172363281,44530000,0.0,0.0,,0.0,,0.0,,0.0,,0.0,,0.0
2021-02-01,91.59774264388165,95.12094344819168,91.59774264388165,94.00514221191406,40252000,0.0,0.0,,0.0,,0.0,,0.0,,0.0,,0.0
2021-02-02,95.00125810406892,96.8008424521384,94.66556836094034,95.2987060546875,66332000,0.0,0.0,,0.0,,0.0,,0.0,,0.0,,0.0
2021-02-03,102.57305820901132,104.6095117961337,99.98788364514651,102.23886108398438,97882000,0.0,0.0,,0.0,,0.0,,0.0,,0.0,,0.0
2021-02-04,102.32525035691263,102.7562756387138,101.05798980789827,101.9781494140625,48596000,0.0,0.0,,0.0,,0.0,,0.0,,0.0,,0.0
2021-02-05,102.27261325937808,104.0791536293732,101.79789063853698,103.72608947753906,29866000,0.0,0.0,,0.0,,0.0,,0.0,,0.0,,0.0
2021-02-08,104.28076232458417,105.02562491261692,102.46081806842983,103.5120620727539,28828000,0.0,0.0,,0.0,,0.0,,0.0,,0.0,,0.0
2021-02-09,103.02939978157666,104.20678043655732,102.79104585481538,103.05870056152344,21892000,0.0,0.0,,0.0,,0.0,,0.0,,0.0,,0.0
2021-02-10,103.44353437120024,104.22514605872993,101.90911925986293,103.60939025878906,25102000,0.0,0.0,,0.0,,0.0,,0.0,,0.0,,0.0
2021-02-11,103.83384698116288,103.98281343588366,102.73442756709264,103.72211456298828,20480000,0.0,0.0,,0.0,,0.0,,0.0,,0.0,,0.0
2021-02-12,103.27619962416891,104.25593827265304,102.96831791697292,104.03397369384766,18990000,0.0,0.0,,0.0,,0.0,,0.0,,0.0,,0.0
2021-02-16,103.8710913957422,106.52230792742778,103.8710913957422,104.81210327148438,31004000,0.0,0.0,,0.0,,0.0,,0.0,,0.0,,0.0
2021-02-17,103.98183521258457,105.39509213585352,103.70226923732812,105.20539855957031,20294000,0.0,0.0,,0.0,,0.0,,0.0,,0.0,,0.0
2021-02-18,104.52904784605579,105.37273140047849,103.94954106605648,104.56926727294922,22546000,0.0,0.0,,0.0,,0.0,,0.0,,0.0,,0.0
2021-02-19,104.66760224999184,105.203404154816,103.45794305157632,103.72509765625,37938000,0.0,0.0,,0.0,,0.0,,0.0,,0.0,,0.0
2021-02-22,101.97666645227667,103.30401380258728,101.69858559876539,102.00943756103516,29466000,0.0,0.0,,0.0,,0.0,,0.0,,0.0,,0.0
2021-02-23,100.0097261156716,102.91518589418928,98.82986020333311,102.30042266845703,34658000,0.0,0.0,,0.0,,0.0,,0.0,,0.0,,0.0
2021-02-24,100.80671563798289,103.70075634865516,100.68207936761381,103.47679901123047,22608000,0.0,0.0,,0.0,,0.0,,0.0,,0.0,,0.0
2021-02-25,102.09235563455893,103.43658466161583,99.63728846063752,100.10704803466797,41548000,0.0,0.0,,0.0,,0.0,,0.0,,0.0,,0.0
2021-02-26,100.80226194915903,102.12166086364947,99.36517497616103,100.40301513671875,40042000,0.0,0.0,,0.0,,0.0,,0.0,,0.0,,0.0
2021-03-01,101.69858046026536,103.1004109765312,101.02423063600573,102.77416229248047,26060000,0.0,0.0,,0.0,,0.0,,0.0,,0.0,,0.0
2021-03-02,102.5348117169729,104.01957402243141,102.12911676278051,102.51693725585938,25564000,0.0,0.0,,0.0,,0.0,,0.0,,0.0,,0.0
2021-03-03,101.89471498400185,103.0884772115046,99.0170560718897,99.88159942626953,33892000,0.0,0.0,,0.0,,0.0,,0.0,,0.0,,0.0
2021-03-04,100.05343333645445,103.01898008411995,99.58466629081074,100.99990844726562,49216000,0.0,0.0,,0.0,,0.0,,0.0,,0.0,,0.0
2021-03-05,102.35156636872838,104.58863175555176,100.69449268365985,104.13526153564453,53100000,0.0,0.0,,0.0,,0.0,,0.0,,0.0,,0.0
2021-03-08,103.48922828904087,104.96305669048873,99.57273635738918,99.68744659423828,36868000,0.0,0.0,,0.0,,0.0,,0.0,,0.0,,0.0
2021-03-09,101.78548791823147,102.4891309814651,101.08282988254587,101.31919860839844,33920000,0.0,0.0,,0.0,,0.0,,0.0,,0.0,,0.0
2021-03-10,102.36399312710523,102.36399312710523,100.27490127043286,101.11212921142578,27100000,0.0,0.0,,0.0,,0.0,,0.0,,0.0,,0.0
2021-03-11,102.20607603435747,104.84040311495322,102.11818127805286,104.30757904052734,27702000,0.0,0.0,,0.0,,0.0,,0.0,,0.0,,0.0
2021-03-12,103.10933995899494,103.16892653845659,100.92490535157664,101.79788208007812,33818000,0.0,0.0,,0.0,,0.0,,0.0,,0.0,,0.0
2021-03-15,101.54861197733112,102.04567957460087,100.69500231836219,102.01837158203125,26168000,0.0,0.0,,0.0,,0.0,,0.0,,0.0,,0.0
2021-03-16,102.59191553889649,104.96008072594401,102.25921114107965,103.48078918457031,31900000,0.0,0.0,,0.0,,0.0,,0.0,,0.0,,0.0
2021-03-17,102.71506692244664,104.23110756924204,101.50590779981324,103.39785766601562,26382000,0.0,0.0,,0.0,,0.0,,0.0,,0.0,,0.0
2021-03-18,101.70751288989462,102.72897123956768,100.26744816681611,100.37471008300781,31700000,0.0,0.0,,0.0,,0.0,,0.0,,0.0,,0.0
2021-03-19,100.79134100852927,101.15433122246223,99.46051580491086,100.6537857055664,46072000,0.0,0.0,,0.0,,0.0,,0.0,,0.0,,0.0
2021-03-22,100.68705266414705,101.71545922515175,100.01021756030983,100.83900451660156,33536000,0.0,0.0,,0.0,,0.0,,0.0,,0.0,,0.0
2021-03-23,101.29882774538657,102.49855328173614,100.70542448407849,101.36735534667969,28510000,0.0,0.0,,0.0,,0.0,,0.0,,0.0,,0.0
2021-03-24,101.88528247451289,102.67185719163797,100.75507714736035,100.93037414550781,25218000,0.0,0.0,,0.0,,0.0,,0.0,,0.0,,0.0
2021-03-25,100.75756896645461,101.58138535114085,99.12085484807301,100.9269027709961,35616000,0.0,0.0,,0.0,,0.0,,0.0,,0.0,,0.0
2021-03-26,100.89363919392493,101.27103356656968,99.5062051226852,100.54306030273438,27978000,0.0,0.0,,0.0,,0.0,,0.0,,0.0,,0.0
2021-03-29,100.41543399056286,101.75867057035616,99.58565437646192,101.58883666992188,26492000,0.0,0.0,,0.0,,0.0,,0.0,,0.0,,0.0
2021-03-30,101.94587523975986,102.42705359401143,101.1101400271924,101.62260437011719,27312000,0.0,0.0,,0.0,,0.0,,0.0,,0.0,,0.0
2021-03-31,102.01638423893236,103.59847472541622,101.64891595703786,102.41960144042969,42570000,0.0,0.0,,0.0,,0.0,,0.0,,0.0,,0.0
2021-04-01,103.89592556687435,106.05602264817969,103.85520604605419,105.75956726074219,39880000,0.0,0.0,,0.0,,0.0,,0.0,,0.0,,0.0
2021-04-05,106.62211337456482,110.68608655978105,106.52577769061983,110.18801879882812,48510000,0.0,0.0,,0.0,,0.0,,0.0,,0.0,,0.0
2021-04-06,109.78876098014031,110.6369149862401,109.33539077930254,109.70632934570312,35240000,0.0,0.0,,0.0,,0.0,,0.0,,0.0,,0.0
2021-04-07,109.89703385350786,111.45627935995104,109.89703385350786,111.18465423583984,24134000,0.0,0.0,,0.0,,0.0,,0.0,,0.0,,0.0
2021-04-08,112.42458973563836,112.81142515973859,111.38227917721422,111.75074005126953,28664000,0.0,0.0,,0.0,,0.0,,0.0,,0.0,,0.0
2021-04-09,111.50295716552093,112.91968428318657,111.09675457023529,112.75581359863281,26146000,0.0,0.0,,0.0,,0.0,,0.0,,0.0,,0.0
2021-04-12,111.93397929114465,112.07152700708663,110.62798445173745,111.46223449707031,25024000,0.0,0.0,,0.0,,0.0,,0.0,,0.0,,0.0
2021-04-13,111.77854480380566,112.39827100127401,111.38426106868891,111.9493637084961,25682000,0.0,0.0,,0.0,,0.0,,0.0,,0.0,,0.0
2021-04-14,112.5949278823604,112.5949278823604,111.03518983189373,111.32766723632812,21002000,0.0,0.0,,0.0,,0.0,,0.0,,0.0,,0.0
2021-04-15,112.3228069510781,114.01364453887427,111.78749754528548,113.47982025146484,29174000,0.0,0.0,,0.0,,0.0,,0.0,,0.0,,0.0
2021-04-16,113.67794535392196,113.9262328802501,112.76821949375322,113.35566711425781,26282000,0.0,0.0,,0.0,,0.0,,0.0,,0.0,,0.0
2021-04-19,112.73147563383928,114.41535723805603,112.73147563383928,113.70376586914062,30290000,0.0,0.0,,0.0,,0.0,,0.0,,0.0,,0.0
2021-04-20,114.08762678716785,114.16261011066196,112.08295945388272,113.16996002197266,22288000,0.0,0.0,,0.0,,0.0,,0.0,,0.0,,0.0
2021-04-21,112.82433942501434,113.21911569548593,111.47216193615608,113.1371841430664,23204000,0.0,0.0,,0.0,,0.0,,0.0,,0.0,,0.0
2021-04-22,112.99069904576704,113.6600858814164,111.24871571357562,111.85453796386719,24146000,0.0,0.0,,0.0,,0.0,,0.0,,0.0,,0.0
2021-04-23,112.5735722203721,114.51617525978173,112.28804305693671,114.20879364013672,29066000,0.0,0.0,,0.0,,0.0,,0.0,,0.0,,0.0
2021-04-26,114.43672834760984,115.43037868593879,114.0791936523698,114.70537567138672,32038000,0.0,0.0,,0.0,,0.0,,0.0,,0.0,,0.0
2021-04-27,115.08773546111213,115.12845498312689,113.52501204105906,113.76436614990234,44386000,0.0,0.0,,0.0,,0.0,,0.0,,0.0,,0.0
2021-04-28,118.8055796155355,120.73626363457726,116.85503592861606,117.14404296875,81106000,0.0,0.0,,0.0,,0.0,,0.0,,0.0,,0.0
2021-04-29,118.64320728077503,119.38459197971964,117.87947003584557,118.81849670410156,41234000,0.0,0.0,,0.0,,0.0,,0.0,,0.0,,0.0
2021-04-30,117.58997485630582,118.27673602019853,116.52432665812992,116.86894989013672,44856000,0.0,0.0,,0.0,,0.0,,0.0,,0.0,,0.0
2021-05-03,117.43553178904428,118.2618334205683,115.97510737902364,116.35150909423828,28242000,0.0,0.0,,0.0,,0.0,,0.0,,0.0,,0.0
2021-05-04,114.88512675108498,115.45320725454022,112.06110599855704,114.55142974853516,44818000,0.0,0.0,,0.0,,0.0,,0.0,,0.0,,0.0
2021-05-05,115.633955384079,115.95027040732884,114.62342337165293,114.9457015991211,26636000,0.0,0.0,,0.0,,0.0,,0.0,,0.0,,0.0
2021-05-06,114.52660004687345,116.06697845458984,113.86665436169554,116.06697845458984,25190000,0.0,0.0,,0.0,,0.0,,0.0,,0.0,,0.0
2021-05-07,117.38489608496133,117.75037160345586,116.50446333323039,116.79098510742188,28898000,0.0,0.0,,0.0,,0.0,,0.0,,0.0,,0.0
2021-05-10,115.60962996809558,115.75165577723939,113.44456228631331,113.80259704589844,30914000,0.0,0.0,,0.0,,0.0,,0.0,,0.0,,0.0
2021-05-11,111.38527374593276,113.2330262278343,110.93090328870252,112.72552490234375,34186000,0.0,0.0,,0.0,,0.0,,0.0,,0.0,,0.0
2021-05-12,110.5470545058614,111.62909207975932,108.92970751604966,109.2589340209961,46376000,0.0,0.0,,0.0,,0.0,,0.0,,0.0,,0.0
2021-05-13,110.54357212276646,111.20501049695574,109.5802152495057,110.6885757446289,33204000,0.0,0.0,,0.0,,0.0,,0.0,,0.0,,0.0
2021-05-14,112.15347012836743,113.453501809493,111.7293930700352,113.138671875,31996000,0.0,0.0,,0.0,,0.0,,0.0,,0.0,,0.0
2021-05-17,112.40323639373455,113.70476069631124,112.00299702300212,113.66205596923828,21598000,0.0,0.0,,0.0,,0.0,,0.0,,0.0,,0.0
2021-05-18,114.32896221785582,114.59363909579048,112.33471351228613,112.34861755371094,22204000,0.0,0.0,,0.0,,0.0,,0.0,,0.0,,0.0
2021-05-19,110.65829036295091,112.97033944882926,110.50981640277661,112.79703521728516,23684000,0.0,0.0,,0.0,,0.0,,0.0,,0.0,,0.0
2021-05-20,113.76535047048326,114.80815356114391,113.39391177615245,114.55738830566406,32352000,0.0,0.0,,0.0,,0.0,,0.0,,0.0,,0.0
2021-05-21,115.076804611561,115.15030281544662,113.68092975421887,113.9207763671875,40632000,0.0,0.0,,0.0,,0.0,,0.0,,0.0,,0.0
2021-05-24,114.95167322808392,117.46731985082977,114.80617708661025,117.24337005615234,31832000,0.0,0.0,,0.0,,0.0,,0.0,,0.0,,0.0
2021-05-25,117.78760640059416,118.38349497580484,116.94343028761784,117.33423614501953,22440000,0.0,0.0,,0.0,,0.0,,0.0,,0.0,,0.0
2021-05-26,117.51548046613217,118.63128926079746,117.51250265235855,118.20026397705078,21572000,0.0,0.0,,0.0,,0.0,,0.0,,0.0,,0.0
2021-05-27,118.63426373987288,118.63426373987288,117.00599824507955,117.32479858398438,35224000,0.0,0.0,,0.0,,0.0,,0.0,,0.0,,0.0
2021-05-28,117.90778553815656,117.98971709570142,116.83667419938844,117.0353012084961,21482000,0.0,0.0,,0.0,,0.0,,0.0,,0.0,,0.0
2021-06-01,117.90877200932526,118.4684115722514,116.90767344728998,118.24346160888672,23354000,0.0,0.0,,0.0,,0.0,,0.0,,0.0,,0.0
2021-06-02,118.63923515219538,118.86219991513654,116.8123349585416,117.71759796142578,21158000,0.0,0.0,,0.0,,0.0,,0.0,,0.0,,0.0
2021-06-03,116.48309363298941,117.04372575118856,115.67814441762557,116.57495880126953,18696000,0.0,0.0,,0.0,,0.0,,0.0,,0.0,,0.0
2021-06-04,117.65204506352062,119.1298514725484,117.31139225486027,118.85871887207031,24458000,0.0,0.0,,0.0,,0.0,,0.0,,0.0,,0.0
2021-06-07,118.65364298070448,119.40198354918884,118.23453649827678,119.292236328125,24120000,0.0,0.0,,0.0,,0.0,,0.0,,0.0,,0.0
2021-06-08,119.7744050682998,120.14732888330803,118.91880264907648,119.10054779052734,24240000,0.0,0.0,,0.0,,0.0,,0.0,,0.0,,0.0
2021-06-09,119.74560035067245,119.81759827762734,119.02407534579427,119.57229614257812,17942000,0.0,0.0,,0.0,,0.0,,0.0,,0.0,,0.0
2021-06-10,119.52163996137934,120.96568253894894,119.36571770257208,120.92247772216797,25904000,0.0,0.0,,0.0,,0.0,,0.0,,0.0,,0.0
2021-06-11,121.16432243775947,121.24973189876641,120.11952650453333,120.67768096923828,21958000,0.0,0.0,,0.0,,0.0,,0.0,,0.0,,0.0
2021-06-14,120.77997160978902,121.6072658902099,120.07185807853914,121.60677337646484,22098000,0.0,0.0,,0.0,,0.0,,0.0,,0.0,,0.0
2021-06-15,121.6112350467546,121.93450591139118,120.22678650087968,120.58779907226562,21562000,0.0,0.0,,0.0,,0.0,,0.0,,0.0,,0.0
2021-06-16,120.73925165647537,121.051103781599,118.65165259558208,119.94522857666016,26472000,0.0,0.0,,0.0,,0.0,,0.0,,0.0,,0.0
2021-06-17,119.87074371139391,121.68323972485655,119.67459443294561,120.90957641601562,25842000,0.0,0.0,,0.0,,0.0,,0.0,,0.0,,0.0
2021-06-18,120.53564705802492,120.77003054629442,119.19291070614344,119.28825378417969,46116000,0.0,0.0,,0.0,,0.0,,0.0,,0.0,,0.0
2021-06-21,119.67509414601389,121.16431929234544,119.07721278021708,120.97810363769531,27414000,0.0,0.0,,0.0,,0.0,,0.0,,0.0,,0.0
2021-06-22,120.91603228443775,121.56158140548996,120.23473424319909,121.4925537109375,22390000,0.0,0.0,,0.0,,0.0,,0.0,,0.0,,0.0
2021-06-23,121.2571798519572,122.25231524209634,120.99995886509124,121.29045104980469,19148000,0.0,0.0,,0.0,,0.0,,0.0,,0.0,,0.0
2021-06-24,121.85953094704381,122.21259512859682,121.46227691428432,121.66090393066406,21362000,0.0,0.0,,0.0,,0.0,,0.0,,0.0,,0.0
2021-06-25,121.16430321307875,121.79297039245445,120.73228537630497,121.66931915283203,34594000,0.0,0.0,,0.0,,0.0,,0.0,,0.0,,0.0
2021-06-28,121.83815814093862,121.94393492752164,120.57388307299288,121.69664001464844,28526000,0.0,0.0,,0.0,,0.0,,0.0,,0.0,,0.0
2021-06-29,121.83023580586497,122.17833695847023,120.8574453468583,121.4349594116211,23108000,0.0,0.0,,0.0,,0.0,,0.0,,0.0,,0.0
2021-06-30,121.15885387013645,121.41956032796028,120.5232383872112,121.25320434570312,24474000,0.0,0.0,,0.0,,0.0,,0.0,,0.0,,0.0
2021-07-01,120.89119713899787,121.74729205960752,120.69902586362701,121.60577392578125,18110000,0.0,0.0,,0.0,,0.0,,0.0,,0.0,,0.0
2021-07-02,122.3064434757173,124.545001749682,122.21656350765055,124.39950561523438,25982000,0.0,0.0,,0.0,,0.0,,0.0,,0.0,,0.0
2021-07-06,124.78782026461114,125.56198362512214,123.72912036717764,125.32561492919922,26404000,0.0,0.0,,0.0,,0.0,,0.0,,0.0,,0.0
2021-07-07,126.2909644778478,126.41212285812817,125.28887328905228,125.60767364501953,24060000,0.0,0.0,,0.0,,0.0,,0.0,,0.0,,0.0
2021-07-08,123.17643727760102,124.73518256604955,123.17246685935096,124.18746185302734,23790000,0.0,0.0,,0.0,,0.0,,0.0,,0.0,,0.0
2021-07-09,124.16859495392329,124.87323053723223,123.69833528182369,124.6587142944336,18632000,0.0,0.0,,0.0,,0.0,,0.0,,0.0,,0.0
2021-07-12,125.31370552891468,126.19910128355673,124.75058804003152,126.10574340820312,17668000,0.0,0.0,,0.0,,0.0,,0.0,,0.0,,0.0
2021-07-13,126.16830475866163,127.18032198506866,125.80679967583957,126.46923065185547,19240000,0.0,0.0,,0.0,,0.0,,0.0,,0.0,,0.0
2021-07-14,127.08151618622527,128.44064959860472,127.03831136321742,127.35860443115234,23742000,0.0,0.0,,0.0,,0.0,,0.0,,0.0,,0.0
2021-07-15,127.76777629667595,127.8184218627249,125.66328784581317,126.1350326538086,24218000,0.0,0.0,,0.0,,0.0,,0.0,,0.0,,0.0
2021-07-16,126.78852695996613,126.93600829936067,125.28936823394764,126.10027313232422,20424000,0.0,0.0,,0.0,,0.0,,0.0,,0.0,,0.0
2021-07-19,125.22579903110285,125.34050926099619,122.6589994645696,123.72465515136719,27968000,0.0,0.0,,0.0,,0.0,,0.0,,0.0,,0.0
2021-07-20,124.66765836432434,126.17278040531404,123.49872621377297,125.3449935913086,26312000,0.0,0.0,,0.0,,0.0,,0.0,,0.0,,0.0
2021-07-21,125.26950735241101,126.7219910057635,125.16026022646466,126.6753158569336,20746000,0.0,0.0,,0.0,,0.0,,0.0,,0.0,,0.0
2021-07-22,126.96828831799552,127.60291119714803,126.62565030718687,127.54182434082031,14302000,0.0,0.0,,0.0,,0.0,,0.0,,0.0,,0.0
2021-07-23,129.5370668627534,132.48523890184507,128.91139257324573,132.10386657714844,41506000,0.0,0.0,,0.0,,0.0,,0.0,,0.0,,0.0
2021-07-26,132.4152245404215,133.31749453004386,131.3952513476987,133.11688232421875,30572000,0.0,0.0,,0.0,,0.0,,0.0,,0.0,,0.0
2021-07-27,133.33091486736993,133.47839621773178,129.21281791360002,130.9965057373047,54710000,0.0,0.0,,0.0,,0.0,,0.0,,0.0,,0.0
2021-07-28,135.37828272257383,137.3496864200583,134.3508687484611,135.16177368164062,95130000,0.0,0.0,,0.0,,0.0,,0.0,,0.0,,0.0
2021-07-29,135.2173886380075,135.7248899473717,134.61455182333674,134.84744262695312,31716000,0.0,0.0,,0.0,,0.0,,0.0,,0.0,,0.0
2021-07-30,134.11002362301198,134.3776782948477,133.3353677791156,133.8036346435547,25576000,0.0,0.0,,0.0,,0.0,,0.0,,0.0,,0.0
2021-08-02,134.19148503936958,134.40947921310809,132.87754921456434,133.9307861328125,21634000,0.0,0.0,,0.0,,0.0,,0.0,,0.0,,0.0
2021-08-03,134.20933862806302,134.80224938250032,132.40628376383424,134.70095825195312,20762000,0.0,0.0,,0.0,,0.0,,0.0,,0.0,,0.0
2021-08-04,134.42237004478915,134.720318101296,133.56577506518238,134.1999053955078,19676000,0.0,0.0,,0.0,,0.0,,0.0,,0.0,,0.0
2021-08-05,134.75110364771078,135.41602748559603,133.92231670480348,135.3181915283203,17870000,0.0,0.0,,0.0,,0.0,,0.0,,0.0,,0.0
2021-08-06,135.11013410578906,135.53768146813212,134.28383249025302,134.80870056152344,20488000,0.0,0.0,,0.0,,0.0,,0.0,,0.0,,0.0
2021-08-09,135.01131691269555,136.24431365244018,134.41243537983704,135.97515869140625,17760000,0.0,0.0,,0.0,,0.0,,0.0,,0.0,,0.0
2021-08-10,136.4012120754409,136.82877457623906,135.43041455067907,135.86988830566406,19414000,0.0,0.0,,0.0,,0.0,,0.0,,0.0,,0.0
2021-08-11,136.24183441816174,136.73939453465712,135.33806411914702,135.34552001953125,15352000,0.0,0.0,,0.0,,0.0,,0.0,,0.0,,0.0
2021-08-12,135.04406754288547,136.3595033770829,134.49784714488297,136.2542266845703,16506000,0.0,0.0,,0.0,,0.0,,0.0,,0.0,,0.0
2021-08-13,136.30986557995257,136.9122174832124,136.09435671368865,136.78408813476562,15948000,0.0,0.0,,0.0,,0.0,,0.0,,0.0,,0.0
2021-08-16,136.5829646713406,137.41473699232492,134.37221455743094,137.36209106445312,22384000,0.0,0.0,,0.0,,0.0,,0.0,,0.0,,0.0
2021-08-17,136.80643247596538,137.31840428534073,135.14985876148344,135.7253875732422,21716000,0.0,0.0,,0.0,,0.0,,0.0,,0.0,,0.0
2021-08-18,135.56500550987712,136.16537221527594,134.39458063861548,134.52120971679688,19258000,0.0,0.0,,0.0,,0.0,,0.0,,0.0,,0.0
2021-08-19,133.51464330667287,135.418504459747,133.33041285553048,134.7506103515625,21782000,0.0,0.0,,0.0,,0.0,,0.0,,0.0,,0.0
2021-08-20,135.06843130244778,136.61178760876336,134.32356862982397,136.48814392089844,31194000,0.0,0.0,,0.0,,0.0,,0.0,,0.0,,0.0
2021-08-23,137.02441648321607,139.90951622851577,136.6648966422779,139.0822296142578,28454000,0.0,0.0,,0.0,,0.0,,0.0,,0.0,,0.0
2021-08-24,139.64832759063572,141.1067743975744,139.3772025716941,140.29388427734375,19268000,0.0,0.0,,0.0,,0.0,,0.0,,0.0,,0.0
2021-08-25,140.65490418405014,141.2155364091785,140.40761680333262,141.1057891845703,15848000,0.0,0.0,,0.0,,0.0,,0.0,,0.0,,0.0
2021-08-26,140.77905376211845,141.4419773382257,140.38874036341645,140.4716796875,20610000,0.0,0.0,,0.0,,0.0,,0.0,,0.0,,0.0
2021-08-27,140.6821843193361,143.5225940785764,140.527747182565,143.017578125,28780000,0.0,0.0,,0.0,,0.0,,0.0,,0.0,,0.0
2021-08-30,143.41086610714518,144.97061910433263,143.1754900221093,143.60006713867188,24434000,0.0,0.0,,0.0,,0.0,,0.0,,0.0,,0.0
2021-08-31,144.15275891770565,144.17708151735482,143.29269360899076,143.70632934570312,22448000,0.0,0.0,,0.0,,0.0,,0.0,,0.0,,0.0
2021-09-01,144.00677094284313,145.25217904174795,143.8910681023776,144.22079467773438,21936000,0.0,0.0,,0.0,,0.0,,0.0,,0.0,,0.0
2021-09-02,144.22128354396716,144.52270192219225,142.2041899383726,142.3054962158203,32342000,0.0,0.0,,0.0,,0.0,,0.0,,0.0,,0.0
2021-09-03,142.10043075100694,143.16756408093735,141.4250807432199,142.75491333007812,19850000,0.0,0.0,,0.0,,0.0,,0.0,,0.0,,0.0
2021-09-07,142.84924647049465,143.5747418670663,142.63522275228055,143.2921905517578,20124000,0.0,0.0,,0.0,,0.0,,0.0,,0.0,,0.0
2021-09-08,143.1129515291971,143.4108844692113,142.020480234913,142.7067413330078,18344000,0.0,0.0,,0.0,,0.0,,0.0,,0.0,,0.0
2021-09-09,142.85518718690952,143.3219688820413,142.1967343379557,142.5577392578125,15314000,0.0,0.0,,0.0,,0.0,,0.0,,0.0,,0.0
2021-09-10,143.2246739663452,143.7272198723892,139.77398604071183,139.91104125976562,36840000,0.0,0.0,,0.0,,0.0,,0.0,,0.0,,0.0
2021-09-13,140.9771718765766,141.9708221964238,140.28246983807614,141.35755920410156,22094000,0.0,0.0,,0.0,,0.0,,0.0,,0.0,,0.0
2021-09-14,142.01599943041023,142.38098998687326,140.779032265316,141.56808471679688,19674000,0.0,0.0,,0.0,,0.0,,0.0,,0.0,,0.0
2021-09-15,141.79353785175581,143.4610378207638,140.3792960231764,143.440185546875,27408000,0.0,0.0,,0.0,,0.0,,0.0,,0.0,,0.0
2021-09-16,142.9644492148849,143.31155770924323,141.426063761718,142.62628173828125,26190000,0.0,0.0,,0.0,,0.0,,0.0,,0.0,,0.0
2021-09-17,142.05079240114563,142.4674136356227,139.50782985744473,139.8355712890625,53384000,0.0,0.0,,0.0,,0.0,,0.0,,0.0,,0.0
2021-09-20,137.21512586800515,138.04788331383995,135.38823315495145,137.76930236816406,46518000,0.0,0.0,,0.0,,0.0,,0.0,,0.0,,0.0
2021-09-21,138.79224184095924,139.05245580376248,137.3308247006124,138.08065795898438,25332000,0.0,0.0,,0.0,,0.0,,0.0,,0.0,,0.0
2021-09-22,138.34977284506385,139.921921949741,137.6024250216323,139.3225555419922,25056000,0.0,0.0,,0.0,,0.0,,0.0,,0.0,,0.0
2021-09-23,140.02175258286653,140.72589563920047,139.43976807979007,140.24868774414062,20952000,0.0,0.0,,0.0,,0.0,,0.0,,0.0,,0.0
2021-09-24,139.5758451576203,141.3555778112194,139.280382350362,141.24085998535156,22984000,0.0,0.0,,0.0,,0.0,,0.0,,0.0,,0.0
2021-09-27,139.83999766291203,140.96623246327235,139.1080465762654,140.1056671142578,21882000,0.0,0.0,,0.0,,0.0,,0.0,,0.0,,0.0
2021-09-28,137.70525910486538,138.1437327975199,134.432830554872,134.8996124267578,45772000,0.0,0.0,,0.0,,0.0,,0.0,,0.0,,0.0
2021-09-29,136.04171680115297,136.2115507067214,132.94806347569877,133.43321228027344,30848000,0.0,0.0,,0.0,,0.0,,0.0,,0.0,,0.0
2021-09-30,133.3418297784705,134.6140457457326,132.64115703529495,132.7603302001953,37996000,0.0,0.0,,0.0,,0.0,,0.0,,0.0,,0.0
2021-10-01,133.52654572208218,135.9726870836677,133.15461451676552,135.60769653320312,35360000,0.0,0.0,,0.0,,0.0,,0.0,,0.0,,0.0
2021-10-04,135.02919100762176,135.02919100762176,130.152335016585,132.74395751953125,51202000,0.0,0.0,,0.0,,0.0,,0.0,,0.0,,0.0
2021-10-05,133.12284448248417,136.28454028271238,133.12284448248417,135.0912628173828,32404000,0.0,0.0,,0.0,,0.0,,0.0,,0.0,,0.0
2021-10-06,133.82699091338657,136.80644154596658,133.62836390206846,136.62271118164062,24364000,0.0,0.0,,0.0,,0.0,,0.0,,0.0,,0.0
2021-10-07,137.94062025981415,139.08275211863085,137.7012737211679,138.27134704589844,25110000,0.0,0.0,,0.0,,0.0,,0.0,,0.0,,0.0
2021-10-08,138.6209046044281,139.3697375825888,138.26387006026113,138.82798767089844,26526000,0.0,0.0,,0.0,,0.0,,0.0,,0.0,,0.0
2021-10-11,138.33788008148647,139.7481514962856,137.90783223964974,137.96246337890625,17954000,0.0,0.0,,0.0,,0.0,,0.0,,0.0,,0.0
2021-10-12,138.5245718836767,138.5513949378648,134.8300522945647,135.51434326171875,36332000,0.0,0.0,,0.0,,0.0,,0.0,,0.0,,0.0
2021-10-13,136.46131258241758,137.0547234459563,135.58386525595154,136.63958740234375,19654000,0.0,0.0,,0.0,,0.0,,0.0,,0.0,,0.0
2021-10-14,138.51861318495054,140.36934326581917,137.87405672252987,140.1841278076172,31894000,0.0,0.0,,0.0,,0.0,,0.0,,0.0,,0.0
2021-10-15,140.64446014785966,140.7472515493763,139.79085052606553,140.39964294433594,30274000,0.0,0.0,,0.0,,0.0,,0.0,,0.0,,0.0
2021-10-18,140.1101505005765,141.81786982944135,140.10319469147404,141.79998779296875,20396000,0.0,0.0,,0.0,,0.0,,0.0,,0.0,,0.0
2021-10-19,142.40532593908162,142.67845134559514,141.6232292235095,142.255859375,20164000,0.0,0.0,,0.0,,0.0,,0.0,,0.0,,0.0
2021-10-20,142.35616555574433,142.56274856320022,140.40809931268066,140.79791259765625,23288000,0.0,0.0,,0.0,,0.0,,0.0,,0.0,,0.0
2021-10-21,140.7979053406626,141.18226306865893,139.5376005482952,140.9141082763672,26292000,0.0,0.0,,0.0,,0.0,,0.0,,0.0,,0.0
2021-10-22,138.19684070584688,139.6200235721843,135.12403988549715,136.6241912841797,50588000,0.0,0.0,,0.0,,0.0,,0.0,,0.0,,0.0
2021-10-25,136.6078150016208,137.0547295671816,134.4963706145337,136.50552368164062,34412000,0.0,0.0,,0.0,,0.0,,0.0,,0.0,,0.0
2021-10-26,138.3095733663112,139.12344853853375,137.35714271239888,138.35426330566406,49236000,0.0,0.0,,0.0,,0.0,,0.0,,0.0,,0.0
2021-10-27,138.4500773526693,147.6317444399886,138.4500773526693,145.21591186523438,85782000,0.0,0.0,,0.0,,0.0,,0.0,,0.0,,0.0
2021-10-28,146.12667743575153,146.150015012742,143.63634581108076,144.8499755859375,36206000,0.0,0.0,,0.0,,0.0,,0.0,,0.0,,0.0
2021-10-29,144.08424925630118,147.22657797948324,143.65868705793508,147.03192138671875,43320000,0.0,0.0,,0.0,,0.0,,0.0,,0.0,,0.0
2021-11-01,147.0319042836874,147.0319042836874,142.24441345744162,142.51405334472656,46924000,0.0,0.0,,0.0,,0.0,,0.0,,0.0,,0.0
2021-11-02,143.589155856485,145.6047494341665,143.3468239373789,144.43630981445312,33482000,0.0,0.0,,0.0,,0.0,,0.0,,0.0,,0.0
2021-11-03,144.90110958293442,145.66435436896379,143.60058532417827,145.59384155273438,27494000,0.0,0.0,,0.0,,0.0,,0.0,,0.0,,0.0
2021-11-04,146.1167161309597,148.70785360831633,145.30581121346245,147.25189208984375,38412000,0.0,0.0,,0.0,,0.0,,0.0,,0.0,,0.0
2021-11-05,148.14771234223062,149.29778499356024,147.1818852970317,147.8323974609375,38354000,0.0,0.0,,0.0,,0.0,,0.0,,0.0,,0.0
2021-11-08,148.79871470403364,149.58331179052777,147.41376612492647,148.01016235351562,23052000,0.0,0.0,,0.0,,0.0,,0.0,,0.0,,0.0
2021-11-09,148.21076684871005,148.80814807366832,146.23637795284716,147.89842224121094,19530000,0.0,0.0,,0.0,,0.0,,0.0,,0.0,,0.0
2021-11-10,146.4896364250964,147.05573924329605,143.54743538233325,144.89413452148438,29970000,0.0,0.0,,0.0,,0.0,,0.0,,0.0,,0.0
2021-11-11,145.48607536348254,146.52491566576384,144.60315733615232,144.7680206298828,16518000,0.0,0.0,,0.0,,0.0,,0.0,,0.0,,0.0
2021-11-12,145.6111891207511,147.83039521534081,144.41494154872743,147.65956115722656,22360000,0.0,0.0,,0.0,,0.0,,0.0,,0.0,,0.0
2021-11-15,147.88053373533654,148.52509016682959,146.56411288350532,147.4351043701172,23508000,0.0,0.0,,0.0,,0.0,,0.0,,0.0,,0.0
2021-11-16,147.13470800485993,147.74350045689724,146.30343572835443,146.8630828857422,18904000,0.0,0.0,,0.0,,0.0,,0.0,,0.0,,0.0
2021-11-17,147.0135155370304,147.54186906071254,146.23141896443005,147.0328826904297,19594000,0.0,0.0,,0.0,,0.0,,0.0,,0.0,,0.0
2021-11-18,147.22604264259917,149.54902491623676,146.87149343636764,148.81210327148438,35608000,0.0,0.0,,0.0,,0.0,,0.0,,0.0,,0.0
2021-11-19,148.9481825616675,149.9324068330107,147.87906407861217,147.9063720703125,33682000,0.0,0.0,,0.0,,0.0,,0.0,,0.0,,0.0
2021-11-22,148.30959419909644,148.80318386713506,145.14641349880958,145.2998504638672,30594000,0.0,0.0,,0.0,,0.0,,0.0,,0.0,,0.0
2021-11-23,145.1518776457965,145.65540854361367,143.1278431625673,144.78341674804688,27218000,0.0,0.0,,0.0,,0.0,,0.0,,0.0,,0.0
2021-11-24,144.47700845005622,145.24769385412606,143.38405240332972,145.11907958984375,18040000,0.0,0.0,,0.0,,0.0,,0.0,,0.0,,0.0
2021-11-26,143.359739569914,143.56730760150222,140.87090840018158,141.20907592773438,30470000,0.0,0.0,,0.0,,0.0,,0.0,,0.0,,0.0
2021-11-29,143.01362696483886,145.29539012622988,142.9078501657201,144.5336456298828,32596000,0.0,0.0,,0.0,,0.0,,0.0,,0.0,,0.0
2021-11-30,144.01520427034993,144.99991343522885,140.6315442102793,140.92552185058594,42068000,0.0,0.0,,0.0,,0.0,,0.0,,0.0,,0.0
2021-12-01,143.01363215793765,144.95077215345802,139.94678681424585,140.0853271484375,34020000,0.0,0.0,,0.0,,0.0,,0.0,,0.0,,0.0
2021-12-02,140.2824454448621,142.8790382066656,139.25403140880442,141.9866943359375,29194000,0.0,0.0,,0.0,,0.0,,0.0,,0.0,,0.0
2021-12-03,142.6968086608339,143.41087781045954,139.33995625268722,141.02880859375,41230000,0.0,0.0,,0.0,,0.0,,0.0,,0.0,,0.0
2021-12-06,142.06069032750446,142.86712473038352,139.189986920454,142.17440795898438,30618000,0.0,0.0,,0.0,,0.0,,0.0,,0.0,,0.0
2021-12-07,144.59918260368823,146.52044078510028,144.23270692455046,146.26072692871094,32240000,0.0,0.0,,0.0,,0.0,,0.0,,0.0,,0.0
2021-12-08,146.5854775642507,147.37653035976174,145.4031415660559,147.1714324951172,24270000,0.0,0.0,,0.0,,0.0,,0.0,,0.0,,0.0
2021-12-09,146.58003728286783,148.07870362963027,146.10729983987582,146.62721252441406,23270000,0.0,0.0,,0.0,,0.0,,0.0,,0.0,,0.0
2021-12-10,147.68141834397827,147.9570138625122,145.6990885419643,146.98770141601562,24458000,0.0,0.0,,0.0,,0.0,,0.0,,0.0,,0.0
2021-12-13,146.76920125229069,146.9564170720681,144.5207171315335,144.82760620117188,27070000,0.0,0.0,,0.0,,0.0,,0.0,,0.0,,0.0
2021-12-14,142.98183615275286,143.49032245820712,140.24768798215138,142.92124938964844,38446000,0.0,0.0,,0.0,,0.0,,0.0,,0.0,,0.0
2021-12-15,142.4266528071714,145.71596227271536,140.70750727401295,145.43788146972656,36370000,0.0,0.0,,0.0,,0.0,,0.0,,0.0,,0.0
2021-12-16,146.16240684047588,146.66543763733537,142.6233092253354,143.45558166503906,33650000,0.0,0.0,,0.0,,0.0,,0.0,,0.0,,0.0
2021-12-17,141.5238813900382,142.8492432769679,140.33210436708077,140.7541961669922,50416000,0.0,0.0,,0.0,,0.0,,0.0,,0.0,,0.0
2021-12-20,139.0410217021847,140.80337222903077,138.36667189829006,140.6370086669922,27192000,0.0,0.0,,0.0,,0.0,,0.0,,0.0,,0.0
2021-12-21,141.08044454407118,142.8835144844595,139.54007383647323,142.48973083496094,28756000,0.0,0.0,,0.0,,0.0,,0.0,,0.0,,0.0
2021-12-22,142.0875201032057,145.49650329171536,142.0875201032057,145.41207885742188,26322000,0.0,0.0,,0.0,,0.0,,0.0,,0.0,,0.0
2021-12-23,145.49650530933746,147.2280624525813,145.44882997744546,145.91015625,26384000,0.0,0.0,,0.0,,0.0,,0.0,,0.0,,0.0
2021-12-27,146.2473298905451,147.3278748162573,146.1614203329688,146.89337158203125,15976000,0.0,0.0,,0.0,,0.0,,0.0,,0.0,,0.0
2021-12-28,147.22059070433994,147.28316267642893,145.05404564217633,145.6822052001953,18200000,0.0,0.0,,0.0,,0.0,,0.0,,0.0,,0.0
2021-12-29,145.64001026436924,146.40722543558255,144.64984548921163,145.6504364013672,17788000,0.0,0.0,,0.0,,0.0,,0.0,,0.0,,0.0
2021-12-30,145.68915495604028,146.29100668000854,144.99445303661054,145.19903564453125,15688000,0.0,0.0,,0.0,,0.0,,0.0,,0.0,,0.0
2021-12-31,145.04959428320663,145.69365075326593,143.85980224609375,143.85980224609375,18136000,0.0,0.0,251635000000.0,0.0,20945000000.0,0.0,359268000000.0,0.0,123889000000.0,0.0,28395000000.0,0.0
2022-01-03,144.06139370644328,144.85194647168504,142.72859087802212,143.9983367919922,28646000,0.0,0.0,251635000000.0,0.0,20945000000.0,0.0,359268000000.0,0.0,123889000000.0,0.0,28395000000.0,0.0
2022-01-04,144.40004976188612,145.4815947191956,142.73206493911738,143.41038513183594,28400000,0.0,0.0,251635000000.0,0.0,20945000000.0,0.0,359268000000.0,0.0,123889000000.0,0.0,28395000000.0,0.0
2022-01-05,143.43072391178902,143.50967764101412,136.7448433188205,136.83123779296875,54618000,0.0,0.0,251635000000.0,0.0,20945000000.0,0.0,359268000000.0,0.0,123889000000.0,0.0,28395000000.0,0.0
2022-01-06,136.06009260812084,138.98144174621683,135.62310409438905,136.803955078125,37348000,0.0,0.0,251635000000.0,0.0,20945000000.0,0.0,359268000000.0,0.0,123889000000.0,0.0,28395000000.0,0.0
2022-01-07,137.1992250078914,137.50015849299731,134.83652283935174,136.07846069335938,29760000,0.0,0.0,251635000000.0,0.0,20945000000.0,0.0,359268000000.0,0.0,123889000000.0,0.0,28395000000.0,0.0
2022-01-10,134.15274434444186,137.8686166309049,132.25235351586585,137.71963500976562,44408000,0.0,0.0,251635000000.0,0.0,20945000000.0,0.0,359268000000.0,0.0,123889000000.0,0.0,28395000000.0,0.0
2022-01-11,137.0616634231231,139.25553153130753,135.75616876669966,138.77880859375,28730000,0.0,0.0,251635000000.0,0.0,20945000000.0,0.0,359268000000.0,0.0,123889000000.0,0.0,28395000000.0,0.0
2022-01-12,140.1831195548113,141.6311400459877,139.73074953971891,140.46170043945312,26108000,0.0,0.0,251635000000.0,0.0,20945000000.0,0.0,359268000000.0,0.0,123889000000.0,0.0,28395000000.0,0.0
2022-01-13,140.57045524554243,141.87149457613452,137.46090562744897,137.6376953125,31436000,0.0,0.0,251635000000.0,0.0,20945000000.0,0.0,359268000000.0,0.0,123889000000.0,0.0,28395000000.0,0.0
2022-01-14,136.14001576725417,139.77793411889562,136.06007700509608,138.5250701904297,29662000,0.0,0.0,251635000000.0,0.0,20945000000.0,0.0,359268000000.0,0.0,123889000000.0,0.0,28395000000.0,0.0
2022-01-18,135.24222628592668,136.19217162710595,134.5107751926396,135.06643676757812,34872000,0.0,0.0,251635000000.0,0.0,20945000000.0,0.0,359268000000.0,0.0,123889000000.0,0.0,28395000000.0,0.0
2022-01-19,135.58832360539645,137.01449172836578,134.09065764793374,134.1909637451172,28648000,0.0,0.0,251635000000.0,0.0,20945000000.0,0.0,359268000000.0,0.0,123889000000.0,0.0,28395000000.0,0.0
2022-01-20,135.31669707569674,136.6832786039826,132.05369536697646,132.39434814453125,29908000,0.0,0.0,251635000000.0,0.0,20945000000.0,0.0,359268000000.0,0.0,123889000000.0,0.0,28395000000.0,0.0
2022-01-21,131.68528077084795,133.9417062613784,129.19544919822619,129.45863342285156,55652000,0.0,0.0,251635000000.0,0.0,20945000000.0,0.0,359268000000.0,0.0,123889000000.0,0.0,28395000000.0,0.0
2022-01-24,125.11508783429097,130.30430431689703,123.64721481373124,129.9080352783203,76622000,0.0,0.0,251635000000.0,0.0,20945000000.0,0.0,359268000000.0,0.0,123889000000.0,0.0,28395000000.0,0.0
2022-01-25,127.85815753662722,128.5126400999818,125.63399580516415,126.06551361083984,46960000,0.0,0.0,251635000000.0,0.0,20945000000.0,0.0,359268000000.0,0.0,123889000000.0,0.0,28395000000.0,0.0
2022-01-26,130.2208611272421,132.0889733339284,126.27109790890478,128.3477783203125,49130000,0.0,0.0,251635000000.0,0.0,20945000000.0,0.0,359268000000.0,0.0,123889000000.0,0.0,28395000000.0,0.0
2022-01-27,130.40458604804593,131.74384451812946,128.04932480717565,128.121337890625,31950000,0.0,0.0,251635000000.0,0.0,20945000000.0,0.0,359268000000.0,0.0,123889000000.0,0.0,28395000000.0,0.0
2022-01-28,128.7708494185611,132.44303172603193,127.60489516569507,132.43756103515625,34362000,0.0,0.0,251635000000.0,0.0,20945000000.0,0.0,359268000000.0,0.0,123889000000.0,0.0,28395000000.0,0.0
2022-01-31,133.24300286957987,134.5450272244261,131.30387795487317,134.37667846679688,39986000,0.0,0.0,251635000000.0,0.0,20945000000.0,0.0,359268000000.0,0.0,123889000000.0,0.0,28395000000.0,0.0
2022-02-01,136.65199616866573,136.8491380497125,133.44809584204324,136.70115661621094,68644000,0.0,0.0,251635000000.0,0.0,20945000000.0,0.0,359268000000.0,0.0,123889000000.0,0.0,28395000000.0,0.0
2022-02-02,150.21394368764516,150.5084062493658,144.52568349621032,146.9862060546875,123200000,0.0,0.0,251635000000.0,0.0,20945000000.0,0.0,359268000000.0,0.0,123889000000.0,0.0,28395000000.0,0.0
2022-02-03,144.70744115071966,148.64974827603828,141.68825627852442,142.10984802246094,71518000,0.0,0.0,251635000000.0,0.0,20945000000.0,0.0,359268000000.0,0.0,123889000000.0,0.0,28395000000.0,0.0
2022-02-04,142.46194440926502,143.88264207979043,139.55250639532534,142.3114776611328,57998000,0.0,0.0,251635000000.0,0.0,20945000000.0,0.0,359268000000.0,0.0,123889000000.0,0.0,28395000000.0,0.0
2022-02-07,143.26189283584193,143.26189283584193,137.9485340762374,138.2474822998047,54974000,0.0,0.0,251635000000.0,0.0,20945000000.0,0.0,359268000000.0,0.0,123889000000.0,0.0,28395000000.0,0.0
2022-02-08,138.0742067910711,139.04103406729655,136.07549495720775,138.44415283203125,54284000,0.0,0.0,251635000000.0,0.0,20945000000.0,0.0,359268000000.0,0.0,123889000000.0,0.0,28395000000.0,0.0
2022-02-09,139.99791170532907,141.54822358083172,139.22672618566713,140.62210083007812,40144000,0.0,0.0,251635000000.0,0.0,20945000000.0,0.0,359268000000.0,0.0,123889000000.0,0.0,28395000000.0,0.0
2022-02-10,138.74654529321856,140.51533620817344,137.0120030221674,137.6704559326172,39330000,0.0,0.0,251635000000.0,0.0,20945000000.0,0.0,359268000000.0,0.0,123889000000.0,0.0,28395000000.0,0.0
2022-02-11,137.6506167768868,138.20329295411477,132.486223876279,133.36268615722656,39958000,0.0,0.0,251635000000.0,0.0,20945000000.0,0.0,359268000000.0,0.0,123889000000.0,0.0,28395000000.0,0.0
2022-02-14,132.3437014572627,135.36635645883993,132.3437014572627,134.59765625,34302000,0.0,0.0,251635000000.0,0.0,20945000000.0,0.0,359268000000.0,0.0,123889000000.0,0.0,28395000000.0,0.0
2022-02-15,136.62814552814626,137.1624698362155,134.89113311033765,135.67274475097656,26680000,0.0,0.0,251635000000.0,0.0,20945000000.0,0.0,359268000000.0,0.0,123889000000.0,0.0,28395000000.0,0.0
2022-02-16,135.71049482174425,137.14013340541413,133.99979001083722,136.79452514648438,25022000,0.0,0.0,251635000000.0,0.0,20945000000.0,0.0,359268000000.0,0.0,123889000000.0,0.0,28395000000.0,0.0
2022-02-17,135.30977279642443,136.1743088004795,131.57106260763175,131.6311492919922,38950000,0.0,0.0,251635000000.0,0.0,20945000000.0,0.0,359268000000.0,0.0,123889000000.0,0.0,28395000000.0,0.0
2022-02-18,132.55277323596871,133.15165480974724,129.3046828967441,129.509765625,45620000,0.0,0.0,251635000000.0,0.0,20945000000.0,0.0,359268000000.0,0.0,123889000000.0,0.0,28395000000.0,0.0
2022-02-22,128.94860848642685,131.27506117312328,127.3451658551134,128.92428588867188,44990000,0.0,0.0,251635000000.0,0.0,20945000000.0,0.0,359268000000.0,0.0,123889000000.0,0.0,28395000000.0,0.0
2022-02-23,130.74672218976002,131.146461476255,126.65394836077941,126.71403503417969,32786000,0.0,0.0,251635000000.0,0.0,20945000000.0,0.0,359268000000.0,0.0,123889000000.0,0.0,28395000000.0,0.0
2022-02-24,124.09757963651286,132.0889630529401,124.09757963651286,131.78207397460938,54456000,0.0,0.0,251635000000.0,0.0,20945000000.0,0.0,359268000000.0,0.0,123889000000.0,0.0,28395000000.0,0.0
2022-02-25,132.63718249004066,134.34490176287858,130.84900920998376,133.53846740722656,36406000,0.0,0.0,251635000000.0,0.0,20945000000.0,0.0,359268000000.0,0.0,123889000000.0,0.0,28395000000.0,0.0
2022-02-28,132.13864070917086,134.8216284091714,131.68427023720545,134.13189697265625,38864000,0.0,0.0,251635000000.0,0.0,20945000000.0,0.0,359268000000.0,0.0,123889000000.0,0.0,28395000000.0,0.0
2022-03-01,133.95460881419785,135.32217560220607,132.30599093468777,133.14320373535156,26496000,0.0,0.0,251635000000.0,0.0,20945000000.0,0.0,359268000000.0,0.0,123889000000.0,0.0,28395000000.0,0.0
2022-03-02,133.7058202345684,134.3359650140929,132.1599788001748,133.6497039794922,23520000,0.0,0.0,251635000000.0,0.0,20945000000.0,0.0,359268000000.0,0.0,123889000000.0,0.0,28395000000.0,0.0
2022-03-03,135.07834743813976,135.5049097951273,132.1142937033128,132.98231506347656,24604000,0.0,0.0,251635000000.0,0.0,20945000000.0,0.0,359268000000.0,0.0,123889000000.0,0.0,28395000000.0,0.0
2022-03-04,132.01694707381773,132.93461363828908,129.44467715412816,131.0029296875,30430000,0.0,0.0,251635000000.0,0.0,20945000000.0,0.0,359268000000.0,0.0,123889000000.0,0.0,28395000000.0,0.0
2022-03-07,130.5873302458659,130.8326323863865,125.42989327908792,125.51282501220703,45112000,0.0,0.0,251635000000.0,0.0,20945000000.0,0.0,359268000000.0,0.0,123889000000.0,0.0,28395000000.0,0.0
2022-03-08,125.38520955872268,130.35096043233546,124.81365114823323,126.23385620117188,40428000,0.0,0.0,251635000000.0,0.0,20945000000.0,0.0,359268000000.0,0.0,123889000000.0,0.0,28395000000.0,0.0
2022-03-09,130.35095429762737,132.8194330626874,129.01069565399868,132.50608825683594,37026000,0.0,0.0,251635000000.0,0.0,20945000000.0,0.0,359268000000.0,0.0,123889000000.0,0.0,28395000000.0,0.0
2022-03-10,130.36685648313625,132.35911244842734,130.01577753476292,131.5223846435547,27102000,0.0,0.0,251635000000.0,0.0,20945000000.0,0.0,359268000000.0,0.0,123889000000.0,0.0,28395000000.0,0.0
2022-03-11,132.57412490739122,132.87902880681497,128.74354993397455,128.9809112548828,31526000,0.0,0.0,251635000000.0,0.0,20945000000.0,0.0,359268000000.0,0.0,123889000000.0,0.0,28395000000.0,0.0
2022-03-14,129.35780521773768,129.51571269481013,124.41688480642178,125.08824920654297,38812000,0.0,0.0,251635000000.0,0.0,20945000000.0,0.0,359268000000.0,0.0,123889000000.0,0.0,28395000000.0,0.0
2022-03-15,126.10622391621135,128.96501590992517,124.85932318871768,128.31300354003906,30920000,0.0,0.0,251635000000.0,0.0,20945000000.0,0.0,359268000000.0,0.0,123889000000.0,0.0,28395000000.0,0.0
2022-03-16,129.83748807621538,132.41966913140075,127.85267308075287,132.36753845214844,35576000,0.0,0.0,251635000000.0,0.0,20945000000.0,0.0,359268000000.0,0.0,123889000000.0,0.0,28395000000.0,0.0
2022-03-17,132.23694993148916,133.1620725593792,131.27954871173705,132.92222595214844,28264000,0.0,0.0,251635000000.0,0.0,20945000000.0,0.0,359268000000.0,0.0,123889000000.0,0.0,28395000000.0,0.0
2022-03-18,132.51055184296035,135.3107422407677,131.35253849053151,135.19305419921875,44566000,0.0,0.0,251635000000.0,0.0,20945000000.0,0.0,359268000000.0,0.0,123889000000.0,0.0,28395000000.0,0.0
2022-03-21,135.23079176119532,136.1112244178566,133.173978749984,135.16921997070312,26832000,0.0,0.0,251635000000.0,0.0,20945000000.0,0.0,359268000000.0,0.0,123889000000.0,0.0,28395000000.0,0.0
2022-03-22,135.1692175332458,140.08382229708803,135.1692175332458,138.909912109375,35496000,0.0,0.0,251635000000.0,0.0,20945000000.0,0.0,359268000000.0,0.0,123889000000.0,0.0,28395000000.0,0.0
2022-03-23,137.7524157003206,138.63234835797854,136.89086517154823,137.32833862304688,25154000,0.0,0.0,251635000000.0,0.0,20945000000.0,0.0,359268000000.0,0.0,123889000000.0,0.0,28395000000.0,0.0
2022-03-24,138.2465179509499,140.64895481730318,136.80695314584833,140.60227966308594,26396000,0.0,0.0,251635000000.0,0.0,20945000000.0,0.0,359268000000.0,0.0,123889000000.0,0.0,28395000000.0,0.0
2022-03-25,140.94389214459488,141.06208028165258,138.78031728528904,140.7025604248047,24126000,0.0,0.0,251635000000.0,0.0,20945000000.0,0.0,359268000000.0,0.0,123889000000.0,0.0,28395000000.0,0.0
2022-03-28,139.9353507908975,141.02980723169944,138.85380578704,140.48655700683594,35050000,0.0,0.0,251635000000.0,0.0,20945000000.0,0.0,359268000000.0,0.0,123889000000.0,0.0,28395000000.0,0.0
2022-03-29,141.67041396841972,142.80856033177267,141.06557670736646,141.5293731689453,34318000,0.0,0.0,251635000000.0,0.0,20945000000.0,0.0,359268000000.0,0.0,123889000000.0,0.0,28395000000.0,0.0
2022-03-30,141.4841596757739,141.74287331835652,140.6300500454084,140.9662322998047,19884000,0.0,0.0,251635000000.0,0.0,20945000000.0,0.0,359268000000.0,0.0,123889000000.0,0.0,28395000000.0,0.0
2022-03-31,141.07995269395536,141.13458383266473,138.07220921119722,138.1149139404297,37524000,0.0,0.0,251635000000.0,0.0,20945000000.0,0.0,359268000000.0,0.0,123889000000.0,0.0,28395000000.0,0.0
2022-04-01,138.54443389331385,139.5087756948705,137.3600975929248,139.1904754638672,25942000,0.0,0.0,251635000000.0,0.0,20945000000.0,0.0,359268000000.0,0.0,123889000000.0,0.0,28395000000.0,0.0
2022-04-04,139.39709432295234,142.72762428286737,139.34941898565788,141.9921875,25942000,0.0,0.0,251635000000.0,0.0,20945000000.0,0.0,359268000000.0,0.0,123889000000.0,0.0,28395000000.0,0.0
2022-04-05,141.89035586746007,142.0110141406573,139.42089230191726,139.62796020507812,21418000,0.0,0.0,251635000000.0,0.0,20945000000.0,0.0,359268000000.0,0.0,123889000000.0,0.0,28395000000.0,0.0
2022-04-06,137.79959891315158,138.405921270331,134.58874241741407,135.61268615722656,32468000,0.0,0.0,251635000000.0,0.0,20945000000.0,0.0,359268000000.0,0.0,123889000000.0,0.0,28395000000.0,0.0
2022-04-07,135.07834566419274,136.22494793186857,133.30805431972186,134.9576873779297,26234000,0.0,0.0,251635000000.0,0.0,20945000000.0,0.0,359268000000.0,0.0,123889000000.0,0.0,28395000000.0,0.0
2022-04-08,134.6547746087494,134.74068416097512,132.054711175335,132.37451171875,25142000,0.0,0.0,251635000000.0,0.0,20945000000.0,0.0,359268000000.0,0.0,123889000000.0,0.0,28395000000.0,0.0
2022-04-11,130.92052859554875,131.18768319388306,127.78714112721842,127.94107818603516,36884000,0.0,0.0,251635000000.0,0.0,20945000000.0,0.0,359268000000.0,0.0,123889000000.0,0.0,28395000000.0,0.0
2022-04-12,130.69855860670543,130.69855860670543,125.9205088911911,126.83966827392578,32710000,0.0,0.0,251635000000.0,0.0,20945000000.0,0.0,359268000000.0,0.0,123889000000.0,0.0,28395000000.0,0.0
2022-04-13,127.12321836007308,129.4412304311551,126.86598980577136,129.00424194335938,27928000,0.0,0.0,251635000000.0,0.0,20945000000.0,0.0,359268000000.0,0.0,123889000000.0,0.0,28395000000.0,0.0
2022-04-14,129.58574380720424,129.58574380720424,125.73380145210479,125.86192321777344,31598000,0.0,0.0,251635000000.0,0.0,20945000000.0,0.0,359268000000.0,0.0,123889000000.0,0.0,28395000000.0,0.0
2022-04-18,126.13007637850053,127.33426494363471,125.31767872057605,126.80194091796875,20808000,0.0,0.0,251635000000.0,0.0,20945000000.0,0.0,359268000000.0,0.0,123889000000.0,0.0,28395000000.0,0.0
2022-04-19,126.81680878727374,129.4402092525474,126.12954766592165,129.11843872070312,26490000,0.0,0.0,251635000000.0,0.0,20945000000.0,0.0,359268000000.0,0.0,123889000000.0,0.0,28395000000.0,0.0
2022-04-20,129.99541023177304,130.49894112574688,126.62664655558798,127.1629409790039,31696000,0.0,0.0,251635000000.0,0.0,20945000000.0,0.0,359268000000.0,0.0,123889000000.0,0.0,28395000000.0,0.0
2022-04-21,128.36466000936693,129.20734344647272,123.673512070281,123.95954132080078,36446000,0.0,0.0,251635000000.0,0.0,20945000000.0,0.0,359268000000.0,0.0,123889000000.0,0.0,28395000000.0,0.0
2022-04-22,124.14377326402423,124.54302006316087,118.1103889142465,118.8160171508789,56884000,0.0,0.0,251635000000.0,0.0,20945000000.0,0.0,359268000000.0,0.0,123889000000.0,0.0,28395000000.0,0.0
2022-04-25,118.2851793587275,122.43306957367948,117.69922438047917,122.23096466064453,46128000,0.0,0.0,251635000000.0,0.0,20945000000.0,0.0,359268000000.0,0.0,123889000000.0,0.0,28395000000.0,0.0
2022-04-26,121.4568014084917,121.6708251413164,117.69921720652222,117.83726501464844,73054000,0.0,0.0,251635000000.0,0.0,20945000000.0,0.0,359268000000.0,0.0,123889000000.0,0.0,28395000000.0,0.0
2022-04-27,113.68540104249192,116.43890897861922,111.9642776783268,113.51160430908203,91820000,0.0,0.0,251635000000.0,0.0,20945000000.0,0.0,359268000000.0,0.0,123889000000.0,0.0,28395000000.0,0.0
2022-04-28,115.61757779171258,118.82991910256544,113.33332937298223,117.71063995361328,48884000,0.0,0.0,251635000000.0,0.0,20945000000.0,0.0,359268000000.0,0.0,123889000000.0,0.0,28395000000.0,0.0
2022-04-29,115.93488477812409,117.11226538731582,113.03488812105105,113.32786560058594,42676000,0.0,0.0,251635000000.0,0.0,20945000000.0,0.0,359268000000.0,0.0,123889000000.0,0.0,28395000000.0,0.0
2022-05-02,112.62819126516962,115.94580921166728,111.82870509334481,115.784423828125,35534000,0.0,0.0,251635000000.0,0.0,20945000000.0,0.0,359268000000.0,0.0,123889000000.0,0.0,28395000000.0,0.0
2022-05-03,115.63295892784193,117.63068544527395,115.23967536784316,116.5302734375,24968000,0.0,0.0,251635000000.0,0.0,20945000000.0,0.0,359268000000.0,0.0,123889000000.0,0.0,28395000000.0,0.0
2022-05-04,116.22985941768594,122.01297109395705,114.32747578407296,121.42353820800781,49916000,0.0,0.0,251635000000.0,0.0,20945000000.0,0.0,359268000000.0,0.0,123889000000.0,0.0,28395000000.0,0.0
2022-05-05,119.38061812261219,120.20989755476226,114.21772570249654,115.70745086669922,45840000,0.0,0.0,251635000000.0,0.0,20945000000.0,0.0,359268000000.0,0.0,123889000000.0,0.0,28395000000.0,0.0
2022-05-06,114.3954969699338,116.7661472402134,113.23450579994557,114.95364379882812,39710000,0.0,0.0,251635000000.0,0.0,20945000000.0,0.0,359268000000.0,0.0,123889000000.0,0.0,28395000000.0,0.0
2022-05-09,112.47426236393711,114.28875127022684,111.23332468040107,111.74032592773438,40802000,0.0,0.0,251635000000.0,0.0,20945000000.0,0.0,359268000000.0,0.0,123889000000.0,0.0,28395000000.0,0.0
2022-05-10,114.71629465970669,115.45370897495468,112.12714988528167,113.61141204833984,39900000,0.0,0.0,251635000000.0,0.0,20945000000.0,0.0,359268000000.0,0.0,123889000000.0,0.0,28395000000.0,0.0
2022-05-11,112.4608505325777,115.56742256499777,112.4608505325777,112.8243408203125,37534000,0.0,0.0,251635000000.0,0.0,20945000000.0,0.0,359268000000.0,0.0,123889000000.0,0.0,28395000000.0,0.0
2022-05-12,110.61458326418952,113.51209458382574,109.0722196869369,112.07103729248047,53836000,0.0,0.0,251635000000.0,0.0,20945000000.0,0.0,359268000000.0,0.0,123889000000.0,0.0,28395000000.0,0.0
2022-05-13,113.74846982950024,117.06758067088552,112.82683262018276,115.25557708740234,35038000,0.0,0.0,251635000000.0,0.0,20945000000.0,0.0,359268000000.0,0.0,123889000000.0,0.0,28395000000.0,0.0
2022-05-16,114.16806533985789,115.37424657396184,113.10937301955866,113.66106414794922,25990000,0.0,0.0,251635000000.0,0.0,20945000000.0,0.0,359268000000.0,0.0,123889000000.0,0.0,28395000000.0,0.0
2022-05-17,116.0401615158737,116.09925558724196,114.08316196839625,115.67517852783203,23054000,0.0,0.0,251635000000.0,0.0,20945000000.0,0.0,359268000000.0,0.0,123889000000.0,0.0,28395000000.0,0.0
2022-05-18,114.21227511679197,114.60953671958168,110.79136543123056,111.13301086425781,35126000,0.0,0.0,251635000000.0,0.0,20945000000.0,0.0,359268000000.0,0.0,123889000000.0,0.0,28395000000.0,0.0
2022-05-19,110.66821695459474,112.2359033534811,109.24651920632846,109.62789154052734,34144000,0.0,0.0,251635000000.0,0.0,20945000000.0,0.0,359268000000.0,0.0,123889000000.0,0.0,28395000000.0,0.0
2022-05-20,111.18415014796633,111.41506331912538,105.07181220746052,108.16199493408203,48962000,0.0,0.0,251635000000.0,0.0,20945000000.0,0.0,359268000000.0,0.0,123889000000.0,0.0,28395000000.0,0.0
2022-05-23,108.836847701739,111.37930975737493,107.99614188533646,110.72432708740234,37184000,0.0,0.0,251635000000.0,0.0,20945000000.0,0.0,359268000000.0,0.0,123889000000.0,0.0,28395000000.0,0.0
2022-05-24,105.04747595596399,105.72927404793693,101.18660038025172,105.2441177368164,76780000,0.0,0.0,251635000000.0,0.0,20945000000.0,0.0,359268000000.0,0.0,123889000000.0,0.0,28395000000.0,0.0
2022-05-25,104.26636328189969,105.7704926632561,103.1450989268673,105.08025360107422,40258000,0.0,0.0,251635000000.0,0.0,20945000000.0,0.0,359268000000.0,0.0,123889000000.0,0.0,28395000000.0,0.0
2022-05-26,104.9531351796144,107.90527019647237,104.50422783594661,107.05414581298828,37948000,0.0,0.0,251635000000.0,0.0,20945000000.0,0.0,359268000000.0,0.0,123889000000.0,0.0,28395000000.0,0.0
2022-05-27,108.73305507461306,111.54863472420854,108.39090958839716,111.5471420288086,37914000,0.0,0.0,251635000000.0,0.0,20945000000.0,0.0,359268000000.0,0.0,123889000000.0,0.0,28395000000.0,0.0
2022-05-31,111.97421059952642,114.9422425490891,111.31078697286502,112.98275756835938,50012000,0.0,0.0,251635000000.0,0.0,20945000000.0,0.0,359268000000.0,0.0,123889000000.0,0.0,28395000000.0,0.0
2022-06-01,114.06827086743932,116.29938093828167,112.47426144415896,113.11186218261719,36606000,0.0,0.0,251635000000.0,0.0,20945000000.0,0.0,359268000000.0,0.0,123889000000.0,0.0,28395000000.0,0.0
2022-06-02,113.2191263212025,117.09191364618562,112.17284522011377,116.81681060791016,37992000,0.0,0.0,251635000000.0,0.0,20945000000.0,0.0,359268000000.0,0.0,123889000000.0,0.0,28395000000.0,0.0
2022-06-03,115.26748624103267,115.5247147902425,112.7409135990989,113.75640869140625,26136000,0.0,0.0,251635000000.0,0.0,20945000000.0,0.0,359268000000.0,0.0,123889000000.0,0.0,28395000000.0,0.0
2022-06-06,115.90509148996708,118.5294926139671,115.36829697900254,116.02030181884766,33542000,0.0,0.0,251635000000.0,0.0,20945000000.0,0.0,359268000000.0,0.0,123889000000.0,0.0,28395000000.0,0.0
2022-06-07,114.6894795083408,116.88484060449989,114.26391732011818,116.3470458984375,31590000,0.0,0.0,251635000000.0,0.0,20945000000.0,0.0,359268000000.0,0.0,123889000000.0,0.0,28395000000.0,0.0
2022-06-08,115.96170279833255,117.75831718034826,115.80131001338671,116.39124298095703,26108000,0.0,0.0,251635000000.0,0.0,20945000000.0,0.0,359268000000.0,0.0,123889000000.0,0.0,28395000000.0,0.0
2022-06-09,115.53067360236983,117.48867330795103,113.98980271889602,114.04889678955078,25798000,0.0,0.0,251635000000.0,0.0,20945000000.0,0.0,359268000000.0,0.0,123889000000.0,0.0,28395000000.0,0.0
2022-06-10,111.67477148150725,112.50305836640055,109.6100098970209,110.40006256103516,41452000,0.0,0.0,251635000000.0,0.0,20945000000.0,0.0,359268000000.0,0.0,123889000000.0,0.0,28395000000.0,0.0
2022-06-13,106.05503282631635,108.04629624886985,105.3921093112375,105.66373443603516,47252000,0.0,0.0,251635000000.0,0.0,20945000000.0,0.0,359268000000.0,0.0,123889000000.0,0.0,28395000000.0,0.0
2022-06-14,105.80525248931403,107.18523046976311,105.07528653929919,105.98451232910156,33706000,0.0,0.0,251635000000.0,0.0,20945000000.0,0.0,359268000000.0,0.0,123889000000.0,0.0,28395000000.0,0.0
2022-06-15,107.8014823825955,110.66026699950997,106.93198347818276,109.01263427734375,39698000,0.0,0.0,251635000000.0,0.0,20945000000.0,0.0,359268000000.0,0.0,123889000000.0,0.0,28395000000.0,0.0
2022-06-16,106.48654806155035,107.90426771466136,104.41781621124528,105.30718231201172,51684000,0.0,0.0,251635000000.0,0.0,20945000000.0,0.0,359268000000.0,0.0,123889000000.0,0.0,28395000000.0,0.0
2022-06-17,105.30717922574236,107.95491769144247,104.32644049506787,106.40957641601562,51376000,0.0,0.0,251635000000.0,0.0,20945000000.0,0.0,359268000000.0,0.0,123889000000.0,0.0,28395000000.0,0.0
2022-06-21,108.18334476803008,111.7189644125282,107.85610349476617,110.77993774414062,47416000,0.0,0.0,251635000000.0,0.0,20945000000.0,0.0,359268000000.0,0.0,123889000000.0,0.0,28395000000.0,0.0
2022-06-22,109.7992086229141,112.57009089350043,109.62639691916156,110.72383117675781,30774000,0.0,0.0,251635000000.0,0.0,20945000000.0,0.0,359268000000.0,0.0,123889000000.0,0.0,28395000000.0,0.0
2022-06-23,111.46272602416786,111.9702273097303,109.74358796129896,111.47315216064453,28362000,0.0,0.0,251635000000.0,0.0,20945000000.0,0.0,359268000000.0,0.0,123889000000.0,0.0,28395000000.0,0.0
2022-06-24,112.22100926625183,117.27018450537825,112.17879704892937,117.1668930053711,41164000,0.0,0.0,251635000000.0,0.0,20945000000.0,0.0,359268000000.0,0.0,123889000000.0,0.0,28395000000.0,0.0
2022-06-27,117.46284286786336,117.76723906577276,114.39052725392568,115.04005432128906,36420000,0.0,0.0,251635000000.0,0.0,20945000000.0,0.0,359268000000.0,0.0,123889000000.0,0.0,28395000000.0,0.0
2022-06-28,115.00926788550748,116.50594891671535,111.08185732274715,111.24026489257812,35792000,0.0,0.0,251635000000.0,0.0,20945000000.0,0.0,359268000000.0,0.0,123889000000.0,0.0,28395000000.0,0.0
2022-06-29,110.78788927074342,112.3853689488812,110.11303936843558,110.93636322021484,24716000,0.0,0.0,251635000000.0,0.0,20945000000.0,0.0,359268000000.0,0.0,123889000000.0,0.0,28395000000.0,0.0
2022-06-30,109.24651298788866,110.12843077767293,106.0187751041556,108.21661376953125,43170000,0.0,0.0,251635000000.0,0.0,20945000000.0,0.0,359268000000.0,0.0,123889000000.0,0.0,28395000000.0,0.0
2022-07-01,107.19367448668028,108.50165457610703,105.99941202989662,107.99266815185547,35476000,0.0,0.0,251635000000.0,0.0,20945000000.0,0.0,359268000000.0,0.0,123889000000.0,0.0,28395000000.0,0.0
2022-07-05,106.36688821071621,112.60039253797129,105.00726227249532,112.48717498779297,39342000,0.0,0.0,251635000000.0,0.0,20945000000.0,0.0,359268000000.0,0.0,123889000000.0,0.0,28395000000.0,0.0
2022-07-06,112.52588844454358,114.79771765919865,110.71239245993543,113.78718566894531,37432000,0.0,0.0,251635000000.0,0.0,20945000000.0,0.0,359268000000.0,0.0,123889000000.0,0.0,28395000000.0,0.0
2022-07-07,114.29172973514224,118.37307767600376,114.04692008375858,117.9693603515625,40936000,0.0,0.0,251635000000.0,0.0,20945000000.0,0.0,359268000000.0,0.0,123889000000.0,0.0,28395000000.0,0.0
2022-07-08,116.44685045649098,118.86516855088318,116.10073455150996,118.53594207763672,38238000,0.0,0.0,251635000000.0,0.0,20945000000.0,0.0,359268000000.0,0.0,123889000000.0,0.0,28395000000.0,0.0
2022-07-11,117.18974092087866,117.18974092087866,114.54050937124147,114.88414001464844,31196000,0.0,0.0,251635000000.0,0.0,20945000000.0,0.0,359268000000.0,0.0,123889000000.0,0.0,28395000000.0,0.0
2022-07-12,115.41894329267954,116.172746938359,112.91124517680676,113.2394790649414,29960000,0.0,0.0,251635000000.0,0.0,20945000000.0,0.0,359268000000.0,0.0,123889000000.0,0.0,28395000000.0,0.0
2022-07-13,110.93585975066051,113.41377206743013,110.43978477358259,110.59074401855469,43722000,0.0,0.0,251635000000.0,0.0,20945000000.0,0.0,359268000000.0,0.0,123889000000.0,0.0,28395000000.0,0.0
2022-07-14,109.45557370657367,110.33202838278505,107.63065884898506,109.61149597167969,37004000,0.0,0.0,251635000000.0,0.0,20945000000.0,0.0,359268000000.0,0.0,123889000000.0,0.0,28395000000.0,0.0
2022-07-15,111.23332046369126,112.36551106488659,110.14035668814668,111.0118408203125,46770000,0.0,0.0,251635000000.0,0.0,20945000000.0,0.0,359268000000.0,0.0,123889000000.0,0.0,28395000000.0,0.0
2022-07-18,111.86842203835955,112.90129900896424,107.62767462041498,108.28314971923828,43164600,0.0,20.0,251635000000.0,0.0,20945000000.0,0.0,359268000000.0,0.0,123889000000.0,0.0,28395000000.0,0.0
2022-07-19,110.090694802755,113.2389790223901,108.80953017450513,113.0304183959961,36530900,0.0,0.0,251635000000.0,0.0,20945000000.0,0.0,359268000000.0,0.0,123889000000.0,0.0,28395000000.0,0.0
2022-07-20,112.39480143387381,114.60952961762138,111.7095329780885,113.11980438232422,35600400,0.0,0.0,251635000000.0,0.0,20945000000.0,0.0,359268000000.0,0.0,123889000000.0,0.0,28395000000.0,0.0
2022-07-21,113.4971913732267,113.76534614143134,110.34890739810696,113.55677795410156,32676200,0.0,0.0,251635000000.0,0.0,20945000000.0,0.0,359268000000.0,0.0,123889000000.0,0.0,28395000000.0,0.0
2022-07-22,110.23967576417152,111.57049343817368,105.77049971967809,107.1609115600586,48901200,0.0,0.0,251635000000.0,0.0,20945000000.0,0.0,359268000000.0,0.0,123889000000.0,0.0,28395000000.0,0.0
2022-07-25,107.66740378694384,109.11740199417964,105.57185651241846,106.77356719970703,34690900,0.0,0.0,251635000000.0,0.0,20945000000.0,0.0,359268000000.0,0.0,123889000000.0,0.0,28395000000.0,0.0
2022-07-26,105.86980002223551,106.46568857174864,103.35713146074687,104.30062103271484,47991000,0.0,0.0,251635000000.0,0.0,20945000000.0,0.0,359268000000.0,0.0,123889000000.0,0.0,28395000000.0,0.0
2022-07-27,108.51159434644423,113.12974435029821,107.27015658073803,112.28556060791016,59858500,0.0,0.0,251635000000.0,0.0,20945000000.0,0.0,359268000000.0,0.0,123889000000.0,0.0,28395000000.0,0.0
2022-07-28,111.60028062288364,113.55677997539442,110.69651038548061,113.43760681152344,32816600,0.0,0.0,251635000000.0,0.0,20945000000.0,0.0,359268000000.0,0.0,123889000000.0,0.0,28395000000.0,0.0
2022-07-29,112.30541954786877,115.91055182503115,112.2855523018916,115.52322387695312,37223400,0.0,0.0,251635000000.0,0.0,20945000000.0,0.0,359268000000.0,0.0,123889000000.0,0.0,28395000000.0,0.0
2022-08-01,114.51020776113126,115.9204790624543,113.55677701223817,114.0732192993164,26034300,0.0,0.0,251635000000.0,0.0,20945000000.0,0.0,359268000000.0,0.0,123889000000.0,0.0,28395000000.0,0.0
2022-08-02,113.21912028499861,115.55302168772738,112.94103944751733,114.34137725830078,20236000,0.0,0.0,251635000000.0,0.0,20945000000.0,0.0,359268000000.0,0.0,123889000000.0,0.0,28395000000.0,0.0
2022-08-03,114.91739550950311,117.807465895975,114.68897523298226,117.27116394042969,28499000,0.0,0.0,251635000000.0,0.0,20945000000.0,0.0,359268000000.0,0.0,123889000000.0,0.0,28395000000.0,0.0
2022-08-04,116.67529635071008,117.96638714765166,116.08933375482948,117.38043212890625,21602900,0.0,0.0,251635000000.0,0.0,20945000000.0,0.0,359268000000.0,0.0,123889000000.0,0.0,28395000000.0,0.0
2022-08-05,115.43384777651602,117.30096737131531,115.20541990311378,116.66535186767578,19159500,0.0,0.0,251635000000.0,0.0,20945000000.0,0.0,359268000000.0,0.0,123889000000.0,0.0,28395000000.0,0.0
2022-08-08,117.57904337218183,119.32698972388245,116.07938455316629,116.49651336669922,19138300,0.0,0.0,251635000000.0,0.0,20945000000.0,0.0,359268000000.0,0.0,123889000000.0,0.0,28395000000.0,0.0
2022-08-09,116.33761682995618,116.51638417366392,114.91741170414872,115.83110809326172,19086500,0.0,0.0,251635000000.0,0.0,20945000000.0,0.0,359268000000.0,0.0,123889000000.0,0.0,28395000000.0,0.0
2022-08-10,117.96636962927194,120.09171027247865,117.59890893552108,118.88006591796875,30930400,0.0,0.0,251635000000.0,0.0,20945000000.0,0.0,359268000000.0,0.0,123889000000.0,0.0,28395000000.0,0.0
2022-08-11,120.44924388844952,120.65780450187786,117.74787438229087,118.02595520019531,24293700,0.0,0.0,251635000000.0,0.0,20945000000.0,0.0,359268000000.0,0.0,123889000000.0,0.0,28395000000.0,0.0
2022-08-12,119.43624797168806,120.84651947021484,118.6417247622205,120.84651947021484,19096300,0.0,0.0,251635000000.0,0.0,20945000000.0,0.0,359268000000.0,0.0,123889000000.0,0.0,28395000000.0,0.0
2022-08-15,120.30026963748777,121.46226102037568,119.78383491619735,121.24376678466797,19494800,0.0,0.0,251635000000.0,0.0,20945000000.0,0.0,359268000000.0,0.0,123889000000.0,0.0,28395000000.0,0.0
2022-08-16,120.68760382332333,121.59137410380659,119.81363441236235,120.86637115478516,19041200,0.0,0.0,251635000000.0,0.0,20945000000.0,0.0,359268000000.0,0.0,123889000000.0,0.0,28395000000.0,0.0
2022-08-17,119.2971895993642,120.45917336726374,118.56225308917438,118.73109436035156,22847000,0.0,0.0,251635000000.0,0.0,20945000000.0,0.0,359268000000.0,0.0,123889000000.0,0.0,28395000000.0,0.0
2022-08-18,118.61191857047314,119.99239662453576,117.9067828978834,119.34684753417969,17987700,0.0,0.0,251635000000.0,0.0,20945000000.0,0.0,359268000000.0,0.0,123889000000.0,0.0,28395000000.0,0.0
2022-08-19,118.24445362994561,118.33384108294739,115.96021284676502,116.4071273803711,21809500,0.0,0.0,251635000000.0,0.0,20945000000.0,0.0,359268000000.0,0.0,123889000000.0,0.0,28395000000.0,0.0
2022-08-22,114.4108893191489,114.83794416833236,113.0701381898491,113.45746612548828,21456600,0.0,0.0,251635000000.0,0.0,20945000000.0,0.0,359268000000.0,0.0,123889000000.0,0.0,28395000000.0,0.0
2022-08-23,112.70267618703092,114.22219462101687,112.65301565139542,113.08007049560547,15870400,0.0,0.0,251635000000.0,0.0,20945000000.0,0.0,359268000000.0,0.0,123889000000.0,0.0,28395000000.0,0.0
2022-08-24,112.72253867644604,113.99376961834115,112.096856828301,112.91123962402344,17734600,0.0,0.0,251635000000.0,0.0,20945000000.0,0.0,359268000000.0,0.0,123889000000.0,0.0,28395000000.0,0.0
2022-08-25,113.45747189022575,115.92048761517785,113.32836509749748,115.85096740722656,16956800,0.0,0.0,251635000000.0,0.0,20945000000.0,0.0,359268000000.0,0.0,123889000000.0,0.0,28395000000.0,0.0
2022-08-26,113.93419313124014,114.33145473006633,109.43522389908544,109.58419036865234,37245700,0.0,0.0,251635000000.0,0.0,20945000000.0,0.0,359268000000.0,0.0,123889000000.0,0.0,28395000000.0,0.0
2022-08-29,109.2365970649254,110.19002042350317,108.05475338537484,108.67050170898438,21191200,0.0,0.0,251635000000.0,0.0,20945000000.0,0.0,359268000000.0,0.0,123889000000.0,0.0,28395000000.0,0.0
2022-08-30,109.41535713980008,109.74309852857878,107.06159598452625,108.19378662109375,27513300,0.0,0.0,251635000000.0,0.0,20945000000.0,0.0,359268000000.0,0.0,123889000000.0,0.0,28395000000.0,0.0
2022-08-31,109.89206923641922,110.09069624211486,107.38932653270058,107.47871398925781,28627000,0.0,0.0,251635000000.0,0.0,20945000000.0,0.0,359268000000.0,0.0,123889000000.0,0.0,28395000000.0,0.0
2022-09-01,107.53830571137928,109.69343989235409,106.6246093181275,108.9883041381836,28360900,0.0,0.0,251635000000.0,0.0,20945000000.0,0.0,359268000000.0,0.0,123889000000.0,0.0,28395000000.0,0.0
2022-09-02,109.83246571965539,109.98143974980776,106.52528165136928,107.11123657226562,24160700,0.0,0.0,251635000000.0,0.0,20945000000.0,0.0,359268000000.0,0.0,123889000000.0,0.0,28395000000.0,0.0
2022-09-06,106.56500285942239,107.28999814907809,105.05541054782664,106.07835388183594,25068300,0.0,0.0,251635000000.0,0.0,20945000000.0,0.0,359268000000.0,0.0,123889000000.0,0.0,28395000000.0,0.0
2022-09-07,106.32665101955834,109.22665517213872,106.16775093808137,108.70027923583984,23167000,0.0,0.0,251635000000.0,0.0,20945000000.0,0.0,359268000000.0,0.0,123889000000.0,0.0,28395000000.0,0.0
2022-09-08,107.29994397248697,108.84925579418162,106.4259745612731,107.63761138916016,24238300,0.0,0.0,251635000000.0,0.0,20945000000.0,0.0,359268000000.0,0.0,123889000000.0,0.0,28395000000.0,0.0
2022-09-09,108.32288788088225,110.22973437366748,108.27322734192177,109.8920669555664,23197700,0.0,0.0,251635000000.0,0.0,20945000000.0,0.0,359268000000.0,0.0,123889000000.0,0.0,28395000000.0,0.0
2022-09-12,110.22973087368234,110.85542030532613,109.17699415992941,110.10062408447266,22966800,0.0,0.0,251635000000.0,0.0,20945000000.0,0.0,359268000000.0,0.0,123889000000.0,0.0,28395000000.0,0.0
2022-09-13,107.0615809332834,107.55815596993659,103.37698749343896,103.60541534423828,38172900,0.0,0.0,251635000000.0,0.0,20945000000.0,0.0,359268000000.0,0.0,123889000000.0,0.0,28395000000.0,0.0
2022-09-14,103.85370686767357,104.55884253765855,102.94994420622076,104.28076171875,26395100,0.0,0.0,251635000000.0,0.0,20945000000.0,0.0,359268000000.0,0.0,123889000000.0,0.0,28395000000.0,0.0
2022-09-15,103.31741678742414,104.54892094593508,101.64892410483661,102.20509338378906,34188300,0.0,0.0,251635000000.0,0.0,20945000000.0,0.0,359268000000.0,0.0,123889000000.0,0.0,28395000000.0,0.0
2022-09-16,101.370837496437,102.42357425141003,100.24858053268528,102.09584045410156,42797200,0.0,0.0,251635000000.0,0.0,20945000000.0,0.0,359268000000.0,0.0,123889000000.0,0.0,28395000000.0,0.0
2022-09-19,101.05303282312543,102.62221195722044,100.85440581403213,102.3639907836914,23036800,0.0,0.0,251635000000.0,0.0,20945000000.0,0.0,359268000000.0,0.0,123889000000.0,0.0,28395000000.0,0.0
2022-09-20,101.38076814646514,101.66878259642567,99.8314487750522,100.44720458984375,26517100,0.0,0.0,251635000000.0,0.0,20945000000.0,0.0,359268000000.0,0.0,123889000000.0,0.0,28395000000.0,0.0
2022-09-21,100.97357330597262,102.17528407076615,98.59001144532336,98.59994506835938,31487300,0.0,0.0,251635000000.0,0.0,20945000000.0,0.0,359268000000.0,0.0,123889000000.0,0.0,28395000000.0,0.0
2022-09-22,98.14309788632383,100.54651943978457,98.1133045940541,99.45405578613281,34298600,0.0,0.0,251635000000.0,0.0,20945000000.0,0.0,359268000000.0,0.0,123889000000.0,0.0,28395000000.0,0.0
2022-09-23,98.94753974483413,98.97734061202718,96.80233951209595,98.06363677978516,31625400,0.0,0.0,251635000000.0,0.0,20945000000.0,0.0,359268000000.0,0.0,123889000000.0,0.0,28395000000.0,0.0
2022-09-26,97.42803075511732,99.19583685614552,97.13009024858292,97.49755096435547,27072700,0.0,0.0,251635000000.0,0.0,20945000000.0,0.0,359268000000.0,0.0,123889000000.0,0.0,28395000000.0,0.0
2022-09-27,98.74892590357743,99.31502122145433,96.20646378499133,96.83214569091797,30072800,0.0,0.0,251635000000.0,0.0,20945000000.0,0.0,359268000000.0,0.0,123889000000.0,0.0,28395000000.0,0.0
2022-09-28,96.98111550841472,100.010218977276,96.44481350795311,99.36467742919922,32466300,0.0,0.0,251635000000.0,0.0,20945000000.0,0.0,359268000000.0,0.0,123889000000.0,0.0,28395000000.0,0.0
2022-09-29,97.96433766405387,97.96433766405387,95.30269475589749,96.75269317626953,31047200,0.0,0.0,251635000000.0,0.0,20945000000.0,0.0,359268000000.0,0.0,123889000000.0,0.0,28395000000.0,0.0
2022-09-30,96.38522371736838,98.22254995330734,94.90542455938035,94.99481201171875,32941500,0.0,0.0,251635000000.0,0.0,20945000000.0,0.0,359268000000.0,0.0,123889000000.0,0.0,28395000000.0,0.0
2022-10-03,96.09720549678472,98.6098740295779,95.85884401799443,97.96432495117188,27982000,0.0,0.0,251635000000.0,0.0,20945000000.0,0.0,359268000000.0,0.0,123889000000.0,0.0,28395000000.0,0.0
2022-10-04,99.75200186201134,101.14240598760246,99.692407701533,100.94377899169922,28850800,0.0,0.0,251635000000.0,0.0,20945000000.0,0.0,359268000000.0,0.0,123889000000.0,0.0,28395000000.0,0.0
2022-10-05,99.1461906181581,101.23180461389263,98.12324707978715,100.7352294921875,22176900,0.0,0.0,251635000000.0,0.0,20945000000.0,0.0,359268000000.0,0.0,123889000000.0,0.0,28395000000.0,0.0
2022-10-06,99.99035181341513,102.2249395259523,99.90096436480401,100.72528076171875,22324000,0.0,0.0,251635000000.0,0.0,20945000000.0,0.0,359268000000.0,0.0,123889000000.0,0.0,28395000000.0,0.0
2022-10-07,99.16604271542337,99.84138513244945,97.6266645019863,98.00405883789062,27502800,0.0,0.0,251635000000.0,0.0,20945000000.0,0.0,359268000000.0,0.0,123889000000.0,0.0,28395000000.0,0.0
2022-10-10,98.32187266161709,98.42118616908063,96.34550582769349,97.18968200683594,18225100,0.0,0.0,251635000000.0,0.0,20945000000.0,0.0,359268000000.0,0.0,123889000000.0,0.0,28395000000.0,0.0
2022-10-11,96.76262317947702,98.57015621966407,95.65029224046398,96.51433563232422,26507100,0.0,0.0,251635000000.0,0.0,20945000000.0,0.0,359268000000.0,0.0,123889000000.0,0.0,28395000000.0,0.0
2022-10-12,96.63351766527795,98.07358242702338,96.07734839982245,96.89173126220703,21876400,0.0,0.0,251635000000.0,0.0,20945000000.0,0.0,359268000000.0,0.0,123889000000.0,0.0,28395000000.0,0.0
2022-10-13,94.49823387339498,99.09651612531559,93.73350405042449,98.3814468383789,34574500,0.0,0.0,251635000000.0,0.0,20945000000.0,0.0,359268000000.0,0.0,123889000000.0,0.0,28395000000.0,0.0
2022-10-14,99.30509590379842,100.00030565677812,95.70989668423886,95.89859008789062,25410700,0.0,0.0,251635000000.0,0.0,20945000000.0,0.0,359268000000.0,0.0,123889000000.0,0.0,28395000000.0,0.0
2022-10-17,98.18281251690928,100.23863277477102,98.15301922836733,99.28520965576172,28419200,0.0,0.0,251635000000.0,0.0,20945000000.0,0.0,359268000000.0,0.0,123889000000.0,0.0,28395000000.0,0.0
2022-10-18,102.42356970435209,102.76124468709659,99.28521924820954,100.0797348022461,24060700,0.0,0.0,251635000000.0,0.0,20945000000.0,0.0,359268000000.0,0.0,123889000000.0,0.0,28395000000.0,0.0
2022-10-19,99.32494216503058,100.32801829577426,98.24240463180688,98.94754028320312,23811100,0.0,0.0,251635000000.0,0.0,20945000000.0,0.0,359268000000.0,0.0,123889000000.0,0.0,28395000000.0,0.0
2022-10-20,99.31500294430367,101.61911070952617,98.70918082017275,99.28520965576172,25323200,0.0,0.0,251635000000.0,0.0,20945000000.0,0.0,359268000000.0,0.0,123889000000.0,0.0,28395000000.0,0.0
2022-10-21,97.17973986521672,100.61603844678358,97.05063307454373,100.43727111816406,32458700,0.0,0.0,251635000000.0,0.0,20945000000.0,0.0,359268000000.0,0.0,123889000000.0,0.0,28395000000.0,0.0
2022-10-24,101.1026797115845,102.04616924307577,99.29514689523046,101.81774139404297,27176400,0.0,0.0,251635000000.0,0.0,20945000000.0,0.0,359268000000.0,0.0,123889000000.0,0.0,28395000000.0,0.0
2022-10-25,102.19515650684933,104.10200306135481,102.01638916879352,103.76433563232422,40611400,0.0,0.0,251635000000.0,0.0,20945000000.0,0.0,359268000000.0,0.0,123889000000.0,0.0,28395000000.0,0.0
2022-10-26,95.76947228115439,97.63659189413852,94.0413930873747,94.27974700927734,88114100,0.0,0.0,251635000000.0,0.0,20945000000.0,0.0,359268000000.0,0.0,123889000000.0,0.0,28395000000.0,0.0
2022-10-27,93.87255109519647,94.77632139039405,91.17118898720857,91.58831024169922,60710900,0.0,0.0,251635000000.0,0.0,20945000000.0,0.0,359268000000.0,0.0,123889000000.0,0.0,28395000000.0,0.0
2022-10-28,91.63795683505978,95.88864564835471,91.49891642655986,95.63042449951172,43697300,0.0,0.0,251635000000.0,0.0,20945000000.0,0.0,359268000000.0,0.0,123889000000.0,0.0,28395000000.0,0.0
2022-10-31,94.76638013798231,95.37220230141001,93.33624915526933,93.86261749267578,31675000,0.0,0.0,251635000000.0,0.0,20945000000.0,0.0,359268000000.0,0.0,123889000000.0,0.0,28395000000.0,0.0
2022-11-01,94.79618761427888,95.37221657343223,89.75099014108092,89.85030364990234,47161400,0.0,0.0,251635000000.0,0.0,20945000000.0,0.0,359268000000.0,0.0,123889000000.0,0.0,28395000000.0,0.0
2022-11-02,90.31708276412759,90.55543669356862,86.2848877482699,86.37427520751953,57038300,0.0,0.0,251635000000.0,0.0,20945000000.0,0.0,359268000000.0,0.0,123889000000.0,0.0,28395000000.0,0.0
2022-11-03,85.72871605197531,85.92734304048008,82.76912542959708,82.85851287841797,61288000,0.0,0.0,251635000000.0,0.0,20945000000.0,0.0,359268000000.0,0.0,123889000000.0,0.0,28395000000.0,0.0
2022-11-04,84.81502104184743,86.04652505857264,83.13659492864404,85.9869384765625,51124900,0.0,0.0,251635000000.0,0.0,20945000000.0,0.0,359268000000.0,0.0,123889000000.0,0.0,28395000000.0,0.0
2022-11-07,86.6821544378291,88.2910606045675,86.25509951822704,87.88386535644531,34078900,0.0,0.0,251635000000.0,0.0,20945000000.0,0.0,359268000000.0,0.0,123889000000.0,0.0,28395000000.0,0.0
2022-11-08,88.29104614257812,89.70131747784048,86.9900143482646,88.29104614257812,30429000,0.0,0.0,251635000000.0,0.0,20945000000.0,0.0,359268000000.0,0.0,123889000000.0,0.0,28395000000.0,0.0
2022-11-09,87.84412735927378,88.82735145908663,86.68214350727783,86.72187042236328,31769100,0.0,0.0,251635000000.0,0.0,20945000000.0,0.0,359268000000.0,0.0,123889000000.0,0.0,28395000000.0,0.0
2022-11-10,91.61809793205568,93.74343856788602,90.98248246585224,93.29652404785156,51620100,0.0,0.0,251635000000.0,0.0,20945000000.0,0.0,359268000000.0,0.0,123889000000.0,0.0,28395000000.0,0.0
2022-11-11,94.04139140730278,96.26604565196418,93.27666153820596,95.7496109008789,33090500,0.0,0.0,251635000000.0,0.0,20945000000.0,0.0,359268000000.0,0.0,123889000000.0,0.0,28395000000.0,0.0
2022-11-14,94.43864192776208,96.12700168973441,93.86262061279506,95.04446411132812,30179500,0.0,0.0,251635000000.0,0.0,20945000000.0,0.0,359268000000.0,0.0,123889000000.0,0.0,28395000000.0,0.0
2022-11-15,97.58694158277216,99.4540612464855,96.04755572915394,97.76570892333984,41640800,0.0,0.0,251635000000.0,0.0,20945000000.0,0.0,359268000000.0,0.0,123889000000.0,0.0,28395000000.0,0.0
2022-11-16,97.22940010842291,98.95747922841689,96.97117895072545,98.17288970947266,29105200,0.0,0.0,251635000000.0,0.0,20945000000.0,0.0,359268000000.0,0.0,123889000000.0,0.0,28395000000.0,0.0
2022-11-17,96.30577068517638,98.59994509335151,96.12700335615402,97.68624877929688,26052600,0.0,0.0,251635000000.0,0.0,20945000000.0,0.0,359268000000.0,0.0,123889000000.0,0.0,28395000000.0,0.0
2022-11-18,98.09342884271733,98.22254320087063,95.70987474218904,96.76261138916016,28342300,0.0,0.0,251635000000.0,0.0,20945000000.0,0.0,359268000000.0,0.0,123889000000.0,0.0,28395000000.0,0.0
2022-11-21,96.62358621558475,97.72598357054807,94.70680597991417,94.94515991210938,21647400,0.0,0.0,251635000000.0,0.0,20945000000.0,0.0,359268000000.0,0.0,123889000000.0,0.0,28395000000.0,0.0
2022-11-22,95.29275218122933,96.55405709268237,93.40577299121226,96.38522338867188,23438500,0.0,0.0,251635000000.0,0.0,20945000000.0,0.0,359268000000.0,0.0,123889000000.0,0.0,28395000000.0,0.0
2022-11-23,96.42494972921129,98.08351632954358,96.42494972921129,97.78556823730469,18868100,0.0,0.0,251635000000.0,0.0,20945000000.0,0.0,359268000000.0,0.0,123889000000.0,0.0,28395000000.0,0.0
2022-11-25,97.56707539206505,97.96433699508836,96.73283284513745,96.79241943359375,9701400,0.0,0.0,251635000000.0,0.0,20945000000.0,0.0,359268000000.0,0.0,123889000000.0,0.0,28395000000.0,0.0
2022-11-28,96.37529110822086,96.9115930964902,94.95508609589683,95.39207458496094,26237500,0.0,0.0,251635000000.0,0.0,20945000000.0,0.0,359268000000.0,0.0,123889000000.0,0.0,28395000000.0,0.0
2022-11-29,95.07427352253981,95.46160150065352,93.46536744466647,94.53797149658203,20061700,0.0,0.0,251635000000.0,0.0,20945000000.0,0.0,359268000000.0,0.0,123889000000.0,0.0,28395000000.0,0.0
2022-11-30,94.17049833327081,100.34789357132563,93.77323675188165,100.29823303222656,43647500,0.0,0.0,251635000000.0,0.0,20945000000.0,0.0,359268000000.0,0.0,123889000000.0,0.0,28395000000.0,0.0
2022-12-01,100.32802632483222,101.54960436160536,99.563304031794,100.29823303222656,28687100,0.0,0.0,251635000000.0,0.0,20945000000.0,0.0,359268000000.0,0.0,123889000000.0,0.0,28395000000.0,0.0
2022-12-02,98.37152838636051,100.07974033162778,98.22255434389345,99.75200653076172,21480700,0.0,0.0,251635000000.0,0.0,20945000000.0,0.0,359268000000.0,0.0,123889000000.0,0.0,28395000000.0,0.0
2022-12-05,98.71912252760538,100.68555550376762,98.32186096786398,98.79857635498047,24405100,0.0,0.0,251635000000.0,0.0,20945000000.0,0.0,359268000000.0,0.0,123889000000.0,0.0,28395000000.0,0.0
2022-12-06,98.61982018972196,99.09652805363879,95.75954269768152,96.31571197509766,24910700,0.0,0.0,251635000000.0,0.0,20945000000.0,0.0,359268000000.0,0.0,123889000000.0,0.0,28395000000.0,0.0
2022-12-07,95.74961245738875,96.21638667703273,94.0711862290918,94.28968048095703,31045400,0.0,0.0,251635000000.0,0.0,20945000000.0,0.0,359268000000.0,0.0,123889000000.0,0.0,28395000000.0,0.0
2022-12-08,94.72665114806772,94.92528570876573,92.80987120585085,93.0680923461914,32213300,0.0,0.0,251635000000.0,0.0,20945000000.0,0.0,359268000000.0,0.0,123889000000.0,0.0,28395000000.0,0.0
2022-12-09,93.12768592936698,93.61433495682455,92.11467611359325,92.19412994384766,28225400,0.0,0.0,251635000000.0,0.0,20945000000.0,0.0,359268000000.0,0.0,123889000000.0,0.0,28395000000.0,0.0
2022-12-12,92.07494883207544,92.91912493805006,90.98248519039448,92.67083740234375,29420000,0.0,0.0,251635000000.0,0.0,20945000000.0,0.0,359268000000.0,0.0,123889000000.0,0.0,28395000000.0,0.0
2022-12-13,97.09035971387452,98.8482321260313,94.3790565003639,94.97494506835938,40593700,0.0,0.0,251635000000.0,0.0,20945000000.0,0.0,359268000000.0,0.0,123889000000.0,0.0,28395000000.0,0.0
2022-12-14,94.54789952764546,96.20646618198963,92.95886066393801,94.41879272460938,28733600,0.0,0.0,251635000000.0,0.0,20945000000.0,0.0,359268000000.0,0.0,123889000000.0,0.0,28395000000.0,0.0
2022-12-15,92.49206485576933,92.998573521634,89.39344143432389,90.23761749267578,40107000,0.0,0.0,251635000000.0,0.0,20945000000.0,0.0,359268000000.0,0.0,123889000000.0,0.0,28395000000.0,0.0
2022-12-16,90.13830631838147,90.70440157933497,88.90679472353236,89.64173126220703,58011800,0.0,0.0,251635000000.0,0.0,20945000000.0,0.0,359268000000.0,0.0,123889000000.0,0.0,28395000000.0,0.0
2022-12-19,89.64173089197104,89.93967137816473,87.6057701392111,87.83419799804688,29493000,0.0,0.0,251635000000.0,0.0,20945000000.0,0.0,359268000000.0,0.0,123889000000.0,0.0,28395000000.0,0.0
2022-12-20,87.5064621987842,88.56913257898219,86.84105340253028,88.41022491455078,23453800,0.0,0.0,251635000000.0,0.0,20945000000.0,0.0,359268000000.0,0.0,123889000000.0,0.0,28395000000.0,0.0
2022-12-21,88.46980985381954,89.60200032488561,87.71501368073093,88.96638488769531,24745600,0.0,0.0,251635000000.0,0.0,20945000000.0,0.0,359268000000.0,0.0,123889000000.0,0.0,28395000000.0,0.0
2022-12-22,87.55612082820765,87.93351515729785,85.72872061278274,87.15885925292969,27658300,0.0,0.0,251635000000.0,0.0,20945000000.0,0.0,359268000000.0,0.0,123889000000.0,0.0,28395000000.0,0.0
2022-12-23,86.5133086638046,88.93659741222335,86.47358174924135,88.61878967285156,23003000,0.0,0.0,251635000000.0,0.0,20945000000.0,0.0,359268000000.0,0.0,123889000000.0,0.0,28395000000.0,0.0
2022-12-27,88.19173478905765,88.33077520142463,86.4139951427837,86.79138946533203,20097300,0.0,0.0,251635000000.0,0.0,20945000000.0,0.0,359268000000.0,0.0,123889000000.0,0.0,28395000000.0,0.0
2022-12-28,86.3841939524439,87.43693057185885,85.35131699992225,85.4307632446289,19523200,0.0,0.0,251635000000.0,0.0,20945000000.0,0.0,359268000000.0,0.0,123889000000.0,0.0,28395000000.0,0.0
2022-12-29,86.02666490506726,88.2413853981384,86.01673128241025,87.84412384033203,23333500,0.0,0.0,251635000000.0,0.0,20945000000.0,0.0,359268000000.0,0.0,123889000000.0,0.0,28395000000.0,0.0
2022-12-30,86.3842031844642,87.69516107639714,85.97700798686586,87.62564086914062,23986300,0.0,0.0,251635000000.0,0.0,20945000000.0,0.0,359268000000.0,0.0,123889000000.0,0.0,28395000000.0,0.0
2023-01-03,88.97631091009568,90.42631667651999,87.91364064095848,88.50953674316406,28131200,0.0,0.0,256144000000.0,1.791881097621555,21879000000.0,4.4592981618524705,365264000000.0,1.6689490853624593,95495000000.0,-22.918903211746,29679000000.0,4.521922873745378
2023-01-04,89.73110905085134,90.02905710848832,86.67220495736261,87.4766616821289,34854800,0.0,0.0,256144000000.0,1.791881097621555,21879000000.0,4.4592981618524705,365264000000.0,1.6689490853624593,95495000000.0,-22.918903211746,29679000000.0,4.521922873745378
2023-01-05,86.87084008200145,86.97015357614328,85.31159473485968,85.60953521728516,27194400,0.0,0.0,256144000000.0,1.791881097621555,21879000000.0,4.4592981618524705,365264000000.0,1.6689490853624593,95495000000.0,-22.918903211746,29679000000.0,4.521922873745378
2023-01-06,86.19550170469084,87.0893383476196,84.2787216281847,86.74172973632812,41381500,0.0,0.0,256144000000.0,1.791881097621555,21879000000.0,4.4592981618524705,365264000000.0,1.6689490853624593,95495000000.0,-22.918903211746,29679000000.0,4.521922873745378
2023-01-09,87.75474345560666,89.4331695495465,87.25816840553064,87.41706848144531,29003900,0.0,0.0,256144000000.0,1.791881097621555,21879000000.0,4.4592981618524705,365264000000.0,1.6689490853624593,95495000000.0,-22.918903211746,29679000000.0,4.521922873745378
2023-01-10,85.39105735353961,88.06262623356912,85.24208330842042,87.81433868408203,30467800,0.0,0.0,256144000000.0,1.791881097621555,21879000000.0,4.4592981618524705,365264000000.0,1.6689490853624593,95495000000.0,-22.918903211746,29679000000.0,4.521922873745378
2023-01-11,88.56912924744373,90.97255075305516,88.40029554318691,90.89309692382812,26862000,0.0,0.0,256144000000.0,1.791881097621555,21879000000.0,4.4592981618524705,365264000000.0,1.6689490853624593,95495000000.0,-22.918903211746,29679000000.0,4.521922873745378
2023-01-12,90.85337642641241,91.24070436753142,89.13522338270101,90.50576782226562,30258100,0.0,0.0,256144000000.0,1.791881097621555,21879000000.0,4.4592981618524705,365264000000.0,1.6689490853624593,95495000000.0,-22.918903211746,29679000000.0,4.521922873745378
2023-01-13,90.22767837764917,91.55850335305541,89.51260914634234,91.48898315429688,26329200,0.0,0.0,256144000000.0,1.791881097621555,21879000000.0,4.4592981618524705,365264000000.0,1.6689490853624593,95495000000.0,-22.918903211746,29679000000.0,4.521922873745378
2023-01-17,91.42940278257716,91.6181037407099,89.43317638425138,90.66468048095703,32602400,0.0,0.0,256144000000.0,1.791881097621555,21879000000.0,4.4592981618524705,365264000000.0,1.6689490853624593,95495000000.0,-22.918903211746,29679000000.0,4.521922873745378
2023-01-18,91.50885177199906,92.1643344905254,90.0191265867673,90.49584197998047,29116700,0.0,0.0,256144000000.0,1.791881097621555,21879000000.0,4.4592981618524705,365264000000.0,1.6689490853624593,95495000000.0,-22.918903211746,29679000000.0,4.521922873745378
2023-01-19,90.09857897517838,92.96878218001514,90.00919152538334,92.4126205444336,37000400,0.0,0.0,256144000000.0,1.791881097621555,21879000000.0,4.4592981618524705,365264000000.0,1.6689490853624593,95495000000.0,-22.918903211746,29679000000.0,4.521922873745378
2023-01-20,94.44858263717902,97.62666782792186,94.36912880255512,97.34857940673828,63191100,0.0,0.0,256144000000.0,1.791881097621555,21879000000.0,4.4592981618524705,365264000000.0,1.6689490853624593,95495000000.0,-22.918903211746,29679000000.0,4.521922873745378
2023-01-23,97.2790527522602,99.35474047579733,96.83213822208886,99.10645294189453,40005100,0.0,0.0,256144000000.0,1.791881097621555,21879000000.0,4.4592981618524705,365264000000.0,1.6689490853624593,95495000000.0,-22.918903211746,29679000000.0,4.521922873745378
2023-01-24,97.42803093472394,98.9276898249223,96.5341942592039,97.03076934814453,33078500,0.0,0.0,256144000000.0,1.791881097621555,21879000000.0,4.4592981618524705,365264000000.0,1.6689490853624593,95495000000.0,-22.918903211746,29679000000.0,4.521922873745378
2023-01-25,94.91536534057045,95.5013279050371,93.11776588375292,94.56776428222656,42330000,0.0,0.0,256144000000.0,1.791881097621555,21879000000.0,4.4592981618524705,365264000000.0,1.6689490853624593,95495000000.0,-22.918903211746,29679000000.0,4.521922873745378
2023-01-26,95.83899512609038,96.90166554616475,94.72666416473407,96.85200500488281,30114000,0.0,0.0,256144000000.0,1.791881097621555,21879000000.0,4.4592981618524705,365264000000.0,1.6689490853624593,95495000000.0,-22.918903211746,29679000000.0,4.521922873745378
2023-01-27,96.6434291650943,99.63281294412907,96.6434291650943,98.68932342529297,33879800,0.0,0.0,256144000000.0,1.791881097621555,21879000000.0,4.4592981618524705,365264000000.0,1.6689490853624593,95495000000.0,-22.918903211746,29679000000.0,4.521922873745378
2023-01-30,96.81229542310611,97.61674474844557,95.73969127122982,96.27599334716797,27226200,0.0,0.0,256144000000.0,1.791881097621555,21879000000.0,4.4592981618524705,365264000000.0,1.6689490853624593,95495000000.0,-22.918903211746,29679000000.0,4.521922873745378
2023-01-31,96.20644934871194,98.20267552018197,96.15678881469911,98.16294860839844,29870700,0.0,0.0,256144000000.0,1.791881097621555,21879000000.0,4.4592981618524705,365264000000.0,1.6689490853624593,95495000000.0,-22.918903211746,29679000000.0,4.521922873745378
2023-02-01,98.03384603535108,100.49686163170139,96.91158914355285,99.7420654296875,35531100,0.0,0.0,256144000000.0,1.791881097621555,21879000000.0,4.4592981618524705,365264000000.0,1.6689490853624593,95495000000.0,-22.918903211746,29679000000.0,4.521922873745378
2023-02-02,105.07529269327897,107.11124602798093,104.8865917332853,107.00199890136719,69883800,0.0,0.0,256144000000.0,1.791881097621555,21879000000.0,4.4592981618524705,365264000000.0,1.6689490853624593,95495000000.0,-22.918903211746,29679000000.0,4.521922873745378
2023-02-03,102.22494486291488,107.07151484914603,101.87734382713276,104.06227111816406,65309300,0.0,0.0,256144000000.0,1.791881097621555,21879000000.0,4.4592981618524705,365264000000.0,1.6689490853624593,95495000000.0,-22.918903211746,29679000000.0,4.521922873745378
2023-02-06,101.69857720610024,103.64515059717341,101.1821348832258,102.19515228271484,31999600,0.0,0.0,256144000000.0,1.791881097621555,21879000000.0,4.4592981618524705,365264000000.0,1.6689490853624593,95495000000.0,-22.918903211746,29679000000.0,4.521922873745378
2023-02-07,102.51296500106885,107.43898909076722,102.41365149635558,106.9026870727539,49010200,0.0,0.0,256144000000.0,1.791881097621555,21879000000.0,4.4592981618524705,365264000000.0,1.6689490853624593,95495000000.0,-22.918903211746,29679000000.0,4.521922873745378
2023-02-08,101.3509658685551,102.43349578854317,97.36843203721557,98.68932342529297,94743500,0.0,0.0,256144000000.0,1.791881097621555,21879000000.0,4.4592981618524705,365264000000.0,1.6689490853624593,95495000000.0,-22.918903211746,29679000000.0,4.521922873745378
2023-02-09,99.31501673753093,99.34481003021067,92.9886474435818,94.35919952392578,119455000,0.0,0.0,256144000000.0,1.791881097621555,21879000000.0,4.4592981618524705,365264000000.0,1.6689490853624593,95495000000.0,-22.918903211746,29679000000.0,4.521922873745378
2023-02-10,94.79617240940175,96.08727054839915,93.60439534043017,93.92220306396484,54980700,0.0,0.0,256144000000.0,1.791881097621555,21879000000.0,4.4592981618524705,365264000000.0,1.6689490853624593,95495000000.0,-22.918903211746,29679000000.0,4.521922873745378
2023-02-13,94.09103610343493,94.54788422925925,93.19719951937266,93.96192932128906,50076100,0.0,0.0,256144000000.0,1.791881097621555,21879000000.0,4.4592981618524705,365264000000.0,1.6689490853624593,95495000000.0,-22.918903211746,29679000000.0,4.521922873745378
2023-02-14,93.78316845750277,94.20028969972182,91.62803446223668,94.03145599365234,54726100,0.0,0.0,256144000000.0,1.791881097621555,21879000000.0,4.4592981618524705,365264000000.0,1.6689490853624593,95495000000.0,-22.918903211746,29679000000.0,4.521922873745378
2023-02-15,93.84277054464478,96.45476070581401,93.50510307672198,96.27599334716797,50169000,0.0,0.0,256144000000.0,1.791881097621555,21879000000.0,4.4592981618524705,365264000000.0,1.6689490853624593,95495000000.0,-22.918903211746,29679000000.0,4.521922873745378
2023-02-16,94.7167258913076,97.01090015224685,94.09103649131777,94.85576629638672,42462600,0.0,0.0,256144000000.0,1.791881097621555,21879000000.0,4.4592981618524705,365264000000.0,1.6689490853624593,95495000000.0,-22.918903211746,29679000000.0,4.521922873745378
2023-02-17,94.20027985438401,94.90541547409548,92.5715143936439,93.70370483398438,34284100,0.0,0.0,256144000000.0,1.791881097621555,21879000000.0,4.4592981618524705,365264000000.0,1.6689490853624593,95495000000.0,-22.918903211746,29679000000.0,4.521922873745378
2023-02-21,92.36297340750001,92.46228691724235,91.09174229767389,91.16126251220703,33629300,0.0,0.0,256144000000.0,1.791881097621555,21879000000.0,4.4592981618524705,365264000000.0,1.6689490853624593,95495000000.0,-22.918903211746,29679000000.0,4.521922873745378
2023-02-22,91.07186976029493,91.4790649768656,89.98933968584355,91.022216796875,30884000,0.0,0.0,256144000000.0,1.791881097621555,21879000000.0,4.4592981618524705,365264000000.0,1.6689490853624593,95495000000.0,-22.918903211746,29679000000.0,4.521922873745378
2023-02-23,91.29036136551639,91.31022861201542,89.14516094882144,90.26741790771484,41206400,0.0,0.0,256144000000.0,1.791881097621555,21879000000.0,4.4592981618524705,365264000000.0,1.6689490853624593,95495000000.0,-22.918903211746,29679000000.0,4.521922873745378
2023-02-24,88.8273595699799,89.27427414551435,87.97324976048894,88.51947784423828,36585100,0.0,0.0,256144000000.0,1.791881097621555,21879000000.0,4.4592981618524705,365264000000.0,1.6689490853624593,95495000000.0,-22.918903211746,29679000000.0,4.521922873745378
2023-02-27,89.2544174194336,89.5424319067535,88.7280414119719,89.2544174194336,27502300,0.0,0.0,256144000000.0,1.791881097621555,21879000000.0,4.4592981618524705,365264000000.0,1.6689490853624593,95495000000.0,-22.918903211746,29679000000.0,4.521922873745378
2023-02-28,88.71811217771574,90.60509913680653,88.70817855378289,89.44310760498047,30142000,0.0,0.0,256144000000.0,1.791881097621555,21879000000.0,4.4592981618524705,365264000000.0,1.6689490853624593,95495000000.0,-22.918903211746,29679000000.0,4.521922873745378
2023-03-01,89.36365638021726,90.40645952118473,89.05577467248298,89.74105072021484,31111200,0.0,0.0,256144000000.0,1.791881097621555,21879000000.0,4.4592981618524705,365264000000.0,1.6689490853624593,95495000000.0,-22.918903211746,29679000000.0,4.521922873745378
2023-03-02,89.04583690788485,91.64788518332035,88.97630913050227,91.36980438232422,32204400,0.0,0.0,256144000000.0,1.791881097621555,21879000000.0,4.4592981618524705,365264000000.0,1.6689490853624593,95495000000.0,-22.918903211746,29679000000.0,4.521922873745378
2023-03-03,91.8465229964728,93.08796060004295,91.81672212919472,93.00850677490234,35160100,0.0,0.0,256144000000.0,1.791881097621555,21879000000.0,4.4592981618524705,365264000000.0,1.6689490853624593,95495000000.0,-22.918903211746,29679000000.0,4.521922873745378
2023-03-06,93.37597339821141,95.31262072930046,93.35611372922939,94.4783706665039,32639300,0.0,0.0,256144000000.0,1.791881097621555,21879000000.0,4.4592981618524705,365264000000.0,1.6689490853624593,95495000000.0,-22.918903211746,29679000000.0,4.521922873745378
2023-03-07,94.32941012372648,95.01467861504145,92.88933777532736,93.21707916259766,27835500,0.0,0.0,256144000000.0,1.791881097621555,21879000000.0,4.4592981618524705,365264000000.0,1.6689490853624593,95495000000.0,-22.918903211746,29679000000.0,4.521922873745378
2023-03-08,93.47528622554559,95.30267869600031,93.35610549076799,93.6043930053711,34103300,0.0,0.0,256144000000.0,1.791881097621555,21879000000.0,4.4592981618524705,365264000000.0,1.6689490853624593,95495000000.0,-22.918903211746,29679000000.0,4.521922873745378
2023-03-09,93.40577517359714,94.87563316082465,91.2705008234345,91.6876220703125,28813500,0.0,0.0,256144000000.0,1.791881097621555,21879000000.0,4.4592981618524705,365264000000.0,1.6689490853624593,95495000000.0,-22.918903211746,29679000000.0,4.521922873745378
2023-03-10,91.53865328662859,92.15440914627503,89.78078074407773,90.00920104980469,35941000,0.0,0.0,256144000000.0,1.791881097621555,21879000000.0,4.4592981618524705,365264000000.0,1.6689490853624593,95495000000.0,-22.918903211746,29679000000.0,4.521922873745378
2023-03-13,89.47289113745587,91.93590678175909,88.80748237211967,90.48590850830078,37335600,0.0,0.0,256144000000.0,1.791881097621555,21879000000.0,4.4592981618524705,365264000000.0,1.6689490853624593,95495000000.0,-22.918903211746,29679000000.0,4.521922873745378
2023-03-14,91.92597154460599,93.7136447693308,91.806798381047,93.3263168334961,36050200,0.0,0.0,256144000000.0,1.791881097621555,21879000000.0,4.4592981618524705,365264000000.0,1.6689490853624593,95495000000.0,-22.918903211746,29679000000.0,4.521922873745378
2023-03-15,92.58145687000861,96.26604296450648,92.00542797274241,95.45166015625,50622100,0.0,0.0,256144000000.0,1.791881097621555,21879000000.0,4.4592981618524705,365264000000.0,1.6689490853624593,95495000000.0,-22.918903211746,29679000000.0,4.521922873745378
2023-03-16,95.54104620710785,100.49687116053911,94.84584409797657,99.63282775878906,65492000,0.0,0.0,256144000000.0,1.791881097621555,21879000000.0,4.4592981618524705,365264000000.0,1.6689490853624593,95495000000.0,-22.918903211746,29679000000.0,4.521922873745378
2023-03-17,99.57323488486855,102.13555648041809,99.41432722588,100.92391967773438,61028500,0.0,0.0,256144000000.0,1.791881097621555,21879000000.0,4.4592981618524705,365264000000.0,1.6689490853624593,95495000000.0,-22.918903211746,29679000000.0,4.521922873745378
2023-03-20,99.43419347981462,101.05302545965556,99.18590594797273,100.52665710449219,32960400,0.0,0.0,256144000000.0,1.791881097621555,21879000000.0,4.4592981618524705,365264000000.0,1.6689490853624593,95495000000.0,-22.918903211746,29679000000.0,4.521922873745378
2023-03-21,100.55645006709534,104.38007652952844,100.52665677571322,104.20130920410156,42110300,0.0,0.0,256144000000.0,1.791881097621555,21879000000.0,4.4592981618524705,365264000000.0,1.6689490853624593,95495000000.0,-22.918903211746,29679000000.0,4.521922873745378
2023-03-22,103.55576297366062,105.8598710222932,102.62220698360557,102.66193389892578,43427400,0.0,0.0,256144000000.0,1.791881097621555,21879000000.0,4.4592981618524705,365264000000.0,1.6689490853624593,95495000000.0,-22.918903211746,29679000000.0,4.521922873745378
2023-03-23,104.34034599156392,105.5718575582382,103.74445745321431,104.87664794921875,40797800,0.0,0.0,256144000000.0,1.791881097621555,21879000000.0,4.4592981618524705,365264000000.0,1.6689490853624593,95495000000.0,-22.918903211746,29679000000.0,4.521922873745378
2023-03-24,104.2708284512901,104.76740350878552,103.12870430362382,104.7177505493164,30393300,0.0,0.0,256144000000.0,1.791881097621555,21879000000.0,4.4592981618524705,365264000000.0,1.6689490853624593,95495000000.0,-22.918903211746,29679000000.0,4.521922873745378
2023-03-27,103.90336362277968,104.0424040271739,101.23178749509955,101.7581558227539,31120900,0.0,0.0,256144000000.0,1.791881097621555,21879000000.0,4.4592981618524705,365264000000.0,1.6689490853624593,95495000000.0,-22.918903211746,29679000000.0,4.521922873745378
2023-03-28,101.73829691402915,101.74822295932152,99.05678714399609,100.33795166015625,32057900,0.0,0.0,256144000000.0,1.791881097621555,21879000000.0,4.4592981618524705,365264000000.0,1.6689490853624593,95495000000.0,-22.918903211746,29679000000.0,4.521922873745378
2023-03-29,101.57940635113572,101.78796699436612,99.9605741715083,100.69550323486328,28779600,0.0,0.0,256144000000.0,1.791881097621555,21879000000.0,4.4592981618524705,365264000000.0,1.6689490853624593,95495000000.0,-22.918903211746,29679000000.0,4.521922873745378
2023-03-30,100.21878081953102,100.46706834599645,99.09651635054152,100.19891357421875,33086200,0.0,0.0,256144000000.0,1.791881097621555,21879000000.0,4.4592981618524705,365264000000.0,1.6689490853624593,95495000000.0,-22.918903211746,29679000000.0,4.521922873745378
2023-03-31,100.60611500458978,103.1783703015433,100.34789383942677,103.01947021484375,36863400,0.0,0.0,256144000000.0,1.791881097621555,21879000000.0,4.4592981618524705,365264000000.0,1.6689490853624593,95495000000.0,-22.918903211746,29679000000.0,4.521922873745378
2023-04-03,101.68864972791862,103.81399057809075,101.23180153908238,103.64515686035156,25035400,0.0,0.0,256144000000.0,1.791881097621555,21879000000.0,4.4592981618524705,365264000000.0,1.6689490853624593,95495000000.0,-22.918903211746,29679000000.0,4.521922873745378
2023-04-04,103.6153575922124,104.85679528719108,103.32734313772123,104.002685546875,24420100,0.0,0.0,256144000000.0,1.791881097621555,21879000000.0,4.4592981618524705,365264000000.0,1.6689490853624593,95495000000.0,-22.918903211746,29679000000.0,4.521922873745378
2023-04-05,105.05542649237262,105.37323425192203,102.9499529267833,103.75440216064453,28290500,0.0,0.0,256144000000.0,1.791881097621555,21879000000.0,4.4592981618524705,365264000000.0,1.6689490853624593,95495000000.0,-22.918903211746,29679000000.0,4.521922873745378
2023-04-06,104.53898710670686,108.42220026038169,103.6153571623888,107.67733764648438,48711500,0.0,0.0,256144000000.0,1.791881097621555,21879000000.0,4.4592981618524705,365264000000.0,1.6689490853624593,95495000000.0,-22.918903211746,29679000000.0,4.521922873745378
2023-04-10,106.24720898582663,106.85302362121595,104.39994905536618,105.71090698242188,27067400,0.0,0.0,256144000000.0,1.791881097621555,21879000000.0,4.4592981618524705,365264000000.0,1.6689490853624593,95495000000.0,-22.918903211746,29679000000.0,4.521922873745378
2023-04-11,105.82014926393511,105.99891659022042,103.9629557951451,104.62836456298828,26311800,0.0,0.0,256144000000.0,1.791881097621555,21879000000.0,4.4592981618524705,365264000000.0,1.6689490853624593,95495000000.0,-22.918903211746,29679000000.0,4.521922873745378
2023-04-12,105.84993901307934,106.018772710828,103.62527734328293,103.92322540283203,24370300,0.0,0.0,256144000000.0,1.791881097621555,21879000000.0,4.4592981618524705,365264000000.0,1.6689490853624593,95495000000.0,-22.918903211746,29679000000.0,4.521922873745378
2023-04-13,105.11500209869247,106.75370126589488,105.11500209869247,106.6941146850586,24843600,0.0,0.0,256144000000.0,1.791881097621555,21879000000.0,4.4592981618524705,365264000000.0,1.6689490853624593,95495000000.0,-22.918903211746,29679000000.0,4.521922873745378
2023-04-14,106.15781931069009,108.19378015639614,106.10815877215703,108.12425994873047,26578000,0.0,0.0,256144000000.0,1.791881097621555,21879000000.0,4.4592981618524705,365264000000.0,1.6689490853624593,95495000000.0,-22.918903211746,29679000000.0,4.521922873745378
2023-04-17,103.94309352521483,105.43281868126573,103.80404553968684,105.2441177368164,37571200,0.0,0.0,256144000000.0,1.791881097621555,21879000000.0,4.4592981618524705,365264000000.0,1.6689490853624593,95495000000.0,-22.918903211746,29679000000.0,4.521922873745378
2023-04-18,105.76054615516696,105.8102066882632,103.35712486512638,103.7841796875,26596400,0.0,0.0,256144000000.0,1.791881097621555,21879000000.0,4.4592981618524705,365264000000.0,1.6689490853624593,95495000000.0,-22.918903211746,29679000000.0,4.521922873745378
2023-04-19,102.87049630184782,104.26090805358163,102.36398759416694,103.46638488769531,20905700,0.0,0.0,256144000000.0,1.791881097621555,21879000000.0,4.4592981618524705,365264000000.0,1.6689490853624593,95495000000.0,-22.918903211746,29679000000.0,4.521922873745378
2023-04-20,103.19823452834045,105.52220221540108,103.15850761354443,104.56877899169922,27820800,0.0,0.0,256144000000.0,1.791881097621555,21879000000.0,4.4592981618524705,365264000000.0,1.6689490853624593,95495000000.0,-22.918903211746,29679000000.0,4.521922873745378
2023-04-21,104.74754434617613,105.27391269732128,104.06226833884085,104.68795776367188,25800100,0.0,0.0,256144000000.0,1.791881097621555,21879000000.0,4.4592981618524705,365264000000.0,1.6689490853624593,95495000000.0,-22.918903211746,29679000000.0,4.521922873745378
2023-04-24,104.76740235294118,105.89959286536913,103.9828128614983,105.2441177368164,23542800,0.0,0.0,256144000000.0,1.791881097621555,21879000000.0,4.4592981618524705,365264000000.0,1.6689490853624593,95495000000.0,-22.918903211746,29679000000.0,4.521922873745378
2023-04-25,105.10508198445909,105.95919171793508,103.12870773434398,103.13864135742188,46664100,0.0,0.0,256144000000.0,1.791881097621555,21879000000.0,4.4592981618524705,365264000000.0,1.6689490853624593,95495000000.0,-22.918903211746,29679000000.0,4.521922873745378
2023-04-26,104.20131406851206,105.62151911538743,101.92699926885099,102.99960327148438,53347600,0.0,0.0,256144000000.0,1.791881097621555,21879000000.0,4.4592981618524705,365264000000.0,1.6689490853624593,95495000000.0,-22.918903211746,29679000000.0,4.521922873745378
2023-04-27,103.73452148035895,107.62767550211079,102.83075885938467,106.85301208496094,50089200,0.0,0.0,256144000000.0,1.791881097621555,21879000000.0,4.4592981618524705,365264000000.0,1.6689490853624593,95495000000.0,-22.918903211746,29679000000.0,4.521922873745378
2023-04-28,106.30678821332904,106.61466232138405,104.37014096111682,106.60472869873047,36139800,0.0,0.0,256144000000.0,1.791881097621555,21879000000.0,4.4592981618524705,365264000000.0,1.6689490853624593,95495000000.0,-22.918903211746,29679000000.0,4.521922873745378
2023-05-01,106.10815596080403,107.2502801225946,106.0882962921976,106.46569061279297,26681700,0.0,0.0,256144000000.0,1.791881097621555,21879000000.0,4.4592981618524705,365264000000.0,1.6689490853624593,95495000000.0,-22.918903211746,29679000000.0,4.521922873745378
2023-05-02,106.40609695634207,106.4656835353344,102.99959194316321,104.59856414794922,30997200,0.0,0.0,256144000000.0,1.791881097621555,21879000000.0,4.4592981618524705,365264000000.0,1.6689490853624593,95495000000.0,-22.918903211746,29679000000.0,4.521922873745378
2023-05-03,104.80713092868038,106.75370425420495,104.2410356634877,104.68795776367188,21795400,0.0,0.0,256144000000.0,1.791881097621555,21879000000.0,4.4592981618524705,365264000000.0,1.6689490853624593,95495000000.0,-22.918903211746,29679000000.0,4.521922873745378
2023-05-04,104.76740834360812,104.8766554674694,103.25782343309649,103.97289276123047,23419500,0.0,0.0,256144000000.0,1.791881097621555,21879000000.0,4.4592981618524705,365264000000.0,1.6689490853624593,95495000000.0,-22.918903211746,29679000000.0,4.521922873745378
2023-05-05,104.10200016796126,105.1547369199555,103.39686445887698,104.84686279296875,26639300,0.0,0.0,256144000000.0,1.791881097621555,21879000000.0,4.4592981618524705,365264000000.0,1.6689490853624593,95495000000.0,-22.918903211746,29679000000.0,4.521922873745378
2023-05-08,104.45952890885576,107.22048500326504,104.43966924058789,107.03178405761719,26511400,0.0,0.0,256144000000.0,1.791881097621555,21879000000.0,4.4592981618524705,365264000000.0,1.6689490853624593,95495000000.0,-22.918903211746,29679000000.0,4.521922873745378
2023-05-09,107.64753918803392,109.39548549302289,106.45576209384788,106.61466217041016,36360100,0.0,0.0,256144000000.0,1.791881097621555,21879000000.0,4.4592981618524705,365264000000.0,1.6689490853624593,95495000000.0,-22.918903211746,29679000000.0,4.521922873745378
2023-05-10,107.2304139185501,112.16637096260268,107.19068700662434,110.9845199584961,63153400,0.0,0.0,256144000000.0,1.791881097621555,21879000000.0,4.4592981618524705,365264000000.0,1.6689490853624593,95495000000.0,-22.918903211746,29679000000.0,4.521922873745378
2023-05-11,114.60953101340723,117.11226610524719,113.62631446773452,115.77151489257812,78900000,0.0,0.0,256144000000.0,1.791881097621555,21879000000.0,4.4592981618524705,365264000000.0,1.6689490853624593,95495000000.0,-22.918903211746,29679000000.0,4.521922873745378
2023-05-12,115.88076166873074,117.22151287736642,115.31466637721192,116.705078125,41102300,0.0,0.0,256144000000.0,1.791881097621555,21879000000.0,4.4592981618524705,365264000000.0,1.6689490853624593,95495000000.0,-22.918903211746,29679000000.0,4.521922873745378
2023-05-15,115.31466773479636,117.66843638362967,115.21535423245682,115.71192932128906,36266800,0.0,0.0,256144000000.0,1.791881097621555,21879000000.0,4.4592981618524705,365264000000.0,1.6689490853624593,95495000000.0,-22.918903211746,29679000000.0,4.521922873745378
2023-05-16,115.69205805683869,119.92287978836107,115.63247147293116,118.69137573242188,45035600,0.0,0.0,256144000000.0,1.791881097621555,21879000000.0,4.4592981618524705,365264000000.0,1.6689490853624593,95495000000.0,-22.918903211746,29679000000.0,4.521922873745378
2023-05-17,118.79069754797297,120.83658456146485,118.07562818248286,120.01226806640625,33323600,0.0,0.0,256144000000.0,1.791881097621555,21879000000.0,4.4592981618524705,365264000000.0,1.6689490853624593,95495000000.0,-22.918903211746,29679000000.0,4.521922873745378
2023-05-18,120.12150510967228,122.46534002102402,120.00233194352047,121.98863220214844,35234200,0.0,0.0,256144000000.0,1.791881097621555,21879000000.0,4.4592981618524705,365264000000.0,1.6689490853624593,95495000000.0,-22.918903211746,29679000000.0,4.521922873745378
2023-05-19,122.7037103565703,125.10713202432453,121.31329855983212,121.91912078857422,41353400,0.0,0.0,256144000000.0,1.791881097621555,21879000000.0,4.4592981618524705,365264000000.0,1.6689490853624593,95495000000.0,-22.918903211746,29679000000.0,4.521922873745378
2023-05-22,122.0978806379514,125.56397250500119,121.89924606366814,124.19342803955078,35253000,0.0,0.0,256144000000.0,1.791881097621555,21879000000.0,4.4592981618524705,365264000000.0,1.6689490853624593,95495000000.0,-22.918903211746,29679000000.0,4.521922873745378
2023-05-23,123.30952819924319,123.77630241228727,121.37288083002176,121.7204818725586,34046300,0.0,0.0,256144000000.0,1.791881097621555,21879000000.0,4.4592981618524705,365264000000.0,1.6689490853624593,95495000000.0,-22.918903211746,29679000000.0,4.521922873745378
2023-05-24,120.29035552447165,121.07494509546325,119.03898414491616,120.07186126708984,34182600,0.0,0.0,256144000000.0,1.791881097621555,21879000000.0,4.4592981618524705,365264000000.0,1.6689490853624593,95495000000.0,-22.918903211746,29679000000.0,4.521922873745378
2023-05-25,123.66705529543533,124.46157845882605,121.12459329600016,122.63418579101562,42317000,0.0,0.0,256144000000.0,1.791881097621555,21879000000.0,4.4592981618524705,365264000000.0,1.6689490853624593,95495000000.0,-22.918903211746,29679000000.0,4.521922873745378
2023-05-26,122.32629304543168,124.40198064443256,121.61122377835261,123.75643157958984,35635900,0.0,0.0,256144000000.0,1.791881097621555,21879000000.0,4.4592981618524705,365264000000.0,1.6689490853624593,95495000000.0,-22.918903211746,29679000000.0,4.521922873745378
2023-05-30,124.77937521347872,124.79924245823678,121.16430953515783,122.82286834716797,35076700,0.0,0.0,256144000000.0,1.791881097621555,21879000000.0,4.4592981618524705,365264000000.0,1.6689490853624593,95495000000.0,-22.918903211746,29679000000.0,4.521922873745378
2023-05-31,121.90917771682845,123.210201954541,121.66089018583695,122.02835845947266,37325800,0.0,0.0,256144000000.0,1.791881097621555,21879000000.0,4.4592981618524705,365264000000.0,1.6689490853624593,95495000000.0,-22.918903211746,29679000000.0,4.521922873745378
2023-06-01,121.97870664405423,123.56774544059134,121.7800796359126,122.87254333496094,30772700,0.0,0.0,256144000000.0,1.791881097621555,21879000000.0,4.4592981618524705,365264000000.0,1.6689490853624593,95495000000.0,-22.918903211746,29679000000.0,4.521922873745378
2023-06-02,123.14068238937887,125.28589030532665,122.91226210287383,123.81602478027344,26980100,0.0,0.0,256144000000.0,1.791881097621555,21879000000.0,4.4592981618524705,365264000000.0,1.6689490853624593,95495000000.0,-22.918903211746,29679000000.0,4.521922873745378
2023-06-05,123.160542808381,126.55711424322588,122.99170153716558,125.14684295654297,32305500,0.0,0.0,256144000000.0,1.791881097621555,21879000000.0,4.4592981618524705,365264000000.0,1.6689490853624593,95495000000.0,-22.918903211746,29679000000.0,4.521922873745378
2023-06-06,125.14685941446244,127.41123309167713,124.50131026598763,126.43795013427734,26638300,0.0,0.0,256144000000.0,1.791881097621555,21879000000.0,4.4592981618524705,365264000000.0,1.6689490853624593,95495000000.0,-22.918903211746,29679000000.0,4.521922873745378
2023-06-07,126.1002866986797,128.1560998073285,121.28350956868856,121.66090393066406,52539000,0.0,0.0,256144000000.0,1.791881097621555,21879000000.0,4.4592981618524705,365264000000.0,1.6689490853624593,95495000000.0,-22.918903211746,29679000000.0,4.521922873745378
2023-06-08,121.39274743989765,122.38589760029983,120.40952332556272,121.30335998535156,29389200,0.0,0.0,256144000000.0,1.791881097621555,21879000000.0,4.4592981618524705,365264000000.0,1.6689490853624593,95495000000.0,-22.918903211746,29679000000.0,4.521922873745378
2023-06-09,121.41259801006571,122.91225676148075,121.0749306178595,121.39273834228516,23778300,0.0,0.0,256144000000.0,1.791881097621555,21879000000.0,4.4592981618524705,365264000000.0,1.6689490853624593,95495000000.0,-22.918903211746,29679000000.0,4.521922873745378
2023-06-12,121.94890708399343,123.20027838695897,120.8266501491064,122.79308319091797,28306400,0.0,0.0,256144000000.0,1.791881097621555,21879000000.0,4.4592981618524705,365264000000.0,1.6689490853624593,95495000000.0,-22.918903211746,29679000000.0,4.521922873745378
2023-06-13,124.1239051576865,124.30267248212147,122.33623191333673,122.98178100585938,22278300,0.0,0.0,256144000000.0,1.791881097621555,21879000000.0,4.4592981618524705,365264000000.0,1.6689490853624593,95495000000.0,-22.918903211746,29679000000.0,4.521922873745378
2023-06-14,122.25677310570381,123.20027022623326,120.61807396131795,122.82286834716797,30592300,0.0,0.0,256144000000.0,1.791881097621555,21879000000.0,4.4592981618524705,365264000000.0,1.6689490853624593,95495000000.0,-22.918903211746,29679000000.0,4.521922873745378
2023-06-15,122.2964994259107,124.60060729299288,121.56157049323058,124.23313903808594,35246300,0.0,0.0,256144000000.0,1.791881097621555,21879000000.0,4.4592981618524705,365264000000.0,1.6689490853624593,95495000000.0,-22.918903211746,29679000000.0,4.521922873745378
2023-06-16,125.06738423166338,125.24615154107877,122.43553512304419,122.68382263183594,45535600,0.0,0.0,256144000000.0,1.791881097621555,21879000000.0,4.4592981618524705,365264000000.0,1.6689490853624593,95495000000.0,-22.918903211746,29679000000.0,4.521922873745378
2023-06-20,122.08795644280508,123.71672219203282,121.30336686235084,122.25679016113281,26097500,0.0,0.0,256144000000.0,1.791881097621555,21879000000.0,4.4592981618524705,365264000000.0,1.6689490853624593,95495000000.0,-22.918903211746,29679000000.0,4.521922873745378
2023-06-21,121.56157701225514,121.8197981667708,119.2773286902029,119.72425079345703,30306300,0.0,0.0,256144000000.0,1.791881097621555,21879000000.0,4.4592981618524705,365264000000.0,1.6689490853624593,95495000000.0,-22.918903211746,29679000000.0,4.521922873745378
2023-06-22,119.17801777862638,122.39582213705168,118.01603392379701,122.30644226074219,26952200,0.0,0.0,256144000000.0,1.791881097621555,21879000000.0,4.4592981618524705,365264000000.0,1.6689490853624593,95495000000.0,-22.918903211746,29679000000.0,4.521922873745378
2023-06-23,120.54856042408845,121.94890574873948,120.23075268459189,121.50198364257812,34913600,0.0,0.0,256144000000.0,1.791881097621555,21879000000.0,4.4592981618524705,365264000000.0,1.6689490853624593,95495000000.0,-22.918903211746,29679000000.0,4.521922873745378
2023-06-26,119.9328098317089,121.16431385089092,117.45986059347797,117.52938079833984,33969900,0.0,0.0,256144000000.0,1.791881097621555,21879000000.0,4.4592981618524705,365264000000.0,1.6689490853624593,95495000000.0,-22.918903211746,29679000000.0,4.521922873745378
2023-06-27,116.27801731199209,118.26431754249225,115.30472686510802,117.51945495605469,39535900,0.0,0.0,256144000000.0,1.791881097621555,21879000000.0,4.4592981618524705,365264000000.0,1.6689490853624593,95495000000.0,-22.918903211746,29679000000.0,4.521922873745378
2023-06-28,116.28795064666333,119.56534926327315,116.04959672566056,119.3567886352539,27091400,0.0,0.0,256144000000.0,1.791881097621555,21879000000.0,4.4592981618524705,365264000000.0,1.6689490853624593,95495000000.0,-22.918903211746,29679000000.0,4.521922873745378
2023-06-29,118.42322010037552,119.23760290884682,117.48966412494475,118.2841796875,24090900,0.0,0.0,256144000000.0,1.791881097621555,21879000000.0,4.4592981618524705,365264000000.0,1.6689490853624593,95495000000.0,-22.918903211746,29679000000.0,4.521922873745378
2023-06-30,119.34684768508002,120.25061792814805,118.87013987233996,118.88006591796875,29532200,0.0,0.0,256144000000.0,1.791881097621555,21879000000.0,4.4592981618524705,365264000000.0,1.6689490853624593,95495000000.0,-22.918903211746,29679000000.0,4.521922873745378
2023-07-03,118.4232220961238,119.36671928754727,118.0061008504676,119.07870483398438,14467900,0.0,0.0,256144000000.0,1.791881097621555,21879000000.0,4.4592981618524705,365264000000.0,1.6689490853624593,95495000000.0,-22.918903211746,29679000000.0,4.521922873745378
2023-07-05,118.42322935529762,121.77014830310253,118.41330330869808,120.9160385131836,27584800,0.0,0.0,256144000000.0,1.791881097621555,21879000000.0,4.4592981618524705,365264000000.0,1.6689490853624593,95495000000.0,-22.918903211746,29679000000.0,4.521922873745378
2023-07-06,118.97938023952536,119.47595526961163,117.58896863985706,119.2872543334961,24745200,0.0,0.0,256144000000.0,1.791881097621555,21879000000.0,4.4592981618524705,365264000000.0,1.6689490853624593,95495000000.0,-22.918903211746,29679000000.0,4.521922873745378
2023-07-07,119.27732351982279,120.22082064548265,118.5821214921861,118.66157531738281,21709500,0.0,0.0,256144000000.0,1.791881097621555,21879000000.0,4.4592981618524705,365264000000.0,1.6689490853624593,95495000000.0,-22.918903211746,29679000000.0,4.521922873745378
2023-07-10,117.48966227568181,117.49958832134938,115.3444543785659,115.65232849121094,35315200,0.0,0.0,256144000000.0,1.791881097621555,21879000000.0,4.4592981618524705,365264000000.0,1.6689490853624593,95495000000.0,-22.918903211746,29679000000.0,4.521922873745378
2023-07-11,115.49342464859208,116.90369595511098,114.55986114114224,116.33760070800781,23078800,0.0,0.0,256144000000.0,1.791881097621555,21879000000.0,4.4592981618524705,365264000000.0,1.6689490853624593,95495000000.0,-22.918903211746,29679000000.0,4.521922873745378
2023-07-12,117.98623440184863,119.50575283595185,117.59890647069032,118.11534118652344,30404400,0.0,0.0,256144000000.0,1.791881097621555,21879000000.0,4.4592981618524705,365264000000.0,1.6689490853624593,95495000000.0,-22.918903211746,29679000000.0,4.521922873745378
2023-07-13,120.10165493888594,123.97494226494403,119.62493950517667,123.68692779541016,44297900,0.0,0.0,256144000000.0,1.791881097621555,21879000000.0,4.4592981618524705,365264000000.0,1.6689490853624593,95495000000.0,-22.918903211746,29679000000.0,4.521922873745378
2023-07-14,123.94513436143531,125.91156729800437,122.64410259004947,124.56088256835938,33283100,0.0,0.0,256144000000.0,1.791881097621555,21879000000.0,4.4592981618524705,365264000000.0,1.6689490853624593,95495000000.0,-22.918903211746,29679000000.0,4.521922873745378
2023-07-17,125.07733775416551,126.2293880381479,123.34925096248992,123.79617309570312,25716200,0.0,0.0,256144000000.0,1.791881097621555,21879000000.0,4.4592981618524705,365264000000.0,1.6689490853624593,95495000000.0,-22.918903211746,29679000000.0,4.521922873745378
2023-07-18,123.74651211456384,123.8259659482479,122.11774640971387,122.91226959228516,26193600,0.0,0.0,256144000000.0,1.791881097621555,21879000000.0,4.4592981618524705,365264000000.0,1.6689490853624593,95495000000.0,-22.918903211746,29679000000.0,4.521922873745378
2023-07-19,123.74650254253834,124.32253142648887,120.96568677290944,121.19410705566406,37224000,0.0,0.0,256144000000.0,1.791881097621555,21879000000.0,4.4592981618524705,365264000000.0,1.6689490853624593,95495000000.0,-22.918903211746,29679000000.0,4.521922873745378
2023-07-20,120.58829377086548,123.24000294908879,117.41021620638075,118.38349914550781,37906800,0.0,0.0,256144000000.0,1.791881097621555,21879000000.0,4.4592981618524705,365264000000.0,1.6689490853624593,95495000000.0,-22.918903211746,29679000000.0,4.521922873745378
2023-07-21,119.79377211980879,120.16123282072522,117.91671896913194,119.1978759765625,72937900,0.0,0.0,256144000000.0,1.791881097621555,21879000000.0,4.4592981618524705,365264000000.0,1.6689490853624593,95495000000.0,-22.918903211746,29679000000.0,4.521922873745378
2023-07-24,120.8266470185418,122.15746453991983,120.15130463507315,120.6975326538086,29686100,0.0,0.0,256144000000.0,1.791881097621555,21879000000.0,4.4592981618524705,365264000000.0,1.6689490853624593,95495000000.0,-22.918903211746,29679000000.0,4.521922873745378
2023-07-25,120.52870291550938,122.3064425948192,120.19102792410442,121.37287902832031,52509600,0.0,0.0,256144000000.0,1.791881097621555,21879000000.0,4.4592981618524705,365264000000.0,1.6689490853624593,95495000000.0,-22.918903211746,29679000000.0,4.521922873745378
2023-07-26,129.1790446188331,130.08279971943918,127.44103189219841,128.384521484375,61682100,0.0,0.0,256144000000.0,1.791881097621555,21879000000.0,4.4592981618524705,365264000000.0,1.6689490853624593,95495000000.0,-22.918903211746,29679000000.0,4.521922873745378
2023-07-27,130.76808123057597,132.32733427349476,127.90780388799678,128.5136260986328,44952100,0.0,0.0,256144000000.0,1.791881097621555,21879000000.0,4.4592981618524705,365264000000.0,1.6689490853624593,95495000000.0,-22.918903211746,29679000000.0,4.521922873745378
2023-07-28,129.8841712389039,132.82390225649658,129.67561820048323,131.67184448242188,36591200,0.0,0.0,256144000000.0,1.791881097621555,21879000000.0,4.4592981618524705,365264000000.0,1.6689490853624593,95495000000.0,-22.918903211746,29679000000.0,4.521922873745378
2023-07-31,131.82080861382926,132.61533172518926,130.87731904908145,131.81088256835938,28055500,0.0,0.0,256144000000.0,1.791881097621555,21879000000.0,4.4592981618524705,365264000000.0,1.6689490853624593,95495000000.0,-22.918903211746,29679000000.0,4.521922873745378
2023-08-01,129.88418063298246,131.72151454614948,129.78485955227697,130.64891052246094,23166800,0.0,0.0,256144000000.0,1.791881097621555,21879000000.0,4.4592981618524705,365264000000.0,1.6689490853624593,95495000000.0,-22.918903211746,29679000000.0,4.521922873745378
2023-08-02,128.56328842817067,129.19890394045316,126.68623518453411,127.50062561035156,26273300,0.0,0.0,256144000000.0,1.791881097621555,21879000000.0,4.4592981618524705,365264000000.0,1.6689490853624593,95495000000.0,-22.918903211746,29679000000.0,4.521922873745378
2023-08-03,127.09342158195221,128.50369292843845,126.54718598719074,127.57012939453125,20089500,0.0,0.0,256144000000.0,1.791881097621555,21879000000.0,4.4592981618524705,365264000000.0,1.6689490853624593,95495000000.0,-22.918903211746,29679000000.0,4.521922873745378
2023-08-04,128.3944592195616,130.60917996679882,127.03384826763067,127.23247528076172,26147200,0.0,0.0,256144000000.0,1.791881097621555,21879000000.0,4.4592981618524705,365264000000.0,1.6689490853624593,95495000000.0,-22.918903211746,29679000000.0,4.521922873745378
2023-08-07,128.27525250505664,130.70846687685665,128.13621211678995,130.62901306152344,22746300,0.0,0.0,256144000000.0,1.791881097621555,21879000000.0,4.4592981618524705,365264000000.0,1.6689490853624593,95495000000.0,-22.918903211746,29679000000.0,4.521922873745378
2023-08-08,129.7252678010533,130.60917082877378,128.6526638200663,130.4999237060547,23535200,0.0,0.0,256144000000.0,1.791881097621555,21879000000.0,4.4592981618524705,365264000000.0,1.6689490853624593,95495000000.0,-22.918903211746,29679000000.0,4.521922873745378
2023-08-09,130.75815086279874,131.1355376104998,128.11636785754888,128.7718505859375,24912900,0.0,0.0,256144000000.0,1.791881097621555,21879000000.0,4.4592981618524705,365264000000.0,1.6689490853624593,95495000000.0,-22.918903211746,29679000000.0,4.521922873745378
2023-08-10,130.42047521494374,131.14547052700968,128.56327426848324,128.8016357421875,20857800,0.0,0.0,256144000000.0,1.791881097621555,21879000000.0,4.4592981618524705,365264000000.0,1.6689490853624593,95495000000.0,-22.918903211746,29679000000.0,4.521922873745378
2023-08-11,127.77868690101995,129.0399765320376,127.2920379292445,128.67251586914062,19591100,0.0,0.0,256144000000.0,1.791881097621555,21879000000.0,4.4592981618524705,365264000000.0,1.6689490853624593,95495000000.0,-22.918903211746,29679000000.0,4.521922873745378
2023-08-14,128.503676007891,130.47010873583676,128.07662878820625,130.43038940429688,24695600,0.0,0.0,256144000000.0,1.791881097621555,21879000000.0,4.4592981618524705,365264000000.0,1.6689490853624593,95495000000.0,-22.918903211746,29679000000.0,4.521922873745378
2023-08-15,130.20198716469977,130.51978732378583,128.3944466671007,128.89102172851562,19770700,0.0,0.0,256144000000.0,1.791881097621555,21879000000.0,4.4592981618524705,365264000000.0,1.6689490853624593,95495000000.0,-22.918903211746,29679000000.0,4.521922873745378
2023-08-16,127.81843566894531,129.38761490117713,126.99412671023445,127.81843566894531,25216100,0.0,0.0,256144000000.0,1.791881097621555,21879000000.0,4.4592981618524705,365264000000.0,1.6689490853624593,95495000000.0,-22.918903211746,29679000000.0,4.521922873745378
2023-08-17,128.91088665122683,131.08588780571418,128.40437039897924,129.03005981445312,33446300,0.0,0.0,256144000000.0,1.791881097621555,21879000000.0,4.4592981618524705,365264000000.0,1.6689490853624593,95495000000.0,-22.918903211746,29679000000.0,4.521922873745378
2023-08-18,127.6297171477929,128.3646536960574,125.51431010865518,126.5869140625,30504800,0.0,0.0,256144000000.0,1.791881097621555,21879000000.0,4.4592981618524705,365264000000.0,1.6689490853624593,95495000000.0,-22.918903211746,29679000000.0,4.521922873745378
2023-08-21,126.30884094055737,127.84821918235714,125.6930850975567,127.49068450927734,25248700,0.0,0.0,256144000000.0,1.791881097621555,21879000000.0,4.4592981618524705,365264000000.0,1.6689490853624593,95495000000.0,-22.918903211746,29679000000.0,4.521922873745378
2023-08-22,127.62971321202188,129.38759312280365,127.4410274236173,128.19581604003906,22054900,0.0,0.0,256144000000.0,1.791881097621555,21879000000.0,4.4592981618524705,365264000000.0,1.6689490853624593,95495000000.0,-22.918903211746,29679000000.0,4.521922873745378
2023-08-23,129.28827098070656,132.49615667103,128.98039687858824,131.46327209472656,27819700,0.0,0.0,256144000000.0,1.791881097621555,21879000000.0,4.4592981618524705,365264000000.0,1.6689490853624593,95495000000.0,-22.918903211746,29679000000.0,4.521922873745378
2023-08-24,133.0324559222039,133.3304039899065,128.68246868911157,128.89102172851562,28500700,0.0,0.0,256144000000.0,1.791881097621555,21879000000.0,4.4592981618524705,365264000000.0,1.6689490853624593,95495000000.0,-22.918903211746,29679000000.0,4.521922873745378
2023-08-25,128.65267385059113,129.8643183409359,126.37836649664419,128.9903564453125,26762900,0.0,0.0,256144000000.0,1.791881097621555,21879000000.0,4.4592981618524705,365264000000.0,1.6689490853624593,95495000000.0,-22.918903211746,29679000000.0,4.521922873745378
2023-08-28,130.410527384116,131.63209767191532,129.2485436731459,130.11257934570312,20543300,0.0,0.0,256144000000.0,1.791881097621555,21879000000.0,4.4592981618524705,365264000000.0,1.6689490853624593,95495000000.0,-22.918903211746,29679000000.0,4.521922873745378
2023-08-29,131.33418219305656,135.6345241905877,131.33418219305656,133.64822387695312,43075600,0.0,0.0,256144000000.0,1.791881097621555,21879000000.0,4.4592981618524705,365264000000.0,1.6689490853624593,95495000000.0,-22.918903211746,29679000000.0,4.521922873745378
2023-08-30,133.85677802438667,135.34650327186472,133.15164989363763,134.94924926757812,28315800,0.0,0.0,256144000000.0,1.791881097621555,21879000000.0,4.4592981618524705,365264000000.0,1.6689490853624593,95495000000.0,-22.918903211746,29679000000.0,4.521922873745378
2023-08-31,135.07835124446333,137.05472556870842,134.8598569913601,135.2372589111328,30053800,0.0,0.0,256144000000.0,1.791881097621555,21879000000.0,4.4592981618524705,365264000000.0,1.6689490853624593,95495000000.0,-22.918903211746,29679000000.0,4.521922873745378
2023-09-01,136.51841658197364,136.51841658197364,133.9262942685733,134.73074340820312,21543700,0.0,0.0,256144000000.0,1.791881097621555,21879000000.0,4.4592981618524705,365264000000.0,1.6689490853624593,95495000000.0,-22.918903211746,29679000000.0,4.521922873745378
2023-09-05,134.5122549790437,135.48553785563058,133.65814526775816,134.83999633789062,19403100,0.0,0.0,256144000000.0,1.791881097621555,21879000000.0,4.4592981618524705,365264000000.0,1.6689490853624593,95495000000.0,-22.918903211746,29679000000.0,4.521922873745378
2023-09-06,135.08828269985364,135.59478380227105,132.7543738711037,133.53897094726562,18684500,0.0,0.0,256144000000.0,1.791881097621555,21879000000.0,4.4592981618524705,365264000000.0,1.6689490853624593,95495000000.0,-22.918903211746,29679000000.0,4.521922873745378
2023-09-07,132.67492193999442,134.65129614991582,132.03930646435293,134.33348083496094,18844300,0.0,0.0,256144000000.0,1.791881097621555,21879000000.0,4.4592981618524705,365264000000.0,1.6689490853624593,95495000000.0,-22.918903211746,29679000000.0,4.521922873745378
2023-09-08,133.98588417474053,135.7238968568323,133.92629759318024,135.44581604003906,23558300,0.0,0.0,256144000000.0,1.791881097621555,21879000000.0,4.4592981618524705,365264000000.0,1.6689490853624593,95495000000.0,-22.918903211746,29679000000.0,4.521922873745378
2023-09-11,135.6046995764689,136.53826303725594,134.85983704766224,135.9821014404297,20763400,0.0,0.0,256144000000.0,1.791881097621555,21879000000.0,4.4592981618524705,365264000000.0,1.6689490853624593,95495000000.0,-22.918903211746,29679000000.0,4.521922873745378
2023-09-12,135.326614277256,135.9324363867072,134.26395165172022,134.4129180908203,18405500,0.0,0.0,256144000000.0,1.791881097621555,21879000000.0,4.4592981618524705,365264000000.0,1.6689490853624593,95495000000.0,-22.918903211746,29679000000.0,4.521922873745378
2023-09-13,134.16466114901567,135.9622606435177,133.2310975066341,135.77357482910156,20749500,0.0,0.0,256144000000.0,1.791881097621555,21879000000.0,4.4592981618524705,365264000000.0,1.6689490853624593,95495000000.0,-22.918903211746,29679000000.0,4.521922873745378
2023-09-14,136.6574624161584,137.74991845433803,135.30677764834488,137.15403747558594,24751000,0.0,0.0,256144000000.0,1.791881097621555,21879000000.0,4.4592981618524705,365264000000.0,1.6689490853624593,95495000000.0,-22.918903211746,29679000000.0,4.521922873745378
2023-09-15,137.0348453999781,137.5711549358485,135.5451202625324,136.4588165283203,38919600,0.0,0.0,256144000000.0,1.791881097621555,21879000000.0,4.4592981618524705,365264000000.0,1.6689490853624593,95495000000.0,-22.918903211746,29679000000.0,4.521922873745378
2023-09-18,135.6742440861328,138.2067800272706,135.6742440861328,137.26329040527344,21861300,0.0,0.0,256144000000.0,1.791881097621555,21879000000.0,4.4592981618524705,365264000000.0,1.6689490853624593,95495000000.0,-22.918903211746,29679000000.0,4.521922873745378
2023-09-19,136.47867322685593,137.46189719712714,135.6841501840954,137.09442138671875,20353700,0.0,0.0,256144000000.0,1.791881097621555,21879000000.0,4.4592981618524705,365264000000.0,1.6689490853624593,95495000000.0,-22.918903211746,29679000000.0,4.521922873745378
2023-09-20,137.1341818172231,137.1341818172231,132.70472524498294,132.82391357421875,29927500,0.0,0.0,256144000000.0,1.791881097621555,21879000000.0,4.4592981618524705,365264000000.0,1.6689490853624593,95495000000.0,-22.918903211746,29679000000.0,4.521922873745378
2023-09-21,130.53965894518316,131.32424090064023,129.17904808066385,129.5465087890625,31503900,0.0,0.0,256144000000.0,1.791881097621555,21879000000.0,4.4592981618524705,365264000000.0,1.6689490853624593,95495000000.0,-22.918903211746,29679000000.0,4.521922873745378
2023-09-22,129.86430445123077,131.12560934891957,128.71226182736228,129.35780334472656,26397300,0.0,0.0,256144000000.0,1.791881097621555,21879000000.0,4.4592981618524705,365264000000.0,1.6689490853624593,95495000000.0,-22.918903211746,29679000000.0,4.521922873745378
2023-09-25,128.9406982191211,130.27151591134847,128.0766623547193,130.21192932128906,20094600,0.0,0.0,256144000000.0,1.791881097621555,21879000000.0,4.4592981618524705,365264000000.0,1.6689490853624593,95495000000.0,-22.918903211746,29679000000.0,4.521922873745378
2023-09-26,128.8811005871863,129.46705554492908,126.34856464674498,127.68932342529297,25718700,0.0,0.0,256144000000.0,1.791881097621555,21879000000.0,4.4592981618524705,365264000000.0,1.6689490853624593,95495000000.0,-22.918903211746,29679000000.0,4.521922873745378
2023-09-27,127.6893361771831,130.00336294677095,127.6893361771831,129.6458282470703,22746500,0.0,0.0,256144000000.0,1.791881097621555,21879000000.0,4.4592981618524705,365264000000.0,1.6689490853624593,95495000000.0,-22.918903211746,29679000000.0,4.521922873745378
2023-09-28,128.9506045787111,132.38691057211608,128.9009440431534,131.4036865234375,22513100,0.0,0.0,256144000000.0,1.791881097621555,21879000000.0,4.4592981618524705,365264000000.0,1.6689490853624593,95495000000.0,-22.918903211746,29679000000.0,4.521922873745378
2023-09-29,132.36706001789275,133.1317899299604,129.46706319600682,129.96363830566406,30859800,0.0,0.0,256144000000.0,1.791881097621555,21879000000.0,4.4592981618524705,365264000000.0,1.6689490853624593,95495000000.0,-22.918903211746,29679000000.0,4.521922873745378
2023-10-02,130.31124518071243,133.49924885517964,130.27151068608651,133.25096130371094,22288000,0.0,0.0,256144000000.0,1.791881097621555,21879000000.0,4.4592981618524705,365264000000.0,1.6689490853624593,95495000000.0,-22.918903211746,29679000000.0,4.521922873745378
2023-10-03,133.0225394165618,133.34033959843973,130.9369179473362,131.5228729248047,22989400,0.0,0.0,256144000000.0,1.791881097621555,21879000000.0,4.4592981618524705,365264000000.0,1.6689490853624593,95495000000.0,-22.918903211746,29679000000.0,4.521922873745378
2023-10-04,131.880399206417,134.64137051208016,131.6221856279351,134.31362915039062,26752300,0.0,0.0,256144000000.0,1.791881097621555,21879000000.0,4.4592981618524705,365264000000.0,1.6689490853624593,95495000000.0,-22.918903211746,29679000000.0,4.521922873745378
2023-10-05,134.14479064941406,134.56191187093788,132.53587719008763,134.14479064941406,19832600,0.0,0.0,256144000000.0,1.791881097621555,21879000000.0,4.4592981618524705,365264000000.0,1.6689490853624593,95495000000.0,-22.918903211746,29679000000.0,4.521922873745378
2023-10-06,133.09205033852737,137.2136326834235,133.09205033852737,136.63760375976562,27597600,0.0,0.0,256144000000.0,1.791881097621555,21879000000.0,4.4592981618524705,365264000000.0,1.6689490853624593,95495000000.0,-22.918903211746,29679000000.0,4.521922873745378
2023-10-09,136.00198949560956,137.98828987637378,134.68109792388904,137.4718475341797,19278100,0.0,0.0,256144000000.0,1.791881097621555,21879000000.0,4.4592981618524705,365264000000.0,1.6689490853624593,95495000000.0,-22.918903211746,29679000000.0,4.521922873745378
2023-10-10,137.55130737519204,138.76295187271583,136.38932342021002,137.11431884765625,27786600,0.0,0.0,256144000000.0,1.791881097621555,21879000000.0,4.4592981618524705,365264000000.0,1.6689490853624593,95495000000.0,-22.918903211746,29679000000.0,4.521922873745378
2023-10-11,137.63074284413509,140.1434113878539,137.63074284413509,139.58724975585938,25884300,0.0,0.0,256144000000.0,1.791881097621555,21879000000.0,4.4592981618524705,365264000000.0,1.6689490853624593,95495000000.0,-22.918903211746,29679000000.0,4.521922873745378
2023-10-12,140.08385134419635,140.252685074874,137.31295355050784,138.01809692382812,24765500,0.0,0.0,256144000000.0,1.791881097621555,21879000000.0,4.4592981618524705,365264000000.0,1.6689490853624593,95495000000.0,-22.918903211746,29679000000.0,4.521922873745378
2023-10-13,138.42526533908884,139.0410135497291,135.68416137323422,136.41909790039062,23420500,0.0,0.0,256144000000.0,1.791881097621555,21879000000.0,4.4592981618524705,365264000000.0,1.6689490853624593,95495000000.0,-22.918903211746,29679000000.0,4.521922873745378
2023-10-16,137.22354879733518,138.67355462493762,137.04478905169177,138.14718627929688,28501900,0.0,0.0,256144000000.0,1.791881097621555,21879000000.0,4.4592981618524705,365264000000.0,1.6689490853624593,95495000000.0,-22.918903211746,29679000000.0,4.521922873745378
2023-10-17,137.6804094322447,138.9416992051521,136.24032959877303,138.762939453125,23515800,0.0,0.0,256144000000.0,1.791881097621555,21879000000.0,4.4592981618524705,365264000000.0,1.6689490853624593,95495000000.0,-22.918903211746,29679000000.0,4.521922873745378
2023-10-18,138.4947833931161,139.75608830865576,136.4389704924277,137.01499938964844,23375000,0.0,0.0,256144000000.0,1.791881097621555,21879000000.0,4.4592981618524705,365264000000.0,1.6689490853624593,95495000000.0,-22.918903211746,29679000000.0,4.521922873745378
2023-10-19,137.55130492277888,138.70336281042037,136.43898153017037,136.8064422607422,26066000,0.0,0.0,256144000000.0,1.791881097621555,21879000000.0,4.4592981618524705,365264000000.0,1.6689490853624593,95495000000.0,-22.918903211746,29679000000.0,4.521922873745378
2023-10-20,136.38931869741043,136.9256131371894,134.1547307488375,134.67117309570312,26335700,0.0,0.0,256144000000.0,1.791881097621555,21879000000.0,4.4592981618524705,365264000000.0,1.6689490853624593,95495000000.0,-22.918903211746,29679000000.0,4.521922873745378
2023-10-23,134.1149813844345,136.71704492317136,133.0324514241763,135.5649871826172,26317900,0.0,0.0,256144000000.0,1.791881097621555,21879000000.0,4.4592981618524705,365264000000.0,1.6689490853624593,95495000000.0,-22.918903211746,29679000000.0,4.521922873745378
2023-10-24,136.88589368436072,138.40541227579737,136.47869846593147,137.8591766357422,44814300,0.0,0.0,256144000000.0,1.791881097621555,21879000000.0,4.4592981618524705,365264000000.0,1.6689490853624593,95495000000.0,-22.918903211746,29679000000.0,4.521922873745378
2023-10-25,127.28212386646624,127.43109032375405,124.21328603505674,124.74958801269531,84366200,0.0,0.0,256144000000.0,1.791881097621555,21879000000.0,4.4592981618524705,365264000000.0,1.6689490853624593,95495000000.0,-22.918903211746,29679000000.0,4.521922873745378
2023-10-26,122.42562228078602,123.47836664919942,120.43932187331096,121.4424057006836,57061100,0.0,0.0,256144000000.0,1.791881097621555,21879000000.0,4.4592981618524705,365264000000.0,1.6689490853624593,95495000000.0,-22.918903211746,29679000000.0,4.521922873745378
2023-10-27,122.03828847268005,122.4653433429545,119.38657937399506,121.3331527709961,44566500,0.0,0.0,256144000000.0,1.791881097621555,21879000000.0,4.4592981618524705,365264000000.0,1.6689490853624593,95495000000.0,-22.918903211746,29679000000.0,4.521922873745378
2023-10-30,122.36602995491228,124.54103122378429,121.90918179187298,123.60746765136719,28940100,0.0,0.0,256144000000.0,1.791881097621555,21879000000.0,4.4592981618524705,365264000000.0,1.6689490853624593,95495000000.0,-22.918903211746,29679000000.0,4.521922873745378
2023-10-31,124.20335492205861,124.51123661998803,121.84959392373723,123.23007202148438,26292300,0.0,0.0,256144000000.0,1.791881097621555,21879000000.0,4.4592981618524705,365264000000.0,1.6689490853624593,95495000000.0,-22.918903211746,29679000000.0,4.521922873745378
2023-11-01,123.2201446747215,125.62356633365168,122.87254362109682,125.5838394165039,30082400,0.0,0.0,256144000000.0,1.791881097621555,21879000000.0,4.4592981618524705,365264000000.0,1.6689490853624593,95495000000.0,-22.918903211746,29679000000.0,4.521922873745378
2023-11-02,127.5403521341741,128.09651384446602,126.06056039664168,126.6167221069336,27124600,0.0,0.0,256144000000.0,1.791881097621555,21879000000.0,4.4592981618524705,365264000000.0,1.6689490853624593,95495000000.0,-22.918903211746,29679000000.0,4.521922873745378
2023-11-03,127.1430941962939,128.64274555866953,126.9841865255831,128.2156982421875,26393100,0.0,0.0,256144000000.0,1.791881097621555,21879000000.0,4.4592981618524705,365264000000.0,1.6689490853624593,95495000000.0,-22.918903211746,29679000000.0,4.521922873745378
2023-11-06,128.16602622960193,129.44718321865057,127.78862433400963,129.35780334472656,19052700,0.0,0.0,256144000000.0,1.791881097621555,21879000000.0,4.4592981618524705,365264000000.0,1.6689490853624593,95495000000.0,-22.918903211746,29679000000.0,4.521922873745378
2023-11-07,129.81464716535797,131.00642417120397,128.99033082146218,130.07286071777344,29757300,0.0,0.0,256144000000.0,1.791881097621555,21879000000.0,4.4592981618524705,365264000000.0,1.6689490853624593,95495000000.0,-22.918903211746,29679000000.0,4.521922873745378
2023-11-08,130.0728691738139,131.30438074733325,129.88416823105302,130.93690490722656,26425800,0.0,0.0,256144000000.0,1.791881097621555,21879000000.0,4.4592981618524705,365264000000.0,1.6689490853624593,95495000000.0,-22.918903211746,29679000000.0,4.521922873745378
2023-11-09,131.05610465685587,131.64205962708724,129.17905141944397,129.34788513183594,23747800,0.0,0.0,256144000000.0,1.791881097621555,21879000000.0,4.4592981618524705,365264000000.0,1.6689490853624593,95495000000.0,-22.918903211746,29679000000.0,4.521922873745378
2023-11-10,129.2088437191894,131.89034615855235,128.52356767433983,131.68177795410156,26913300,0.0,0.0,256144000000.0,1.791881097621555,21879000000.0,4.4592981618524705,365264000000.0,1.6689490853624593,95495000000.0,-22.918903211746,29679000000.0,4.521922873745378
2023-11-13,130.87730658686507,131.68175566709485,130.3509382959921,131.1851806640625,18324800,0.0,0.0,256144000000.0,1.791881097621555,21879000000.0,4.4592981618524705,365264000000.0,1.6689490853624593,95495000000.0,-22.918903211746,29679000000.0,4.521922873745378
2023-11-14,133.27083007070482,134.7704814431392,132.4067942311074,132.70472717285156,32395200,0.0,0.0,256144000000.0,1.791881097621555,21879000000.0,4.4592981618524705,365264000000.0,1.6689490853624593,95495000000.0,-22.918903211746,29679000000.0,4.521922873745378
2023-11-15,133.94613295398577,134.10504058781052,132.65505010339137,133.69784545898438,23861500,0.0,0.0,256144000000.0,1.791881097621555,21879000000.0,4.4592981618524705,365264000000.0,1.6689490853624593,95495000000.0,-22.918903211746,29679000000.0,4.521922873745378
2023-11-16,134.26397851452822,136.28007221647312,133.3999426863431,135.99205017089844,28013200,0.0,0.0,256144000000.0,1.791881097621555,21879000000.0,4.4592981618524705,365264000000.0,1.6689490853624593,95495000000.0,-22.918903211746,29679000000.0,4.521922873745378
2023-11-17,135.06842424103002,135.12801082704152,132.73451526045164,134.38314819335938,37240600,0.0,0.0,256144000000.0,1.791881097621555,21879000000.0,4.4592981618524705,365264000000.0,1.6689490853624593,95495000000.0,-22.918903211746,29679000000.0,4.521922873745378
2023-11-20,132.7742344288309,135.72389133009685,132.70470665032983,135.3166961669922,27815500,0.0,0.0,256144000000.0,1.791881097621555,21879000000.0,4.4592981618524705,365264000000.0,1.6689490853624593,95495000000.0,-22.918903211746,29679000000.0,4.521922873745378
2023-11-21,135.35641885860446,136.240321830969,135.02869266524024,136.03176879882812,22635300,0.0,0.0,256144000000.0,1.791881097621555,21879000000.0,4.4592981618524705,365264000000.0,1.6689490853624593,95495000000.0,-22.918903211746,29679000000.0,4.521922873745378
2023-11-22,136.52836435057273,138.4650042826892,136.52836435057273,137.5413818359375,17813900,0.0,0.0,256144000000.0,1.791881097621555,21879000000.0,4.4592981618524705,365264000000.0,1.6689490853624593,95495000000.0,-22.918903211746,29679000000.0,4.521922873745378
2023-11-24,137.08451015366452,137.1838312275909,135.05849057227317,135.75369262695312,12514300,0.0,0.0,256144000000.0,1.791881097621555,21879000000.0,4.4592981618524705,365264000000.0,1.6689490853624593,95495000000.0,-22.918903211746,29679000000.0,4.521922873745378
2023-11-27,135.09822976260782,137.47185829728923,135.06843646690527,135.4756317138672,23436500,0.0,0.0,256144000000.0,1.791881097621555,21879000000.0,4.4592981618524705,365264000000.0,1.6689490853624593,95495000000.0,-22.918903211746,29679000000.0,4.521922873745378
2023-11-28,135.14786959064773,136.30985340774254,134.49238687712713,136.26019287109375,18730000,0.0,0.0,256144000000.0,1.791881097621555,21879000000.0,4.4592981618524705,365264000000.0,1.6689490853624593,95495000000.0,-22.918903211746,29679000000.0,4.521922873745378
2023-11-29,136.6276672242787,137.3427213579803,133.916356526449,134.06533813476562,23967200,0.0,0.0,256144000000.0,1.791881097621555,21879000000.0,4.4592981618524705,365264000000.0,1.6689490853624593,95495000000.0,-22.918903211746,29679000000.0,4.521922873745378
2023-11-30,134.12491953523792,134.62149456857514,130.38073954068037,131.62217712402344,38988300,0.0,0.0,256144000000.0,1.791881097621555,21879000000.0,4.4592981618524705,365264000000.0,1.6689490853624593,95495000000.0,-22.918903211746,29679000000.0,4.521922873745378
2023-12-01,130.95677185058594,131.20505937380074,129.77492081540063,130.95677185058594,31442300,0.0,0.0,256144000000.0,1.791881097621555,21879000000.0,4.4592981618524705,365264000000.0,1.6689490853624593,95495000000.0,-22.918903211746,29679000000.0,4.521922873745378
2023-12-04,128.9903436695441,129.1393101272626,127.02390307918412,128.384521484375,36669900,0.0,0.0,256144000000.0,1.791881097621555,21879000000.0,4.4592981618524705,365264000000.0,1.6689490853624593,95495000000.0,-22.918903211746,29679000000.0,4.521922873745378
2023-12-05,128.06672315933784,131.23487491745817,127.37152100730603,130.09275817871094,27384800,0.0,0.0,256144000000.0,1.791881097621555,21879000000.0,4.4592981618524705,365264000000.0,1.6689490853624593,95495000000.0,-22.918903211746,29679000000.0,4.521922873745378
2023-12-06,130.53966601076132,130.93692003300382,128.99035410803816,129.12939453125,23576200,0.0,0.0,256144000000.0,1.791881097621555,21879000000.0,4.4592981618524705,365264000000.0,1.6689490853624593,95495000000.0,-22.918903211746,29679000000.0,4.521922873745378
2023-12-07,134.11499689135425,137.61088985291832,133.77732945899103,135.99205017089844,56767100,0.0,0.0,256144000000.0,1.791881097621555,21879000000.0,4.4592981618524705,365264000000.0,1.6689490853624593,95495000000.0,-22.918903211746,29679000000.0,4.521922873745378
2023-12-08,133.2807410653947,135.46566826562713,133.1119073660502,134.06533813476562,32260100,0.0,0.0,256144000000.0,1.791881097621555,21879000000.0,4.4592981618524705,365264000000.0,1.6689490853624593,95495000000.0,-22.918903211746,29679000000.0,4.521922873745378
2023-12-11,131.47324363139734,132.4266594480025,130.46022606626704,132.3769989013672,31138000,0.0,0.0,256144000000.0,1.791881097621555,21879000000.0,4.4592981618524705,365264000000.0,1.6689490853624593,95495000000.0,-22.918903211746,29679000000.0,4.521922873745378
2023-12-12,130.90711565395327,132.08896672831054,130.3608800539224,131.6122589111328,29032800,0.0,0.0,256144000000.0,1.791881097621555,21879000000.0,4.4592981618524705,365264000000.0,1.6689490853624593,95495000000.0,-22.918903211746,29679000000.0,4.521922873745378
2023-12-13,132.4663754884051,132.5855486603067,130.66877609230048,131.66192626953125,30104800,0.0,0.0,256144000000.0,1.791881097621555,21879000000.0,4.4592981618524705,365264000000.0,1.6689490853624593,95495000000.0,-22.918903211746,29679000000.0,4.521922873745378
2023-12-14,132.46636290932295,132.80403030049175,128.8016366786629,131.03622436523438,38722400,0.0,0.0,256144000000.0,1.791881097621555,21879000000.0,4.4592981618524705,365264000000.0,1.6689490853624593,95495000000.0,-22.918903211746,29679000000.0,4.521922873745378
2023-12-15,130.7183982551423,132.59545115047231,130.2814098301103,131.6916961669922,50847100,0.0,0.0,256144000000.0,1.791881097621555,21879000000.0,4.4592981618524705,365264000000.0,1.6689490853624593,95495000000.0,-22.918903211746,29679000000.0,4.521922873745378
2023-12-18,131.72151251769395,136.21054039619156,131.52287035934194,134.8697967529297,32258000,0.0,0.0,256144000000.0,1.791881097621555,21879000000.0,4.4592981618524705,365264000000.0,1.6689490853624593,95495000000.0,-22.918903211746,29679000000.0,4.521922873745378
2023-12-19,135.9026749689795,136.52836446846126,135.1478862434252,135.71397399902344,25476800,0.0,0.0,256144000000.0,1.791881097621555,21879000000.0,4.4592981618524705,365264000000.0,1.6689490853624593,95495000000.0,-22.918903211746,29679000000.0,4.521922873745378
2023-12-20,138.01808449484534,140.72938029742406,137.12425537662756,137.39239501953125,49107200,0.0,0.0,256144000000.0,1.791881097621555,21879000000.0,4.4592981618524705,365264000000.0,1.6689490853624593,95495000000.0,-22.918903211746,29679000000.0,4.521922873745378
2023-12-21,138.53450759923203,139.72628464273828,138.22661835043792,139.4581298828125,27488300,0.0,0.0,256144000000.0,1.791881097621555,21879000000.0,4.4592981618524705,365264000000.0,1.6689490853624593,95495000000.0,-22.918903211746,29679000000.0,4.521922873745378
2023-12-22,139.80575888567296,141.01740335058128,139.74617229793478,140.5208282470703,26532200,0.0,0.0,256144000000.0,1.791881097621555,21879000000.0,4.4592981618524705,365264000000.0,1.6689490853624593,95495000000.0,-22.918903211746,29679000000.0,4.521922873745378
2023-12-26,140.6201412999027,141.70267144337964,140.22288725867438,140.55062866210938,16780300,0.0,0.0,256144000000.0,1.791881097621555,21879000000.0,4.4592981618524705,365264000000.0,1.6689490853624593,95495000000.0,-22.918903211746,29679000000.0,4.521922873745378
2023-12-27,140.6201375358573,141.10678660446538,138.9317851744244,139.4084930419922,19628600,0.0,0.0,256144000000.0,1.791881097621555,21879000000.0,4.4592981618524705,365264000000.0,1.6689490853624593,95495000000.0,-22.918903211746,29679000000.0,4.521922873745378
2023-12-28,139.81565998573097,140.17319460263687,138.79271666735764,139.26942443847656,16045700,0.0,0.0,256144000000.0,1.791881097621555,21879000000.0,4.4592981618524705,365264000000.0,1.6689490853624593,95495000000.0,-22.918903211746,29679000000.0,4.521922873745378
2023-12-29,138.67358296160697,139.39857844642032,137.82939913440825,138.73316955566406,18733000,0.0,0.0,256144000000.0,1.791881097621555,21879000000.0,4.4592981618524705,365264000000.0,1.6689490853624593,95495000000.0,-22.918903211746,29679000000.0,4.521922873745378
2024-01-02,137.60094312997316,138.49477211762903,135.5451152423906,137.22354125976562,23711200,0.0,0.0,283379000000.0,10.632690986320195,24048000000.0,9.913615795968738,402392000000.0,10.164702790310571,89716000000.0,-6.051625739567516,27121000000.0,-8.61888877657603
2024-01-03,136.3098554072648,138.67355756715372,136.14102170359678,137.96841430664062,24212100,0.0,0.0,283379000000.0,10.632690986320195,24048000000.0,9.913615795968738,402392000000.0,10.164702790310571,89716000000.0,-6.051625739567516,27121000000.0,-8.61888877657603
2024-01-04,137.47184312113336,138.20677969396053,135.41603017325698,135.45574951171875,27137700,0.0,0.0,283379000000.0,10.632690986320195,24048000000.0,9.913615795968738,402392000000.0,10.164702790310571,89716000000.0,-6.051625739567516,27121000000.0,-8.61888877657603
2024-01-05,135.81327982358127,136.22047501254474,134.22423355918488,134.80026245117188,22513900,0.0,0.0,283379000000.0,10.632690986320195,24048000000.0,9.913615795968738,402392000000.0,10.164702790310571,89716000000.0,-6.051625739567516,27121000000.0,-8.61888877657603
2024-01-08,135.35641092575742,138.05778021979725,135.3266176371977,137.88894653320312,21404000,0.0,0.0,283379000000.0,10.632690986320195,24048000000.0,9.913615795968738,402392000000.0,10.164702790310571,89716000000.0,-6.051625739567516,27121000000.0,-8.61888877657603
2024-01-09,137.5512824690421,140.5208065858233,137.20367388846037,139.9844970703125,24759600,0.0,0.0,283379000000.0,10.632690986320195,24048000000.0,9.913615795968738,402392000000.0,10.164702790310571,89716000000.0,-6.051625739567516,27121000000.0,-8.61888877657603
2024-01-10,140.03418878215172,142.02048933225316,139.9448088944221,141.305419921875,21320200,0.0,0.0,283379000000.0,10.632690986320195,24048000000.0,9.913615795968738,402392000000.0,10.164702790310571,89716000000.0,-6.051625739567516,27121000000.0,-8.61888877657603
2024-01-11,142.50714182290835,144.22528759654676,139.67665740976778,141.10679626464844,24008700,0.0,0.0,283379000000.0,10.632690986320195,24048000000.0,9.913615795968738,402392000000.0,10.164702790310571,89716000000.0,-6.051625739567516,27121000000.0,-8.61888877657603
2024-01-12,141.69271880711432,142.2190871323883,140.8485503393483,141.6728515625,18785500,0.0,0.0,283379000000.0,10.632690986320195,24048000000.0,9.913615795968738,402392000000.0,10.164702790310571,89716000000.0,-6.051625739567516,27121000000.0,-8.61888877657603
2024-01-16,141.0273279986293,143.36123702369463,140.48109235933,141.51397705078125,22670500,0.0,0.0,283379000000.0,10.632690986320195,24048000000.0,9.913615795968738,402392000000.0,10.164702790310571,89716000000.0,-6.051625739567516,27121000000.0,-8.61888877657603
2024-01-17,140.38177288213018,140.86840673304152,137.94854301050196,140.50094604492188,20968600,0.0,0.0,283379000000.0,10.632690986320195,24048000000.0,9.913615795968738,402392000000.0,10.164702790310571,89716000000.0,-6.051625739567516,27121000000.0,-8.61888877657603
2024-01-18,141.07699481176041,143.22220297005774,141.01740822196385,142.4971923828125,25746400,0.0,0.0,283379000000.0,10.632690986320195,24048000000.0,9.913615795968738,402392000000.0,10.164702790310571,89716000000.0,-6.051625739567516,27121000000.0,-8.61888877657603
2024-01-19,143.74856883402762,145.44684723016536,143.39103414732446,145.37733459472656,34271900,0.0,0.0,283379000000.0,10.632690986320195,24048000000.0,9.913615795968738,402392000000.0,10.164702790310571,89716000000.0,-6.051625739567516,27121000000.0,-8.61888877657603
2024-01-22,146.09238746431797,147.37354444028344,144.84100862508816,144.989990234375,32200400,0.0,0.0,283379000000.0,10.632690986320195,24048000000.0,9.913615795968738,402392000000.0,10.164702790310571,89716000000.0,-6.051625739567516,27121000000.0,-8.61888877657603
2024-01-23,144.89067452886135,146.17183155228614,144.5033465771963,146.0327911376953,21636100,0.0,0.0,283379000000.0,10.632690986320195,24048000000.0,9.913615795968738,402392000000.0,10.164702790310571,89716000000.0,-6.051625739567516,27121000000.0,-8.61888877657603
2024-01-24,147.5225193379935,148.8235587881105,147.08554599350785,147.68142700195312,25233500,0.0,0.0,283379000000.0,10.632690986320195,24048000000.0,9.913615795968738,402392000000.0,10.164702790310571,89716000000.0,-6.051625739567516,27121000000.0,-8.61888877657603
2024-01-25,149.0420537261972,152.00163699834405,148.5156701926149,150.8297119140625,29149100,0.0,0.0,283379000000.0,10.632690986320195,24048000000.0,9.913615795968738,402392000000.0,10.164702790310571,89716000000.0,-6.051625739567516,27121000000.0,-8.61888877657603
2024-01-26,150.06499195893298,151.49511542850038,149.9755969292419,151.14752197265625,26115500,0.0,0.0,283379000000.0,10.632690986320195,24048000000.0,9.913615795968738,402392000000.0,10.164702790310571,89716000000.0,-6.051625739567516,27121000000.0,-8.61888877657603
2024-01-29,151.01841608442453,152.72663563055315,150.39272661279912,152.45848083496094,27784300,0.0,0.0,283379000000.0,10.632690986320195,24048000000.0,9.913615795968738,402392000000.0,10.164702790310571,89716000000.0,-6.051625739567516,27121000000.0,-8.61888877657603
2024-01-30,151.7533487161558,152.56772397377597,150.15437633934806,150.4225311279297,36331800,0.0,0.0,283379000000.0,10.632690986320195,24048000000.0,9.913615795968738,402392000000.0,10.164702790310571,89716000000.0,-6.051625739567516,27121000000.0,-8.61888877657603
2024-01-31,142.63621252421888,143.01361441161524,138.91189964891637,139.1403350830078,71910000,0.0,0.0,283379000000.0,10.632690986320195,24048000000.0,9.913615795968738,402392000000.0,10.164702790310571,89716000000.0,-6.051625739567516,27121000000.0,-8.61888877657603
2024-02-01,141.14650041457003,142.08006401958028,139.8256088409139,140.19308471679688,40466500,0.0,0.0,283379000000.0,10.632690986320195,24048000000.0,9.913615795968738,402392000000.0,10.164702790310571,89716000000.0,-6.051625739567516,27121000000.0,-8.61888877657603
2024-02-02,138.30607040372718,141.64305517539495,135.5649817233193,141.4047088623047,62499600,0.0,0.0,283379000000.0,10.632690986320195,24048000000.0,9.913615795968738,402392000000.0,10.164702790310571,89716000000.0,-6.051625739567516,27121000000.0,-8.61888877657603
2024-02-05,141.84170623324798,144.4735479676609,141.80197174238813,142.69580078125,38505400,0.0,0.0,283379000000.0,10.632690986320195,24048000000.0,9.913615795968738,402392000000.0,10.164702790310571,89716000000.0,-6.051625739567516,27121000000.0,-8.61888877657603
2024-02-06,143.65916602671757,144.36430931528574,142.20917526492912,143.11294555664062,29128200,0.0,0.0,283379000000.0,10.632690986320195,24048000000.0,9.913615795968738,402392000000.0,10.164702790310571,89716000000.0,-6.051625739567516,27121000000.0,-8.61888877657603
2024-02-07,143.7684044294837,144.62251413002522,142.94408801989272,144.54306030273438,25208900,0.0,0.0,283379000000.0,10.632690986320195,24048000000.0,9.913615795968738,402392000000.0,10.164702790310571,89716000000.0,-6.051625739567516,27121000000.0,-8.61888877657603
2024-02-08,144.83108389157408,145.32765895182595,144.10608854680143,144.91053771972656,22563800,0.0,0.0,283379000000.0,10.632690986320195,24048000000.0,9.913615795968738,402392000000.0,10.164702790310571,89716000000.0,-6.051625739567516,27121000000.0,-8.61888877657603
2024-02-09,145.6752545299046,148.4163586012769,145.17867946239727,147.9793701171875,26829500,0.0,0.0,283379000000.0,10.632690986320195,24048000000.0,9.913615795968738,402392000000.0,10.164702790310571,89716000000.0,-6.051625739567516,27121000000.0,-8.61888877657603
2024-02-12,147.403342720252,148.3170390352505,146.3605320370219,146.51943969726562,21564100,0.0,0.0,283379000000.0,10.632690986320195,24048000000.0,9.913615795968738,402392000000.0,10.164702790310571,89716000000.0,-6.051625739567516,27121000000.0,-8.61888877657603
2024-02-13,143.92731874169158,145.6653315141202,142.70574829340842,144.14581298828125,27837700,0.0,0.0,283379000000.0,10.632690986320195,24048000000.0,9.913615795968738,402392000000.0,10.164702790310571,89716000000.0,-6.051625739567516,27121000000.0,-8.61888877657603
2024-02-14,145.0793785522992,145.5163670514816,143.10300425982211,144.94033813476562,22704200,0.0,0.0,283379000000.0,10.632690986320195,24048000000.0,9.913615795968738,402392000000.0,10.164702790310571,89716000000.0,-6.051625739567516,27121000000.0,-8.61888877657603
2024-02-15,142.15951393413914,142.53691584599866,139.49787876744466,141.79205322265625,37590700,0.0,0.0,283379000000.0,10.632690986320195,24048000000.0,9.913615795968738,402392000000.0,10.164702790310571,89716000000.0,-6.051625739567516,27121000000.0,-8.61888877657603
2024-02-16,142.0105622319239,142.20918925460697,139.1800779073113,139.55747985839844,31468900,0.0,0.0,283379000000.0,10.632690986320195,24048000000.0,9.913615795968738,402392000000.0,10.164702790310571,89716000000.0,-6.051625739567516,27121000000.0,-8.61888877657603
2024-02-20,138.70336003010283,141.1067816862522,138.53452631527114,140.15335083007812,25144700,0.0,0.0,283379000000.0,10.632690986320195,24048000000.0,9.913615795968738,402392000000.0,10.164702790310571,89716000000.0,-6.051625739567516,27121000000.0,-8.61888877657603
2024-02-21,140.4810762102682,141.7125877687313,139.71634640315906,141.57354736328125,23223300,0.0,0.0,283379000000.0,10.632690986320195,24048000000.0,9.913615795968738,402392000000.0,10.164702790310571,89716000000.0,-6.051625739567516,27121000000.0,-8.61888877657603
2024-02-22,143.9372392880377,144.00676707032724,141.8218398421828,143.10299682617188,27191900,0.0,0.0,283379000000.0,10.632690986320195,24048000000.0,9.913615795968738,402392000000.0,10.164702790310571,89716000000.0,-6.051625739567516,27121000000.0,-8.61888877657603
2024-02-23,142.68588543031947,143.68896166282684,142.44752393009878,142.97390747070312,19493800,0.0,0.0,283379000000.0,10.632690986320195,24048000000.0,9.913615795968738,402392000000.0,10.164702790310571,89716000000.0,-6.051625739567516,27121000000.0,-8.61888877657603
2024-02-26,141.16635848967314,141.46430655871978,136.44889538495062,136.62767028808594,53641800,0.0,0.0,283379000000.0,10.632690986320195,24048000000.0,9.913615795968738,402392000000.0,10.164702790310571,89716000000.0,-6.051625739567516,27121000000.0,-8.61888877657603
2024-02-27,137.07458595594144,138.29615637950963,136.1509484496325,137.92869567871094,33099200,0.0,0.0,283379000000.0,10.632690986320195,24048000000.0,9.913615795968738,402392000000.0,10.164702790310571,89716000000.0,-6.051625739567516,27121000000.0,-8.61888877657603
2024-02-28,136.95539328712587,137.06464040474236,134.48245922676676,135.44581604003906,37328600,0.0,0.0,283379000000.0,10.632690986320195,24048000000.0,9.913615795968738,402392000000.0,10.164702790310571,89716000000.0,-6.051625739567516,27121000000.0,-8.61888877657603
2024-02-29,136.3396411924551,137.9088201307194,135.4656642763921,137.51156616210938,42133000,0.0,0.0,283379000000.0,10.632690986320195,24048000000.0,9.913615795968738,402392000000.0,10.164702790310571,89716000000.0,-6.051625739567516,27121000000.0,-8.61888877657603
2024-03-01,137.4817642909518,137.91875276987585,135.98211306034264,136.2006072998047,31151100,0.0,0.0,283379000000.0,10.632690986320195,24048000000.0,9.913615795968738,402392000000.0,10.164702790310571,89716000000.0,-6.051625739567516,27121000000.0,-8.61888877657603
2024-03-04,134.73074347371,134.73074347371,131.00643067415544,132.4365692138672,55999400,0.0,0.0,283379000000.0,10.632690986320195,24048000000.0,9.913615795968738,402392000000.0,10.164702790310571,89716000000.0,-6.051625739567516,27121000000.0,-8.61888877657603
2024-03-05,130.97664850689333,132.32733333640527,129.77493014030705,131.76123046875,40194800,0.0,0.0,283379000000.0,10.632690986320195,24048000000.0,9.913615795968738,402392000000.0,10.164702790310571,89716000000.0,-6.051625739567516,27121000000.0,-8.61888877657603
2024-03-06,132.20814317715227,132.6649989142327,129.95370324672783,130.4999237060547,35318600,0.0,0.0,283379000000.0,10.632690986320195,24048000000.0,9.913615795968738,402392000000.0,10.164702790310571,89716000000.0,-6.051625739567516,27121000000.0,-8.61888877657603
2024-03-07,131.88038314091438,134.0156647546649,130.7084734033321,133.45950317382812,37738200,0.0,0.0,283379000000.0,10.632690986320195,24048000000.0,9.913615795968738,402392000000.0,10.164702790310571,89716000000.0,-6.051625739567516,27121000000.0,-8.61888877657603
2024-03-08,133.29069048269943,137.1441028229162,133.08212227990484,134.4824676513672,39370400,0.0,0.0,283379000000.0,10.632690986320195,24048000000.0,9.913615795968738,402392000000.0,10.164702790310571,89716000000.0,-6.051625739567516,27121000000.0,-8.61888877657603
2024-03-11,135.1975450664785,138.147202448987,135.1975450664785,136.72698974609375,32437800,0.0,0.0,283379000000.0,10.632690986320195,24048000000.0,9.913615795968738,402392000000.0,10.164702790310571,89716000000.0,-6.051625739567516,27121000000.0,-8.61888877657603
2024-03-12,136.09136807062538,138.42527705734926,136.09136807062538,137.55130004882812,27563400,0.0,0.0,283379000000.0,10.632690986320195,24048000000.0,9.913615795968738,402392000000.0,10.164702790310571,89716000000.0,-6.051625739567516,27121000000.0,-8.61888877657603
2024-03-13,138.04786134072793,140.12354137422258,138.0379352954484,138.8324432373047,23347200,0.0,0.0,283379000000.0,10.632690986320195,24048000000.0,9.913615795968738,402392000000.0,10.164702790310571,89716000000.0,-6.051625739567516,27121000000.0,-8.61888877657603
2024-03-14,140.22286121787153,142.60641533113196,139.49786590784714,142.11978149414062,42753400,0.0,0.0,283379000000.0,10.632690986320195,24048000000.0,9.913615795968738,402392000000.0,10.164702790310571,89716000000.0,-6.051625739567516,27121000000.0,-8.61888877657603
2024-03-15,141.52390192482534,142.19923677925948,139.07081974578682,140.2129364013672,49475400,0.0,0.0,283379000000.0,10.632690986320195,24048000000.0,9.913615795968738,402392000000.0,10.164702790310571,89716000000.0,-6.051625739567516,27121000000.0,-8.61888877657603
2024-03-18,147.59204880216603,151.10779377020597,146.16191011880434,146.6684112548828,69273700,0.0,0.0,283379000000.0,10.632690986320195,24048000000.0,9.913615795968738,402392000000.0,10.164702790310571,89716000000.0,-6.051625739567516,27121000000.0,-8.61888877657603
2024-03-19,147.14512212588627,147.7707963825931,145.0793681039668,146.02285766601562,24070400,0.0,0.0,283379000000.0,10.632690986320195,24048000000.0,9.913615795968738,402392000000.0,10.164702790310571,89716000000.0,-6.051625739567516,27121000000.0,-8.61888877657603
2024-03-20,146.98620912870308,147.84031878791893,145.73484550652196,147.7211456298828,21311500,0.0,0.0,283379000000.0,10.632690986320195,24048000000.0,9.913615795968738,402392000000.0,10.164702790310571,89716000000.0,-6.051625739567516,27121000000.0,-8.61888877657603
2024-03-21,148.44616000360566,149.33998911224745,145.89375674311398,146.58897399902344,24755600,0.0,0.0,283379000000.0,10.632690986320195,24048000000.0,9.913615795968738,402392000000.0,10.164702790310571,89716000000.0,-6.051625739567516,27121000000.0,-8.61888877657603
2024-03-22,148.0985519993625,150.54170814315216,147.9595115784489,149.7372589111328,29211800,0.0,0.0,283379000000.0,10.632690986320195,24048000000.0,9.913615795968738,402392000000.0,10.164702790310571,89716000000.0,-6.051625739567516,27121000000.0,-8.61888877657603
2024-03-25,148.91293885124503,149.3499273505425,146.8074653411052,149.04205322265625,19229300,0.0,0.0,283379000000.0,10.632690986320195,24048000000.0,9.913615795968738,402392000000.0,10.164702790310571,89716000000.0,-6.051625739567516,27121000000.0,-8.61888877657603
2024-03-26,149.1910248920745,151.21704464082924,148.9526633875218,149.637939453125,22149100,0.0,0.0,283379000000.0,10.632690986320195,24048000000.0,9.913615795968738,402392000000.0,10.164702790310571,89716000000.0,-6.051625739567516,27121000000.0,-8.61888877657603
2024-03-27,150.14443724209133,150.60129299369396,147.88005603945206,149.83656311035156,22879200,0.0,0.0,283379000000.0,10.632690986320195,24048000000.0,9.913615795968738,402392000000.0,10.164702790310571,89716000000.0,-6.051625739567516,27121000000.0,-8.61888877657603
2024-03-28,149.8167100033746,150.39272376928287,149.14136000396124,149.89614868164062,24485400,0.0,0.0,283379000000.0,10.632690986320195,24048000000.0,9.913615795968738,402392000000.0,10.164702790310571,89716000000.0,-6.051625739567516,27121000000.0,-8.61888877657603
2024-04-01,149.65778808095055,154.67319901919112,149.5783342559848,154.42491149902344,31730800,0.0,0.0,283379000000.0,10.632690986320195,24048000000.0,9.913615795968738,402392000000.0,10.164702790310571,89716000000.0,-6.051625739567516,27121000000.0,-8.61888877657603
2024-04-02,152.448545024683,153.64032215037406,151.1077862868628,153.50128173828125,24586000,0.0,0.0,283379000000.0,10.632690986320195,24048000000.0,9.913615795968738,402392000000.0,10.164702790310571,89716000000.0,-6.051625739567516,27121000000.0,-8.61888877657603
2024-04-03,152.54787531244028,154.01773335108788,151.6838243418592,153.85882568359375,24705000,0.0,0.0,283379000000.0,10.632690986320195,24048000000.0,9.913615795968738,402392000000.0,10.164702790310571,89716000000.0,-6.051625739567516,27121000000.0,-8.61888877657603
2024-04-04,152.44855873219765,153.7098637544804,149.41944753109482,149.4989013671875,34724700,0.0,0.0,283379000000.0,10.632690986320195,24048000000.0,9.913615795968738,402392000000.0,10.164702790310571,89716000000.0,-6.051625739567516,27121000000.0,-8.61888877657603
2024-04-05,149.0023314772876,152.36911023402985,148.5752841418823,151.45541381835938,23459200,0.0,0.0,283379000000.0,10.632690986320195,24048000000.0,9.913615795968738,402392000000.0,10.164702790310571,89716000000.0,-6.051625739567516,27121000000.0,-8.61888877657603
2024-04-08,151.73346350325,154.20641258453443,151.56462981317682,153.78929138183594,20702000,0.0,0.0,283379000000.0,10.632690986320195,24048000000.0,9.913615795968738,402392000000.0,10.164702790310571,89716000000.0,-6.051625739567516,27121000000.0,-8.61888877657603
2024-04-09,155.02079697777037,157.47387896093983,154.1269679407953,155.52731323242188,31079500,0.0,0.0,283379000000.0,10.632690986320195,24048000000.0,9.913615795968738,402392000000.0,10.164702790310571,89716000000.0,-6.051625739567516,27121000000.0,-8.61888877657603
2024-04-10,155.13999287301036,155.5372468745642,153.6204591891085,155.07046508789062,22838600,0.0,0.0,283379000000.0,10.632690986320195,24048000000.0,9.913615795968738,402392000000.0,10.164702790310571,89716000000.0,-6.051625739567516,27121000000.0,-8.61888877657603
2024-04-11,155.835209096074,158.58622437276043,155.38829451519794,158.31808471679688,27166400,0.0,0.0,283379000000.0,10.632690986320195,24048000000.0,9.913615795968738,402392000000.0,10.164702790310571,89716000000.0,-6.051625739567516,27121000000.0,-8.61888877657603
2024-04-12,156.87797153057915,159.12248494431242,156.06358130396515,156.6495361328125,25353700,0.0,0.0,283379000000.0,10.632690986320195,24048000000.0,9.913615795968738,402392000000.0,10.164702790310571,89716000000.0,-6.051625739567516,27121000000.0,-8.61888877657603
2024-04-15,157.77185655319172,158.1492585148577,153.53110054810628,153.79925537109375,27136500,0.0,0.0,283379000000.0,10.632690986320195,24048000000.0,9.913615795968738,402392000000.0,10.164702790310571,89716000000.0,-6.051625739567516,27121000000.0,-8.61888877657603
2024-04-16,153.13383890244066,154.5838297756546,152.37903501651604,153.34239196777344,20779500,0.0,0.0,283379000000.0,10.632690986320195,24048000000.0,9.913615795968738,402392000000.0,10.164702790310571,89716000000.0,-6.051625739567516,27121000000.0,-8.61888877657603
2024-04-17,154.55402627985885,156.0040322116408,153.5211567597512,154.40505981445312,21763100,0.0,0.0,283379000000.0,10.632690986320195,24048000000.0,9.913615795968738,402392000000.0,10.164702790310571,89716000000.0,-6.051625739567516,27121000000.0,-8.61888877657603
2024-04-18,154.275921257768,155.864967359591,153.56085202737432,154.9413299560547,19883000,0.0,0.0,283379000000.0,10.632690986320195,24048000000.0,9.913615795968738,402392000000.0,10.164702790310571,89716000000.0,-6.051625739567516,27121000000.0,-8.61888877657603
2024-04-19,155.13004750565483,155.28895516371534,151.25676805460682,153.0345001220703,32615600,0.0,0.0,283379000000.0,10.632690986320195,24048000000.0,9.913615795968738,402392000000.0,10.164702790310571,89716000000.0,-6.051625739567516,27121000000.0,-8.61888877657603
2024-04-22,153.252996179296,156.56018797481067,153.004708643485,155.20950317382812,26446200,0.0,0.0,283379000000.0,10.632690986320195,24048000000.0,9.913615795968738,402392000000.0,10.164702790310571,89716000000.0,-6.051625739567516,27121000000.0,-8.61888877657603
2024-04-23,155.88486592805785,157.8810924240559,155.2095158950794,157.1759490966797,21151600,0.0,0.0,283379000000.0,10.632690986320195,24048000000.0,9.913615795968738,402392000000.0,10.164702790310571,89716000000.0,-6.051625739567516,27121000000.0,-8.61888877657603
2024-04-24,156.41122759408012,158.47698179082704,156.093412261841,158.0399932861328,22779100,0.0,0.0,283379000000.0,10.632690986320195,24048000000.0,9.913615795968738,402392000000.0,10.164702790310571,89716000000.0,-6.051625739567516,27121000000.0,-8.61888877657603
2024-04-25,150.29340271013402,155.41806073558595,149.83654700762904,154.93141174316406,57109700,0.0,0.0,283379000000.0,10.632690986320195,24048000000.0,9.913615795968738,402392000000.0,10.164702790310571,89716000000.0,-6.051625739567516,27121000000.0,-8.61888877657603
2024-04-26,173.17559264604492,173.51327522567658,168.48792256762354,170.7721710205078,64665300,0.0,0.0,283379000000.0,10.632690986320195,24048000000.0,9.913615795968738,402392000000.0,10.164702790310571,89716000000.0,-6.051625739567516,27121000000.0,-8.61888877657603
2024-04-29,167.90195708676399,168.3886061017505,164.07833821221814,165.0118865966797,45610000,0.0,0.0,283379000000.0,10.632690986320195,24048000000.0,9.913615795968738,402392000000.0,10.164702790310571,89716000000.0,-6.051625739567516,27121000000.0,-8.61888877657603
2024-04-30,164.4755792084326,166.94852827075354,161.4862030348835,161.6649627685547,33562900,0.0,0.0,283379000000.0,10.632690986320195,24048000000.0,9.913615795968738,402392000000.0,10.164702790310571,89716000000.0,-6.051625739567516,27121000000.0,-8.61888877657603
2024-05-01,163.174567823391,165.9752432828852,161.97284950974932,162.73757934570312,33493200,0.0,0.0,283379000000.0,10.632690986320195,24048000000.0,9.913615795968738,402392000000.0,10.164702790310571,89716000000.0,-6.051625739567516,27121000000.0,-8.61888877657603
2024-05-02,163.66120167403318,165.58791533230615,162.76737262737393,165.47866821289062,24294500,0.0,0.0,283379000000.0,10.632690986320195,24048000000.0,9.913615795968738,402392000000.0,10.164702790310571,89716000000.0,-6.051625739567516,27121000000.0,-8.61888877657603
2024-05-03,166.41225210147184,166.8095212907781,161.93314996621794,166.09445190429688,34662400,0.0,0.0,283379000000.0,10.632690986320195,24048000000.0,9.913615795968738,402392000000.0,10.164702790310571,89716000000.0,-6.051625739567516,27121000000.0,-8.61888877657603
2024-05-06,166.31291666862015,166.98825143924222,164.8927041944619,166.9485321044922,21871300,0.0,0.0,283379000000.0,10.632690986320195,24048000000.0,9.913615795968738,402392000000.0,10.164702790310571,89716000000.0,-6.051625739567516,27121000000.0,-8.61888877657603
2024-05-07,167.34578737133612,170.5834511551503,167.23654025708916,170.0769500732422,28039700,0.0,0.0,283379000000.0,10.632690986320195,24048000000.0,9.913615795968738,402392000000.0,10.164702790310571,89716000000.0,-6.051625739567516,27121000000.0,-8.61888877657603
2024-05-08,167.84235521897776,168.98447169278478,167.5841416664846,168.21975708007812,19569100,0.0,0.0,283379000000.0,10.632690986320195,24048000000.0,9.913615795968738,402392000000.0,10.164702790310571,89716000000.0,-6.051625739567516,27121000000.0,-8.61888877657603
2024-05-09,168.22971923040683,169.52081757850243,167.0280007672493,168.7958221435547,15346700,0.0,0.0,283379000000.0,10.632690986320195,24048000000.0,9.913615795968738,402392000000.0,10.164702790310571,89716000000.0,-6.051625739567516,27121000000.0,-8.61888877657603
2024-05-10,166.87901799355728,168.68655853520565,165.05162536004164,167.49476623535156,29799900,0.0,0.0,283379000000.0,10.632690986320195,24048000000.0,9.913615795968738,402392000000.0,10.164702790310571,89716000000.0,-6.051625739567516,27121000000.0,-8.61888877657603
2024-05-13,163.13482242299506,168.12043993752937,162.8766088644778,167.9813995361328,31327600,0.0,0.0,283379000000.0,10.632690986320195,24048000000.0,9.913615795968738,402392000000.0,10.164702790310571,89716000000.0,-6.051625739567516,27121000000.0,-8.61888877657603
2024-05-14,168.60711477724234,170.0769728394624,167.64375786472982,169.17320251464844,25127100,0.0,0.0,283379000000.0,10.632690986320195,24048000000.0,9.913615795968738,402392000000.0,10.164702790310571,89716000000.0,-6.051625739567516,27121000000.0,-8.61888877657603
2024-05-15,169.46121142592096,171.46736377620064,169.3420231054926,171.3283233642578,26948400,0.0,0.0,283379000000.0,10.632690986320195,24048000000.0,9.913615795968738,402392000000.0,10.164702790310571,89716000000.0,-6.051625739567516,27121000000.0,-8.61888877657603
2024-05-16,172.102989637879,173.920456302831,171.50710861685377,172.9868927001953,27867900,0.0,0.0,283379000000.0,10.632690986320195,24048000000.0,9.913615795968738,402392000000.0,10.164702790310571,89716000000.0,-6.051625739567516,27121000000.0,-8.61888877657603
2024-05-17,172.9868768718215,175.06257209479978,172.50024302231847,174.85400390625,24479300,0.0,0.0,283379000000.0,10.632690986320195,24048000000.0,9.913615795968738,402392000000.0,10.164702790310571,89716000000.0,-6.051625739567516,27121000000.0,-8.61888877657603
2024-05-20,174.98311929112162,177.54544837857875,174.87387217348427,175.70811462402344,22554400,0.0,0.0,283379000000.0,10.632690986320195,24048000000.0,9.913615795968738,402392000000.0,10.164702790310571,89716000000.0,-6.051625739567516,27121000000.0,-8.61888877657603
2024-05-21,175.68823970353955,176.92967727960828,174.60570977423177,176.63174438476562,16989400,0.0,0.0,283379000000.0,10.632690986320195,24048000000.0,9.913615795968738,402392000000.0,10.164702790310571,89716000000.0,-6.051625739567516,27121000000.0,-8.61888877657603
2024-05-22,175.4300275271668,175.93652860666225,174.00983020298898,175.17181396484375,17880000,0.0,0.0,283379000000.0,10.632690986320195,24048000000.0,9.913615795968738,402392000000.0,10.164702790310571,89716000000.0,-6.051625739567516,27121000000.0,-8.61888877657603
2024-05-23,175.85709871415395,177.02900857965074,171.7653099220249,172.3612060546875,21024900,0.0,0.0,283379000000.0,10.632690986320195,24048000000.0,9.913615795968738,402392000000.0,10.164702790310571,89716000000.0,-6.051625739567516,27121000000.0,-8.61888877657603
2024-05-24,173.78142537597992,174.5660225547883,172.46053373352476,173.79136657714844,16579400,0.0,0.0,283379000000.0,10.632690986320195,24048000000.0,9.913615795968738,402392000000.0,10.164702790310571,89716000000.0,-6.051625739567516,27121000000.0,-8.61888877657603
2024-05-28,173.2550411409201,176.0557318461207,173.1755873101766,175.19168090820312,20572200,0.0,0.0,283379000000.0,10.632690986320195,24048000000.0,9.913615795968738,402392000000.0,10.164702790310571,89716000000.0,-6.051625739567516,27121000000.0,-8.61888877657603
2024-05-29,174.22830189331825,175.62864706785572,173.52317386081788,174.69508361816406,23388700,0.0,0.0,283379000000.0,10.632690986320195,24048000000.0,9.913615795968738,402392000000.0,10.164702790310571,89716000000.0,-6.051625739567516,27121000000.0,-8.61888877657603
2024-05-30,173.99990643242356,174.01977367898226,170.6132607219414,170.9310760498047,22931500,0.0,0.0,283379000000.0,10.632690986320195,24048000000.0,9.913615795968738,402392000000.0,10.164702790310571,89716000000.0,-6.051625739567516,27121000000.0,-8.61888877657603
2024-05-31,170.68278964567202,171.87456682456684,168.2793680411912,171.3184051513672,37638900,0.0,0.0,283379000000.0,10.632690986320195,24048000000.0,9.913615795968738,402392000000.0,10.164702790310571,89716000000.0,-6.051625739567516,27121000000.0,-8.61888877657603
2024-06-03,171.35813618142186,173.33451061963038,169.9875991516087,171.98382568359375,27459100,0.0,0.0,283379000000.0,10.632690986320195,24048000000.0,9.913615795968738,402392000000.0,10.164702790310571,89716000000.0,-6.051625739567516,27121000000.0,-8.61888877657603
2024-06-04,172.09306246094846,172.6591653391861,170.71258431304562,172.5995635986328,26879600,0.0,0.0,283379000000.0,10.632690986320195,24048000000.0,9.913615795968738,402392000000.0,10.164702790310571,89716000000.0,-6.051625739567516,27121000000.0,-8.61888877657603
2024-06-05,173.99989738382425,175.43996202192773,172.73859249264606,174.20846557617188,22068500,0.0,0.0,283379000000.0,10.632690986320195,24048000000.0,9.913615795968738,402392000000.0,10.164702790310571,89716000000.0,-6.051625739567516,27121000000.0,-8.61888877657603
2024-06-06,174.69510798291464,175.93654568931473,174.54614151985416,175.51942443847656,23251000,0.0,0.0,283379000000.0,10.632690986320195,24048000000.0,9.913615795968738,402392000000.0,10.164702790310571,89716000000.0,-6.051625739567516,27121000000.0,-8.61888877657603
2024-06-07,175.83722393107305,176.65159911291653,173.10606122293635,173.2649688720703,19661400,0.0,0.0,283379000000.0,10.632690986320195,24048000000.0,9.913615795968738,402392000000.0,10.164702790310571,89716000000.0,-6.051625739567516,27121000000.0,-8.61888877657603
2024-06-10,173.97093148461332,176.0489940505707,171.77354379577315,174.0106964111328,23726700,0.2,0.0,283379000000.0,10.632690986320195,24048000000.0,9.913615795968738,402392000000.0,10.164702790310571,89716000000.0,-6.051625739567516,27121000000.0,-8.61888877657603
2024-06-11,175.213770813787,175.83022570889565,172.77776354554194,175.61148071289062,21540600,0.0,0.0,283379000000.0,10.632690986320195,24048000000.0,9.913615795968738,402392000000.0,10.164702790310571,89716000000.0,-6.051625739567516,27121000000.0,-8.61888877657603
2024-06-12,177.2321908623203,179.3798608836739,175.1044108888481,176.77481079101562,27864700,0.0,0.0,283379000000.0,10.632690986320195,24048000000.0,9.913615795968738,402392000000.0,10.164702790310571,89716000000.0,-6.051625739567516,27121000000.0,-8.61888877657603
2024-06-13,175.1044235997251,175.73083119433963,173.88145107031502,174.15985107421875,20913300,0.0,0.0,283379000000.0,10.632690986320195,24048000000.0,9.913615795968738,402392000000.0,10.164702790310571,89716000000.0,-6.051625739567516,27121000000.0,-8.61888877657603
2024-06-14,173.2252152748125,176.04899540088178,173.1556076882918,175.78053283691406,18063600,0.0,0.0,283379000000.0,10.632690986320195,24048000000.0,9.913615795968738,402392000000.0,10.164702790310571,89716000000.0,-6.051625739567516,27121000000.0,-8.61888877657603
2024-06-17,174.45813130980525,177.34156626154072,173.81183370223593,176.22796630859375,19618500,0.0,0.0,283379000000.0,10.632690986320195,24048000000.0,9.913615795968738,402392000000.0,10.164702790310571,89716000000.0,-6.051625739567516,27121000000.0,-8.61888877657603
2024-06-18,176.1285226693017,176.3770951589655,173.10588787052086,174.09022521972656,21869900,0.0,0.0,283379000000.0,10.632690986320195,24048000000.0,9.913615795968738,402392000000.0,10.164702790310571,89716000000.0,-6.051625739567516,27121000000.0,-8.61888877657603
2024-06-20,174.36862216738828,176.27765703426607,173.99080230638756,175.29331970214844,20160100,0.0,0.0,283379000000.0,10.632690986320195,24048000000.0,9.913615795968738,402392000000.0,10.164702790310571,89716000000.0,-6.051625739567516,27121000000.0,-8.61888877657603
2024-06-21,175.98932165115332,179.81734403821838,175.60154917641552,178.60430908203125,57759000,0.0,0.0,283379000000.0,10.632690986320195,24048000000.0,9.913615795968738,402392000000.0,10.164702790310571,89716000000.0,-6.051625739567516,27121000000.0,-8.61888877657603
2024-06-24,179.13129030226546,179.85711775525812,177.64979273830824,178.1966552734375,18298000,0.0,0.0,283379000000.0,10.632690986320195,24048000000.0,9.913615795968738,402392000000.0,10.164702790310571,89716000000.0,-6.051625739567516,27121000000.0,-8.61888877657603
2024-06-25,178.59434958875684,183.23768166890378,178.39549464018754,182.9791717529297,23130200,0.0,0.0,283379000000.0,10.632690986320195,24048000000.0,9.913615795968738,402392000000.0,10.164702790310571,89716000000.0,-6.051625739567516,27121000000.0,-8.61888877657603
2024-06-26,181.58716996899867,183.4564246712397,181.43801738044664,182.8300323486328,19839000,0.0,0.0,283379000000.0,10.632690986320195,24048000000.0,9.913615795968738,402392000000.0,10.164702790310571,89716000000.0,-6.051625739567516,27121000000.0,-8.61888877657603
2024-06-27,183.128330697181,184.98766337259178,182.9692558226232,184.351318359375,18848900,0.0,0.0,283379000000.0,10.632690986320195,24048000000.0,9.913615795968738,402392000000.0,10.164702790310571,89716000000.0,-6.051625739567516,27121000000.0,-8.61888877657603
2024-06-28,183.2675316089203,184.07290404421764,180.92100671054675,181.1099090576172,29156600,0.0,0.0,283379000000.0,10.632690986320195,24048000000.0,9.913615795968738,402392000000.0,10.164702790310571,89716000000.0,-6.051625739567516,27121000000.0,-8.61888877657603
2024-07-01,181.98487905618407,182.83003153925785,180.26476177845004,181.9451141357422,16006100,0.0,0.0,283379000000.0,10.632690986320195,24048000000.0,9.913615795968738,402392000000.0,10.164702790310571,89716000000.0,-6.051625739567516,27121000000.0,-8.61888877657603
2024-07-02,181.01047903209437,184.51038372241194,180.52327152009687,184.18226623535156,17372500,0.0,0.0,283379000000.0,10.632690986320195,24048000000.0,9.913615795968738,402392000000.0,10.164702790310571,89716000000.0,-6.051625739567516,27121000000.0,-8.61888877657603
2024-07-03,183.79450966944947,185.027419540138,182.94935711411654,184.75897216796875,10242100,0.0,0.0,283379000000.0,10.632690986320195,24048000000.0,9.913615795968738,402392000000.0,10.164702790310571,89716000000.0,-6.051625739567516,27121000000.0,-8.61888877657603
2024-07-05,184.79873308828007,189.77018290215648,184.7390781179793,189.5116729736328,20967500,0.0,0.0,283379000000.0,10.632690986320195,24048000000.0,9.913615795968738,402392000000.0,10.164702790310571,89716000000.0,-6.051625739567516,27121000000.0,-8.61888877657603
2024-07-08,188.81566526397512,189.08412781251326,186.70777531519326,187.9506378173828,21035900,0.0,0.0,283379000000.0,10.632690986320195,24048000000.0,9.913615795968738,402392000000.0,10.164702790310571,89716000000.0,-6.051625739567516,27121000000.0,-8.61888877657603
2024-07-09,189.22333223651012,190.26733979712682,187.64241473790693,187.9009246826172,15121400,0.0,0.0,283379000000.0,10.632690986320195,24048000000.0,9.913615795968738,402392000000.0,10.164702790310571,89716000000.0,-6.051625739567516,27121000000.0,-8.61888877657603
2024-07-10,188.06994097173066,190.65510095160317,187.9506310307602,190.08834838867188,15952500,0.0,0.0,283379000000.0,10.632690986320195,24048000000.0,9.913615795968738,402392000000.0,10.164702790310571,89716000000.0,-6.051625739567516,27121000000.0,-8.61888877657603
2024-07-11,188.76596657062842,189.77019403012062,184.02319892201342,184.51040649414062,25625800,0.0,0.0,283379000000.0,10.632690986320195,24048000000.0,9.913615795968738,402392000000.0,10.164702790310571,89716000000.0,-6.051625739567516,27121000000.0,-8.61888877657603
2024-07-12,184.02319732602172,186.0416048375752,183.43656985987124,184.0132598876953,22898400,0.0,0.0,283379000000.0,10.632690986320195,24048000000.0,9.913615795968738,402392000000.0,10.164702790310571,89716000000.0,-6.051625739567516,27121000000.0,-8.61888877657603
2024-07-15,183.86409734476058,187.16514729008762,183.86409734476058,185.46490478515625,16474000,0.0,0.0,283379000000.0,10.632690986320195,24048000000.0,9.913615795968738,402392000000.0,10.164702790310571,89716000000.0,-6.051625739567516,27121000000.0,-8.61888877657603
2024-07-16,186.29017198367765,187.6026268731147,182.32294948626117,182.86981201171875,18290700,0.0,0.0,283379000000.0,10.632690986320195,24048000000.0,9.913615795968738,402392000000.0,10.164702790310571,89716000000.0,-6.051625739567516,27121000000.0,-8.61888877657603
2024-07-17,181.92525172398192,182.5019417737771,178.87277398704802,179.98638916015625,20734100,0.0,0.0,283379000000.0,10.632690986320195,24048000000.0,9.913615795968738,402392000000.0,10.164702790310571,89716000000.0,-6.051625739567516,27121000000.0,-8.61888877657603
2024-07-18,180.89114859769444,181.45790110546142,175.4623344086959,176.6753692626953,25315700,0.0,0.0,283379000000.0,10.632690986320195,24048000000.0,9.913615795968738,402392000000.0,10.164702790310571,89716000000.0,-6.051625739567516,27121000000.0,-8.61888877657603
2024-07-19,177.8585885239563,179.2605258026029,176.11858113676493,176.6455535888672,18881900,0.0,0.0,283379000000.0,10.632690986320195,24048000000.0,9.913615795968738,402392000000.0,10.164702790310571,89716000000.0,-6.051625739567516,27121000000.0,-8.61888877657603
2024-07-22,179.5588249067722,181.65677738382092,179.20087990499312,180.63265991210938,24100300,0.0,0.0,283379000000.0,10.632690986320195,24048000000.0,9.913615795968738,402392000000.0,10.164702790310571,89716000000.0,-6.051625739567516,27121000000.0,-8.61888877657603
2024-07-23,181.01049348787305,182.5615834257329,180.50339588934585,180.75196838378906,36352700,0.0,0.0,283379000000.0,10.632690986320195,24048000000.0,9.913615795968738,402392000000.0,10.164702790310571,89716000000.0,-6.051625739567516,27121000000.0,-8.61888877657603
2024-07-24,172.60874962060436,175.18395707272086,170.8389146389314,171.644287109375,49585200,0.0,0.0,283379000000.0,10.632690986320195,24048000000.0,9.913615795968738,402392000000.0,10.164702790310571,89716000000.0,-6.051625739567516,27121000000.0,-8.61888877657603
2024-07-25,171.5348983988805,172.4297532433613,166.23533139265734,166.32481384277344,44852000,0.0,0.0,283379000000.0,10.632690986320195,24048000000.0,9.913615795968738,402392000000.0,10.164702790310571,89716000000.0,-6.051625739567516,27121000000.0,-8.61888877657603
2024-07-26,166.19556992869366,167.1302049702039,163.12321742372532,166.0464324951172,41336900,0.0,0.0,283379000000.0,10.632690986320195,24048000000.0,9.913615795968738,402392000000.0,10.164702790310571,89716000000.0,-6.051625739567516,27121000000.0,-8.61888877657603
2024-07-29,167.86596604502552,169.45682078589076,167.03076616819678,168.5619659423828,20293800,0.0,0.0,283379000000.0,10.632690986320195,24048000000.0,9.913615795968738,402392000000.0,10.164702790310571,89716000000.0,-6.051625739567516,27121000000.0,-8.61888877657603
2024-07-30,169.26793984783785,170.25227726580664,167.47821476290122,169.31764221191406,18959700,0.0,0.0,283379000000.0,10.632690986320195,24048000000.0,9.913615795968738,402392000000.0,10.164702790310571,89716000000.0,-6.051625739567516,27121000000.0,-8.61888877657603
2024-07-31,172.25080624759823,173.25503369271337,169.03923860189312,170.5605010986328,25729100,0.0,0.0,283379000000.0,10.632690986320195,24048000000.0,9.913615795968738,402392000000.0,10.164702790310571,89716000000.0,-6.051625739567516,27121000000.0,-8.61888877657603
2024-08-01,169.2778754387371,173.0561805386624,167.91570297002085,169.7849578857422,24531400,0.0,0.0,283379000000.0,10.632690986320195,24048000000.0,9.913615795968738,402392000000.0,10.164702790310571,89716000000.0,-6.051625739567516,27121000000.0,-8.61888877657603
2024-08-02,165.4896290110481,167.54780140914312,163.729731473792,165.7083740234375,29130100,0.0,0.0,283379000000.0,10.632690986320195,24048000000.0,9.913615795968738,402392000000.0,10.164702790310571,89716000000.0,-6.051625739567516,27121000000.0,-8.61888877657603
2024-08-05,154.61209547201543,163.49109791672467,154.04534288788773,158.34068298339844,53630700,0.0,0.0,283379000000.0,10.632690986320195,24048000000.0,9.913615795968738,402392000000.0,10.164702790310571,89716000000.0,-6.051625739567516,27121000000.0,-8.61888877657603
2024-08-06,158.42022424958387,159.65314928592488,155.51689933013026,157.3861541748047,49004600,0.0,0.0,283379000000.0,10.632690986320195,24048000000.0,9.913615795968738,402392000000.0,10.164702790310571,89716000000.0,-6.051625739567516,27121000000.0,-8.61888877657603
2024-08-07,160.329247442372,162.0493647327587,157.56512271570298,158.03244018554688,25138600,0.0,0.0,283379000000.0,10.632690986320195,24048000000.0,9.913615795968738,402392000000.0,10.164702790310571,89716000000.0,-6.051625739567516,27121000000.0,-8.61888877657603
2024-08-08,159.59347241017986,162.7553223007696,159.295197566251,161.10479736328125,25578800,0.0,0.0,283379000000.0,10.632690986320195,24048000000.0,9.913615795968738,402392000000.0,10.164702790310571,89716000000.0,-6.051625739567516,27121000000.0,-8.61888877657603
2024-08-09,159.09632314224646,162.85473779079283,158.15175076145542,162.7354278564453,28602300,0.0,0.0,283379000000.0,10.632690986320195,24048000000.0,9.913615795968738,402392000000.0,10.164702790310571,89716000000.0,-6.051625739567516,27121000000.0,-8.61888877657603
2024-08-12,163.41157729244355,163.9584246876545,160.91589953407535,161.3633270263672,15895300,0.0,0.0,283379000000.0,10.632690986320195,24048000000.0,9.913615795968738,402392000000.0,10.164702790310571,89716000000.0,-6.051625739567516,27121000000.0,-8.61888877657603
2024-08-13,162.47693872163376,163.7893936822941,162.0394486775263,163.22265625,18551700,0.0,0.0,283379000000.0,10.632690986320195,24048000000.0,9.913615795968738,402392000000.0,10.164702790310571,89716000000.0,-6.051625739567516,27121000000.0,-8.61888877657603
2024-08-14,161.4726921823738,162.28801727613745,156.8094847615611,159.45428466796875,40591100,0.0,0.0,283379000000.0,10.632690986320195,24048000000.0,9.913615795968738,402392000000.0,10.164702790310571,89716000000.0,-6.051625739567516,27121000000.0,-8.61888877657603
2024-08-15,159.58353231405633,160.71702221708418,158.69861489126848,160.37896728515625,31524300,0.0,0.0,283379000000.0,10.632690986320195,24048000000.0,9.913615795968738,402392000000.0,10.164702790310571,89716000000.0,-6.051625739567516,27121000000.0,-8.61888877657603
2024-08-16,160.54801288666866,164.11751046492753,160.20995791655398,162.02951049804688,24208600,0.0,0.0,283379000000.0,10.632690986320195,24048000000.0,9.913615795968738,402392000000.0,10.164702790310571,89716000000.0,-6.051625739567516,27121000000.0,-8.61888877657603
2024-08-19,164.3362450435517,165.73819754258415,163.32206502598987,165.7183074951172,22416200,0.0,0.0,283379000000.0,10.632690986320195,24048000000.0,9.913615795968738,402392000000.0,10.164702790310571,89716000000.0,-6.051625739567516,27121000000.0,-8.61888877657603
2024-08-20,165.9469875992757,167.67705758463384,165.8674577538516,166.2253875732422,18341500,0.0,0.0,283379000000.0,10.632690986320195,24048000000.0,9.913615795968738,402392000000.0,10.164702790310571,89716000000.0,-6.051625739567516,27121000000.0,-8.61888877657603
2024-08-21,164.20698475195752,165.8972898617058,163.7297298078101,164.9029998779297,22902000,0.0,0.0,283379000000.0,10.632690986320195,24048000000.0,9.913615795968738,402392000000.0,10.164702790310571,89716000000.0,-6.051625739567516,27121000000.0,-8.61888877657603
2024-08-22,166.30493512161505,166.63305263271135,162.3774927696954,162.8647003173828,22493300,0.0,0.0,283379000000.0,10.632690986320195,24048000000.0,9.913615795968738,402392000000.0,10.164702790310571,89716000000.0,-6.051625739567516,27121000000.0,-8.61888877657603
2024-08-23,163.77946141263345,165.23111641753695,162.89454385791046,164.67431640625,13955700,0.0,0.0,283379000000.0,10.632690986320195,24048000000.0,9.913615795968738,402392000000.0,10.164702790310571,89716000000.0,-6.051625739567516,27121000000.0,-8.61888877657603
2024-08-26,165.42995714825835,166.59327450173777,163.52092237549783,165.21121215820312,14190400,0.0,0.0,283379000000.0,10.632690986320195,24048000000.0,9.913615795968738,402392000000.0,10.164702790310571,89716000000.0,-6.051625739567516,27121000000.0,-8.61888877657603
2024-08-27,164.89303447390188,165.48961448654234,163.52092471948473,163.73965454101562,11821900,0.0,0.0,283379000000.0,10.632690986320195,24048000000.0,9.913615795968738,402392000000.0,10.164702790310571,89716000000.0,-6.051625739567516,27121000000.0,-8.61888877657603
2024-08-28,164.0976024292579,164.65441753105478,160.6076502567984,161.9201202392578,16407400,0.0,0.0,283379000000.0,10.632690986320195,24048000000.0,9.913615795968738,402392000000.0,10.164702790310571,89716000000.0,-6.051625739567516,27121000000.0,-8.61888877657603
2024-08-29,163.37178412416296,165.0223091315335,159.33496923436493,160.85623168945312,19699800,0.0,0.0,283379000000.0,10.632690986320195,24048000000.0,9.913615795968738,402392000000.0,10.164702790310571,89716000000.0,-6.051625739567516,27121000000.0,-8.61888877657603
2024-08-30,161.69141251449796,162.72548246717744,160.76673022517159,162.44708251953125,22123800,0.0,0.0,283379000000.0,10.632690986320195,24048000000.0,9.913615795968738,402392000000.0,10.164702790310571,89716000000.0,-6.051625739567516,27121000000.0,-8.61888877657603
2024-09-03,160.7965764689147,160.9258390209967,155.5864915219748,156.4614715576172,38945300,0.0,0.0,283379000000.0,10.632690986320195,24048000000.0,9.913615795968738,402392000000.0,10.164702790310571,89716000000.0,-6.051625739567516,27121000000.0,-8.61888877657603
2024-09-04,155.76549400231605,158.0921292443354,155.0694939519252,155.5566864013672,19353800,0.0,0.0,283379000000.0,10.632690986320195,24048000000.0,9.913615795968738,402392000000.0,10.164702790310571,89716000000.0,-6.051625739567516,27121000000.0,-8.61888877657603
2024-09-05,155.40752807028366,158.5395354620366,155.08934799190737,156.3421630859375,18688700,0.0,0.0,283379000000.0,10.632690986320195,24048000000.0,9.913615795968738,402392000000.0,10.164702790310571,89716000000.0,-6.051625739567516,27121000000.0,-8.61888877657603
2024-09-06,156.40181776056022,156.92879023916618,149.69036035813147,150.05824279785156,37912100,0.0,0.0,283379000000.0,10.632690986320195,24048000000.0,9.913615795968738,402392000000.0,10.164702790310571,89716000000.0,-6.051625739567516,27121000000.0,-8.61888877657603
2024-09-09,151.84038676215715,152.72647853587526,146.57361962907186,148.0570831298828,39260500,0.2,0.0,283379000000.0,10.632690986320195,24048000000.0,9.913615795968738,402392000000.0,10.164702790310571,89716000000.0,-6.051625739567516,27121000000.0,-8.61888877657603
2024-09-10,149.78944324497738,150.60585031073347,147.68870663426245,148.00730895996094,31118800,0.0,0.0,283379000000.0,10.632690986320195,24048000000.0,9.913615795968738,402392000000.0,10.164702790310571,89716000000.0,-6.051625739567516,27121000000.0,-8.61888877657603
2024-09-11,149.26176148971257,150.83482618648793,146.8723049733769,150.49632263183594,29607700,0.0,0.0,283379000000.0,10.632690986320195,24048000000.0,9.913615795968738,402392000000.0,10.164702790310571,89716000000.0,-6.051625739567516,27121000000.0,-8.61888877657603
2024-09-12,153.1247267348267,154.14025256310887,151.97976682488095,154.0108184814453,29621500,0.0,0.0,283379000000.0,10.632690986320195,24048000000.0,9.913615795968738,402392000000.0,10.164702790310571,89716000000.0,-6.051625739567516,27121000000.0,-8.61888877657603
2024-09-13,154.7475604574538,157.6846203163579,154.5285403677334,156.76866149902344,29591200,0.0,0.0,283379000000.0,10.632690986320195,24048000000.0,9.913615795968738,402392000000.0,10.164702790310571,89716000000.0,-6.051625739567516,27121000000.0,-8.61888877657603
2024-09-16,156.61929036893335,157.55516550467146,155.91241630124466,157.36599731445312,18379800,0.0,0.0,283379000000.0,10.632690986320195,24048000000.0,9.913615795968738,402392000000.0,10.164702790310571,89716000000.0,-6.051625739567516,27121000000.0,-8.61888877657603
2024-09-17,158.32181279555903,159.8450939790901,157.68462338017213,158.62049865722656,20715600,0.0,0.0,283379000000.0,10.632690986320195,24048000000.0,9.913615795968738,402392000000.0,10.164702790310571,89716000000.0,-6.051625739567516,27121000000.0,-8.61888877657603
2024-09-18,159.1581056476457,159.7952950013501,157.9036433802318,159.1083221435547,23677300,0.0,0.0,283379000000.0,10.632690986320195,24048000000.0,9.913615795968738,402392000000.0,10.164702790310571,89716000000.0,-6.051625739567516,27121000000.0,-8.61888877657603
2024-09-19,162.9912145689688,163.07084994877528,160.631610061734,161.4281005859375,26587700,0.0,0.0,283379000000.0,10.632690986320195,24048000000.0,9.913615795968738,402392000000.0,10.164702790310571,89716000000.0,-6.051625739567516,27121000000.0,-8.61888877657603
2024-09-20,162.78213342108606,163.01111932448998,161.34845348503907,162.87173461914062,40896400,0.0,0.0,283379000000.0,10.632690986320195,24048000000.0,9.913615795968738,402392000000.0,10.164702790310571,89716000000.0,-6.051625739567516,27121000000.0,-8.61888877657603
2024-09-23,163.62841256235794,164.7634066817542,160.9601714446055,161.13938903808594,24150900,0.0,0.0,283379000000.0,10.632690986320195,24048000000.0,9.913615795968738,402392000000.0,10.164702790310571,89716000000.0,-6.051625739567516,27121000000.0,-8.61888877657603
2024-09-24,162.31419475907774,162.5033629705114,159.98447247380625,161.5774383544922,23332100,0.0,0.0,283379000000.0,10.632690986320195,24048000000.0,9.913615795968738,402392000000.0,10.164702790310571,89716000000.0,-6.051625739567516,27121000000.0,-8.61888877657603
2024-09-25,160.7610436422212,162.09515653085376,160.59179187501798,160.7809600830078,18869200,0.0,0.0,283379000000.0,10.632690986320195,24048000000.0,9.913615795968738,402392000000.0,10.164702790310571,89716000000.0,-6.051625739567516,27121000000.0,-8.61888877657603
2024-09-26,162.9215110711205,163.35958160947462,161.56748176702274,162.0155029296875,20319300,0.0,0.0,283379000000.0,10.632690986320195,24048000000.0,9.913615795968738,402392000000.0,10.164702790310571,89716000000.0,-6.051625739567516,27121000000.0,-8.61888877657603
2024-09-27,162.09515427507873,164.97246466107853,161.91595188587257,163.2301483154297,21101300,0.0,0.0,283379000000.0,10.632690986320195,24048000000.0,9.913615795968738,402392000000.0,10.164702790310571,89716000000.0,-6.051625739567516,27121000000.0,-8.61888877657603
2024-09-30,162.60292056233942,165.42048155404993,162.54317124235408,165.12181091308594,20413900,0.0,0.0,283379000000.0,10.632690986320195,24048000000.0,9.913615795968738,402392000000.0,10.164702790310571,89716000000.0,-6.051625739567516,27121000000.0,-8.61888877657603
2024-10-01,166.9537289039037,168.41727581616183,163.85738331840562,166.25680541992188,28338100,0.0,0.0,283379000000.0,10.632690986320195,24048000000.0,9.913615795968738,402392000000.0,10.164702790310571,89716000000.0,-6.051625739567516,27121000000.0,-8.61888877657603
2024-10-02,165.6893137329917,166.78449014447432,164.00673142434744,165.13177490234375,17760200,0.0,0.0,283379000000.0,10.632690986320195,24048000000.0,9.913615795968738,402392000000.0,10.164702790310571,89716000000.0,-6.051625739567516,27121000000.0,-8.61888877657603
2024-10-03,163.68814431760305,165.90834901528822,163.2002902448892,165.13177490234375,15073100,0.0,0.0,283379000000.0,10.632690986320195,24048000000.0,9.913615795968738,402392000000.0,10.164702790310571,89716000000.0,-6.051625739567516,27121000000.0,-8.61888877657603
2024-10-04,167.3221169901183,167.491368768802,164.75344285896497,166.32650756835938,19047400,0.0,0.0,283379000000.0,10.632690986320195,24048000000.0,9.913615795968738,402392000000.0,10.164702790310571,89716000000.0,-6.051625739567516,27121000000.0,-8.61888877657603
2024-10-07,166.9835979885841,167.74025561009242,162.0354184047515,162.264404296875,22463100,0.0,0.0,283379000000.0,10.632690986320195,24048000000.0,9.913615795968738,402392000000.0,10.164702790310571,89716000000.0,-6.051625739567516,27121000000.0,-8.61888877657603
2024-10-08,163.22019363060423,164.0067183055417,162.15488437084886,163.65826416015625,23072700,0.0,0.0,283379000000.0,10.632690986320195,24048000000.0,9.913615795968738,402392000000.0,10.164702790310571,89716000000.0,-6.051625739567516,27121000000.0,-8.61888877657603
2024-10-09,162.73233765666967,164.11623398118573,159.03863564722693,161.14932250976562,31181800,0.0,0.0,283379000000.0,10.632690986320195,24048000000.0,9.913615795968738,402392000000.0,10.164702790310571,89716000000.0,-6.051625739567516,27121000000.0,-8.61888877657603
2024-10-10,160.16366845010265,162.35402113493024,159.695730848507,161.3683624267578,14144100,0.0,0.0,283379000000.0,10.632690986320195,24048000000.0,9.913615795968738,402392000000.0,10.164702790310571,89716000000.0,-6.051625739567516,27121000000.0,-8.61888877657603
2024-10-11,161.41815786372578,163.1803755743368,160.53206610001598,162.52328491210938,15344300,0.0,0.0,283379000000.0,10.632690986320195,24048000000.0,9.913615795968738,402392000000.0,10.164702790310571,89716000000.0,-6.051625739567516,27121000000.0,-8.61888877657603
2024-10-14,162.9215061976869,165.50013065374594,162.6825544952434,164.2357177734375,19016100,0.0,0.0,283379000000.0,10.632690986320195,24048000000.0,9.913615795968738,402392000000.0,10.164702790310571,89716000000.0,-6.051625739567516,27121000000.0,-8.61888877657603
2024-10-15,165.06207349535208,166.94377462807307,163.90717815283185,164.73353576660156,20247200,0.0,0.0,283379000000.0,10.632690986320195,24048000000.0,9.913615795968738,402392000000.0,10.164702790310571,89716000000.0,-6.051625739567516,27121000000.0,-8.61888877657603
2024-10-16,163.80760621471472,165.07203435121127,163.02108150744417,164.43484497070312,16406000,0.0,0.0,283379000000.0,10.632690986320195,24048000000.0,9.913615795968738,402392000000.0,10.164702790310571,89716000000.0,-6.051625739567516,27121000000.0,-8.61888877657603
2024-10-17,165.00232392781157,165.6395132678631,162.04536311131514,162.21461486816406,21453400,0.0,0.0,283379000000.0,10.632690986320195,24048000000.0,9.913615795968738,402392000000.0,10.164702790310571,89716000000.0,-6.051625739567516,27121000000.0,-8.61888877657603
2024-10-18,162.47348298833563,163.98681336770463,162.36396535841172,162.7024688720703,19757700,0.0,0.0,283379000000.0,10.632690986320195,24048000000.0,9.913615795968738,402392000000.0,10.164702790310571,89716000000.0,-6.051625739567516,27121000000.0,-8.61888877657603
2024-10-21,162.234547045473,163.77774463817317,161.90599412379152,163.34963989257812,20946500,0.0,0.0,283379000000.0,10.632690986320195,24048000000.0,9.913615795968738,402392000000.0,10.164702790310571,89716000000.0,-6.051625739567516,27121000000.0,-8.61888877657603
2024-10-22,162.26441234616763,165.0421710211609,162.26441234616763,164.41493225097656,16568100,0.0,0.0,283379000000.0,10.632690986320195,24048000000.0,9.913615795968738,402392000000.0,10.164702790310571,89716000000.0,-6.051625739567516,27121000000.0,-8.61888877657603
2024-10-23,164.0365946612512,165.09195335667494,161.21901831548328,162.06529235839844,18280500,0.0,0.0,283379000000.0,10.632690986320195,24048000000.0,9.913615795968738,402392000000.0,10.164702790310571,89716000000.0,-6.051625739567516,27121000000.0,-8.61888877657603
2024-10-24,162.11507183508752,162.61287650871054,160.3030555310391,162.00555419921875,22412500,0.0,0.0,283379000000.0,10.632690986320195,24048000000.0,9.913615795968738,402392000000.0,10.164702790310571,89716000000.0,-6.051625739567516,27121000000.0,-8.61888877657603
2024-10-25,162.9513914150895,164.86295967221815,162.70248906090407,164.54437255859375,19828900,0.0,0.0,283379000000.0,10.632690986320195,24048000000.0,9.913615795968738,402392000000.0,10.164702790310571,89716000000.0,-6.051625739567516,27121000000.0,-8.61888877657603
2024-10-28,168.00907708946656,168.00907708946656,163.23014919167423,165.9879913330078,32138600,0.0,0.0,283379000000.0,10.632690986320195,24048000000.0,9.913615795968738,402392000000.0,10.164702790310571,89716000000.0,-6.051625739567516,27121000000.0,-8.61888877657603
2024-10-29,166.99353207872855,169.63190565621875,166.3563427784961,168.93496704101562,42169000,0.0,0.0,283379000000.0,10.632690986320195,24048000000.0,9.913615795968738,402392000000.0,10.164702790310571,89716000000.0,-6.051625739567516,27121000000.0,-8.61888877657603
2024-10-30,179.88667593834245,181.22080390832798,173.29574742034202,173.69400024414062,68890800,0.0,0.0,283379000000.0,10.632690986320195,24048000000.0,9.913615795968738,402392000000.0,10.164702790310571,89716000000.0,-6.051625739567516,27121000000.0,-8.61888877657603
2024-10-31,172.3698540409386,176.04365502457762,170.2492012343648,170.3587188720703,44769000,0.0,0.0,283379000000.0,10.632690986320195,24048000000.0,9.913615795968738,402392000000.0,10.164702790310571,89716000000.0,-6.051625739567516,27121000000.0,-8.61888877657603
2024-11-01,169.32328866587017,171.56340969304173,168.13851111414587,170.5379180908203,31796500,0.0,0.0,283379000000.0,10.632690986320195,24048000000.0,9.913615795968738,402392000000.0,10.164702790310571,89716000000.0,-6.051625739567516,27121000000.0,-8.61888877657603
2024-11-04,169.18387535736116,169.98036580888692,167.2723073887744,168.49691772460938,21492700,0.0,0.0,283379000000.0,10.632690986320195,24048000000.0,9.913615795968738,402392000000.0,10.164702790310571,89716000000.0,-6.051625739567516,27121000000.0,-8.61888877657603
2024-11-05,168.6860840596654,169.78126041606683,168.09867819204692,168.99473571777344,18242100,0.0,0.0,283379000000.0,10.632690986320195,24048000000.0,9.913615795968738,402392000000.0,10.164702790310571,89716000000.0,-6.051625739567516,27121000000.0,-8.61888877657603
2024-11-06,173.03690778369432,176.16312052987965,172.7382219408271,175.73500061035156,33695500,0.0,0.0,283379000000.0,10.632690986320195,24048000000.0,9.913615795968738,402392000000.0,10.164702790310571,89716000000.0,-6.051625739567516,27121000000.0,-8.61888877657603
2024-11-07,176.63105879108298,180.28494329004707,176.41202351829116,179.95639038085938,25352900,0.0,0.0,283379000000.0,10.632690986320195,24048000000.0,9.913615795968738,402392000000.0,10.164702790310571,89716000000.0,-6.051625739567516,27121000000.0,-8.61888877657603
2024-11-08,179.85682974504894,180.1057320918823,177.29812151933496,177.5669403076172,22006200,0.0,0.0,283379000000.0,10.632690986320195,24048000000.0,9.913615795968738,402392000000.0,10.164702790310571,89716000000.0,-6.051625739567516,27121000000.0,-8.61888877657603
2024-11-11,177.79591845275107,179.7572700755342,177.68640081725277,179.5581512451172,17450400,0.0,0.0,283379000000.0,10.632690986320195,24048000000.0,9.913615795968738,402392000000.0,10.164702790310571,89716000000.0,-6.051625739567516,27121000000.0,-8.61888877657603
2024-11-12,179.03048606955645,181.68876129211964,178.60236613626623,180.82257080078125,25134900,0.0,0.0,283379000000.0,10.632690986320195,24048000000.0,9.913615795968738,402392000000.0,10.164702790310571,89716000000.0,-6.051625739567516,27121000000.0,-8.61888877657603
2024-11-13,179.66766908027805,180.16547375277025,177.75608576913012,178.0946044921875,23184000,0.0,0.0,283379000000.0,10.632690986320195,24048000000.0,9.913615795968738,402392000000.0,10.164702790310571,89716000000.0,-6.051625739567516,27121000000.0,-8.61888877657603
2024-11-14,177.49723958577857,178.03487716000262,173.55463493650558,174.80909729003906,31007500,0.0,0.0,283379000000.0,10.632690986320195,24048000000.0,9.913615795968738,402392000000.0,10.164702790310571,89716000000.0,-6.051625739567516,27121000000.0,-8.61888877657603
2024-11-15,172.96721191394371,173.37541540242353,170.46823785970153,171.732666015625,32504600,0.0,0.0,283379000000.0,10.632690986320195,24048000000.0,9.913615795968738,402392000000.0,10.164702790310571,89716000000.0,-6.051625739567516,27121000000.0,-8.61888877657603
2024-11-18,172.6585688053745,174.6697039128958,172.1408476982141,174.5303192138672,20135300,0.0,0.0,283379000000.0,10.632690986320195,24048000000.0,9.913615795968738,402392000000.0,10.164702790310571,89716000000.0,-6.051625739567516,27121000000.0,-8.61888877657603
2024-11-19,172.95724636134872,178.08462810700078,172.7979452295751,177.33792114257812,23434900,0.0,0.0,283379000000.0,10.632690986320195,24048000000.0,9.913615795968738,402392000000.0,10.164702790310571,89716000000.0,-6.051625739567516,27121000000.0,-8.61888877657603
2024-11-20,176.56135042889815,176.89985394642653,173.01698373526585,175.2073211669922,18997100,0.0,0.0,283379000000.0,10.632690986320195,24048000000.0,9.913615795968738,402392000000.0,10.164702790310571,89716000000.0,-6.051625739567516,27121000000.0,-8.61888877657603
2024-11-21,173.1364567662256,173.36545785068716,162.98124461770655,166.8939971923828,59734400,0.0,0.0,283379000000.0,10.632690986320195,24048000000.0,9.913615795968738,402392000000.0,10.164702790310571,89716000000.0,-6.051625739567516,27121000000.0,-8.61888877657603
2024-11-22,165.12181631038618,165.7291386198519,163.18036592990532,164.03659057617188,38604600,0.0,0.0,283379000000.0,10.632690986320195,24048000000.0,9.913615795968738,402392000000.0,10.164702790310571,89716000000.0,-6.051625739567516,27121000000.0,-8.61888877657603
2024-11-25,165.3607616780629,167.88961806266173,164.88287341953946,166.91390991210938,33135300,0.0,0.0,283379000000.0,10.632690986320195,24048000000.0,9.913615795968738,402392000000.0,10.164702790310571,89716000000.0,-6.051625739567516,27121000000.0,-8.61888877657603
2024-11-26,166.8939932592079,169.07438007569232,166.84420975542025,168.37744140625,20486700,0.0,0.0,283379000000.0,10.632690986320195,24048000000.0,9.913615795968738,402392000000.0,10.164702790310571,89716000000.0,-6.051625739567516,27121000000.0,-8.61888877657603
2024-11-27,168.25798309333703,168.73587133599466,167.28229016697128,168.48696899414062,19266500,0.0,0.0,283379000000.0,10.632690986320195,24048000000.0,9.913615795968738,402392000000.0,10.164702790310571,89716000000.0,-6.051625739567516,27121000000.0,-8.61888877657603
2024-11-29,167.76016976407897,168.68607913599834,166.4260569265254,168.20819091796875,14257200,0.0,0.0,283379000000.0,10.632690986320195,24048000000.0,9.913615795968738,402392000000.0,10.164702790310571,89716000000.0,-6.051625739567516,27121000000.0,-8.61888877657603
2024-12-02,168.02900177825322,171.3244664436512,167.82988293769444,170.737060546875,23789100,0.0,0.0,283379000000.0,10.632690986320195,24048000000.0,9.913615795968738,402392000000.0,10.164702790310571,89716000000.0,-6.051625739567516,27121000000.0,-8.61888877657603
2024-12-03,170.73705804160417,171.92182044267236,170.0998686460895,170.58770751953125,22248700,0.0,0.0,283379000000.0,10.632690986320195,24048000000.0,9.913615795968738,402392000000.0,10.164702790310571,89716000000.0,-6.051625739567516,27121000000.0,-8.61888877657603
2024-12-04,170.39853725449947,174.14203820088363,170.3089360574109,173.60440063476562,31615100,0.0,0.0,283379000000.0,10.632690986320195,24048000000.0,9.913615795968738,402392000000.0,10.164702790310571,89716000000.0,-6.051625739567516,27121000000.0,-8.61888877657603
2024-12-05,174.59007802852634,175.2870016222077,171.5733825366095,171.88201904296875,21356200,0.0,0.0,283379000000.0,10.632690986320195,24048000000.0,9.913615795968738,402392000000.0,10.164702790310571,89716000000.0,-6.051625739567516,27121000000.0,-8.61888877657603
2024-12-06,171.27469092717953,174.31130276071772,171.10543914521764,173.94293212890625,21462400,0.0,0.0,283379000000.0,10.632690986320195,24048000000.0,9.913615795968738,402392000000.0,10.164702790310571,89716000000.0,-6.051625739567516,27121000000.0,-8.61888877657603
2024-12-09,173.3947033817355,175.68721709610546,173.08569798716198,174.80010986328125,25389600,0.2,0.0,283379000000.0,10.632690986320195,24048000000.0,9.913615795968738,402392000000.0,10.164702790310571,89716000000.0,-6.051625739567516,27121000000.0,-8.61888877657603
2024-12-10,182.2558148271153,185.75440321939527,180.46166108394456,184.56826782226562,54813000,0.0,0.0,283379000000.0,10.632690986320195,24048000000.0,9.913615795968738,402392000000.0,10.164702790310571,89716000000.0,-6.051625739567516,27121000000.0,-8.61888877657603
2024-12-11,184.70782161706586,194.97435419169267,184.2493249317854,194.76502990722656,67894100,0.0,0.0,283379000000.0,10.632690986320195,24048000000.0,9.913615795968738,402392000000.0,10.164702790310571,89716000000.0,-6.051625739567516,27121000000.0,-8.61888877657603
2024-12-12,194.36632666128313,194.54573443162946,191.08702455991943,191.33621215820312,34817500,0.0,0.0,283379000000.0,10.632690986320195,24048000000.0,9.913615795968738,402392000000.0,10.164702790310571,89716000000.0,-6.051625739567516,27121000000.0,-8.61888877657603
2024-12-13,190.38927563816205,192.10368742772263,189.02373254884577,189.20315551757812,25143500,0.0,0.0,283379000000.0,10.632690986320195,24048000000.0,9.913615795968738,402392000000.0,10.164702790310571,89716000000.0,-6.051625739567516,27121000000.0,-8.61888877657603
2024-12-16,192.2432425689094,198.3533273175459,191.99405497177682,196.02093505859375,44934900,0.0,0.0,283379000000.0,10.632690986320195,24048000000.0,9.913615795968738,402392000000.0,10.164702790310571,89716000000.0,-6.051625739567516,27121000000.0,-8.61888877657603
2024-12-17,196.60901291047233,200.76546017959686,194.34638528405358,194.7849578857422,43504000,0.0,0.0,283379000000.0,10.632690986320195,24048000000.0,9.913615795968738,402392000000.0,10.164702790310571,89716000000.0,-6.051625739567516,27121000000.0,-8.61888877657603
2024-12-18,194.58561039475242,196.35982485436523,187.12992181114345,187.7877655029297,34166100,0.0,0.0,283379000000.0,10.632690986320195,24048000000.0,9.913615795968738,402392000000.0,10.164702790310571,89716000000.0,-6.051625739567516,27121000000.0,-8.61888877657603
2024-12-19,191.00728679661606,192.40273129322728,187.7678479495074,187.8974151611328,32265200,0.0,0.0,283379000000.0,10.632690986320195,24048000000.0,9.913615795968738,402392000000.0,10.164702790310571,89716000000.0,-6.051625739567516,27121000000.0,-8.61888877657603
2024-12-20,185.1762848637503,192.263180692445,184.61810708296375,190.78799438476562,63462900,0.0,0.0,283379000000.0,10.632690986320195,24048000000.0,9.913615795968738,402392000000.0,10.164702790310571,89716000000.0,-6.051625739567516,27121000000.0,-8.61888877657603
2024-12-23,191.99406521325346,194.46601725929617,189.5320904055188,193.99754333496094,25675000,0.0,0.0,283379000000.0,10.632690986320195,24048000000.0,9.913615795968738,402392000000.0,10.164702790310571,89716000000.0,-6.051625739567516,27121000000.0,-8.61888877657603
2024-12-24,194.20684004621347,195.47271728515625,193.15028707875092,195.47271728515625,10403300,0.0,0.0,283379000000.0,10.632690986320195,24048000000.0,9.913615795968738,402392000000.0,10.164702790310571,89716000000.0,-6.051625739567516,27121000000.0,-8.61888877657603
2024-12-26,194.51583613513964,196.11064287242172,193.7483492712215,194.96438598632812,12046600,0.0,0.0,283379000000.0,10.632690986320195,24048000000.0,9.913615795968738,402392000000.0,10.164702790310571,89716000000.0,-6.051625739567516,27121000000.0,-8.61888877657603
2024-12-27,194.31647638353087,194.68528435280825,190.0304468655215,192.1335906982422,18891400,0.0,0.0,283379000000.0,10.632690986320195,24048000000.0,9.913615795968738,402392000000.0,10.164702790310571,89716000000.0,-6.051625739567516,27121000000.0,-8.61888877657603
2024-12-30,189.1832377151322,191.92430144195808,188.50543950298513,190.61856079101562,14264700,0.0,0.0,283379000000.0,10.632690986320195,24048000000.0,9.913615795968738,402392000000.0,10.164702790310571,89716000000.0,-6.051625739567516,27121000000.0,-8.61888877657603
2024-12-31,190.45907478557154,191.33622003458325,187.89741886934635,188.6848602294922,17466900,0.0,0.0,325084000000.0,14.717039724185632,23466000000.0,-2.4201596806387227,450256000000.0,11.894868685262132,74589000000.0,-16.860983548085066,25461000000.0,-6.120718262600937
2025-01-02,190.03045932269364,191.37607845803336,186.89070161917323,188.81442260742188,20370800,0.0,0.0,325084000000.0,14.717039724185632,23466000000.0,-2.4201596806387227,450256000000.0,11.894868685262132,74589000000.0,-16.860983548085066,25461000000.0,-6.120718262600937
2025-01-03,190.74811471378376,192.58214696582633,189.36263229859958,191.166748046875,18596200,0.0,0.0,325084000000.0,14.717039724185632,23466000000.0,-2.4201596806387227,450256000000.0,11.894868685262132,74589000000.0,-16.860983548085066,25461000000.0,-6.120718262600937
2025-01-06,193.34964695093382,197.57587431060844,193.22007973541784,196.23025512695312,29563600,0.0,0.0,325084000000.0,14.717039724185632,23466000000.0,-2.4201596806387227,450256000000.0,11.894868685262132,74589000000.0,-16.860983548085066,25461000000.0,-6.120718262600937
2025-01-07,196.46946706904495,200.34682542030356,193.96762910254256,194.854736328125,26487200,0.0,0.0,325084000000.0,14.717039724185632,23466000000.0,-2.4201596806387227,450256000000.0,11.894868685262132,74589000000.0,-16.860983548085066,25461000000.0,-6.120718262600937
2025-01-08,191.944242637603,195.6521403419425,191.7548576174653,193.3197479248047,24864800,0.0,0.0,325084000000.0,14.717039724185632,23466000000.0,-2.4201596806387227,450256000000.0,11.894868685262132,74589000000.0,-16.860983548085066,25461000000.0,-6.120718262600937
2025-01-10,193.6685895212531,195.88137644043036,189.69155028344466,191.41592407226562,26665200,0.0,0.0,325084000000.0,14.717039724185632,23466000000.0,-2.4201596806387227,450256000000.0,11.894868685262132,74589000000.0,-16.860983548085066,25461000000.0,-6.120718262600937
2025-01-13,189.4523648405139,190.55874323630746,186.75116443597017,190.38929748535156,21823700,0.0,0.0,325084000000.0,14.717039724185632,23466000000.0,-2.4201596806387227,450256000000.0,11.894868685262132,74589000000.0,-16.860983548085066,25461000000.0,-6.120718262600937
2025-01-14,190.6185379959385,191.35612350397113,187.69805162927054,189.04367065429688,17174900,0.0,0.0,325084000000.0,14.717039724185632,23466000000.0,-2.4201596806387227,450256000000.0,11.894868685262132,74589000000.0,-16.860983548085066,25461000000.0,-6.120718262600937
2025-01-15,192.462522950062,195.72190087885951,191.23652426846428,194.91453552246094,21776000,0.0,0.0,325084000000.0,14.717039724185632,23466000000.0,-2.4201596806387227,450256000000.0,11.894868685262132,74589000000.0,-16.860983548085066,25461000000.0,-6.120718262600937
2025-01-16,193.50911023082176,194.8447520350506,192.1834304546711,192.28311157226562,17815400,0.0,0.0,325084000000.0,14.717039724185632,23466000000.0,-2.4201596806387227,450256000000.0,11.894868685262132,74589000000.0,-16.860983548085066,25461000000.0,-6.120718262600937
2025-01-17,195.89135939313564,196.58908164731528,193.12039443424771,195.3630828857422,27735100,0.0,0.0,325084000000.0,14.717039724185632,23466000000.0,-2.4201596806387227,450256000000.0,11.894868685262132,74589000000.0,-16.860983548085066,25461000000.0,-6.120718262600937
2025-01-21,198.4231075033933,201.63262976778796,197.22699486763423,197.4064178466797,29971300,0.0,0.0,325084000000.0,14.717039724185632,23466000000.0,-2.4201596806387227,450256000000.0,11.894868685262132,74589000000.0,-16.860983548085066,25461000000.0,-6.120718262600937
2025-01-22,198.41313252508547,199.82851627036754,196.88810562725033,197.72537231445312,26200600,0.0,0.0,325084000000.0,14.717039724185632,23466000000.0,-2.4201596806387227,450256000000.0,11.894868685262132,74589000000.0,-16.860983548085066,25461000000.0,-6.120718262600937
2025-01-23,197.49613838919916,199.64912306411188,194.56568956099102,197.33665466308594,26951400,0.0,0.0,325084000000.0,14.717039724185632,23466000000.0,-2.4201596806387227,450256000000.0,11.894868685262132,74589000000.0,-16.860983548085066,25461000000.0,-6.120718262600937
2025-01-24,197.45625853253006,200.24714745985025,197.35657740975262,199.5594024658203,23877500,0.0,0.0,325084000000.0,14.717039724185632,23466000000.0,-2.4201596806387227,450256000000.0,11.894868685262132,74589000000.0,-16.860983548085066,25461000000.0,-6.120718262600937
2025-01-27,191.7847629127979,196.24023876132983,190.11021420279943,191.18670654296875,41728900,0.0,0.0,325084000000.0,14.717039724185632,23466000000.0,-2.4201596806387227,450256000000.0,11.894868685262132,74589000000.0,-16.860983548085066,25461000000.0,-6.120718262600937
2025-01-28,192.1236428916819,194.84476727172617,190.06036222791346,194.6653594970703,24157900,0.0,0.0,325084000000.0,14.717039724185632,23466000000.0,-2.4201596806387227,450256000000.0,11.894868685262132,74589000000.0,-16.860983548085066,25461000000.0,-6.120718262600937
2025-01-29,194.92450036864417,196.15049906796548,192.80141720875304,194.77499389648438,18218300,0.0,0.0,325084000000.0,14.717039724185632,23466000000.0,-2.4201596806387227,450256000000.0,11.894868685262132,74589000000.0,-16.860983548085066,25461000000.0,-6.120718262600937
2025-01-30,197.35658576249432,200.74553115150178,197.0276562944523,200.21725463867188,24354700,0.0,0.0,325084000000.0,14.717039724185632,23466000000.0,-2.4201596806387227,450256000000.0,11.894868685262132,74589000000.0,-16.860983548085066,25461000000.0,-6.120718262600937
2025-01-31,201.34358503753182,204.8122722439576,201.14423799517712,203.35702514648438,32001100,0.0,0.0,325084000000.0,14.717039724185632,23466000000.0,-2.4201596806387227,450256000000.0,11.894868685262132,74589000000.0,-16.860983548085066,25461000000.0,-6.120718262600937
2025-02-03,200.03784179405181,203.08789560873984,199.4497627036024,200.57608032226562,27838300,0.0,0.0,325084000000.0,14.717039724185632,23466000000.0,-2.4201596806387227,450256000000.0,11.894868685262132,74589000000.0,-16.860983548085066,25461000000.0,-6.120718262600937
2025-02-04,202.7290614411804,206.37717152288226,202.1509443892273,205.7093505859375,43856400,0.0,0.0,325084000000.0,14.717039724185632,23466000000.0,-2.4201596806387227,450256000000.0,11.894868685262132,74589000000.0,-16.860983548085066,25461000000.0,-6.120718262600937
2025-02-05,190.4491175677977,192.12365103908184,187.41898765422886,190.70826721191406,70373900,0.0,0.0,325084000000.0,14.717039724185632,23466000000.0,-2.4201596806387227,450256000000.0,11.894868685262132,74589000000.0,-16.860983548085066,25461000000.0,-6.120718262600937
2025-02-06,188.88420450981621,191.4757616843978,188.1067403992826,190.97738647460938,29297400,0.0,0.0,325084000000.0,14.717039724185632,23466000000.0,-2.4201596806387227,450256000000.0,11.894868685262132,74589000000.0,-16.860983548085066,25461000000.0,-6.120718262600937
2025-02-07,190.42915245859984,190.5587196584731,182.6445348609554,184.73770141601562,49315000,0.0,0.0,325084000000.0,14.717039724185632,23466000000.0,-2.4201596806387227,450256000000.0,11.894868685262132,74589000000.0,-16.860983548085066,25461000000.0,-6.120718262600937
2025-02-10,186.74118938897723,187.58841808469597,185.2560258505473,185.86404418945312,23105600,0.0,0.0,325084000000.0,14.717039724185632,23466000000.0,-2.4201596806387227,450256000000.0,11.894868685262132,74589000000.0,-16.860983548085066,25461000000.0,-6.120718262600937
2025-02-11,184.4287225674103,186.33251945346055,183.68115977846736,184.71778869628906,21239500,0.0,0.0,325084000000.0,14.717039724185632,23466000000.0,-2.4201596806387227,450256000000.0,11.894868685262132,74589000000.0,-16.860983548085066,25461000000.0,-6.120718262600937
2025-02-12,182.62460414541655,184.50846173776452,181.23912173844323,183.01333618164062,22072600,0.0,0.0,325084000000.0,14.717039724185632,23466000000.0,-2.4201596806387227,450256000000.0,11.894868685262132,74589000000.0,-16.860983548085066,25461000000.0,-6.120718262600937
2025-02-13,183.7210327362961,185.67465491496642,182.54485940859573,185.5351104736328,21402500,0.0,0.0,325084000000.0,14.717039724185632,23466000000.0,-2.4201596806387227,450256000000.0,11.894868685262132,74589000000.0,-16.860983548085066,25461000000.0,-6.120718262600937
2025-02-14,184.4586365233707,185.7942784810842,183.72105092154337,184.62808227539062,20448400,0.0,0.0,325084000000.0,14.717039724185632,23466000000.0,-2.4201596806387227,450256000000.0,11.894868685262132,74589000000.0,-16.860983548085066,25461000000.0,-6.120718262600937
2025-02-18,184.99689147072442,185.35572224471403,181.14943408652655,183.17283630371094,29916700,0.0,0.0,325084000000.0,14.717039724185632,23466000000.0,-2.4201596806387227,450256000000.0,11.894868685262132,74589000000.0,-16.860983548085066,25461000000.0,-6.120718262600937
2025-02-19,183.47185603605197,184.85733850337527,182.99340488662492,184.66795349121094,19549400,0.0,0.0,325084000000.0,14.717039724185632,23466000000.0,-2.4201596806387227,450256000000.0,11.894868685262132,74589000000.0,-16.860983548085066,25461000000.0,-6.120718262600937
2025-02-20,184.1994764251086,184.7078136523139,182.12623377404523,183.9602508544922,20441500,0.0,0.0,325084000000.0,14.717039724185632,23466000000.0,-2.4201596806387227,450256000000.0,11.894868685262132,74589000000.0,-16.860983548085066,25461000000.0,-6.120718262600937
2025-02-21,184.54832157311532,184.73770657345142,178.49805484578573,179.076171875,35199200,0.0,0.0,325084000000.0,14.717039724185632,23466000000.0,-2.4201596806387227,450256000000.0,11.894868685262132,74589000000.0,-16.860983548085066,25461000000.0,-6.120718262600937
2025-02-24,181.3986125849473,182.52493020594952,178.30868023037235,178.66751098632812,29854200,0.0,0.0,325084000000.0,14.717039724185632,23466000000.0,-2.4201596806387227,450256000000.0,11.894868685262132,74589000000.0,-16.860983548085066,25461000000.0,-6.120718262600937
2025-02-25,177.46142612582926,178.15916354017307,174.1223215693703,174.84994506835938,41913400,0.0,0.0,325084000000.0,14.717039724185632,23466000000.0,-2.4201596806387227,450256000000.0,11.894868685262132,74589000000.0,-16.860983548085066,25461000000.0,-6.120718262600937
2025-02-26,174.50109332110333,175.50780571224857,171.0224290795126,172.16868591308594,35431300,0.0,0.0,325084000000.0,14.717039724185632,23466000000.0,-2.4201596806387227,450256000000.0,11.894868685262132,74589000000.0,-16.860983548085066,25461000000.0,-6.120718262600937
2025-02-27,173.4246033939964,173.99274319952536,167.3942605774098,167.9524383544922,39991000,0.0,0.0,325084000000.0,14.717039724185632,23466000000.0,-2.4201596806387227,450256000000.0,11.894868685262132,74589000000.0,-16.860983548085066,25461000000.0,-6.120718262600937
2025-02-28,168.13184735576206,170.05558350433006,166.22806568264113,169.72665405273438,48130600,0.0,0.0,325084000000.0,14.717039724185632,23466000000.0,-2.4201596806387227,450256000000.0,11.894868685262132,74589000000.0,-16.860983548085066,25461000000.0,-6.120718262600937
2025-03-03,171.37127977724876,172.80660270971413,165.3907776981119,166.46726989746094,40770500,0.0,0.0,325084000000.0,14.717039724185632,23466000000.0,-2.4201596806387227,450256000000.0,11.894868685262132,74589000000.0,-16.860983548085066,25461000000.0,-6.120718262600937
2025-03-04,165.69979362882594,172.72687185175528,165.2612210149662,170.3645782470703,45388000,0.0,0.0,325084000000.0,14.717039724185632,23466000000.0,-2.4201596806387227,450256000000.0,11.894868685262132,74589000000.0,-16.860983548085066,25461000000.0,-6.120718262600937
2025-03-05,169.96588759666264,173.21528852342593,168.51062527668861,172.457763671875,30954900,0.0,0.0,325084000000.0,14.717039724185632,23466000000.0,-2.4201596806387227,450256000000.0,11.894868685262132,74589000000.0,-16.860983548085066,25461000000.0,-6.120718262600937
2025-03-06,169.97585437589512,174.24194511914502,169.9459530788933,171.78994750976562,28302000,0.0,0.0,325084000000.0,14.717039724185632,23466000000.0,-2.4201596806387227,450256000000.0,11.894868685262132,74589000000.0,-16.860983548085066,25461000000.0,-6.120718262600937
2025-03-07,170.70347150998992,174.40142226145525,169.71669832775643,173.29502868652344,27385800,0.0,0.0,325084000000.0,14.717039724185632,23466000000.0,-2.4201596806387227,450256000000.0,11.894868685262132,74589000000.0,-16.860983548085066,25461000000.0,-6.120718262600937
2025-03-10,167.906369246359,168.10596109578225,163.34598174937858,165.52139282226562,43604000,0.2,0.0,325084000000.0,14.717039724185632,23466000000.0,-2.4201596806387227,450256000000.0,11.894868685262132,74589000000.0,-16.860983548085066,25461000000.0,-6.120718262600937
2025-03-11,164.56341811184632,166.39954739419704,161.03084947828359,163.6952362060547,39587400,0.0,0.0,325084000000.0,14.717039724185632,23466000000.0,-2.4201596806387227,450256000000.0,11.894868685262132,74589000000.0,-16.860983548085066,25461000000.0,-6.120718262600937
2025-03-12,166.2299041704089,167.2876739545911,163.1863112454469,166.7587890625,28372400,0.0,0.0,325084000000.0,14.717039724185632,23466000000.0,-2.4201596806387227,450256000000.0,11.894868685262132,74589000000.0,-16.860983548085066,25461000000.0,-6.120718262600937
2025-03-13,165.69104376890482,165.78086619728484,161.76931036259103,162.41793823242188,31756200,0.0,0.0,325084000000.0,14.717039724185632,23466000000.0,-2.4201596806387227,450256000000.0,11.894868685262132,74589000000.0,-16.860983548085066,25461000000.0,-6.120718262600937
2025-03-14,162.92686119092454,166.14009496437765,162.10857726863358,165.14219665527344,31995900,0.0,0.0,325084000000.0,14.717039724185632,23466000000.0,-2.4201596806387227,450256000000.0,11.894868685262132,74589000000.0,-16.860983548085066,25461000000.0,-6.120718262600937
2025-03-17,164.68315235917976,165.95048744156196,163.32601008577632,163.9447021484375,31184300,0.0,0.0,325084000000.0,14.717039724185632,23466000000.0,-2.4201596806387227,450256000000.0,11.894868685262132,74589000000.0,-16.860983548085066,25461000000.0,-6.120718262600937
2025-03-18,163.3359896270705,163.90479897801157,156.39062585030788,160.3323211669922,42074800,0.0,0.0,325084000000.0,14.717039724185632,23466000000.0,-2.4201596806387227,450256000000.0,11.894868685262132,74589000000.0,-16.860983548085066,25461000000.0,-6.120718262600937
2025-03-19,161.42003435006743,165.52139724714462,160.66163707283374,163.54556274414062,34275600,0.0,0.0,325084000000.0,14.717039724185632,23466000000.0,-2.4201596806387227,450256000000.0,11.894868685262132,74589000000.0,-16.860983548085066,25461000000.0,-6.120718262600937
2025-03-20,161.23044451155243,164.5434591319573,160.62172590598882,162.45785522460938,28138500,0.0,0.0,325084000000.0,14.717039724185632,23466000000.0,-2.4201596806387227,450256000000.0,11.894868685262132,74589000000.0,-16.860983548085066,25461000000.0,-6.120718262600937
2025-03-21,160.87119904116452,163.89482981108262,160.55186426165298,163.64535522460938,36625800,0.0,0.0,325084000000.0,14.717039724185632,23466000000.0,-2.4201596806387227,450256000000.0,11.894868685262132,74589000000.0,-16.860983548085066,25461000000.0,-6.120718262600937
2025-03-24,166.71888755590038,167.96626051519195,164.79293578885944,167.3275909423828,30879100,0.0,0.0,325084000000.0,14.717039724185632,23466000000.0,-2.4201596806387227,450256000000.0,11.894868685262132,74589000000.0,-16.860983548085066,25461000000.0,-6.120718262600937
2025-03-25,168.62485688475655,170.27139827842032,167.96625555401127,170.2015380859375,24174400,0.0,0.0,325084000000.0,14.717039724185632,23466000000.0,-2.4201596806387227,450256000000.0,11.894868685262132,74589000000.0,-16.860983548085066,25461000000.0,-6.120718262600937
2025-03-26,168.64481068044992,169.2535292452292,164.49355014774926,164.7130889892578,28901600,0.0,0.0,325084000000.0,14.717039724185632,23466000000.0,-2.4201596806387227,450256000000.0,11.894868685262132,74589000000.0,-16.860983548085066,25461000000.0,-6.120718262600937
2025-03-27,164.2840090226325,165.0723420135672,161.6595315089187,161.89903259277344,24508300,0.0,0.0,325084000000.0,14.717039724185632,23466000000.0,-2.4201596806387227,450256000000.0,11.894868685262132,74589000000.0,-16.860983548085066,25461000000.0,-6.120718262600937
2025-03-28,160.15271877369267,161.4799254652425,153.30713518011623,154.0056610107422,48669300,0.0,0.0,325084000000.0,14.717039724185632,23466000000.0,-2.4201596806387227,450256000000.0,11.894868685262132,74589000000.0,-16.860983548085066,25461000000.0,-6.120718262600937
2025-03-31,152.78821916221315,155.2131048785596,150.34337121509955,154.31500244140625,54603500,0.0,0.0,325084000000.0,14.717039724185632,23466000000.0,-2.4201596806387227,450256000000.0,11.894868685262132,74589000000.0,-16.860983548085066,25461000000.0,-6.120718262600937
2025-04-01,153.29713724683472,157.7677327478603,153.29713724683472,156.73989868164062,30672900,0.0,0.0,325084000000.0,14.717039724185632,23466000000.0,-2.4201596806387227,450256000000.0,11.894868685262132,74589000000.0,-16.860983548085066,25461000000.0,-6.120718262600937
2025-04-02,154.8239184605045,158.07707673307476,154.37486726125917,156.70994567871094,25041700,0.0,0.0,325084000000.0,14.717039724185632,23466000000.0,-2.4201596806387227,450256000000.0,11.894868685262132,74589000000.0,-16.860983548085066,25461000000.0,-6.120718262600937
2025-04-03,150.79242377501242,152.4589122309581,150.07393572821033,150.4032440185547,46883400,0.0,0.0,325084000000.0,14.717039724185632,23466000000.0,-2.4201596806387227,450256000000.0,11.894868685262132,74589000000.0,-16.860983548085066,25461000000.0,-6.120718262600937
2025-04-04,147.6989298070746,150.75251155896433,145.0744674917677,145.29400634765625,62259500,0.0,0.0,325084000000.0,14.717039724185632,23466000000.0,-2.4201596806387227,450256000000.0,11.894868685262132,74589000000.0,-16.860983548085066,25461000000.0,-6.120718262600937
2025-04-07,141.25250603263527,152.52875975799608,140.2346455130815,146.4415740966797,76794100,0.0,0.0,325084000000.0,14.717039724185632,23466000000.0,-2.4201596806387227,450256000000.0,11.894868685262132,74589000000.0,-16.860983548085066,25461000000.0,-6.120718262600937
2025-04-08,150.9021908364876,151.92005142460044,142.72940085243894,144.39588928222656,52200200,0.0,0.0,325084000000.0,14.717039724185632,23466000000.0,-2.4201596806387227,450256000000.0,11.894868685262132,74589000000.0,-16.860983548085066,25461000000.0,-6.120718262600937
2025-04-09,144.11647401855745,159.21468052208976,143.6075513553121,158.37644958496094,70406200,0.0,0.0,325084000000.0,14.717039724185632,23466000000.0,-2.4201596806387227,450256000000.0,11.894868685262132,74589000000.0,-16.860983548085066,25461000000.0,-6.120718262600937
2025-04-10,156.21099272991097,157.38852063839548,149.6148843769422,152.4988250732422,48022000,0.0,0.0,325084000000.0,14.717039724185632,23466000000.0,-2.4201596806387227,450256000000.0,11.894868685262132,74589000000.0,-16.860983548085066,25461000000.0,-6.120718262600937
2025-04-11,152.5786587351614,157.33863834997953,152.4988402629555,156.80975341796875,33636200,0.0,0.0,325084000000.0,14.717039724185632,23466000000.0,-2.4201596806387227,450256000000.0,11.894868685262132,74589000000.0,-16.860983548085066,25461000000.0,-6.120718262600937
2025-04-14,159.66374069863323,161.3801271292812,157.22886621670372,158.73570251464844,30333000,0.0,0.0,325084000000.0,14.717039724185632,23466000000.0,-2.4201596806387227,450256000000.0,11.894868685262132,74589000000.0,-16.860983548085066,25461000000.0,-6.120718262600937
2025-04-15,158.79557178865275,159.3144679755199,154.8838120227522,155.9814910888672,27551500,0.0,0.0,325084000000.0,14.717039724185632,23466000000.0,-2.4201596806387227,450256000000.0,11.894868685262132,74589000000.0,-16.860983548085066,25461000000.0,-6.120718262600937
2025-04-16,152.77823911437727,155.56236873164264,151.1915692108639,153.00775146484375,28187400,0.0,0.0,325084000000.0,14.717039724185632,23466000000.0,-2.4201596806387227,450256000000.0,11.894868685262132,74589000000.0,-16.860983548085066,25461000000.0,-6.120718262600937
2025-04-17,153.96572710201332,154.3549068428226,148.1879024535801,150.84231567382812,33046600,0.0,0.0,325084000000.0,14.717039724185632,23466000000.0,-2.4201596806387227,450256000000.0,11.894868685262132,74589000000.0,-16.860983548085066,25461000000.0,-6.120718262600937
2025-04-21,148.5671133790027,148.63695834662283,145.7929571438361,147.35964965820312,26049100,0.0,0.0,325084000000.0,14.717039724185632,23466000000.0,-2.4201596806387227,450256000000.0,11.894868685262132,74589000000.0,-16.860983548085066,25461000000.0,-6.120718262600937
2025-04-22,148.57707765672205,151.8701451004615,148.22780716014373,151.1516571044922,26971800,0.0,0.0,325084000000.0,14.717039724185632,23466000000.0,-2.4201596806387227,450256000000.0,11.894868685262132,74589000000.0,-16.860983548085066,25461000000.0,-6.120718262600937
2025-04-23,155.28296188170384,157.19892487451833,153.48674181759014,155.0235137939453,31128800,0.0,0.0,325084000000.0,14.717039724185632,23466000000.0,-2.4201596806387227,450256000000.0,11.894868685262132,74589000000.0,-16.860983548085066,25461000000.0,-6.120718262600937
2025-04-24,155.82180972917425,159.2545822353842,155.4625657406937,158.9452362060547,45894000,0.0,0.0,325084000000.0,14.717039724185632,23466000000.0,-2.4201596806387227,450256000000.0,11.894868685262132,74589000000.0,-16.860983548085066,25461000000.0,-6.120718262600937
2025-04-25,164.72309348828867,165.75092760525033,160.70154899383132,161.61962890625,56034000,0.0,0.0,325084000000.0,14.717039724185632,23466000000.0,-2.4201596806387227,450256000000.0,11.894868685262132,74589000000.0,-16.860983548085066,25461000000.0,-6.120718262600937
2025-04-28,162.08862808839123,162.80711614692783,158.26669065633925,160.2724609375,29745800,0.0,0.0,325084000000.0,14.717039724185632,23466000000.0,-2.4201596806387227,450256000000.0,11.894868685262132,74589000000.0,-16.860983548085066,25461000000.0,-6.120718262600937
2025-04-29,159.98307743122987,160.4021929284458,157.1889588897359,159.8234100341797,26809000,0.0,0.0,325084000000.0,14.717039724185632,23466000000.0,-2.4201596806387227,450256000000.0,11.894868685262132,74589000000.0,-16.860983548085066,25461000000.0,-6.120718262600937
2025-04-30,157.6479788523033,158.93527626532435,155.07339925298186,158.4662628173828,34981100,0.0,0.0,325084000000.0,14.717039724185632,23466000000.0,-2.4201596806387227,450256000000.0,11.894868685262132,74589000000.0,-16.860983548085066,25461000000.0,-6.120718262600937
2025-05-01,160.11277889105028,161.60962633825872,158.57602221167295,160.96099853515625,30203200,0.0,0.0,325084000000.0,14.717039724185632,23466000000.0,-2.4201596806387227,450256000000.0,11.894868685262132,74589000000.0,-16.860983548085066,25461000000.0,-6.120718262600937
2025-05-02,163.0665800855699,164.62329914267073,161.5298080330937,163.68527221679688,25715000,0.0,0.0,325084000000.0,14.717039724185632,23466000000.0,-2.4201596806387227,450256000000.0,11.894868685262132,74589000000.0,-16.860983548085066,25461000000.0,-6.120718262600937
2025-05-05,162.65743494943675,165.0424114540437,162.37802462287598,163.86489868164062,21341800,0.0,0.0,325084000000.0,14.717039724185632,23466000000.0,-2.4201596806387227,450256000000.0,11.894868685262132,74589000000.0,-16.860983548085066,25461000000.0,-6.120718262600937
2025-05-06,161.82916262997554,164.4536399852438,160.85122657670271,162.88693237304688,21277200,0.0,0.0,325084000000.0,14.717039724185632,23466000000.0,-2.4201596806387227,450256000000.0,11.894868685262132,74589000000.0,-16.860983548085066,25461000000.0,-6.120718262600937
2025-05-07,163.73516530126716,164.6532299684301,147.52929039730043,151.06185913085938,127490100,0.0,0.0,325084000000.0,14.717039724185632,23466000000.0,-2.4201596806387227,450256000000.0,11.894868685262132,74589000000.0,-16.860983548085066,25461000000.0,-6.120718262600937
2025-05-08,154.67425284055003,155.6022910487671,152.57866009847342,153.9557647705078,57498700,0.0,0.0,325084000000.0,14.717039724185632,23466000000.0,-2.4201596806387227,450256000000.0,11.894868685262132,74589000000.0,-16.860983548085066,25461000000.0,-6.120718262600937
2025-05-09,153.84598414229956,154.7241395477239,151.88012320852386,152.42897033691406,32435300,0.0,0.0,325084000000.0,14.717039724185632,23466000000.0,-2.4201596806387227,450256000000.0,11.894868685262132,74589000000.0,-16.860983548085066,25461000000.0,-6.120718262600937
2025-05-12,157.15900583261154,158.76562267487037,155.9216064819518,158.12696838378906,44138800,0.0,0.0,325084000000.0,14.717039724185632,23466000000.0,-2.4201596806387227,450256000000.0,11.894868685262132,74589000000.0,-16.860983548085066,25461000000.0,-6.120718262600937
2025-05-13,158.45626717049694,160.23254018461523,155.83180494907126,159.19471740722656,42382100,0.0,0.0,325084000000.0,14.717039724185632,23466000000.0,-2.4201596806387227,450256000000.0,11.894868685262132,74589000000.0,-16.860983548085066,25461000000.0,-6.120718262600937
2025-05-14,159.6238271640479,166.64902486582008,159.27455664998826,165.02244567871094,48755900,0.0,0.0,325084000000.0,14.717039724185632,23466000000.0,-2.4201596806387227,450256000000.0,11.894868685262132,74589000000.0,-16.860983548085066,25461000000.0,-6.120718262600937
2025-05-15,165.49145599350894,165.8606887311189,162.02874755770196,163.61541748046875,33146700,0.0,0.0,325084000000.0,14.717039724185632,23466000000.0,-2.4201596806387227,450256000000.0,11.894868685262132,74589000000.0,-16.860983548085066,25461000000.0,-6.120718262600937
2025-05-16,167.3774855147182,168.99409119137468,165.27191939302787,165.84072875976562,42846900,0.0,0.0,325084000000.0,14.717039724185632,23466000000.0,-2.4201596806387227,450256000000.0,11.894868685262132,74589000000.0,-16.860983548085066,25461000000.0,-6.120718262600937
2025-05-19,164.16425471766837,166.2897831099107,163.87487089127026,166.1899871826172,30426100,0.0,0.0,325084000000.0,14.717039724185632,23466000000.0,-2.4201596806387227,450256000000.0,11.894868685262132,74589000000.0,-16.860983548085066,25461000000.0,-6.120718262600937
2025-05-20,166.08022402030295,168.1458810248048,162.55764387335125,163.6353759765625,46607700,0.0,0.0,325084000000.0,14.717039724185632,23466000000.0,-2.4201596806387227,450256000000.0,11.894868685262132,74589000000.0,-16.860983548085066,25461000000.0,-6.120718262600937
2025-05-21,163.34598924433868,172.77612594690945,163.21625758160502,168.20574951171875,73416000,0.0,0.0,325084000000.0,14.717039724185632,23466000000.0,-2.4201596806387227,450256000000.0,11.894868685262132,74589000000.0,-16.860983548085066,25461000000.0,-6.120718262600937
2025-05-22,171.48884617085898,176.3985044728025,170.35124260366135,170.51089477539062,74864400,0.0,0.0,325084000000.0,14.717039724185632,23466000000.0,-2.4201596806387227,450256000000.0,11.894868685262132,74589000000.0,-16.860983548085066,25461000000.0,-6.120718262600937
2025-05-23,168.70469265151235,169.60281030274047,167.5371534089642,168.11593627929688,35211400,0.0,0.0,325084000000.0,14.717039724185632,23466000000.0,-2.4201596806387227,450256000000.0,11.894868685262132,74589000000.0,-16.860983548085066,25461000000.0,-6.120718262600937
2025-05-27,169.80238932071725,172.80605791558804,169.6427219280191,172.53662109375,37995700,0.0,0.0,325084000000.0,14.717039724185632,23466000000.0,-2.4201596806387227,450256000000.0,11.894868685262132,74589000000.0,-16.860983548085066,25461000000.0,-6.120718262600937
2025-05-28,172.79607866823434,174.90164475593082,171.5487057543554,171.9977569580078,34784000,0.0,0.0,325084000000.0,14.717039724185632,23466000000.0,-2.4201596806387227,450256000000.0,11.894868685262132,74589000000.0,-16.860983548085066,25461000000.0,-6.120718262600937
2025-05-29,173.63431165912297,174.0534271359213,170.27139911620654,171.49880981445312,29317300,0.0,0.0,325084000000.0,14.717039724185632,23466000000.0,-2.4201596806387227,450256000000.0,11.894868685262132,74589000000.0,-16.860983548085066,25461000000.0,-6.120718262600937
2025-05-30,170.98989433565492,171.84808755569938,167.0881079964574,171.3790740966797,52639900,0.0,0.0,325084000000.0,14.717039724185632,23466000000.0,-2.4201596806387227,450256000000.0,11.894868685262132,74589000000.0,-16.860983548085066,25461000000.0,-6.120718262600937
2025-06-02,167.4872574240746,169.5129898808019,167.03820620651766,168.6747589111328,38612300,0.0,0.0,325084000000.0,14.717039724185632,23466000000.0,-2.4201596806387227,450256000000.0,11.894868685262132,74589000000.0,-16.860983548085066,25461000000.0,-6.120718262600937
2025-06-03,167.13800921175007,168.12591888686956,164.9326470385699,165.83074951171875,45084900,0.0,0.0,325084000000.0,14.717039724185632,23466000000.0,-2.4201596806387227,450256000000.0,11.894868685262132,74589000000.0,-16.860983548085066,25461000000.0,-6.120718262600937
2025-06-04,166.38956355967437,167.8664487405706,166.01035734329753,167.69680786132812,26900800,0.0,0.0,325084000000.0,14.717039724185632,23466000000.0,-2.4201596806387227,450256000000.0,11.894868685262132,74589000000.0,-16.860983548085066,25461000000.0,-6.120718262600937
2025-06-05,169.98200425737,170.57076063975376,167.23778374687686,167.8564910888672,36379100,0.0,0.0,325084000000.0,14.717039724185632,23466000000.0,-2.4201596806387227,450256000000.0,11.894868685262132,74589000000.0,-16.860983548085066,25461000000.0,-6.120718262600937
2025-06-06,170.47097086402252,174.1332558504034,170.47097086402252,173.31497192382812,35731800,0.0,0.0,325084000000.0,14.717039724185632,23466000000.0,-2.4201596806387227,450256000000.0,11.894868685262132,74589000000.0,-16.860983548085066,25461000000.0,-6.120718262600937
2025-06-09,174.38402968862113,176.31231302715454,174.21418342483807,175.93264770507812,28935900,0.21,0.0,325084000000.0,14.717039724185632,23466000000.0,-2.4201596806387227,450256000000.0,11.894868685262132,74589000000.0,-16.860983548085066,25461000000.0,-6.120718262600937
2025-06-10,176.04254985052344,180.94816607880887,174.7537092641778,178.44041442871094,61766100,0.0,0.0,325084000000.0,14.717039724185632,23466000000.0,-2.4201596806387227,450256000000.0,11.894868685262132,74589000000.0,-16.860983548085066,25461000000.0,-6.120718262600937
2025-06-11,179.60936400867158,180.20881870896204,176.59205837486806,177.1915283203125,31646800,0.0,0.0,325084000000.0,14.717039724185632,23466000000.0,-2.4201596806387227,450256000000.0,11.894868685262132,74589000000.0,-16.860983548085066,25461000000.0,-6.120718262600937
2025-06-12,176.02256609234394,176.56209210971562,174.59385119423692,175.54299926757812,20941900,0.0,0.0,325084000000.0,14.717039724185632,23466000000.0,-2.4201596806387227,450256000000.0,11.894868685262132,74589000000.0,-16.860983548085066,25461000000.0,-6.120718262600937
2025-06-13,172.28591297451578,176.9717245091389,172.2359546046385,174.513916015625,27663100,0.0,0.0,325084000000.0,14.717039724185632,23466000000.0,-2.4201596806387227,450256000000.0,11.894868685262132,74589000000.0,-16.860983548085066,25461000000.0,-6.120718262600937
2025-06-16,174.57385966373928,176.78189154925582,174.49392932110277,176.61204528808594,27389200,0.0,0.0,325084000000.0,14.717039724185632,23466000000.0,-2.4201596806387227,450256000000.0,11.894868685262132,74589000000.0,-16.860983548085066,25461000000.0,-6.120718262600937
2025-06-17,175.5429937823964,177.20151408744945,174.4239994778565,175.7927703857422,24973000,0.0,0.0,325084000000.0,14.717039724185632,23466000000.0,-2.4201596806387227,450256000000.0,11.894868685262132,74589000000.0,-16.860983548085066,25461000000.0,-6.120718262600937
2025-06-18,175.85271405711507,176.4022256326498,173.04522747911062,173.16513061523438,28707500,0.0,0.0,325084000000.0,14.717039724185632,23466000000.0,-2.4201596806387227,450256000000.0,11.894868685262132,74589000000.0,-16.860983548085066,25461000000.0,-6.120718262600937
2025-06-20,173.79455416726213,174.18420505107113,165.312150640077,166.4910888671875,75659900,0.0,0.0,325084000000.0,14.717039724185632,23466000000.0,-2.4201596806387227,450256000000.0,11.894868685262132,74589000000.0,-16.860983548085066,25461000000.0,-6.120718262600937
2025-06-23,166.1214256591391,167.19046158134836,161.85523705575486,165.04238891601562,57671000,0.0,0.0,325084000000.0,14.717039724185632,23466000000.0,-2.4201596806387227,450256000000.0,11.894868685262132,74589000000.0,-16.860983548085066,25461000000.0,-6.120718262600937
2025-06-24,166.77084680791774,168.06968824197463,165.98155942026995,166.62098693847656,40524300,0.0,0.0,325084000000.0,14.717039724185632,23466000000.0,-2.4201596806387227,450256000000.0,11.894868685262132,74589000000.0,-16.860983548085066,25461000000.0,-6.120718262600937
2025-06-25,167.48021861146748,172.2059878377665,167.40028826627824,170.52748107910156,35479000,0.0,0.0,325084000000.0,14.717039724185632,23466000000.0,-2.4201596806387227,450256000000.0,11.894868685262132,74589000000.0,-16.860983548085066,25461000000.0,-6.120718262600937
2025-06-26,172.275909497391,173.53479332021178,169.78814431449064,173.38491821289062,31796700,0.0,0.0,325084000000.0,14.717039724185632,23466000000.0,-2.4201596806387227,450256000000.0,11.894868685262132,74589000000.0,-16.860983548085066,25461000000.0,-6.120718262600937
2025-06-27,173.3849216100962,178.52032800475203,171.57654142712704,178.37046813964844,108140200,0.0,0.0,325084000000.0,14.717039724185632,23466000000.0,-2.4201596806387227,450256000000.0,11.894868685262132,74589000000.0,-16.860983548085066,25461000000.0,-6.120718262600937
2025-06-30,180.6184624108643,181.0680572633364,174.4240054836315,176.07252502441406,63378900,0.0,0.0,325084000000.0,14.717039724185632,23466000000.0,-2.4201596806387227,450256000000.0,11.894868685262132,74589000000.0,-16.860983548085066,25461000000.0,-6.120718262600937
2025-07-01,175.5829598377131,175.9326379218849,173.37492804100808,175.682861328125,35904500,0.0,0.0,325084000000.0,14.717039724185632,23466000000.0,-2.4201596806387227,450256000000.0,11.894868685262132,74589000000.0,-16.860983548085066,25461000000.0,-6.120718262600937
2025-07-02,175.38312608280393,178.70016656024188,174.91356011283625,178.48036193847656,29128900,0.0,0.0,325084000000.0,14.717039724185632,23466000000.0,-2.4201596806387227,450256000000.0,11.894868685262132,74589000000.0,-16.860983548085066,25461000000.0,-6.120718262600937
2025-07-03,178.34048951535135,179.50944215502514,176.89178830781478,179.36956787109375,21689700,0.0,0.0,325084000000.0,14.717039724185632,23466000000.0,-2.4201596806387227,450256000000.0,11.894868685262132,74589000000.0,-16.860983548085066,25461000000.0,-6.120718262600937
2025-07-07,178.89999490759814,179.13978593904164,175.52301029591823,176.63201904296875,34175600,0.0,0.0,325084000000.0,14.717039724185632,23466000000.0,-2.4201596806387227,450256000000.0,11.894868685262132,74589000000.0,-16.860983548085066,25461000000.0,-6.120718262600937
2025-07-08,177.691079951528,177.7909814447806,172.6555751408571,174.20419311523438,40442500,0.0,0.0,325084000000.0,14.717039724185632,23466000000.0,-2.4201596806387227,450256000000.0,11.894868685262132,74589000000.0,-16.860983548085066,25461000000.0,-6.120718262600937
2025-07-09,175.09340252603724,179.27966092294577,172.61562283881983,176.46217346191406,43025600,0.0,0.0,325084000000.0,14.717039724185632,23466000000.0,-2.4201596806387227,450256000000.0,11.894868685262132,74589000000.0,-16.860983548085066,25461000000.0,-6.120718262600937
2025-07-10,175.47306122205768,178.27054693495992,174.22417822695712,177.46127319335938,29252400,0.0,0.0,325084000000.0,14.717039724185632,23466000000.0,-2.4201596806387227,450256000000.0,11.894868685262132,74589000000.0,-16.860983548085066,25461000000.0,-6.120718262600937
2025-07-11,176.6320206592132,181.26787392679407,176.32230010231936,180.02899169921875,34282900,0.0,0.0,325084000000.0,14.717039724185632,23466000000.0,-2.4201596806387227,450256000000.0,11.894868685262132,74589000000.0,-16.860983548085066,25461000000.0,-6.120718262600937
2025-07-14,180.84823929966979,183.5058659137902,179.5194259926096,181.3977508544922,32536600,0.0,0.0,325084000000.0,14.717039724185632,23466000000.0,-2.4201596806387227,450256000000.0,11.894868685262132,74589000000.0,-16.860983548085066,25461000000.0,-6.120718262600937
2025-07-15,182.6466456022175,184.05538933948807,181.4377353487915,181.83737182617188,33448300,0.0,0.0,325084000000.0,14.717039724185632,23466000000.0,-2.4201596806387227,450256000000.0,11.894868685262132,74589000000.0,-16.860983548085066,25461000000.0,-6.120718262600937
2025-07-16,183.07626629854497,184.1652886399438,181.86734081977315,182.80650329589844,33104200,0.0,0.0,325084000000.0,14.717039724185632,23466000000.0,-2.4201596806387227,450256000000.0,11.894868685262132,74589000000.0,-16.860983548085066,25461000000.0,-6.120718262600937
2025-07-17,181.9772389358081,183.89552139280437,180.31871865434178,183.41595458984375,31992600,0.0,0.0,325084000000.0,14.717039724185632,23466000000.0,-2.4201596806387227,450256000000.0,11.894868685262132,74589000000.0,-16.860983548085066,25461000000.0,-6.120718262600937
2025-07-18,185.2343153104504,186.25340807875182,183.54583834733725,184.89462280273438,34014500,0.0,0.0,325084000000.0,14.717039724185632,23466000000.0,-2.4201596806387227,450256000000.0,11.894868685262132,74589000000.0,-16.860983548085066,25461000000.0,-6.120718262600937
2025-07-21,186.08356432217508,190.11994741222205,185.98364758555138,189.9301300048828,45803100,0.0,0.0,325084000000.0,14.717039724185632,23466000000.0,-2.4201596806387227,450256000000.0,11.894868685262132,74589000000.0,-16.860983548085066,25461000000.0,-6.120718262600937
2025-07-22,191.328882294876,191.47874216205827,187.29249900550474,191.1690216064453,44660200,0.0,0.0,325084000000.0,14.717039724185632,23466000000.0,-2.4201596806387227,450256000000.0,11.894868685262132,74589000000.0,-16.860983548085066,25461000000.0,-6.120718262600937
2025-07-23,191.32888225818212,192.35796066638142,189.01094801184496,190.0600128173828,58681900,0.0,0.0,325084000000.0,14.717039724185632,23466000000.0,-2.4201596806387227,450256000000.0,11.894868685262132,74589000000.0,-16.860983548085066,25461000000.0,-6.120718262600937
2025-07-24,196.85393348830104,197.7731095502254,190.8293230940032,191.99827575683594,74881700,0.0,0.0,325084000000.0,14.717039724185632,23466000000.0,-2.4201596806387227,450256000000.0,11.894868685262132,74589000000.0,-16.860983548085066,25461000000.0,-6.120718262600937
2025-07-25,191.80844534575607,194.1563515198352,191.08908750710862,193.0073699951172,39785900,0.0,0.0,325084000000.0,14.717039724185632,23466000000.0,-2.4201596806387227,450256000000.0,11.894868685262132,74589000000.0,-16.860983548085066,25461000000.0,-6.120718262600937
2025-07-28,193.47694913334269,193.87660084223495,190.6694625759226,192.4079132080078,38139500,0.0,0.0,325084000000.0,14.717039724185632,23466000000.0,-2.4201596806387227,450256000000.0,11.894868685262132,74589000000.0,-16.860983548085066,25461000000.0,-6.120718262600937
2025-07-29,192.2580327538162,195.7449194968108,191.90835466905762,195.5750732421875,41389200,0.0,0.0,325084000000.0,14.717039724185632,23466000000.0,-2.4201596806387227,450256000000.0,11.894868685262132,74589000000.0,-16.860983548085066,25461000000.0,-6.120718262600937
2025-07-30,195.42522371418744,197.42343657324804,194.51603320447785,196.35438537597656,32445400,0.0,0.0,325084000000.0,14.717039724185632,23466000000.0,-2.4201596806387227,450256000000.0,11.894868685262132,74589000000.0,-16.860983548085066,25461000000.0,-6.120718262600937
2025-07-31,195.53512388567077,195.8148724632573,190.91924186518514,191.728515625,51329200,0.0,0.0,325084000000.0,14.717039724185632,23466000000.0,-2.4201596806387227,450256000000.0,11.894868685262132,74589000000.0,-16.860983548085066,25461000000.0,-6.120718262600937
2025-08-01,188.86108179697592,190.65947636814528,187.65217158882444,188.96099853515625,34832200,0.0,0.0,325084000000.0,14.717039724185632,23466000000.0,-2.4201596806387227,450256000000.0,11.894868685262132,74589000000.0,-16.860983548085066,25461000000.0,-6.120718262600937
2025-08-04,190.11995195242244,195.0955128481526,189.95010569222902,194.86570739746094,31547400,0.0,0.0,325084000000.0,14.717039724185632,23466000000.0,-2.4201596806387227,450256000000.0,11.894868685262132,74589000000.0,-16.860983548085066,25461000000.0,-6.120718262600937
2025-08-05,194.5360207683401,197.68319994217242,193.71674617353807,194.4960479736328,31602300,0.0,0.0,325084000000.0,14.717039724185632,23466000000.0,-2.4201596806387227,450256000000.0,11.894868685262132,74589000000.0,-16.860983548085066,25461000000.0,-6.120718262600937
2025-08-06,194.32618893507828,196.45429038129967,193.49692881868756,195.91476440429688,21562900,0.0,0.0,325084000000.0,14.717039724185632,23466000000.0,-2.4201596806387227,450256000000.0,11.894868685262132,74589000000.0,-16.860983548085066,25461000000.0,-6.120718262600937
2025-08-07,196.88390160867925,197.36346840439734,194.15634544876863,196.34439086914062,26321800,0.0,0.0,325084000000.0,14.717039724185632,23466000000.0,-2.4201596806387227,450256000000.0,11.894868685262132,74589000000.0,-16.860983548085066,25461000000.0,-6.120718262600937
2025-08-08,197.04376174071106,202.42894452614235,196.99380337261508,201.24000549316406,39161800,0.0,0.0,325084000000.0,14.717039724185632,23466000000.0,-2.4201596806387227,450256000000.0,11.894868685262132,74589000000.0,-16.860983548085066,25461000000.0,-6.120718262600937
2025-08-11,200.76044484845534,201.29995560301907,198.8921207366326,200.8203887939453,25832400,0.0,0.0,325084000000.0,14.717039724185632,23466000000.0,-2.4201596806387227,450256000000.0,11.894868685262132,74589000000.0,-16.860983548085066,25461000000.0,-6.120718262600937
2025-08-12,201.19005382143942,204.31726177746063,200.41075203769518,203.15829467773438,30397900,0.0,0.0,325084000000.0,14.717039724185632,23466000000.0,-2.4201596806387227,450256000000.0,11.894868685262132,74589000000.0,-16.860983548085066,25461000000.0,-6.120718262600937
2025-08-13,203.94760013613634,204.3472366094903,197.33350521250262,201.779541015625,28342900,0.0,0.0,325084000000.0,14.717039724185632,23466000000.0,-2.4201596806387227,450256000000.0,11.894868685262132,74589000000.0,-16.860983548085066,25461000000.0,-6.120718262600937
2025-08-14,201.31993610316366,204.2573113073674,201.05017311120625,202.75865173339844,25230400,0.0,0.0,325084000000.0,14.717039724185632,23466000000.0,-2.4201596806387227,450256000000.0,11.894868685262132,74589000000.0,-16.860983548085066,25461000000.0,-6.120718262600937
2025-08-15,203.66784557245273,206.25552748751167,201.10013480886678,203.71778869628906,34931400,0.0,0.0,325084000000.0,14.717039724185632,23466000000.0,-2.4201596806387227,450256000000.0,11.894868685262132,74589000000.0,-16.860983548085066,25461000000.0,-6.120718262600937
2025-08-18,204.01753247133055,205.08658368227987,202.30906899226142,203.3181610107422,18526600,0.0,0.0,325084000000.0,14.717039724185632,23466000000.0,-2.4201596806387227,450256000000.0,11.894868685262132,74589000000.0,-16.860983548085066,25461000000.0,-6.120718262600937
2025-08-19,202.84857944432244,203.2582167438639,199.7813305987235,201.389892578125,24240200,0.0,0.0,325084000000.0,14.717039724185632,23466000000.0,-2.4201596806387227,450256000000.0,11.894868685262132,74589000000.0,-16.860983548085066,25461000000.0,-6.120718262600937
2025-08-20,200.55061989251405,201.10013145192505,196.4243208994537,199.1418914794922,28955500,0.0,0.0,325084000000.0,14.717039724185632,23466000000.0,-2.4201596806387227,450256000000.0,11.894868685262132,74589000000.0,-16.860983548085066,25461000000.0,-6.120718262600937
2025-08-21,199.57150268554688,202.29905887913935,199.25178132101763,199.57150268554688,19774600,0.0,0.0,325084000000.0,14.717039724185632,23466000000.0,-2.4201596806387227,450256000000.0,11.894868685262132,74589000000.0,-16.860983548085066,25461000000.0,-6.120718262600937
2025-08-22,202.54883983863883,208.353645687597,201.12012497867053,205.9058380126953,42827000,0.0,0.0,325084000000.0,14.717039724185632,23466000000.0,-2.4201596806387227,450256000000.0,11.894868685262132,74589000000.0,-16.860983548085066,25461000000.0,-6.120718262600937
2025-08-25,206.2455237198617,210.3318804204715,205.0965574752735,208.30369567871094,29928900,0.0,0.0,325084000000.0,14.717039724185632,23466000000.0,-2.4201596806387227,450256000000.0,11.894868685262132,74589000000.0,-16.860983548085066,25461000000.0,-6.120718262600937
2025-08-26,207.32455950181813,207.66426725745978,205.5161793925774,206.95489501953125,28464100,0.0,0.0,325084000000.0,14.717039724185632,23466000000.0,-2.4201596806387227,450256000000.0,11.894868685262132,74589000000.0,-16.860983548085066,25461000000.0,-6.120718262600937
2025-08-27,205.51617805576655,208.72331622375268,205.46621968804243,207.29458618164062,23022900,0.0,0.0,325084000000.0,14.717039724185632,23466000000.0,-2.4201596806387227,450256000000.0,11.894868685262132,74589000000.0,-16.860983548085066,25461000000.0,-6.120718262600937
2025-08-28,207.0648053873533,212.0303655105851,206.71511204255788,211.4508819580078,32339300,0.0,0.0,325084000000.0,14.717039724185632,23466000000.0,-2.4201596806387227,450256000000.0,11.894868685262132,74589000000.0,-16.860983548085066,25461000000.0,-6.120718262600937
2025-08-29,210.3218773757616,214.45817715575657,210.01215683893824,212.71974182128906,39728400,0.0,0.0,325084000000.0,14.717039724185632,23466000000.0,-2.4201596806387227,450256000000.0,11.894868685262132,74589000000.0,-16.860983548085066,25461000000.0,-6.120718262600937
2025-09-02,208.25374472878948,211.4908397743193,206.01574085860813,211.16114807128906,47523000,0.0,0.0,325084000000.0,14.717039724185632,23466000000.0,-2.4201596806387227,450256000000.0,11.894868685262132,74589000000.0,-16.860983548085066,25461000000.0,-6.120718262600937
2025-09-03,226.00786746880672,231.1033010071871,224.5891229524102,230.45388793945312,103336100,0.0,0.0,325084000000.0,14.717039724185632,23466000000.0,-2.4201596806387227,450256000000.0,11.894868685262132,74589000000.0,-16.860983548085066,25461000000.0,-6.120718262600937
2025-09-04,229.4447813472723,232.16235200669,225.90795135774627,232.09242248535156,51684200,0.0,0.0,325084000000.0,14.717039724185632,23466000000.0,-2.4201596806387227,450256000000.0,11.894868685262132,74589000000.0,-16.860983548085066,25461000000.0,-6.120718262600937
2025-09-05,231.9925075217388,235.54932393536487,231.69277254690593,234.79000854492188,46588900,0.0,0.0,325084000000.0,14.717039724185632,23466000000.0,-2.4201596806387227,450256000000.0,11.894868685262132,74589000000.0,-16.860983548085066,25461000000.0,-6.120718262600937
2025-09-08,235.47000122070312,238.1300048828125,233.6699981689453,234.0399932861328,32474700,0.21,0.0,325084000000.0,14.717039724185632,23466000000.0,-2.4201596806387227,450256000000.0,11.894868685262132,74589000000.0,-16.860983548085066,25461000000.0,-6.120718262600937
2025-09-09,234.1699981689453,240.47000122070312,233.22999572753906,239.6300048828125,38061000,0.0,0.0,325084000000.0,14.717039724185632,23466000000.0,-2.4201596806387227,450256000000.0,11.894868685262132,74589000000.0,-16.860983548085066,25461000000.0,-6.120718262600937
2025-09-10,238.89999389648438,241.66000366210938,237.85000610351562,239.1699981689453,35141100,0.0,0.0,325084000000.0,14.717039724185632,23466000000.0,-2.4201596806387227,450256000000.0,11.894868685262132,74589000000.0,-16.860983548085066,25461000000.0,-6.120718262600937
2025-09-11,239.8800048828125,242.25,236.25,240.3699951171875,30599300,0.0,0.0,325084000000.0,14.717039724185632,23466000000.0,-2.4201596806387227,450256000000.0,11.894868685262132,74589000000.0,-16.860983548085066,25461000000.0,-6.120718262600937
2025-09-12,240.3699951171875,242.0800018310547,238.0,240.8000030517578,26771600,0.0,0.0,325084000000.0,14.717039724185632,23466000000.0,-2.4201596806387227,450256000000.0,11.894868685262132,74589000000.0,-16.860983548085066,25461000000.0,-6.120718262600937
2025-09-15,244.66000366210938,252.41000366210938,244.66000366210938,251.61000061035156,58383800,0.0,0.0,325084000000.0,14.717039724185632,23466000000.0,-2.4201596806387227,450256000000.0,11.894868685262132,74589000000.0,-16.860983548085066,25461000000.0,-6.120718262600937
2025-09-16,252.0800018310547,253.0399932861328,249.47000122070312,251.16000366210938,34109700,0.0,0.0,325084000000.0,14.717039724185632,23466000000.0,-2.4201596806387227,450256000000.0,11.894868685262132,74589000000.0,-16.860983548085066,25461000000.0,-6.120718262600937
2025-09-17,251.22000122070312,251.60000610351562,246.27999877929688,249.52999877929688,34108000,0.0,0.0,325084000000.0,14.717039724185632,23466000000.0,-2.4201596806387227,450256000000.0,11.894868685262132,74589000000.0,-16.860983548085066,25461000000.0,-6.120718262600937
2025-09-18,251.67999267578125,253.99000549316406,249.8000030517578,252.02999877929688,31239500,0.0,0.0,325084000000.0,14.717039724185632,23466000000.0,-2.4201596806387227,450256000000.0,11.894868685262132,74589000000.0,-16.860983548085066,25461000000.0,-6.120718262600937
2025-09-19,253.25,256.0,251.80999755859375,254.72000122070312,55571400,0.0,0.0,325084000000.0,14.717039724185632,23466000000.0,-2.4201596806387227,450256000000.0,11.894868685262132,74589000000.0,-16.860983548085066,25461000000.0,-6.120718262600937
2025-09-22,254.42999267578125,255.77999877929688,250.3000030517578,252.52999877929688,32290500,0.0,0.0,325084000000.0,14.717039724185632,23466000000.0,-2.4201596806387227,450256000000.0,11.894868685262132,74589000000.0,-16.860983548085066,25461000000.0,-6.120718262600937
2025-09-23,253.0399932861328,254.36000061035156,250.47999572753906,251.66000366210938,26628000,0.0,0.0,325084000000.0,14.717039724185632,23466000000.0,-2.4201596806387227,450256000000.0,11.894868685262132,74589000000.0,-16.860983548085066,25461000000.0,-6.120718262600937
2025-09-24,251.66000366210938,252.35000610351562,246.44000244140625,247.13999938964844,28201000,0.0,0.0,325084000000.0,14.717039724185632,23466000000.0,-2.4201596806387227,450256000000.0,11.894868685262132,74589000000.0,-16.860983548085066,25461000000.0,-6.120718262600937
2025-09-25,244.39999389648438,246.49000549316406,240.74000549316406,245.7899932861328,31020400,0.0,0.0,325084000000.0,14.717039724185632,23466000000.0,-2.4201596806387227,450256000000.0,11.894868685262132,74589000000.0,-16.860983548085066,25461000000.0,-6.120718262600937
2025-09-26,247.07000732421875,249.4199981689453,245.97000122070312,246.5399932861328,18479400,0.0,0.0,325084000000.0,14.717039724185632,23466000000.0,-2.4201596806387227,450256000000.0,11.894868685262132,74589000000.0,-16.860983548085066,25461000000.0,-6.120718262600937
