Date,Open,High,Low,Close,Volume,Dividends,Stock Splits,Stockholders_Equity,Stockholders_Equity_Growth,Cash_And_Equivalents,Cash_And_Equivalents_Growth,Total_Assets,Total_Assets_Growth,Working_Capital,Working_Capital_Growth,Total_Debt,Total_Debt_Growth
2020-09-28,45.332587740658866,46.185210872132735,45.01846505080664,46.158287048339844,29652200,0.0,0.0,,0.0,,0.0,,0.0,,0.0,,0.0
2020-09-29,46.05058849545989,46.436512615058135,45.72748891405852,45.94288635253906,19558200,0.0,0.0,,0.0,,0.0,,0.0,,0.0,,0.0
2020-09-30,45.9877585881419,47.01090486067243,45.906983702222114,46.47240447998047,27711300,0.0,0.0,,0.0,,0.0,,0.0,,0.0,,0.0
2020-10-01,47.02885714361576,47.31605598895275,46.66088340904773,46.885257720947266,22127600,0.0,0.0,,0.0,,0.0,,0.0,,0.0,,0.0
2020-10-02,46.22111294039433,46.65191125210389,45.76339080410311,45.78133773803711,25811800,0.0,0.0,,0.0,,0.0,,0.0,,0.0,,0.0
2020-10-05,46.04161248281101,46.499338039749524,46.014688658407785,46.39163589477539,20883200,0.0,0.0,,0.0,,0.0,,0.0,,0.0,,0.0
2020-10-06,46.409584183504066,47.29810800969016,45.97878589385278,46.104434967041016,25642800,0.0,0.0,,0.0,,0.0,,0.0,,0.0,,0.0
2020-10-07,46.53524298337031,47.47761807661583,46.48139532570909,47.27119064331055,21978700,0.0,0.0,,0.0,,0.0,,0.0,,0.0,,0.0
2020-10-08,47.48658895396185,48.08791401325743,47.27118806402646,47.899436950683594,22369500,0.0,0.0,,0.0,,0.0,,0.0,,0.0,,0.0
2020-10-09,48.06096851631392,48.33021695875473,47.27117011796514,47.40579605102539,24343900,0.0,0.0,,0.0,,0.0,,0.0,,0.0,,0.0
2020-10-12,48.06098668038916,48.64436137922349,47.75583741731414,48.35716247558594,27303500,0.0,0.0,,0.0,,0.0,,0.0,,0.0,,0.0
2020-10-13,48.70718399790708,48.7251343566342,48.12380932215885,48.312286376953125,20005800,0.0,0.0,,0.0,,0.0,,0.0,,0.0,,0.0
2020-10-14,48.47382200922718,48.82384879126736,48.02507341160039,48.06097412109375,21874200,0.0,0.0,,0.0,,0.0,,0.0,,0.0,,0.0
2020-10-15,47.342988738531645,48.4469101504083,47.226313115711235,48.33023452758789,18272900,0.0,0.0,,0.0,,0.0,,0.0,,0.0,,0.0
2020-10-16,48.37510026387895,49.093097336388304,48.37510026387895,48.60844802856445,23414400,0.0,0.0,,0.0,,0.0,,0.0,,0.0,,0.0
2020-10-19,48.88668352308953,50.4662774099584,48.32125921345225,48.985408782958984,43537200,0.0,0.0,,0.0,,0.0,,0.0,,0.0,,0.0
2020-10-20,49.00334381229337,49.09309558295148,47.80967436382036,47.95327377319336,27224900,0.0,0.0,,0.0,,0.0,,0.0,,0.0,,0.0
2020-10-21,47.693006075381206,48.52767884004622,47.40580721266642,48.01610565185547,21866000,0.0,0.0,,0.0,,0.0,,0.0,,0.0,,0.0
2020-10-22,47.675056575353864,48.662305679399985,47.63018239418826,48.37510681152344,41522700,0.0,0.0,,0.0,,0.0,,0.0,,0.0,,0.0
2020-10-23,43.393995258715286,43.681194135203874,42.774723323226894,43.25937271118164,97322500,0.0,0.0,,0.0,,0.0,,0.0,,0.0,,0.0
2020-10-26,42.94524556031709,42.95422245081328,41.50925121217882,41.93107604980469,54161300,0.0,0.0,,0.0,,0.0,,0.0,,0.0,,0.0
2020-10-27,41.266933642369445,41.65285783194208,40.710486164440994,40.96178436279297,50130500,0.0,0.0,,0.0,,0.0,,0.0,,0.0,,0.0
2020-10-28,40.28865402184774,40.64765431820468,39.66938210549662,39.714256286621094,45066000,0.0,0.0,,0.0,,0.0,,0.0,,0.0,,0.0
2020-10-29,39.70528722559771,39.911711220619715,39.41808490243563,39.5886116027832,36796800,0.0,0.0,,0.0,,0.0,,0.0,,0.0,,0.0
2020-10-30,39.57963062767173,40.20787943934665,39.13985885607571,39.741180419921875,46781300,0.0,0.0,,0.0,,0.0,,0.0,,0.0,,0.0
2020-11-02,40.351477683277935,40.441229467257045,39.70528195703075,39.90272903442383,33856700,0.0,0.0,,0.0,,0.0,,0.0,,0.0,,0.0
2020-11-03,40.14505168508155,40.80022426842779,40.11812786308988,40.252750396728516,34349500,0.0,0.0,,0.0,,0.0,,0.0,,0.0,,0.0
2020-11-04,40.486097720230056,41.419495594880196,40.18992201197992,41.015621185302734,34748200,0.0,0.0,,0.0,,0.0,,0.0,,0.0,,0.0
2020-11-05,41.72077239337944,41.928697815588635,41.16027417846792,41.29587936401367,31103200,0.33,0.0,,0.0,,0.0,,0.0,,0.0,,0.0
2020-11-06,41.16931949027874,41.40436458801582,40.59074375869512,41.033714294433594,36233700,0.0,0.0,,0.0,,0.0,,0.0,,0.0,,0.0
2020-11-09,42.16373985271517,42.805596994334586,41.16931339241982,41.22355270385742,48481700,0.0,0.0,,0.0,,0.0,,0.0,,0.0,,0.0
2020-11-10,41.04274862307498,42.0190941210704,40.90714345318933,41.07890701293945,39224500,0.0,0.0,,0.0,,0.0,,0.0,,0.0,,0.0
2020-11-11,41.49476453651791,42.001016520448054,41.45860269521348,41.901573181152344,31496900,0.0,0.0,,0.0,,0.0,,0.0,,0.0,,0.0
2020-11-12,41.70269075060794,41.7569300650214,40.274329028947136,40.63594055175781,42881300,0.0,0.0,,0.0,,0.0,,0.0,,0.0,,0.0
2020-11-13,40.672099138552646,41.205474195288886,40.65401821900092,41.096988677978516,30884700,0.0,0.0,,0.0,,0.0,,0.0,,0.0,,0.0
2020-11-16,41.621318159360264,42.263175179344046,41.395311874978745,41.756919860839844,36306300,0.0,0.0,,0.0,,0.0,,0.0,,0.0,,0.0
2020-11-17,41.35916119304095,41.69364961850707,41.05179242546628,41.160274505615234,31118000,0.0,0.0,,0.0,,0.0,,0.0,,0.0,,0.0
2020-11-18,41.17835641097468,41.304919415603045,40.717304972888016,40.73538589477539,32817900,0.0,0.0,,0.0,,0.0,,0.0,,0.0,,0.0
2020-11-19,40.60881595155715,41.28683494543866,40.409932725054965,41.241634368896484,29469100,0.0,0.0,,0.0,,0.0,,0.0,,0.0,,0.0
2020-11-20,41.27780157780482,41.47668827875546,40.979474974962244,41.033714294433594,24199300,0.0,0.0,,0.0,,0.0,,0.0,,0.0,,0.0
2020-11-23,41.11507929603103,41.77501749671723,41.08795963459766,41.6394157409668,35489600,0.0,0.0,,0.0,,0.0,,0.0,,0.0,,0.0
2020-11-24,41.847330320382994,42.76039432013018,41.594200901292695,42.498226165771484,33901200,0.0,0.0,,0.0,,0.0,,0.0,,0.0,,0.0
2020-11-25,42.516308576095945,42.65191374995702,42.100457767510115,42.53438949584961,28126900,0.0,0.0,,0.0,,0.0,,0.0,,0.0,,0.0
2020-11-27,42.814641303367516,43.48361813390467,42.814641303367516,42.89600372314453,15921400,0.0,0.0,,0.0,,0.0,,0.0,,0.0,,0.0
2020-11-30,42.868881374460315,43.84523042902446,42.73327963815959,43.709625244140625,46332700,0.0,0.0,,0.0,,0.0,,0.0,,0.0,,0.0
2020-12-01,44.07122803922488,45.40918490740633,44.03506620394317,44.803489685058594,57768000,0.0,0.0,,0.0,,0.0,,0.0,,0.0,,0.0
2020-12-02,44.49612902998882,45.25551046533587,44.45996718816681,45.11086654663086,33753500,0.0,0.0,,0.0,,0.0,,0.0,,0.0,,0.0
2020-12-03,45.12893471001101,46.20472686651763,45.002371738323724,46.09624481201172,50261200,0.0,0.0,,0.0,,0.0,,0.0,,0.0,,0.0
2020-12-04,46.159530892780666,47.596931190253,46.10528813583697,47.000274658203125,39767700,0.0,0.0,,0.0,,0.0,,0.0,,0.0,,0.0
2020-12-07,46.10529590157899,46.367464098091084,44.80350055290673,45.382076263427734,51040300,0.0,0.0,,0.0,,0.0,,0.0,,0.0,,0.0
2020-12-08,45.04758758779372,45.85216964649404,45.029506665863195,45.82504653930664,28956500,0.0,0.0,,0.0,,0.0,,0.0,,0.0,,0.0
2020-12-09,45.454386090894985,45.96064144592658,44.957172919097104,45.26454162597656,34068400,0.0,0.0,,0.0,,0.0,,0.0,,0.0,,0.0
2020-12-10,44.89388847850938,45.85215637190072,44.830606994364715,45.436302185058594,33706000,0.0,0.0,,0.0,,0.0,,0.0,,0.0,,0.0
2020-12-11,45.3278264308012,45.3278264308012,44.40572024269473,44.957176208496094,29398800,0.0,0.0,,0.0,,0.0,,0.0,,0.0,,0.0
2020-12-14,45.03853805641576,46.412656861757114,44.96621782907289,45.626155853271484,33436400,0.0,0.0,,0.0,,0.0,,0.0,,0.0,,0.0
2020-12-15,46.087210148733654,46.1143298046394,45.39111024229535,45.80696105957031,25465600,0.0,0.0,,0.0,,0.0,,0.0,,0.0,,0.0
2020-12-16,45.84312158942549,46.521140556351426,45.81600193429495,46.21377182006836,28351000,0.0,0.0,,0.0,,0.0,,0.0,,0.0,,0.0
2020-12-17,46.24089586302709,46.39457850999882,45.40015205107512,45.788883209228516,26399000,0.0,0.0,,0.0,,0.0,,0.0,,0.0,,0.0
2020-12-18,45.71655596549998,45.815999293356896,42.588629472708995,42.90503692626953,119298400,0.0,0.0,,0.0,,0.0,,0.0,,0.0,,0.0
2020-12-21,41.87445598493989,41.99198025179335,40.89811035243259,41.91061782836914,53775700,0.0,0.0,,0.0,,0.0,,0.0,,0.0,,0.0
2020-12-22,41.81116950343992,41.892531917173706,41.37723777972064,41.73884582519531,32171200,0.0,0.0,,0.0,,0.0,,0.0,,0.0,,0.0
2020-12-23,41.73884475302444,42.51630703126889,41.64844360612366,42.10045623779297,22564200,0.0,0.0,,0.0,,0.0,,0.0,,0.0,,0.0
2020-12-24,42.127578160692806,42.57055208095902,41.89253309694411,42.55247116088867,11865600,0.0,0.0,,0.0,,0.0,,0.0,,0.0,,0.0
2020-12-28,42.66095323272785,43.06776531285337,42.362626673024394,42.55247116088867,21269200,0.0,0.0,,0.0,,0.0,,0.0,,0.0,,0.0
2020-12-29,42.68807746731436,45.806962117490734,42.02813938589759,44.649810791015625,84531400,0.0,0.0,,0.0,,0.0,,0.0,,0.0,,0.0
2020-12-30,44.39668149049393,44.4690017187153,43.8994682825054,44.071231842041016,37385400,0.0,0.0,,0.0,,0.0,,0.0,,0.0,,0.0
2020-12-31,44.07123309745304,45.37302827976491,44.044113442170335,45.03853988647461,28576800,0.0,0.0,,0.0,,0.0,,0.0,,0.0,,0.0
2021-01-04,45.101825529359715,46.457863595539294,44.65885502561427,44.90293884277344,46102500,0.0,0.0,,0.0,,0.0,,0.0,,0.0,,0.0
2021-01-05,44.70404696717199,45.95160271261105,44.59556490844152,45.752716064453125,24866600,0.0,0.0,,0.0,,0.0,,0.0,,0.0,,0.0
2021-01-06,45.59903737713279,47.14492334535654,45.382073224507614,46.19569396972656,36809600,0.0,0.0,,0.0,,0.0,,0.0,,0.0,,0.0
2021-01-07,46.548264903993015,47.633092521198556,46.37649788735526,47.18107986450195,32092300,0.0,0.0,,0.0,,0.0,,0.0,,0.0,,0.0
2021-01-08,47.41612880829613,47.48844904076202,46.34937865290666,46.692909240722656,34625400,0.0,0.0,,0.0,,0.0,,0.0,,0.0,,0.0
2021-01-11,46.367453780837906,47.22627841880005,46.33129194483092,46.59346008300781,32925000,0.0,0.0,,0.0,,0.0,,0.0,,0.0,,0.0
2021-01-12,46.9189196978397,48.68176647116758,46.61155092351375,48.130313873291016,39883900,0.0,0.0,,0.0,,0.0,,0.0,,0.0,,0.0
2021-01-13,53.7895013236229,54.467520247870254,51.43903709899846,51.48423767089844,124070700,0.0,0.0,,0.0,,0.0,,0.0,,0.0,,0.0
2021-01-14,52.84027989465254,54.36808142230457,52.28882390549671,53.563499450683594,74680900,0.0,0.0,,0.0,,0.0,,0.0,,0.0,,0.0
2021-01-15,53.20188872416388,53.9251117393238,51.98145592110162,52.05377960205078,50265400,0.0,0.0,,0.0,,0.0,,0.0,,0.0,,0.0
2021-01-19,52.37921919860361,52.740830660467346,51.61983788755575,52.42442321777344,35647100,0.0,0.0,,0.0,,0.0,,0.0,,0.0,,0.0
2021-01-20,52.65043776999259,53.53638219695184,52.514832588397766,53.03916549682617,28701300,0.0,0.0,,0.0,,0.0,,0.0,,0.0,,0.0
2021-01-21,53.37365487895273,57.81241899222635,52.63235440412696,56.46541976928711,86519500,0.0,0.0,,0.0,,0.0,,0.0,,0.0,,0.0
2021-01-22,53.20189069964345,53.89799063600339,51.21303767985282,51.222076416015625,85729300,0.0,0.0,,0.0,,0.0,,0.0,,0.0,,0.0
2021-01-25,50.968945658890554,51.077427725625,48.87160730958337,50.11915969848633,61968500,0.0,0.0,,0.0,,0.0,,0.0,,0.0,,0.0
2021-01-26,49.97451348468253,50.806218487445655,49.58578236087736,49.911231994628906,31485900,0.0,0.0,,0.0,,0.0,,0.0,,0.0,,0.0
2021-01-27,49.3688264222685,49.58579058168488,48.184551936128344,48.446720123291016,49722900,0.0,0.0,,0.0,,0.0,,0.0,,0.0,,0.0
2021-01-28,49.53154654544956,51.8910531078713,49.45018413127699,50.688697814941406,49202600,0.0,0.0,,0.0,,0.0,,0.0,,0.0,,0.0
2021-01-29,50.6073346960304,51.67408480095659,50.046839988748374,50.18244171142578,37256200,0.0,0.0,,0.0,,0.0,,0.0,,0.0,,0.0
2021-02-01,50.5802182808883,51.882013524318666,50.36325068269175,51.24919509887695,26926600,0.0,0.0,,0.0,,0.0,,0.0,,0.0,,0.0
2021-02-02,51.70121364685248,52.686601513914425,51.42096796768275,52.433475494384766,23580900,0.0,0.0,,0.0,,0.0,,0.0,,0.0,,0.0
2021-02-03,52.33401712863429,52.731790415004596,51.87296580412061,52.14417266845703,21893200,0.0,0.0,,0.0,,0.0,,0.0,,0.0,,0.0
2021-02-04,52.39702397849234,53.55210545276996,52.01502686384589,53.47024917602539,29853800,0.348,0.0,,0.0,,0.0,,0.0,,0.0,,0.0
2021-02-05,53.66124347590387,53.73400614937411,52.860871415307486,52.915443420410156,23432600,0.0,0.0,,0.0,,0.0,,0.0,,0.0,,0.0
2021-02-08,53.097355304805134,53.861346153418005,52.70626454482974,53.8067741394043,34358300,0.0,0.0,,0.0,,0.0,,0.0,,0.0,,0.0
2021-02-09,53.452053709312125,53.94319132569838,52.69715661714268,53.46114730834961,28754100,0.0,0.0,,0.0,,0.0,,0.0,,0.0,,0.0
2021-02-10,53.93410080037459,54.04324134964066,52.86087556896432,53.53391647338867,16325100,0.0,0.0,,0.0,,0.0,,0.0,,0.0,,0.0
2021-02-11,53.752191104107546,55.47117276316548,53.533910031840406,55.1710319519043,27539100,0.0,0.0,,0.0,,0.0,,0.0,,0.0,,0.0
2021-02-12,55.11645952117565,56.85362836483985,54.961844051979725,56.21697235107422,26214200,0.0,0.0,,0.0,,0.0,,0.0,,0.0,,0.0
2021-02-16,56.38978108144681,57.18105607031898,56.1169279959235,56.81725311279297,26326300,0.0,0.0,,0.0,,0.0,,0.0,,0.0,,0.0
2021-02-17,55.92593908113215,56.56259521409304,55.671273158432086,56.253360748291016,21055400,0.0,0.0,,0.0,,0.0,,0.0,,0.0,,0.0
2021-02-18,55.16194105577823,56.371591020111794,55.152843986770876,56.035072326660156,17846100,0.0,0.0,,0.0,,0.0,,0.0,,0.0,,0.0
2021-02-19,56.30792527792256,57.53576590776384,56.253353272557185,57.308387756347656,28290100,0.0,0.0,,0.0,,0.0,,0.0,,0.0,,0.0
2021-02-22,56.28063846261866,57.02643848794606,55.17103202368592,55.21650695800781,32288200,0.0,0.0,,0.0,,0.0,,0.0,,0.0,,0.0
2021-02-23,55.00733269267823,55.93503614756513,53.815869698070216,55.589420318603516,27374600,0.0,0.0,,0.0,,0.0,,0.0,,0.0,,0.0
2021-02-24,55.05280326218657,57.5539632163281,54.91637843730642,57.47210693359375,24669900,0.0,0.0,,0.0,,0.0,,0.0,,0.0,,0.0
2021-02-25,56.76268937430107,57.790439731277125,54.68900145891197,54.9345703125,36394000,0.0,0.0,,0.0,,0.0,,0.0,,0.0,,0.0
2021-02-26,55.380232660460194,56.107842191100715,54.27972302852166,55.28018569946289,38216800,0.0,0.0,,0.0,,0.0,,0.0,,0.0,,0.0
2021-03-01,56.13512051942791,57.372058248829184,56.071454913018904,57.190155029296875,28495400,0.0,0.0,,0.0,,0.0,,0.0,,0.0,,0.0
2021-03-02,57.11740029885246,57.42663477421808,55.58032499249986,55.69856262207031,23320000,0.0,0.0,,0.0,,0.0,,0.0,,0.0,,0.0
2021-03-03,55.15285008337119,55.9532222382438,54.2979093864835,54.47981262207031,28740400,0.0,0.0,,0.0,,0.0,,0.0,,0.0,,0.0
2021-03-04,54.4161411696202,54.7890412012682,52.669875152733404,53.05187225341797,40210400,0.0,0.0,,0.0,,0.0,,0.0,,0.0,,0.0
2021-03-05,53.8977118683199,55.64397775816161,53.21557745984572,55.24379348754883,39511700,0.0,0.0,,0.0,,0.0,,0.0,,0.0,,0.0
2021-03-08,54.99823032008055,56.1169304482748,54.31609584170488,54.434329986572266,33112400,0.0,0.0,,0.0,,0.0,,0.0,,0.0,,0.0
2021-03-09,55.64398130231786,57.45390943848815,55.334746878666095,56.99915313720703,36387500,0.0,0.0,,0.0,,0.0,,0.0,,0.0,,0.0
2021-03-10,57.499393026052736,58.31795582993341,56.5080240611375,56.617164611816406,27160300,0.0,0.0,,0.0,,0.0,,0.0,,0.0,,0.0
2021-03-11,57.24472325373675,58.29066068868114,56.74449200489245,57.58124542236328,30701800,0.0,0.0,,0.0,,0.0,,0.0,,0.0,,0.0
2021-03-12,56.98096915707195,57.572150300422905,56.608069107737656,57.20834732055664,20173000,0.0,0.0,,0.0,,0.0,,0.0,,0.0,,0.0
2021-03-15,57.854105880353714,58.099674736214745,56.826355513864755,58.017818450927734,21247400,0.0,0.0,,0.0,,0.0,,0.0,,0.0,,0.0
2021-03-16,58.345237679981594,59.78226932729189,58.281572072266876,58.91822814941406,30186600,0.0,0.0,,0.0,,0.0,,0.0,,0.0,,0.0
2021-03-17,58.40891340537766,60.291604632813645,57.94505993223198,59.82775115966797,32394700,0.0,0.0,,0.0,,0.0,,0.0,,0.0,,0.0
2021-03-18,59.69131355455781,59.75497916338515,57.89048236828096,57.96324157714844,30094200,0.0,0.0,,0.0,,0.0,,0.0,,0.0,,0.0
2021-03-19,57.46300876592099,59.10922442077035,57.22653353703205,57.99052429199219,54951700,0.0,0.0,,0.0,,0.0,,0.0,,0.0,,0.0
2021-03-22,58.9546116468702,60.37344920734467,58.7181364071141,59.691314697265625,34380100,0.0,0.0,,0.0,,0.0,,0.0,,0.0,,0.0
2021-03-23,60.02783106515687,60.07330947036384,57.453908764722996,57.73585891723633,35160000,0.0,0.0,,0.0,,0.0,,0.0,,0.0,,0.0
2021-03-24,60.55535486365655,61.337536310195794,56.38069159510502,56.42616653442383,74584700,0.0,0.0,,0.0,,0.0,,0.0,,0.0,,0.0
2021-03-25,56.08055293081127,56.78997172640932,55.462084017386864,56.40797805786133,35401400,0.0,0.0,,0.0,,0.0,,0.0,,0.0,,0.0
2021-03-26,56.20788072788104,59.09103761466749,56.18059645879501,59.00008773803711,34705800,0.0,0.0,,0.0,,0.0,,0.0,,0.0,,0.0
2021-03-29,58.21791111445461,59.23656091925033,57.85410463887126,58.663570404052734,26161600,0.0,0.0,,0.0,,0.0,,0.0,,0.0,,0.0
2021-03-30,57.9996223449707,58.20880983898771,57.43572547111983,57.9996223449707,20709500,0.0,0.0,,0.0,,0.0,,0.0,,0.0,,0.0
2021-03-31,58.21790596824485,58.65446814912957,57.82681525589396,58.20880889892578,33013200,0.0,0.0,,0.0,,0.0,,0.0,,0.0,,0.0
2021-04-01,58.86366089812534,59.018276386094435,57.82681701322644,58.70904541015625,31416300,0.0,0.0,,0.0,,0.0,,0.0,,0.0,,0.0
2021-04-05,59.07285671144272,60.7008855423072,58.84547849940632,60.518985748291016,27947500,0.0,0.0,,0.0,,0.0,,0.0,,0.0,,0.0
2021-04-06,60.082411414667426,60.555361941310586,59.38208963437075,59.627655029296875,28771400,0.0,0.0,,0.0,,0.0,,0.0,,0.0,,0.0
2021-04-07,59.727699455836756,60.54626230259057,59.44575272935601,60.255218505859375,17793300,0.0,0.0,,0.0,,0.0,,0.0,,0.0,,0.0
2021-04-08,60.910055934923484,61.201099670262046,60.355252730210914,60.982818603515625,22224200,0.0,0.0,,0.0,,0.0,,0.0,,0.0,,0.0
2021-04-09,60.75545196374595,62.21067091577521,60.60082952897462,62.08333969116211,27177100,0.0,0.0,,0.0,,0.0,,0.0,,0.0,,0.0
2021-04-12,62.02876437915184,62.29252389915058,58.85456694715206,59.49123001098633,51266900,0.0,0.0,,0.0,,0.0,,0.0,,0.0,,0.0
2021-04-13,59.673125976540646,59.69131317650573,58.39980686902733,59.318416595458984,26822000,0.0,0.0,,0.0,,0.0,,0.0,,0.0,,0.0
2021-04-14,59.400272095396176,59.46393770670512,58.06329078839282,58.381622314453125,25768400,0.0,0.0,,0.0,,0.0,,0.0,,0.0,,0.0
2021-04-15,58.18153233696423,59.31842328636863,57.91777280401861,59.13651657104492,24927700,0.0,0.0,,0.0,,0.0,,0.0,,0.0,,0.0
2021-04-16,59.418464449004176,59.59126713791589,58.727232876264324,58.89094543457031,24625500,0.0,0.0,,0.0,,0.0,,0.0,,0.0,,0.0
2021-04-19,58.845470243543126,58.88185158504863,57.362967007108736,57.87229537963867,23997700,0.0,0.0,,0.0,,0.0,,0.0,,0.0,,0.0
2021-04-20,57.88139573357249,57.99053630130729,56.7626953731216,57.02645492553711,19872100,0.0,0.0,,0.0,,0.0,,0.0,,0.0,,0.0
2021-04-21,57.10830245582243,58.00871807312476,56.662639712555574,57.93595886230469,24364200,0.0,0.0,,0.0,,0.0,,0.0,,0.0,,0.0
2021-04-22,57.617625705262796,58.12695404461384,56.644447435237865,56.908206939697266,38257600,0.0,0.0,,0.0,,0.0,,0.0,,0.0,,0.0
2021-04-23,53.80676918170424,54.57075995992379,52.660784749132645,53.87953186035156,77479500,0.0,0.0,,0.0,,0.0,,0.0,,0.0,,0.0
2021-04-26,53.75219709123579,54.134194214524236,53.170109541001466,53.442962646484375,39645900,0.0,0.0,,0.0,,0.0,,0.0,,0.0,,0.0
2021-04-27,53.26106561073868,53.32473122295407,52.54254973629001,52.72445297241211,38167700,0.0,0.0,,0.0,,0.0,,0.0,,0.0,,0.0
2021-04-28,52.31516661089392,52.897254135822116,51.97864791107893,52.4061164855957,30387400,0.0,0.0,,0.0,,0.0,,0.0,,0.0,,0.0
2021-04-29,52.64259804988275,53.02459173304553,52.26969796747901,53.00640106201172,23290600,0.0,0.0,,0.0,,0.0,,0.0,,0.0,,0.0
2021-04-30,52.39703102774451,53.14283121863576,51.90589330120172,52.32426834106445,30731800,0.0,0.0,,0.0,,0.0,,0.0,,0.0,,0.0
2021-05-03,52.624403067652985,52.64259373719654,51.69669973802421,52.07869338989258,22281700,0.0,0.0,,0.0,,0.0,,0.0,,0.0,,0.0
2021-05-04,51.73307962515644,51.824029500806155,50.75990138373999,51.75127029418945,35323600,0.0,0.0,,0.0,,0.0,,0.0,,0.0,,0.0
2021-05-05,51.80583459543413,52.11506900467751,51.3510783153418,51.705787658691406,21001900,0.0,0.0,,0.0,,0.0,,0.0,,0.0,,0.0
2021-05-06,51.813780839072614,52.39030393846324,51.475189459188776,52.33539581298828,25529300,0.348,0.0,,0.0,,0.0,,0.0,,0.0,,0.0
2021-05-07,52.802102565347894,53.08578580048553,52.38115077129017,52.7746467590332,19959000,0.0,0.0,,0.0,,0.0,,0.0,,0.0,,0.0
2021-05-10,52.29879909540392,52.37200644577666,51.13660317207439,51.218963623046875,35046500,0.0,0.0,,0.0,,0.0,,0.0,,0.0,,0.0
2021-05-11,50.37704664163322,50.90781466525208,49.69071084681292,50.367897033691406,35968100,0.0,0.0,,0.0,,0.0,,0.0,,0.0,,0.0
2021-05-12,49.77307034253882,50.01100203514834,48.88540828090633,49.06843185424805,30232300,0.0,0.0,,0.0,,0.0,,0.0,,0.0,,0.0
2021-05-13,49.45279074051112,49.773079434200525,48.922022629957304,49.42533493041992,29192500,0.0,0.0,,0.0,,0.0,,0.0,,0.0,,0.0
2021-05-14,49.96524500828535,51.10913801205456,49.65410597162475,50.651580810546875,28158300,0.0,0.0,,0.0,,0.0,,0.0,,0.0,,0.0
2021-05-17,50.59667629374889,51.14574354043296,50.111663285264065,50.63328170776367,20010200,0.0,0.0,,0.0,,0.0,,0.0,,0.0,,0.0
2021-05-18,51.20064528045458,51.37451573902916,50.14826244943397,50.18486785888672,18703400,0.0,0.0,,0.0,,0.0,,0.0,,0.0,,0.0
2021-05-19,49.4802450672258,50.72480145471573,49.269769132706934,50.660743713378906,23769700,0.0,0.0,,0.0,,0.0,,0.0,,0.0,,0.0
2021-05-20,50.85290861519181,51.46603709878521,50.66073542263092,51.200653076171875,23145200,0.0,0.0,,0.0,,0.0,,0.0,,0.0,,0.0
2021-05-21,51.63075377589602,51.896137794866405,51.228104688788314,51.319618225097656,17723100,0.0,0.0,,0.0,,0.0,,0.0,,0.0,,0.0
2021-05-24,51.841225255195845,52.518407866153325,51.612446685651086,52.124908447265625,19164400,0.0,0.0,,0.0,,0.0,,0.0,,0.0,,0.0
2021-05-25,52.67399181582893,52.67399181582893,51.63075835469166,52.04256057739258,22309900,0.0,0.0,,0.0,,0.0,,0.0,,0.0,,0.0
2021-05-26,52.20727991517172,52.37200079935752,51.786328095978945,52.088314056396484,15173600,0.0,0.0,,0.0,,0.0,,0.0,,0.0,,0.0
2021-05-27,52.26218554354143,52.96682407203346,52.161522397916215,52.82955551147461,32387600,0.0,0.0,,0.0,,0.0,,0.0,,0.0,,0.0
2021-05-28,52.664838931933645,52.75635247673404,52.10661852674799,52.271339416503906,20303900,0.0,0.0,,0.0,,0.0,,0.0,,0.0,,0.0
2021-06-01,52.71973546490601,52.911908630397726,51.78631845852394,52.06085205078125,20326400,0.0,0.0,,0.0,,0.0,,0.0,,0.0,,0.0
2021-06-02,52.07916550682539,52.792953692224074,51.9418969369173,52.60078048706055,18483600,0.0,0.0,,0.0,,0.0,,0.0,,0.0,,0.0
2021-06-03,52.14322434726896,52.25303711099252,51.32877299212335,51.466041564941406,21831300,0.0,0.0,,0.0,,0.0,,0.0,,0.0,,0.0
2021-06-04,51.749717119279,52.847855065571636,51.74056751153379,52.5001106262207,21493800,0.0,0.0,,0.0,,0.0,,0.0,,0.0,,0.0
2021-06-07,52.53671755425886,52.56416986917057,51.96019450492212,52.24388122558594,17364400,0.0,0.0,,0.0,,0.0,,0.0,,0.0,,0.0
2021-06-08,52.57332794338729,52.74719843908985,51.79547853539381,52.16152572631836,33254500,0.0,0.0,,0.0,,0.0,,0.0,,0.0,,0.0
2021-06-09,52.4909674999735,52.600780260896975,52.13407340880867,52.16152572631836,13904800,0.0,0.0,,0.0,,0.0,,0.0,,0.0,,0.0
2021-06-10,52.298790003958054,53.104088172493114,52.097463716382066,52.5092658996582,26738100,0.0,0.0,,0.0,,0.0,,0.0,,0.0,,0.0
2021-06-11,52.59162822629419,53.021729641275165,52.115768296394656,52.939369201660156,18119700,0.0,0.0,,0.0,,0.0,,0.0,,0.0,,0.0
2021-06-14,53.094939577466114,53.25966045391958,52.371998340907496,53.25050735473633,21784500,0.0,0.0,,0.0,,0.0,,0.0,,0.0,,0.0
2021-06-15,53.26881243351843,53.46098563430737,52.89361564064659,53.06748962402344,20806500,0.0,0.0,,0.0,,0.0,,0.0,,0.0,,0.0
2021-06-16,53.213910787629075,53.41523360842893,51.951051771317,52.36285400390625,21879700,0.0,0.0,,0.0,,0.0,,0.0,,0.0,,0.0
2021-06-17,52.20727088665177,52.98512014765205,51.88698227328252,52.326236724853516,21498800,0.0,0.0,,0.0,,0.0,,0.0,,0.0,,0.0
2021-06-18,51.86868352823351,51.932741255798106,50.422801126896935,50.94441604614258,55118300,0.0,0.0,,0.0,,0.0,,0.0,,0.0,,0.0
2021-06-21,51.017636266867676,51.28302032472297,50.6698917597085,51.12744903564453,19254600,0.0,0.0,,0.0,,0.0,,0.0,,0.0,,0.0
2021-06-22,51.191506775004775,51.50264586227668,50.788857628899656,51.12744903564453,18682800,0.0,0.0,,0.0,,0.0,,0.0,,0.0,,0.0
2021-06-23,51.12744185334773,51.21895539021026,50.54176918096552,50.56922149658203,20287900,0.0,0.0,,0.0,,0.0,,0.0,,0.0,,0.0
2021-06-24,50.77970597757057,51.33792289942382,50.6424374039552,51.31047058105469,21209700,0.0,0.0,,0.0,,0.0,,0.0,,0.0,,0.0
2021-06-25,51.26471038626459,51.621604452629704,51.01762907319232,51.16404724121094,21101200,0.0,0.0,,0.0,,0.0,,0.0,,0.0,,0.0
2021-06-28,51.57585323530363,52.829559109650866,51.557550526590234,52.60078048706055,22480900,0.0,0.0,,0.0,,0.0,,0.0,,0.0,,0.0
2021-06-29,52.66483777510525,52.921072204033166,51.136598264798,51.93274688720703,26360000,0.0,0.0,,0.0,,0.0,,0.0,,0.0,,0.0
2021-06-30,51.55755057395641,51.594155991416834,50.688191109137556,51.37452697753906,29891600,0.0,0.0,,0.0,,0.0,,0.0,,0.0,,0.0
2021-07-01,51.36537425965049,51.83208108592609,51.12744255144368,51.255558013916016,24871600,0.0,0.0,,0.0,,0.0,,0.0,,0.0,,0.0
2021-07-02,51.74972133498689,52.1523739262634,51.53924543085807,51.94189453125,17219400,0.0,0.0,,0.0,,0.0,,0.0,,0.0,,0.0
2021-07-06,52.08830899157893,52.1706694256635,50.97187181840226,51.328765869140625,26186600,0.0,0.0,,0.0,,0.0,,0.0,,0.0,,0.0
2021-07-07,51.584997482630776,51.65820830987504,50.98102212140307,51.209800720214844,14857400,0.0,0.0,,0.0,,0.0,,0.0,,0.0,,0.0
2021-07-08,50.614979307918404,50.9901760766358,50.139119395491676,50.68818664550781,19162000,0.0,0.0,,0.0,,0.0,,0.0,,0.0,,0.0
2021-07-09,50.79799712699329,51.34706784335397,50.61497704575735,51.23725509643555,18708000,0.0,0.0,,0.0,,0.0,,0.0,,0.0,,0.0
2021-07-12,51.484339047555196,51.9418962870108,51.34707397024933,51.91444396972656,15392800,0.0,0.0,,0.0,,0.0,,0.0,,0.0,,0.0
2021-07-13,51.813781952657045,52.43606009120849,51.55755101003637,52.04256057739258,15716000,0.0,0.0,,0.0,,0.0,,0.0,,0.0,,0.0
2021-07-14,52.317085567486735,52.582469566056375,51.54839286688646,51.72226333618164,16263600,0.0,0.0,,0.0,,0.0,,0.0,,0.0,,0.0
2021-07-15,51.6124463998829,51.6124463998829,50.852899877575474,51.07252883911133,18917000,0.0,0.0,,0.0,,0.0,,0.0,,0.0,,0.0
2021-07-16,51.292162392653566,52.097464057343515,50.23978290726534,50.30384063720703,25263800,0.0,0.0,,0.0,,0.0,,0.0,,0.0,,0.0
2021-07-19,49.79138183290381,50.157429044163415,49.38873269322618,50.00185775756836,27007700,0.0,0.0,,0.0,,0.0,,0.0,,0.0,,0.0
2021-07-20,50.25808635866339,50.84376256744403,49.66326403181247,50.550926208496094,19867000,0.0,0.0,,0.0,,0.0,,0.0,,0.0,,0.0
2021-07-21,50.496016795017304,51.502641316882375,50.34044551966889,51.456886291503906,18497200,0.0,0.0,,0.0,,0.0,,0.0,,0.0,,0.0
2021-07-22,51.30131425427018,51.74056874508266,50.953569806628664,51.209800720214844,36691000,0.0,0.0,,0.0,,0.0,,0.0,,0.0,,0.0
2021-07-23,49.946950689388686,50.0659130600079,47.87878998090021,48.501068115234375,67742300,0.0,0.0,,0.0,,0.0,,0.0,,0.0,,0.0
2021-07-26,48.32718814899455,49.910335492323604,48.281429640615755,49.699859619140625,32881200,0.0,0.0,,0.0,,0.0,,0.0,,0.0,,0.0
2021-07-27,48.61087861943106,48.68408945107506,47.86963814890082,48.66578674316406,39878000,0.0,0.0,,0.0,,0.0,,0.0,,0.0,,0.0
2021-07-28,48.528522907027835,49.3429742885477,48.4461624588469,48.565128326416016,28478800,0.0,0.0,,0.0,,0.0,,0.0,,0.0,,0.0
2021-07-29,48.94031724094691,49.5076871862575,48.79389907793501,49.14164352416992,16886600,0.0,0.0,,0.0,,0.0,,0.0,,0.0,,0.0
2021-07-30,49.095888713238345,49.32466731210547,48.729841558697196,49.15994644165039,16465700,0.0,0.0,,0.0,,0.0,,0.0,,0.0,,0.0
2021-08-02,49.40703116029699,49.84628568155878,48.995228955712605,49.12334442138672,18098100,0.0,0.0,,0.0,,0.0,,0.0,,0.0,,0.0
2021-08-03,49.315517137708795,49.56259845804355,48.738994056927694,49.47108840942383,16375900,0.0,0.0,,0.0,,0.0,,0.0,,0.0,,0.0
2021-08-04,49.644961376014344,49.818831873423804,49.14164910171558,49.32467269897461,17612700,0.0,0.0,,0.0,,0.0,,0.0,,0.0,,0.0
2021-08-05,49.72809073230525,49.75572144118386,49.35045581883066,49.635982513427734,15310000,0.348,0.0,,0.0,,0.0,,0.0,,0.0,,0.0
2021-08-06,49.60835094891857,49.85703786524464,49.48861202322767,49.663612365722656,19256000,0.0,0.0,,0.0,,0.0,,0.0,,0.0,,0.0
2021-08-09,49.81098612050145,50.11493445733626,49.58072084482658,49.78335189819336,14670100,0.0,0.0,,0.0,,0.0,,0.0,,0.0,,0.0
2021-08-10,49.958362346327284,50.09651942181475,49.2859845607233,49.68204116821289,16215700,0.0,0.0,,0.0,,0.0,,0.0,,0.0,,0.0
2021-08-11,49.97677925957731,50.06888748789151,49.58993524136663,49.86625289916992,18590800,0.0,0.0,,0.0,,0.0,,0.0,,0.0,,0.0
2021-08-12,49.893879875474816,49.90309245440134,49.05571438519962,49.31361389160156,15070100,0.0,0.0,,0.0,,0.0,,0.0,,0.0,,0.0
2021-08-13,49.276771931816405,49.33203686615766,48.871506287355636,49.26756286621094,15281100,0.0,0.0,,0.0,,0.0,,0.0,,0.0,,0.0
2021-08-16,49.02808546720252,49.26756333807209,48.81624182055299,49.249141693115234,17690300,0.0,0.0,,0.0,,0.0,,0.0,,0.0,,0.0
2021-08-17,48.97281722135388,48.98202979999421,48.097811983263014,48.53070831298828,22014900,0.0,0.0,,0.0,,0.0,,0.0,,0.0,,0.0
2021-08-18,48.447813907377075,48.843870473339166,47.996495922442186,48.0701789855957,15061700,0.0,0.0,,0.0,,0.0,,0.0,,0.0,,0.0
2021-08-19,47.94123226945256,48.51228920001898,47.508335917144386,48.300445556640625,22999400,0.0,0.0,,0.0,,0.0,,0.0,,0.0,,0.0
2021-08-20,48.042545178700315,48.24517973805459,47.3609584422345,47.90438461303711,25728300,0.0,0.0,,0.0,,0.0,,0.0,,0.0,,0.0
2021-08-23,48.43860146812622,49.31361018113106,48.3372841889741,49.028079986572266,23976300,0.0,0.0,,0.0,,0.0,,0.0,,0.0,,0.0
2021-08-24,49.33203634875623,49.70967127887042,49.10177106177027,49.56230163574219,20348800,0.0,0.0,,0.0,,0.0,,0.0,,0.0,,0.0
2021-08-25,49.81098856731535,49.94914563136526,49.488615057393346,49.56230163574219,15048400,0.0,0.0,,0.0,,0.0,,0.0,,0.0,,0.0
2021-08-26,49.50703870147794,49.50703870147794,48.788612101408056,48.93598175048828,19570000,0.0,0.0,,0.0,,0.0,,0.0,,0.0,,0.0
2021-08-27,49.14782125086942,49.68203486608185,48.74255211494693,49.635982513427734,16525000,0.0,0.0,,0.0,,0.0,,0.0,,0.0,,0.0
2021-08-30,49.97678047886983,50.53862838780016,49.51624986677214,49.68204116821289,14581300,0.0,0.0,,0.0,,0.0,,0.0,,0.0,,0.0
2021-08-31,50.14256892226164,50.19783385744845,49.42414233268077,49.79256820678711,22350100,0.0,0.0,,0.0,,0.0,,0.0,,0.0,,0.0
2021-09-01,49.83861491296742,49.88466726361785,49.304397807428884,49.433345794677734,18615000,0.0,0.0,,0.0,,0.0,,0.0,,0.0,,0.0
2021-09-02,49.553090945086936,49.635986592103734,49.13861271000294,49.488616943359375,15869500,0.0,0.0,,0.0,,0.0,,0.0,,0.0,,0.0
2021-09-03,49.221506225673615,49.810988308695386,49.110979872293655,49.285980224609375,13456200,0.0,0.0,,0.0,,0.0,,0.0,,0.0,,0.0
2021-09-07,49.341245672242465,49.69124989409053,49.221506738584274,49.41493225097656,13915000,0.0,0.0,,0.0,,0.0,,0.0,,0.0,,0.0
2021-09-08,49.48862103421733,49.66362140857675,48.80703767002182,49.341251373291016,18235100,0.0,0.0,,0.0,,0.0,,0.0,,0.0,,0.0
2021-09-09,49.424140027432486,49.63598366541345,49.12940074732251,49.18466567993164,13495800,0.0,0.0,,0.0,,0.0,,0.0,,0.0,,0.0
2021-09-10,49.5991405533867,50.63994061635902,49.56230077841897,49.58993148803711,20324700,0.0,0.0,,0.0,,0.0,,0.0,,0.0,,0.0
2021-09-13,50.29915043897908,51.10968524243778,50.11493750452445,50.64915466308594,22639200,0.0,0.0,,0.0,,0.0,,0.0,,0.0,,0.0
2021-09-14,50.99915577359874,51.06362977412809,49.98598989650644,50.21625518798828,22072700,0.0,0.0,,0.0,,0.0,,0.0,,0.0,,0.0
2021-09-15,50.354408370750825,50.79652078823569,50.12414309703003,50.76888656616211,18796200,0.0,0.0,,0.0,,0.0,,0.0,,0.0,,0.0
2021-09-16,50.52941980566586,50.61231545718048,49.9583628249928,50.50178909301758,19863100,0.0,0.0,,0.0,,0.0,,0.0,,0.0,,0.0
2021-09-17,50.280724149155574,50.280724149155574,49.43334613437432,49.97677230834961,35359200,0.0,0.0,,0.0,,0.0,,0.0,,0.0,,0.0
2021-09-20,49.0096685266032,49.2767771337626,48.189924571969726,48.79782485961914,35051900,0.0,0.0,,0.0,,0.0,,0.0,,0.0,,0.0
2021-09-21,49.00045455573499,49.23071984639768,48.65966290935366,48.696502685546875,17968900,0.0,0.0,,0.0,,0.0,,0.0,,0.0,,0.0
2021-09-22,49.18466683579979,49.61756318725187,48.81624097021941,49.276771545410156,18594100,0.0,0.0,,0.0,,0.0,,0.0,,0.0,,0.0
2021-09-23,49.50703853317368,50.013621480566655,49.36887795044397,49.76493453979492,16474300,0.0,0.0,,0.0,,0.0,,0.0,,0.0,,0.0
2021-09-24,49.53467221318984,50.12415084283758,49.488619854042945,49.93994140625,12976200,0.0,0.0,,0.0,,0.0,,0.0,,0.0,,0.0
2021-09-27,49.68203446862531,50.538621572702404,49.57150812042579,50.34519958496094,13899900,0.0,0.0,,0.0,,0.0,,0.0,,0.0,,0.0
2021-09-28,49.903095984210566,50.28073093481362,49.70046139632662,49.7373046875,24691300,0.0,0.0,,0.0,,0.0,,0.0,,0.0,,0.0
2021-09-29,49.73730251061843,49.78335486578473,48.98203264246867,49.26756286621094,20514300,0.0,0.0,,0.0,,0.0,,0.0,,0.0,,0.0
2021-09-30,49.51624373792375,49.71887830650805,49.05571318282801,49.074134826660156,20534100,0.0,0.0,,0.0,,0.0,,0.0,,0.0,,0.0
2021-10-01,49.414938268151836,49.83862560675625,48.86229940106052,49.608360290527344,19895100,0.0,0.0,,0.0,,0.0,,0.0,,0.0,,0.0
2021-10-04,49.672828986414295,50.04125485841231,48.8899284003804,49.249141693115234,27353300,0.0,0.0,,0.0,,0.0,,0.0,,0.0,,0.0
2021-10-05,49.3228239812266,50.05046313447978,49.25834998167956,49.69124984741211,18129400,0.0,0.0,,0.0,,0.0,,0.0,,0.0,,0.0
2021-10-06,49.25834913170652,49.801775342489904,48.880714206488875,49.71887969970703,20059600,0.0,0.0,,0.0,,0.0,,0.0,,0.0,,0.0
2021-10-07,50.032039424435034,50.649152197785234,49.847826498946795,49.90309143066406,20704400,0.0,0.0,,0.0,,0.0,,0.0,,0.0,,0.0
2021-10-08,50.24388491762173,50.271519141287264,49.460984347297256,49.56230163574219,16068000,0.0,0.0,,0.0,,0.0,,0.0,,0.0,,0.0
2021-10-11,49.56230703243772,50.114942375951095,49.20309019422722,49.22151184082031,14398800,0.0,0.0,,0.0,,0.0,,0.0,,0.0,,0.0
2021-10-12,49.3412487263034,49.4794093131968,47.90439197417682,48.051761627197266,32784300,0.0,0.0,,0.0,,0.0,,0.0,,0.0,,0.0
2021-10-13,48.245177221577734,48.42939012833039,47.775434133680015,48.134647369384766,18534000,0.0,0.0,,0.0,,0.0,,0.0,,0.0,,0.0
2021-10-14,48.724137645461305,49.73730353424968,48.56755541838991,49.645198822021484,26586700,0.0,0.0,,0.0,,0.0,,0.0,,0.0,,0.0
2021-10-15,49.92151350828717,50.188622076887285,49.562300232927385,50.160987854003906,25231100,0.0,0.0,,0.0,,0.0,,0.0,,0.0,,0.0
2021-10-18,49.91230084498504,50.253095989271515,49.479404507664135,50.17020034790039,22407600,0.0,0.0,,0.0,,0.0,,0.0,,0.0,,0.0
2021-10-19,50.31757012821138,50.860996331269305,50.07809226865671,50.851783752441406,18392900,0.0,0.0,,0.0,,0.0,,0.0,,0.0,,0.0
2021-10-20,50.88863439966881,51.10969064710417,50.7320556726449,50.99916076660156,16850300,0.0,0.0,,0.0,,0.0,,0.0,,0.0,,0.0
2021-10-21,50.593890635378294,51.64389981294672,50.5017859232851,51.57942581176758,38390900,0.0,0.0,,0.0,,0.0,,0.0,,0.0,,0.0
2021-10-22,46.41226250432427,46.55963212148422,45.26093627227189,45.5556755065918,109971900,0.0,0.0,,0.0,,0.0,,0.0,,0.0,,0.0
2021-10-25,45.89647962770403,46.11753234013492,45.41752739934442,45.5096321105957,43178800,0.0,0.0,,0.0,,0.0,,0.0,,0.0,,0.0
2021-10-26,45.50042890753129,45.537268688636814,44.14646769355141,44.46883773803711,68405400,0.0,0.0,,0.0,,0.0,,0.0,,0.0,,0.0
2021-10-27,44.68988866509604,44.966206315082886,44.09119749548327,44.109619140625,41081500,0.0,0.0,,0.0,,0.0,,0.0,,0.0,,0.0
2021-10-28,44.33989125212984,44.54252586627589,44.100416855605495,44.284629821777344,31317200,0.0,0.0,,0.0,,0.0,,0.0,,0.0,,0.0
2021-10-29,44.303047207205516,45.389899824318306,44.13725589181068,45.13200378417969,42301000,0.0,0.0,,0.0,,0.0,,0.0,,0.0,,0.0
2021-11-01,45.50041184530325,45.684621222464024,45.13198606384441,45.63856887817383,28013700,0.0,0.0,,0.0,,0.0,,0.0,,0.0,,0.0
2021-11-02,45.693845120527726,45.96095370258553,45.34384089278197,45.924110412597656,27193300,0.0,0.0,,0.0,,0.0,,0.0,,0.0,,0.0
2021-11-03,45.988586097315725,46.46753834398794,45.78595150853181,46.41227340698242,23962100,0.0,0.0,,0.0,,0.0,,0.0,,0.0,,0.0
2021-11-04,46.595912901976654,46.69793123276029,46.12290306269151,46.66083526611328,24806000,0.348,0.0,,0.0,,0.0,,0.0,,0.0,,0.0
2021-11-05,46.88343139932581,47.83872431100696,46.874158290942326,47.226593017578125,36816200,0.0,0.0,,0.0,,0.0,,0.0,,0.0,,0.0
2021-11-08,47.7274180837511,48.21897766088027,47.35643366218569,47.810890197753906,31647800,0.0,0.0,,0.0,,0.0,,0.0,,0.0,,0.0
2021-11-09,47.80162107917544,48.01493793542432,47.08747149712291,47.48628234863281,22508400,0.0,0.0,,0.0,,0.0,,0.0,,0.0,,0.0
2021-11-10,47.282233576763325,47.66249463454768,47.03181724046583,47.078189849853516,25040700,0.0,0.0,,0.0,,0.0,,0.0,,0.0,,0.0
2021-11-11,47.310063089300385,47.36571235119507,46.75358462236873,46.8648796081543,25420000,0.0,0.0,,0.0,,0.0,,0.0,,0.0,,0.0
2021-11-12,46.92979782982067,47.208040576695936,46.540263645000906,46.66083526611328,23884800,0.0,0.0,,0.0,,0.0,,0.0,,0.0,,0.0
2021-11-15,46.75357709086241,46.95762081360317,46.48461100870471,46.67010498046875,24695800,0.0,0.0,,0.0,,0.0,,0.0,,0.0,,0.0
2021-11-16,46.716474382138216,47.43990046855932,46.6886515265846,46.93906784057617,30927800,0.0,0.0,,0.0,,0.0,,0.0,,0.0,,0.0
2021-11-17,46.929793314896564,47.245131998081376,46.3547652001489,46.586631774902344,23546900,0.0,0.0,,0.0,,0.0,,0.0,,0.0,,0.0
2021-11-18,46.59591290770332,46.59591290770332,45.418030169931384,46.07653045654297,30658200,0.0,0.0,,0.0,,0.0,,0.0,,0.0,,0.0
2021-11-19,46.002334208670604,46.122905837035496,45.66844926074303,45.928138732910156,27607600,0.0,0.0,,0.0,,0.0,,0.0,,0.0,,0.0
2021-11-22,45.95595567440371,47.161661188732545,45.82611095504568,46.21564865112305,33389600,0.0,0.0,,0.0,,0.0,,0.0,,0.0,,0.0
2021-11-23,46.52171662457985,46.790682742085295,45.11196720710729,45.53860092163086,44713300,0.0,0.0,,0.0,,0.0,,0.0,,0.0,,0.0
2021-11-24,45.31600493887673,46.16927225461333,45.10268810994258,46.15072250366211,26035800,0.0,0.0,,0.0,,0.0,,0.0,,0.0,,0.0
2021-11-26,45.35310453621495,45.612793974071984,44.62967839960811,45.24180603027344,25269000,0.0,0.0,,0.0,,0.0,,0.0,,0.0,,0.0
2021-11-29,45.72409432413755,46.49389315983048,45.186165634114296,46.373321533203125,31478900,0.0,0.0,,0.0,,0.0,,0.0,,0.0,,0.0
2021-11-30,45.90958303111033,46.744304137786365,45.149060928584724,45.631343841552734,49460800,0.0,0.0,,0.0,,0.0,,0.0,,0.0,,0.0
2021-12-01,46.22492718268544,46.660837538549416,45.00067177362425,45.074867248535156,35093500,0.0,0.0,,0.0,,0.0,,0.0,,0.0,,0.0
2021-12-02,45.08413956501766,46.17855013439296,44.82445012076024,45.909584045410156,37240800,0.0,0.0,,0.0,,0.0,,0.0,,0.0,,0.0
2021-12-03,46.076529941788685,46.42896815606743,45.22325903427229,45.67771911621094,32224900,0.0,0.0,,0.0,,0.0,,0.0,,0.0,,0.0
2021-12-06,45.89103164066608,47.49554789906532,45.61279246104828,47.291507720947266,40336000,0.0,0.0,,0.0,,0.0,,0.0,,0.0,,0.0
2021-12-07,50.69531333632711,51.0106520541822,48.423019946312834,48.75690841674805,91731500,0.0,0.0,,0.0,,0.0,,0.0,,0.0,,0.0
2021-12-08,48.75690579181537,49.044421634323,47.653222107743524,47.99638366699219,37143400,0.0,0.0,,0.0,,0.0,,0.0,,0.0,,0.0
2021-12-09,47.57902651284896,47.84799262306009,46.772131720219186,46.818504333496094,31694200,0.0,0.0,,0.0,,0.0,,0.0,,0.0,,0.0
2021-12-10,47.15239119360821,47.36570803777282,46.41969189973621,46.92052459716797,23783600,0.0,0.0,,0.0,,0.0,,0.0,,0.0,,0.0
2021-12-13,47.16166658406612,47.31933771704091,46.326948919270656,46.373321533203125,35726900,0.0,0.0,,0.0,,0.0,,0.0,,0.0,,0.0
2021-12-14,46.206376308012736,46.62373690051859,45.74264310256259,46.0950813293457,34120400,0.0,0.0,,0.0,,0.0,,0.0,,0.0,,0.0
2021-12-15,46.25274805180748,47.096742328346856,45.75191888821527,46.994720458984375,32590300,0.0,0.0,,0.0,,0.0,,0.0,,0.0,,0.0
2021-12-16,47.05964769271783,47.67177538820513,46.911253207084656,47.14311981201172,33132300,0.0,0.0,,0.0,,0.0,,0.0,,0.0,,0.0
2021-12-17,46.92052232626106,47.319333135876505,46.3825901503134,46.94834518432617,50102300,0.0,0.0,,0.0,,0.0,,0.0,,0.0,,0.0
2021-12-20,46.28984662993073,46.493890364570674,45.40875286617138,46.0023307800293,30140300,0.0,0.0,,0.0,,0.0,,0.0,,0.0,,0.0
2021-12-21,46.317672174260245,47.15239337526762,46.317672174260245,47.08747100830078,31956300,0.0,0.0,,0.0,,0.0,,0.0,,0.0,,0.0
2021-12-22,46.96689128122984,47.319329453979265,46.56808050264569,47.27295684814453,23307900,0.0,0.0,,0.0,,0.0,,0.0,,0.0,,0.0
2021-12-23,47.3749895608732,47.97784065088824,47.34716316059286,47.58830642700195,25198200,0.0,0.0,,0.0,,0.0,,0.0,,0.0,,0.0
2021-12-27,47.62539074619062,48.28389447566857,47.57901814107321,48.1725959777832,20985400,0.0,0.0,,0.0,,0.0,,0.0,,0.0,,0.0
2021-12-28,48.163328316872565,48.339545651441455,47.88508911670991,48.00565719604492,19290400,0.0,0.0,,0.0,,0.0,,0.0,,0.0,,0.0
2021-12-29,48.05203359166578,48.35809565201856,47.9129122218669,48.07058334350586,14174800,0.0,0.0,,0.0,,0.0,,0.0,,0.0,,0.0
2021-12-30,48.15405465266499,48.358098396482525,47.90364183362078,47.98711395263672,18359400,0.0,0.0,,0.0,,0.0,,0.0,,0.0,,0.0
2021-12-31,48.12623006118308,48.376646409223184,47.72741923334181,47.76451873779297,16319000,0.0,0.0,95391000000.0,0.0,4827000000.0,0.0,168406000000.0,0.0,31096000000.0,0.0,38110000000.0,0.0
2022-01-03,47.90364142219277,49.36903650810461,47.8572652713572,49.350486755371094,33857600,0.0,0.0,95391000000.0,0.0,4827000000.0,0.0,168406000000.0,0.0,31096000000.0,0.0,38110000000.0,0.0
2022-01-04,49.68437910719964,50.027540714549765,48.83111164286876,49.28556823730469,45681400,0.0,0.0,95391000000.0,0.0,4827000000.0,0.0,168406000000.0,0.0,31096000000.0,0.0,38110000000.0,0.0
2022-01-05,50.25939726885947,52.09578010900163,49.92551237447256,49.962608337402344,59109300,0.0,0.0,95391000000.0,0.0,4827000000.0,0.0,168406000000.0,0.0,31096000000.0,0.0,38110000000.0,0.0
2022-01-06,50.64893875943675,50.70458447701535,49.54525152074919,50.09245681762695,35757900,0.0,0.0,95391000000.0,0.0,4827000000.0,0.0,168406000000.0,0.0,31096000000.0,0.0,38110000000.0,0.0
2022-01-07,50.25940444729399,50.44489844044916,49.29484205129368,49.563804626464844,30717200,0.0,0.0,95391000000.0,0.0,4827000000.0,0.0,168406000000.0,0.0,31096000000.0,0.0,38110000000.0,0.0
2022-01-10,50.055361311170664,51.298166393210956,49.44323364616595,51.20541763305664,49260800,0.0,0.0,95391000000.0,0.0,4827000000.0,0.0,168406000000.0,0.0,31096000000.0,0.0,38110000000.0,0.0
2022-01-11,51.47438370396257,52.01231589856995,50.76023417215799,51.854644775390625,39795200,0.0,0.0,95391000000.0,0.0,4827000000.0,0.0,168406000000.0,0.0,31096000000.0,0.0,38110000000.0,0.0
2022-01-12,52.06796396585903,52.19780869786309,50.834435473816846,51.69697952270508,29136800,0.0,0.0,95391000000.0,0.0,4827000000.0,0.0,168406000000.0,0.0,31096000000.0,0.0,38110000000.0,0.0
2022-01-13,51.93811358285694,52.13288065967188,50.797330441222435,50.95499801635742,29605400,0.0,0.0,95391000000.0,0.0,4827000000.0,0.0,168406000000.0,0.0,31096000000.0,0.0,38110000000.0,0.0
2022-01-14,50.871529235822244,51.72480014028671,50.57474027896593,51.65987777709961,30151500,0.0,0.0,95391000000.0,0.0,4827000000.0,0.0,168406000000.0,0.0,31096000000.0,0.0,38110000000.0,0.0
2022-01-18,51.29816473931565,51.613503437666665,50.713859952193985,50.788055419921875,35313800,0.0,0.0,95391000000.0,0.0,4827000000.0,0.0,168406000000.0,0.0,31096000000.0,0.0,38110000000.0,0.0
2022-01-19,50.667490265272946,50.87153046679681,49.67510150339549,49.73074722290039,30595100,0.0,0.0,95391000000.0,0.0,4827000000.0,0.0,168406000000.0,0.0,31096000000.0,0.0,38110000000.0,0.0
2022-01-20,49.95334278620211,50.16665964182413,48.172605390134336,48.26535415649414,28582600,0.0,0.0,95391000000.0,0.0,4827000000.0,0.0,168406000000.0,0.0,31096000000.0,0.0,38110000000.0,0.0
2022-01-21,48.30245366303806,49.27629271279209,48.181882035772155,48.26535415649414,46372400,0.0,0.0,95391000000.0,0.0,4827000000.0,0.0,168406000000.0,0.0,31096000000.0,0.0,38110000000.0,0.0
2022-01-24,47.74596234989827,48.348816830433535,46.262017758123285,48.1725959777832,64198400,0.0,0.0,95391000000.0,0.0,4827000000.0,0.0,168406000000.0,0.0,31096000000.0,0.0,38110000000.0,0.0
2022-01-25,47.310058171713926,47.87581322582321,46.60518528433407,47.300785064697266,44095400,0.0,0.0,95391000000.0,0.0,4827000000.0,0.0,168406000000.0,0.0,31096000000.0,0.0,38110000000.0,0.0
2022-01-26,47.42135973949704,48.89603151040661,47.068921504096274,47.940738677978516,54895400,0.0,0.0,95391000000.0,0.0,4827000000.0,0.0,168406000000.0,0.0,31096000000.0,0.0,38110000000.0,0.0
2022-01-27,46.35476867510513,46.42896768283003,44.31434195671484,44.56475830078125,89642800,0.0,0.0,95391000000.0,0.0,4827000000.0,0.0,168406000000.0,0.0,31096000000.0,0.0,38110000000.0,0.0
2022-01-28,44.24942128617774,44.70388138086401,42.94169379804433,44.26797103881836,61945400,0.0,0.0,95391000000.0,0.0,4827000000.0,0.0,168406000000.0,0.0,31096000000.0,0.0,38110000000.0,0.0
2022-01-31,44.22159295744623,45.325276568046625,43.87843142104158,45.27890396118164,51828400,0.0,0.0,95391000000.0,0.0,4827000000.0,0.0,168406000000.0,0.0,31096000000.0,0.0,38110000000.0,0.0
2022-02-01,45.24180399035002,45.47367056026859,44.852269851128305,45.39947509765625,35386100,0.0,0.0,95391000000.0,0.0,4827000000.0,0.0,168406000000.0,0.0,31096000000.0,0.0,38110000000.0,0.0
2022-02-02,44.750255244168756,45.98378729421868,44.601860756899946,45.918861389160156,37962700,0.0,0.0,95391000000.0,0.0,4827000000.0,0.0,168406000000.0,0.0,31096000000.0,0.0,38110000000.0,0.0
2022-02-03,45.677723593571336,46.08580756620817,44.750257124666334,44.778079986572266,42145800,0.0,0.0,95391000000.0,0.0,4827000000.0,0.0,168406000000.0,0.0,31096000000.0,0.0,38110000000.0,0.0
2022-02-04,44.72668564125954,45.081808668843806,44.044477959949866,44.86686325073242,32431500,0.365,0.0,95391000000.0,0.0,4827000000.0,0.0,168406000000.0,0.0,31096000000.0,0.0,38110000000.0,0.0
2022-02-07,44.97900045804897,45.474300994257604,44.82012825504803,45.025726318359375,27558500,0.0,0.0,95391000000.0,0.0,4827000000.0,0.0,168406000000.0,0.0,31096000000.0,0.0,38110000000.0,0.0
2022-02-08,44.838820039083416,45.73596940542432,44.76405937436569,45.61448287963867,28051200,0.0,0.0,95391000000.0,0.0,4827000000.0,0.0,168406000000.0,0.0,31096000000.0,0.0,38110000000.0,0.0
2022-02-09,46.100441077019845,46.69854067273571,45.63317532224748,46.6424674987793,35217300,0.0,0.0,95391000000.0,0.0,4827000000.0,0.0,168406000000.0,0.0,31096000000.0,0.0,38110000000.0,0.0
2022-02-10,45.960255057940024,46.66115361588142,45.56775001171655,45.66120529174805,32762700,0.0,0.0,95391000000.0,0.0,4827000000.0,0.0,168406000000.0,0.0,31096000000.0,0.0,38110000000.0,0.0
2022-02-11,45.74532307973072,45.89484799491961,44.39025153054413,44.511741638183594,37208200,0.0,0.0,95391000000.0,0.0,4827000000.0,0.0,168406000000.0,0.0,31096000000.0,0.0,38110000000.0,0.0
2022-02-14,44.78274120838172,45.025721359161054,44.02577308584468,44.465003967285156,28456900,0.0,0.0,95391000000.0,0.0,4827000000.0,0.0,168406000000.0,0.0,31096000000.0,0.0,38110000000.0,0.0
2022-02-15,44.577148407693805,45.28739070175485,44.100535398231344,45.268699645996094,35837900,0.0,0.0,95391000000.0,0.0,4827000000.0,0.0,168406000000.0,0.0,31096000000.0,0.0,38110000000.0,0.0
2022-02-16,44.913583905827906,45.31543272468327,44.483696718594615,45.072452545166016,26022900,0.0,0.0,95391000000.0,0.0,4827000000.0,0.0,168406000000.0,0.0,31096000000.0,0.0,38110000000.0,0.0
2022-02-17,44.72668059371241,45.10049107507641,44.278105877102625,44.455665588378906,32030600,0.0,0.0,95391000000.0,0.0,4827000000.0,0.0,168406000000.0,0.0,31096000000.0,0.0,38110000000.0,0.0
2022-02-18,43.16601008482041,43.18470114321391,41.59599682931479,42.09130096435547,76520100,0.0,0.0,95391000000.0,0.0,4827000000.0,0.0,168406000000.0,0.0,31096000000.0,0.0,38110000000.0,0.0
2022-02-22,41.76420974731445,42.43707354064195,40.97920317675059,41.76420974731445,57093300,0.0,0.0,95391000000.0,0.0,4827000000.0,0.0,168406000000.0,0.0,31096000000.0,0.0,38110000000.0,0.0
2022-02-23,42.21278273237587,42.717430557181665,41.633374247388375,41.726829528808594,38176700,0.0,0.0,95391000000.0,0.0,4827000000.0,0.0,168406000000.0,0.0,31096000000.0,0.0,38110000000.0,0.0
2022-02-24,41.025933601776714,43.726729022000065,40.77360967312874,43.661312103271484,72740100,0.0,0.0,95391000000.0,0.0,4827000000.0,0.0,168406000000.0,0.0,31096000000.0,0.0,38110000000.0,0.0
2022-02-25,43.85756105849812,44.66125867268031,43.22207938984032,44.58649444580078,39266300,0.0,0.0,95391000000.0,0.0,4827000000.0,0.0,168406000000.0,0.0,31096000000.0,0.0,38110000000.0,0.0
2022-02-28,43.922975745323455,44.68929120717318,43.78279460951621,44.5771484375,41946100,0.0,0.0,95391000000.0,0.0,4827000000.0,0.0,168406000000.0,0.0,31096000000.0,0.0,38110000000.0,0.0
2022-03-01,44.42763225121602,44.764064191033015,43.19405084852375,43.75476837158203,53853000,0.0,0.0,95391000000.0,0.0,4827000000.0,0.0,168406000000.0,0.0,31096000000.0,0.0,38110000000.0,0.0
2022-03-02,44.40893896854757,45.78270146570743,44.371556851560456,45.670555114746094,46936500,0.0,0.0,95391000000.0,0.0,4827000000.0,0.0,168406000000.0,0.0,31096000000.0,0.0,38110000000.0,0.0
2022-03-03,45.0257357290583,45.37151144557044,44.50239671531815,44.7921028137207,36389900,0.0,0.0,95391000000.0,0.0,4827000000.0,0.0,168406000000.0,0.0,31096000000.0,0.0,38110000000.0,0.0
2022-03-04,44.268758868086316,45.10983869558079,44.268758868086316,44.92293167114258,38310700,0.0,0.0,95391000000.0,0.0,4827000000.0,0.0,168406000000.0,0.0,31096000000.0,0.0,38110000000.0,0.0
2022-03-07,44.86685760428659,45.3621617439656,44.48369981601881,44.55846405029297,43813700,0.0,0.0,95391000000.0,0.0,4827000000.0,0.0,168406000000.0,0.0,31096000000.0,0.0,38110000000.0,0.0
2022-03-08,44.5678032210109,45.53037303120486,43.820178779807726,44.39024353027344,44813900,0.0,0.0,95391000000.0,0.0,4827000000.0,0.0,168406000000.0,0.0,31096000000.0,0.0,38110000000.0,0.0
2022-03-09,45.24067515411003,45.28740102167746,43.82018667733799,44.511741638183594,36076500,0.0,0.0,95391000000.0,0.0,4827000000.0,0.0,168406000000.0,0.0,31096000000.0,0.0,38110000000.0,0.0
2022-03-10,44.19399571433212,44.21268677222132,43.137974115798414,43.60523986816406,36456000,0.0,0.0,95391000000.0,0.0,4827000000.0,0.0,168406000000.0,0.0,31096000000.0,0.0,38110000000.0,0.0
2022-03-11,44.063155713541455,44.18464222540391,42.773501419133,42.82957458496094,27082100,0.0,0.0,95391000000.0,0.0,4827000000.0,0.0,168406000000.0,0.0,31096000000.0,0.0,38110000000.0,0.0
2022-03-14,42.894999533239236,42.96976020339688,41.399746915581915,41.493202209472656,35993900,0.0,0.0,95391000000.0,0.0,4827000000.0,0.0,168406000000.0,0.0,31096000000.0,0.0,38110000000.0,0.0
2022-03-15,41.58665955883849,41.96047365501247,41.18481065318586,41.876365661621094,34448900,0.0,0.0,95391000000.0,0.0,4827000000.0,0.0,168406000000.0,0.0,31096000000.0,0.0,38110000000.0,0.0
2022-03-16,42.334273322648656,43.57720184326172,42.30623852036414,43.57720184326172,38885500,0.0,0.0,95391000000.0,0.0,4827000000.0,0.0,168406000000.0,0.0,31096000000.0,0.0,38110000000.0,0.0
2022-03-17,43.28749464823176,44.19399125718266,42.736120973450454,44.053810119628906,28555000,0.0,0.0,95391000000.0,0.0,4827000000.0,0.0,168406000000.0,0.0,31096000000.0,0.0,38110000000.0,0.0
2022-03-18,43.75476526528211,44.48369870649941,43.315534312264084,44.34352111816406,46237100,0.0,0.0,95391000000.0,0.0,4827000000.0,0.0,168406000000.0,0.0,31096000000.0,0.0,38110000000.0,0.0
2022-03-21,44.352865805324726,44.754714650660034,43.988399076986866,44.28744888305664,32910900,0.0,0.0,95391000000.0,0.0,4827000000.0,0.0,168406000000.0,0.0,31096000000.0,0.0,38110000000.0,0.0
2022-03-22,44.390248541049736,45.296745283620965,44.296796812208456,45.221981048583984,27923300,0.0,0.0,95391000000.0,0.0,4827000000.0,0.0,168406000000.0,0.0,31096000000.0,0.0,38110000000.0,0.0
2022-03-23,45.287396282526515,46.334074144273124,44.913585816149705,45.10983657836914,37126400,0.0,0.0,95391000000.0,0.0,4827000000.0,0.0,168406000000.0,0.0,31096000000.0,0.0,38110000000.0,0.0
2022-03-24,45.47429699276513,48.26854739888585,45.40888008109597,48.240509033203125,51677900,0.0,0.0,95391000000.0,0.0,4827000000.0,0.0,168406000000.0,0.0,31096000000.0,0.0,38110000000.0,0.0
2022-03-25,47.371398712671365,48.5769451590064,47.14711315727927,48.436767578125,33239800,0.0,0.0,95391000000.0,0.0,4827000000.0,0.0,168406000000.0,0.0,31096000000.0,0.0,38110000000.0,0.0
2022-03-28,47.99753680464878,48.19378755749413,47.2499123426513,48.13771438598633,22932400,0.0,0.0,95391000000.0,0.0,4827000000.0,0.0,168406000000.0,0.0,31096000000.0,0.0,38110000000.0,0.0
2022-03-29,48.59563654119318,48.866651523646645,47.922772740606554,48.82926940917969,27303700,0.0,0.0,95391000000.0,0.0,4827000000.0,0.0,168406000000.0,0.0,31096000000.0,0.0,38110000000.0,0.0
2022-03-30,48.829269471756035,49.07224608619334,47.866703195203556,48.06295394897461,24623300,0.0,0.0,95391000000.0,0.0,4827000000.0,0.0,168406000000.0,0.0,31096000000.0,0.0,38110000000.0,0.0
2022-03-31,47.84801504997144,47.90408466020147,46.268654482667955,46.31538391113281,43698300,0.0,0.0,95391000000.0,0.0,4827000000.0,0.0,168406000000.0,0.0,31096000000.0,0.0,38110000000.0,0.0
2022-04-01,46.56770724097482,46.633124162021375,44.23137844658407,44.96031188964844,46598600,0.0,0.0,95391000000.0,0.0,4827000000.0,0.0,168406000000.0,0.0,31096000000.0,0.0,38110000000.0,0.0
2022-04-04,45.016376896744255,46.00698148767193,44.78274404119141,45.978946685791016,23784900,0.0,0.0,95391000000.0,0.0,4827000000.0,0.0,168406000000.0,0.0,31096000000.0,0.0,38110000000.0,0.0
2022-04-05,45.63317282543199,45.773350405221024,44.87620106073469,44.979000091552734,25779200,0.0,0.0,95391000000.0,0.0,4827000000.0,0.0,168406000000.0,0.0,31096000000.0,0.0,38110000000.0,0.0
2022-04-06,44.33416846951808,45.016375965830186,44.147265040904436,44.4276237487793,31518700,0.0,0.0,95391000000.0,0.0,4827000000.0,0.0,168406000000.0,0.0,31096000000.0,0.0,38110000000.0,0.0
2022-04-07,44.324829486462484,44.77340418024935,43.70803883688619,44.446319580078125,24117000,0.0,0.0,95391000000.0,0.0,4827000000.0,0.0,168406000000.0,0.0,31096000000.0,0.0,38110000000.0,0.0
2022-04-08,44.18464990974489,44.46501222268933,43.78280106380975,43.941673278808594,22167300,0.0,0.0,95391000000.0,0.0,4827000000.0,0.0,168406000000.0,0.0,31096000000.0,0.0,38110000000.0,0.0
2022-04-11,43.82952669972343,44.20333714304272,43.483747494335994,43.5211296081543,30352500,0.0,0.0,95391000000.0,0.0,4827000000.0,0.0,168406000000.0,0.0,31096000000.0,0.0,38110000000.0,0.0
2022-04-12,44.222030731819956,44.773404464867,43.37160720101399,43.45571517944336,29861400,0.0,0.0,95391000000.0,0.0,4827000000.0,0.0,168406000000.0,0.0,31096000000.0,0.0,38110000000.0,0.0
2022-04-13,43.689346838763264,44.17530363781252,43.5024398291359,43.93232345581055,22171300,0.0,0.0,95391000000.0,0.0,4827000000.0,0.0,168406000000.0,0.0,31096000000.0,0.0,38110000000.0,0.0
2022-04-14,43.68934167527277,43.68934167527277,42.633320225897165,42.68004608154297,36181800,0.0,0.0,95391000000.0,0.0,4827000000.0,0.0,168406000000.0,0.0,31096000000.0,0.0,38110000000.0,0.0
2022-04-18,42.54922105764474,43.820184557751254,42.53987731056529,43.586551666259766,25593100,0.0,0.0,95391000000.0,0.0,4827000000.0,0.0,168406000000.0,0.0,31096000000.0,0.0,38110000000.0,0.0
2022-04-19,43.5491739929461,44.8575197448188,43.30619732957536,44.7921028137207,31483100,0.0,0.0,95391000000.0,0.0,4827000000.0,0.0,168406000000.0,0.0,31096000000.0,0.0,38110000000.0,0.0
2022-04-20,45.193944769087516,45.5584114906197,44.838821794152764,44.96031188964844,22787100,0.0,0.0,95391000000.0,0.0,4827000000.0,0.0,168406000000.0,0.0,31096000000.0,0.0,38110000000.0,0.0
2022-04-21,45.43691774795788,45.69858897609489,44.296791811980995,44.39024353027344,27316900,0.0,0.0,95391000000.0,0.0,4827000000.0,0.0,168406000000.0,0.0,31096000000.0,0.0,38110000000.0,0.0
2022-04-22,44.34352667022677,44.53043370969722,43.45572090645861,43.49310302734375,28219900,0.0,0.0,95391000000.0,0.0,4827000000.0,0.0,168406000000.0,0.0,31096000000.0,0.0,38110000000.0,0.0
2022-04-25,43.18470707811345,44.05382180560253,43.15667226914779,43.979061126708984,35999300,0.0,0.0,95391000000.0,0.0,4827000000.0,0.0,168406000000.0,0.0,31096000000.0,0.0,38110000000.0,0.0
2022-04-26,43.63327128016918,43.77345242096214,42.53052390512505,42.53987121582031,35356600,0.0,0.0,95391000000.0,0.0,4827000000.0,0.0,168406000000.0,0.0,31096000000.0,0.0,38110000000.0,0.0
2022-04-27,42.50249813979586,43.044528196823165,42.063267132546514,42.259521484375,28320900,0.0,0.0,95391000000.0,0.0,4827000000.0,0.0,168406000000.0,0.0,31096000000.0,0.0,38110000000.0,0.0
2022-04-28,42.79219918971315,44.17530541259565,42.55856630953121,43.77345657348633,41097000,0.0,0.0,95391000000.0,0.0,4827000000.0,0.0,168406000000.0,0.0,31096000000.0,0.0,38110000000.0,0.0
2022-04-29,42.04457449182577,42.39035015470979,40.65212096379609,40.736228942871094,70765900,0.0,0.0,95391000000.0,0.0,4827000000.0,0.0,168406000000.0,0.0,31096000000.0,0.0,38110000000.0,0.0
2022-05-02,40.85771961238838,42.044575082702075,40.66146528181873,42.016536712646484,45446500,0.0,0.0,95391000000.0,0.0,4827000000.0,0.0,168406000000.0,0.0,31096000000.0,0.0,38110000000.0,0.0
2022-05-03,41.85766524249591,42.51183798207391,41.33432633784259,42.109989166259766,40158400,0.0,0.0,95391000000.0,0.0,4827000000.0,0.0,168406000000.0,0.0,31096000000.0,0.0,38110000000.0,0.0
2022-05-04,42.10999663919088,43.586554764601345,41.502549652150755,43.49310302734375,44625600,0.0,0.0,95391000000.0,0.0,4827000000.0,0.0,168406000000.0,0.0,31096000000.0,0.0,38110000000.0,0.0
2022-05-05,42.951493641871934,43.243489748438414,41.56687552015289,42.00957489013672,52996700,0.365,0.0,95391000000.0,0.0,4827000000.0,0.0,168406000000.0,0.0,31096000000.0,0.0,38110000000.0,0.0
2022-05-06,41.9059565646227,42.52762264452523,41.29370808894769,41.72698974609375,40916600,0.0,0.0,95391000000.0,0.0,4827000000.0,0.0,168406000000.0,0.0,31096000000.0,0.0,38110000000.0,0.0
2022-05-09,41.26546480626347,41.63281257123783,40.380058815673856,40.568443298339844,44925800,0.0,0.0,95391000000.0,0.0,4827000000.0,0.0,168406000000.0,0.0,31096000000.0,0.0,38110000000.0,0.0
2022-05-10,41.774094678385566,42.14144600518928,40.97346518670391,41.45384216308594,42770000,0.0,0.0,95391000000.0,0.0,4827000000.0,0.0,168406000000.0,0.0,31096000000.0,0.0,38110000000.0,0.0
2022-05-11,41.46325858686138,41.71757704852445,40.29527790290518,40.342376708984375,40351700,0.0,0.0,95391000000.0,0.0,4827000000.0,0.0,168406000000.0,0.0,31096000000.0,0.0,38110000000.0,0.0
2022-05-12,40.24819117971326,40.417736856585094,39.57000847222593,40.351802825927734,42329600,0.0,0.0,95391000000.0,0.0,4827000000.0,0.0,168406000000.0,0.0,31096000000.0,0.0,38110000000.0,0.0
2022-05-13,40.89811180243966,41.29371955943275,40.47425122491599,41.067657470703125,32034100,0.0,0.0,95391000000.0,0.0,4827000000.0,0.0,168406000000.0,0.0,31096000000.0,0.0,38110000000.0,0.0
2022-05-16,40.89811071393511,41.0770775774139,40.30470448394151,40.57786178588867,25071900,0.0,0.0,95391000000.0,0.0,4827000000.0,0.0,168406000000.0,0.0,31096000000.0,0.0,38110000000.0,0.0
2022-05-17,41.274879098527315,41.84002890800059,41.114754636659335,41.82119369506836,28596600,0.0,0.0,95391000000.0,0.0,4827000000.0,0.0,168406000000.0,0.0,31096000000.0,0.0,38110000000.0,0.0
2022-05-18,41.425587402434175,41.425587402434175,39.76781193504717,39.8902587890625,35218400,0.0,0.0,95391000000.0,0.0,4827000000.0,0.0,168406000000.0,0.0,31096000000.0,0.0,38110000000.0,0.0
2022-05-19,39.86199960376542,40.219929720397545,39.29684981382816,39.570003509521484,29181000,0.0,0.0,95391000000.0,0.0,4827000000.0,0.0,168406000000.0,0.0,31096000000.0,0.0,38110000000.0,0.0
2022-05-20,39.79606484911842,39.83374245925689,37.968743875018745,39.23091506958008,44802300,0.0,0.0,95391000000.0,0.0,4827000000.0,0.0,168406000000.0,0.0,31096000000.0,0.0,38110000000.0,0.0
2022-05-23,39.26859272077542,39.79606853212629,38.92950497755165,39.56058883666992,27199500,0.0,0.0,95391000000.0,0.0,4827000000.0,0.0,168406000000.0,0.0,31096000000.0,0.0,38110000000.0,0.0
2022-05-24,39.278012050118406,39.456975316613445,38.712858652057776,39.249752044677734,29837500,0.0,0.0,95391000000.0,0.0,4827000000.0,0.0,168406000000.0,0.0,31096000000.0,0.0,38110000000.0,0.0
2022-05-25,39.033109804465205,40.0503837296002,38.986014587887034,39.74897003173828,26283100,0.0,0.0,95391000000.0,0.0,4827000000.0,0.0,168406000000.0,0.0,31096000000.0,0.0,38110000000.0,0.0
2022-05-26,39.72071309938616,41.143012464740174,39.635943858870014,40.954627990722656,28826700,0.0,0.0,95391000000.0,0.0,4827000000.0,0.0,168406000000.0,0.0,31096000000.0,0.0,38110000000.0,0.0
2022-05-27,41.05823752065216,41.96247863769531,41.02055990915834,41.96247863769531,30553300,0.0,0.0,95391000000.0,0.0,4827000000.0,0.0,168406000000.0,0.0,31096000000.0,0.0,38110000000.0,0.0
2022-05-31,41.67989860135776,42.1508579075878,41.11474887113547,41.840023040771484,41111500,0.0,0.0,95391000000.0,0.0,4827000000.0,0.0,168406000000.0,0.0,31096000000.0,0.0,38110000000.0,0.0
2022-06-01,42.16969312622551,42.32039994768237,41.00171256508433,41.54802703857422,29885500,0.0,0.0,95391000000.0,0.0,4827000000.0,0.0,168406000000.0,0.0,31096000000.0,0.0,38110000000.0,0.0
2022-06-02,41.623389028863535,42.27331527783515,41.38790933706453,42.23563766479492,28727600,0.0,0.0,95391000000.0,0.0,4827000000.0,0.0,168406000000.0,0.0,31096000000.0,0.0,38110000000.0,0.0
2022-06-03,41.5480405009533,41.67990856331413,40.82276256483353,40.86985778808594,33174700,0.0,0.0,95391000000.0,0.0,4827000000.0,0.0,168406000000.0,0.0,31096000000.0,0.0,38110000000.0,0.0
2022-06-06,41.26546452795358,41.482105423961066,40.577864225025024,40.82276153564453,25437100,0.0,0.0,95391000000.0,0.0,4827000000.0,0.0,168406000000.0,0.0,31096000000.0,0.0,38110000000.0,0.0
2022-06-07,40.55901730316389,41.058233024821796,40.182248415750955,41.00171661376953,25168700,0.0,0.0,95391000000.0,0.0,4827000000.0,0.0,168406000000.0,0.0,31096000000.0,0.0,38110000000.0,0.0
2022-06-08,39.796061683553695,39.805479288771856,38.646919817681216,38.835304260253906,59649900,0.0,0.0,95391000000.0,0.0,4827000000.0,0.0,168406000000.0,0.0,31096000000.0,0.0,38110000000.0,0.0
2022-06-09,38.62807962716926,38.948332090103854,37.686161041259766,37.686161041259766,39047200,0.0,0.0,95391000000.0,0.0,4827000000.0,0.0,168406000000.0,0.0,31096000000.0,0.0,38110000000.0,0.0
2022-06-10,37.53546082265525,37.75210529753188,36.90437698364258,36.90437698364258,43066200,0.0,0.0,95391000000.0,0.0,4827000000.0,0.0,168406000000.0,0.0,31096000000.0,0.0,38110000000.0,0.0
2022-06-13,36.310966520729075,36.55586740401901,35.48207702773477,35.576271057128906,50335900,0.0,0.0,95391000000.0,0.0,4827000000.0,0.0,168406000000.0,0.0,31096000000.0,0.0,38110000000.0,0.0
2022-06-14,35.80232993320705,35.98129679444702,35.359630566181806,35.72697830200195,31351700,0.0,0.0,95391000000.0,0.0,4827000000.0,0.0,168406000000.0,0.0,31096000000.0,0.0,38110000000.0,0.0
2022-06-15,36.32038997612667,36.894957422011096,35.717558929966295,36.4051628112793,37652300,0.0,0.0,95391000000.0,0.0,4827000000.0,0.0,168406000000.0,0.0,31096000000.0,0.0,38110000000.0,0.0
2022-06-16,35.510333041688625,35.59510586204731,34.78505526598312,35.171241760253906,45576500,0.0,0.0,95391000000.0,0.0,4827000000.0,0.0,168406000000.0,0.0,31096000000.0,0.0,38110000000.0,0.0
2022-06-17,35.303111779734394,35.90593916147594,34.474222333272465,34.82273483276367,71393200,0.0,0.0,95391000000.0,0.0,4827000000.0,0.0,168406000000.0,0.0,31096000000.0,0.0,38110000000.0,0.0
2022-06-21,35.19008436781679,35.82116819293149,35.16182795568771,35.53859329223633,34004900,0.0,0.0,95391000000.0,0.0,4827000000.0,0.0,168406000000.0,0.0,31096000000.0,0.0,38110000000.0,0.0
2022-06-22,35.161824312099924,35.57626721729786,35.05821268751683,35.208919525146484,32571000,0.0,0.0,95391000000.0,0.0,4827000000.0,0.0,168406000000.0,0.0,31096000000.0,0.0,38110000000.0,0.0
2022-06-23,35.425567098235874,35.43498470537749,34.76622321113413,35.2371826171875,30163000,0.0,0.0,95391000000.0,0.0,4827000000.0,0.0,168406000000.0,0.0,31096000000.0,0.0,38110000000.0,0.0
2022-06-24,35.651624754036106,36.39574146027542,35.548016705399206,36.36748504638672,38159900,0.0,0.0,95391000000.0,0.0,4827000000.0,0.0,168406000000.0,0.0,31096000000.0,0.0,38110000000.0,0.0
2022-06-27,36.61238434588004,36.79135122528777,36.23561896533763,36.38632583618164,29585300,0.0,0.0,95391000000.0,0.0,4827000000.0,0.0,168406000000.0,0.0,31096000000.0,0.0,38110000000.0,0.0
2022-06-28,36.3392235304761,36.75366644624107,35.548011714463314,35.58568572998047,37824200,0.0,0.0,95391000000.0,0.0,4827000000.0,0.0,168406000000.0,0.0,31096000000.0,0.0,38110000000.0,0.0
2022-06-29,35.359628998429294,35.41614182104377,34.8698308413405,35.124149322509766,25437200,0.0,0.0,95391000000.0,0.0,4827000000.0,0.0,168406000000.0,0.0,31096000000.0,0.0,38110000000.0,0.0
2022-06-30,35.04879813613913,35.79291486005588,34.596677537504114,35.2371826171875,35141000,0.0,0.0,95391000000.0,0.0,4827000000.0,0.0,168406000000.0,0.0,31096000000.0,0.0,38110000000.0,0.0
2022-07-01,34.93576333773339,35.0393749655155,33.79604261839925,34.22932434082031,40596300,0.0,0.0,95391000000.0,0.0,4827000000.0,0.0,168406000000.0,0.0,31096000000.0,0.0,38110000000.0,0.0
2022-07-05,33.843137693600006,34.606093100654206,33.475789991618754,34.55899429321289,33215000,0.0,0.0,95391000000.0,0.0,4827000000.0,0.0,168406000000.0,0.0,31096000000.0,0.0,38110000000.0,0.0
2022-07-06,34.68144756902255,35.24659737331897,34.342356249190765,34.841575622558594,26258300,0.0,0.0,95391000000.0,0.0,4827000000.0,0.0,168406000000.0,0.0,31096000000.0,0.0,38110000000.0,0.0
2022-07-07,35.68929452424265,36.10374100024401,35.53858769473331,35.924774169921875,33165400,0.0,0.0,95391000000.0,0.0,4827000000.0,0.0,168406000000.0,0.0,31096000000.0,0.0,38110000000.0,0.0
2022-07-08,35.4726619274312,35.92478252105996,35.218343419802196,35.78349685668945,22566300,0.0,0.0,95391000000.0,0.0,4827000000.0,0.0,168406000000.0,0.0,31096000000.0,0.0,38110000000.0,0.0
2022-07-11,35.472657031796935,35.48207463753453,34.87924726255996,35.03937530517578,25904300,0.0,0.0,95391000000.0,0.0,4827000000.0,0.0,168406000000.0,0.0,31096000000.0,0.0,38110000000.0,0.0
2022-07-12,35.46324031829785,35.510335534439896,34.84157412307266,35.04879379272461,30546300,0.0,0.0,95391000000.0,0.0,4827000000.0,0.0,168406000000.0,0.0,31096000000.0,0.0,38110000000.0,0.0
2022-07-13,34.54957803397649,35.25601705551123,34.49306161872523,35.04879379272461,27059200,0.0,0.0,95391000000.0,0.0,4827000000.0,0.0,168406000000.0,0.0,31096000000.0,0.0,38110000000.0,0.0
2022-07-14,34.84157349728046,35.94361662637613,34.18222970373029,35.519752502441406,36690700,0.0,0.0,95391000000.0,0.0,4827000000.0,0.0,168406000000.0,0.0,31096000000.0,0.0,38110000000.0,0.0
2022-07-15,36.04722960667704,36.42399493629921,35.538592638895636,36.37689971923828,32892300,0.0,0.0,95391000000.0,0.0,4827000000.0,0.0,168406000000.0,0.0,31096000000.0,0.0,38110000000.0,0.0
2022-07-18,36.8290253251489,37.055087428455174,36.29213187207364,36.46167755126953,30814400,0.0,0.0,95391000000.0,0.0,4827000000.0,0.0,168406000000.0,0.0,31096000000.0,0.0,38110000000.0,0.0
2022-07-19,37.036240151146465,38.364345272386046,36.96088852936558,37.883968353271484,53095300,0.0,0.0,95391000000.0,0.0,4827000000.0,0.0,168406000000.0,0.0,31096000000.0,0.0,38110000000.0,0.0
2022-07-20,37.87454615129763,38.3078278461769,37.26230121543804,38.204219818115234,36387900,0.0,0.0,95391000000.0,0.0,4827000000.0,0.0,168406000000.0,0.0,31096000000.0,0.0,38110000000.0,0.0
2022-07-21,38.15712205184503,38.28899367804129,37.507199491839756,38.25131607055664,29661200,0.0,0.0,95391000000.0,0.0,4827000000.0,0.0,168406000000.0,0.0,31096000000.0,0.0,38110000000.0,0.0
2022-07-22,38.025261047562466,38.15712910499946,36.67831687265301,36.9232177734375,41350000,0.0,0.0,95391000000.0,0.0,4827000000.0,0.0,168406000000.0,0.0,31096000000.0,0.0,38110000000.0,0.0
2022-07-25,36.99856925829633,37.12101970818914,36.31096896651142,36.88554000854492,32263400,0.0,0.0,95391000000.0,0.0,4827000000.0,0.0,168406000000.0,0.0,31096000000.0,0.0,38110000000.0,0.0
2022-07-26,36.82902305376882,37.27172603249225,36.621803364414575,36.6971549987793,35925500,0.0,0.0,95391000000.0,0.0,4827000000.0,0.0,168406000000.0,0.0,31096000000.0,0.0,38110000000.0,0.0
2022-07-27,36.98914478452229,38.0723490459156,36.951467177221375,37.846290588378906,42571600,0.0,0.0,95391000000.0,0.0,4827000000.0,0.0,168406000000.0,0.0,31096000000.0,0.0,38110000000.0,0.0
2022-07-28,37.76152127230711,37.78977768383743,36.77250734426379,37.40359115600586,56662300,0.0,0.0,95391000000.0,0.0,4827000000.0,0.0,168406000000.0,0.0,31096000000.0,0.0,38110000000.0,0.0
2022-07-29,33.53230387845462,34.49306137204714,33.19321616877606,34.20106887817383,125292400,0.0,0.0,95391000000.0,0.0,4827000000.0,0.0,168406000000.0,0.0,31096000000.0,0.0,38110000000.0,0.0
2022-08-01,33.95617042132969,35.50091660563833,33.95617042132969,34.813316345214844,52513400,0.0,0.0,95391000000.0,0.0,4827000000.0,0.0,168406000000.0,0.0,31096000000.0,0.0,38110000000.0,0.0
2022-08-02,34.46480206707019,34.53073608228777,33.90906994371176,33.918487548828125,53929400,0.0,0.0,95391000000.0,0.0,4827000000.0,0.0,168406000000.0,0.0,31096000000.0,0.0,38110000000.0,0.0
2022-08-03,33.99384326524239,34.464802576984106,33.21204908304663,34.398868560791016,59513900,0.0,0.0,95391000000.0,0.0,4827000000.0,0.0,168406000000.0,0.0,31096000000.0,0.0,38110000000.0,0.0
2022-08-04,34.26091578105994,34.34654443398472,33.64248984718926,33.92791748046875,54046300,0.365,0.0,95391000000.0,0.0,4827000000.0,0.0,168406000000.0,0.0,31096000000.0,0.0,38110000000.0,0.0
2022-08-05,33.63297015541941,33.95645574179639,33.47122917693537,33.67102813720703,40205100,0.0,0.0,95391000000.0,0.0,4827000000.0,0.0,168406000000.0,0.0,31096000000.0,0.0,38110000000.0,0.0
2022-08-08,33.64248529199656,34.21334048126174,33.490256999565254,33.66151428222656,41534600,0.0,0.0,95391000000.0,0.0,4827000000.0,0.0,168406000000.0,0.0,31096000000.0,0.0,38110000000.0,0.0
2022-08-09,33.50928861420651,33.58540095167881,32.72911810071788,32.84328842163086,48202300,0.0,0.0,95391000000.0,0.0,4827000000.0,0.0,168406000000.0,0.0,31096000000.0,0.0,38110000000.0,0.0
2022-08-10,33.290460474728704,33.68054572937782,32.909887901184135,33.652000427246094,42243300,0.0,0.0,95391000000.0,0.0,4827000000.0,0.0,168406000000.0,0.0,31096000000.0,0.0,38110000000.0,0.0
2022-08-11,33.90887970650632,34.527309109635745,33.76616774152837,33.86130905151367,35569700,0.0,0.0,95391000000.0,0.0,4827000000.0,0.0,168406000000.0,0.0,31096000000.0,0.0,38110000000.0,0.0
2022-08-12,34.061108525947496,34.38459406625294,33.937421917457904,34.35605239868164,37675200,0.0,0.0,95391000000.0,0.0,4827000000.0,0.0,168406000000.0,0.0,31096000000.0,0.0,38110000000.0,0.0
2022-08-15,34.346542053577856,34.660514969011714,33.97548579308986,34.574886322021484,25400600,0.0,0.0,95391000000.0,0.0,4827000000.0,0.0,168406000000.0,0.0,31096000000.0,0.0,38110000000.0,0.0
2022-08-16,34.40362919525413,34.80323075962041,33.96597327713647,34.43217086791992,25000200,0.0,0.0,95391000000.0,0.0,4827000000.0,0.0,168406000000.0,0.0,31096000000.0,0.0,38110000000.0,0.0
2022-08-17,34.070625222841954,34.327511122134965,33.556853424255934,34.04207992553711,29176100,0.0,0.0,95391000000.0,0.0,4827000000.0,0.0,168406000000.0,0.0,31096000000.0,0.0,38110000000.0,0.0
2022-08-18,33.94694186531471,34.565371344649,33.84228423378964,34.44168472290039,24598200,0.0,0.0,95391000000.0,0.0,4827000000.0,0.0,168406000000.0,0.0,31096000000.0,0.0,38110000000.0,0.0
2022-08-19,34.061112188830435,34.279940132362384,33.48074068974586,33.66151428222656,31425500,0.0,0.0,95391000000.0,0.0,4827000000.0,0.0,168406000000.0,0.0,31096000000.0,0.0,38110000000.0,0.0
2022-08-22,33.29997182940773,33.3570588019882,32.09165813035444,32.19631576538086,51006100,0.0,0.0,95391000000.0,0.0,4827000000.0,0.0,168406000000.0,0.0,31096000000.0,0.0,38110000000.0,0.0
2022-08-23,32.329517473266264,32.71960274135082,32.26291781501347,32.30097579956055,30687100,0.0,0.0,95391000000.0,0.0,4827000000.0,0.0,168406000000.0,0.0,31096000000.0,0.0,38110000000.0,0.0
2022-08-24,32.32000110620697,32.33903009631053,31.967970233404333,32.2153434753418,25105700,0.0,0.0,95391000000.0,0.0,4827000000.0,0.0,168406000000.0,0.0,31096000000.0,0.0,38110000000.0,0.0
2022-08-25,32.224859495295696,33.233374298848496,32.17728882981122,33.195316314697266,29799100,0.0,0.0,95391000000.0,0.0,4827000000.0,0.0,168406000000.0,0.0,31096000000.0,0.0,38110000000.0,0.0
2022-08-26,33.252395989230706,33.328508311410985,31.73010962213339,31.739625930786133,44851500,0.0,0.0,95391000000.0,0.0,4827000000.0,0.0,168406000000.0,0.0,31096000000.0,0.0,38110000000.0,0.0
2022-08-29,31.615941757097435,31.787199031942233,31.216343868731983,31.34002685546875,32976800,0.0,0.0,95391000000.0,0.0,4827000000.0,0.0,168406000000.0,0.0,31096000000.0,0.0,38110000000.0,0.0
2022-08-30,31.43517608995099,31.463717763181926,30.588405909614842,30.69305992126465,40182500,0.0,0.0,95391000000.0,0.0,4827000000.0,0.0,168406000000.0,0.0,31096000000.0,0.0,38110000000.0,0.0
2022-08-31,30.81674397852586,30.81674397852586,30.22685979479974,30.36957359313965,44074500,0.0,0.0,95391000000.0,0.0,4827000000.0,0.0,168406000000.0,0.0,31096000000.0,0.0,38110000000.0,0.0
2022-09-01,30.036576302936464,30.28394775650257,29.617947549616545,30.217348098754883,36440700,0.0,0.0,95391000000.0,0.0,4827000000.0,0.0,168406000000.0,0.0,31096000000.0,0.0,38110000000.0,0.0
2022-09-02,30.645486466608773,30.807231068816066,29.551344934538257,29.70357322692871,34893300,0.0,0.0,95391000000.0,0.0,4827000000.0,0.0,168406000000.0,0.0,31096000000.0,0.0,38110000000.0,0.0
2022-09-06,29.865314825394012,29.865314825394012,28.85680197478343,28.885345458984375,46989600,0.0,0.0,95391000000.0,0.0,4827000000.0,0.0,168406000000.0,0.0,31096000000.0,0.0,38110000000.0,0.0
2022-09-07,28.942432654658464,29.2944617258229,28.59040358349403,29.1612606048584,37329500,0.0,0.0,95391000000.0,0.0,4827000000.0,0.0,168406000000.0,0.0,31096000000.0,0.0,38110000000.0,0.0
2022-09-08,28.894861227070713,29.35154610618533,28.45720352355757,29.25640296936035,37359500,0.0,0.0,95391000000.0,0.0,4827000000.0,0.0,168406000000.0,0.0,31096000000.0,0.0,38110000000.0,0.0
2022-09-09,29.675033068244815,29.969975172940625,29.570375431379905,29.931917190551758,34069500,0.0,0.0,95391000000.0,0.0,4827000000.0,0.0,168406000000.0,0.0,31096000000.0,0.0,38110000000.0,0.0
2022-09-12,30.198314923737364,30.31248704599366,29.589401777581966,30.027057647705078,38305500,0.0,0.0,95391000000.0,0.0,4827000000.0,0.0,168406000000.0,0.0,31096000000.0,0.0,38110000000.0,0.0
2022-09-13,29.332516868886895,29.427660004910727,27.82926112676438,27.867319107055664,71417900,0.0,0.0,95391000000.0,0.0,4827000000.0,0.0,168406000000.0,0.0,31096000000.0,0.0,38110000000.0,0.0
2022-09-14,28.114690149644826,28.324005422480926,27.600920092520106,27.762662887573242,40767200,0.0,0.0,95391000000.0,0.0,4827000000.0,0.0,168406000000.0,0.0,31096000000.0,0.0,38110000000.0,0.0
2022-09-15,27.734118654951818,27.981490088656386,27.315489935243747,27.439176559448242,39919100,0.0,0.0,95391000000.0,0.0,4827000000.0,0.0,168406000000.0,0.0,31096000000.0,0.0,38110000000.0,0.0
2022-09-16,27.305979742046095,27.895863986787894,27.03957929347279,27.81974983215332,72748000,0.0,0.0,95391000000.0,0.0,4827000000.0,0.0,168406000000.0,0.0,31096000000.0,0.0,38110000000.0,0.0
2022-09-19,27.610434817975406,28.067119720267634,27.496262685050105,28.010034561157227,33151900,0.0,0.0,95391000000.0,0.0,4827000000.0,0.0,168406000000.0,0.0,31096000000.0,0.0,38110000000.0,0.0
2022-09-20,27.65800426660365,27.753147404078266,27.3154896975768,27.553346633911133,31129000,0.0,0.0,95391000000.0,0.0,4827000000.0,0.0,168406000000.0,0.0,31096000000.0,0.0,38110000000.0,0.0
2022-09-21,27.73411595142907,28.152744630329202,27.077630357311357,27.08714485168457,39977300,0.0,0.0,95391000000.0,0.0,4827000000.0,0.0,168406000000.0,0.0,31096000000.0,0.0,38110000000.0,0.0
2022-09-22,27.020546463793597,27.115689597251134,26.67803372393253,26.706575393676758,36092700,0.0,0.0,95391000000.0,0.0,4827000000.0,0.0,168406000000.0,0.0,31096000000.0,0.0,38110000000.0,0.0
2022-09-23,26.54483413922103,26.54483413922103,25.869321300725936,26.183292388916016,43491100,0.0,0.0,95391000000.0,0.0,4827000000.0,0.0,168406000000.0,0.0,31096000000.0,0.0,38110000000.0,0.0
2022-09-26,26.221351981022227,26.35455311881239,25.555353550890107,25.660009384155273,44786400,0.0,0.0,95391000000.0,0.0,4827000000.0,0.0,168406000000.0,0.0,31096000000.0,0.0,38110000000.0,0.0
2022-09-27,26.06912121539332,26.259407500241064,25.327008696837023,25.583892822265625,44121400,0.0,0.0,95391000000.0,0.0,4827000000.0,0.0,168406000000.0,0.0,31096000000.0,0.0,38110000000.0,0.0
2022-09-28,25.555350757059607,25.954950497334636,25.30797931644131,25.81223487854004,40433400,0.0,0.0,95391000000.0,0.0,4827000000.0,0.0,168406000000.0,0.0,31096000000.0,0.0,38110000000.0,0.0
2022-09-29,25.479235883108505,25.479235883108505,24.917893363563564,25.098663330078125,41831300,0.0,0.0,95391000000.0,0.0,4827000000.0,0.0,168406000000.0,0.0,31096000000.0,0.0,38110000000.0,0.0
2022-09-30,25.022550869859163,25.279436816066962,24.489751800272444,24.518295288085938,43821000,0.0,0.0,95391000000.0,0.0,4827000000.0,0.0,168406000000.0,0.0,31096000000.0,0.0,38110000000.0,0.0
2022-10-03,25.051096118959126,25.92640984503093,24.803724651297024,25.660009384155273,44096200,0.0,0.0,95391000000.0,0.0,4827000000.0,0.0,168406000000.0,0.0,31096000000.0,0.0,38110000000.0,0.0
2022-10-04,26.09766347986094,26.449690731221,25.774177899597717,26.354549407958984,42427500,0.0,0.0,95391000000.0,0.0,4827000000.0,0.0,168406000000.0,0.0,31096000000.0,0.0,38110000000.0,0.0
2022-10-05,26.040578349721315,26.487748739507303,25.58389164995404,26.297462463378906,30120000,0.0,0.0,95391000000.0,0.0,4827000000.0,0.0,168406000000.0,0.0,31096000000.0,0.0,38110000000.0,0.0
2022-10-06,26.107177489015953,26.411634073076065,25.688548778581108,25.859806060791016,33985100,0.0,0.0,95391000000.0,0.0,4827000000.0,0.0,168406000000.0,0.0,31096000000.0,0.0,38110000000.0,0.0
2022-10-07,24.89886349077504,25.003521120620693,24.40412064112841,24.470720291137695,57215500,0.0,0.0,95391000000.0,0.0,4827000000.0,0.0,168406000000.0,0.0,31096000000.0,0.0,38110000000.0,0.0
2022-10-10,24.680039060778807,24.727609727635322,23.871325021285752,23.975982666015625,43409300,0.0,0.0,95391000000.0,0.0,4827000000.0,0.0,168406000000.0,0.0,31096000000.0,0.0,38110000000.0,0.0
2022-10-11,23.795209869192025,24.242380288916017,23.49075325876679,23.823753356933594,48134900,0.0,0.0,95391000000.0,0.0,4827000000.0,0.0,168406000000.0,0.0,31096000000.0,0.0,38110000000.0,0.0
2022-10-12,23.83326426643952,24.28043646762643,23.4622080269052,24.09966468811035,39634100,0.0,0.0,95391000000.0,0.0,4827000000.0,0.0,168406000000.0,0.0,31096000000.0,0.0,38110000000.0,0.0
2022-10-13,23.528809073549557,25.536322313541532,23.395609762169638,25.136722564697266,62447000,0.0,0.0,95391000000.0,0.0,4827000000.0,0.0,168406000000.0,0.0,31096000000.0,0.0,38110000000.0,0.0
2022-10-14,25.174777613695817,25.33652040519587,24.50877927170488,24.651493072509766,48185400,0.0,0.0,95391000000.0,0.0,4827000000.0,0.0,168406000000.0,0.0,31096000000.0,0.0,38110000000.0,0.0
2022-10-17,25.03206492592475,25.450693666310293,24.89886561454483,25.136722564697266,39416500,0.0,0.0,95391000000.0,0.0,4827000000.0,0.0,168406000000.0,0.0,31096000000.0,0.0,38110000000.0,0.0
2022-10-18,25.441178811192287,25.650492271076327,24.299466555409587,24.61343765258789,51126900,0.0,0.0,95391000000.0,0.0,4827000000.0,0.0,168406000000.0,0.0,31096000000.0,0.0,38110000000.0,0.0
2022-10-19,24.489752036721537,24.974980446008537,24.44218137127763,24.737123489379883,33882300,0.0,0.0,95391000000.0,0.0,4827000000.0,0.0,168406000000.0,0.0,31096000000.0,0.0,38110000000.0,0.0
2022-10-20,24.87983397783286,25.640977226220233,24.689549526764257,24.813234329223633,33247700,0.0,0.0,95391000000.0,0.0,4827000000.0,0.0,168406000000.0,0.0,31096000000.0,0.0,38110000000.0,0.0
2022-10-21,24.594411170062017,25.736123542304792,24.537326005126044,25.660009384155273,53058700,0.0,0.0,95391000000.0,0.0,4827000000.0,0.0,168406000000.0,0.0,31096000000.0,0.0,38110000000.0,0.0
2022-10-24,25.450691845446098,26.145233654671273,25.23186390249094,25.859806060791016,43831600,0.0,0.0,95391000000.0,0.0,4827000000.0,0.0,168406000000.0,0.0,31096000000.0,0.0,38110000000.0,0.0
2022-10-25,25.859808208305978,26.221349978225323,25.688550911874092,26.078636169433594,32205300,0.0,0.0,95391000000.0,0.0,4827000000.0,0.0,168406000000.0,0.0,31096000000.0,0.0,38110000000.0,0.0
2022-10-26,25.869320450334584,26.449690130817128,25.679034178721185,25.888347625732422,37111100,0.0,0.0,95391000000.0,0.0,4827000000.0,0.0,168406000000.0,0.0,31096000000.0,0.0,38110000000.0,0.0
2022-10-27,26.116692131689884,26.24989143429279,24.860805993288405,24.994007110595703,56305100,0.0,0.0,95391000000.0,0.0,4827000000.0,0.0,168406000000.0,0.0,31096000000.0,0.0,38110000000.0,0.0
2022-10-28,26.811232784015203,27.800716644961188,26.506776211416437,27.658002853393555,91695700,0.0,0.0,95391000000.0,0.0,4827000000.0,0.0,168406000000.0,0.0,31096000000.0,0.0,38110000000.0,0.0
2022-10-31,27.66752096728513,27.762664112343902,26.68754965817755,27.04909324645996,59507700,0.0,0.0,95391000000.0,0.0,4827000000.0,0.0,168406000000.0,0.0,31096000000.0,0.0,38110000000.0,0.0
2022-11-01,27.40111745222958,27.44868992677808,26.535318377194773,26.925403594970703,44418700,0.0,0.0,95391000000.0,0.0,4827000000.0,0.0,168406000000.0,0.0,31096000000.0,0.0,38110000000.0,0.0
2022-11-02,26.896862040830722,27.44869004504039,26.078633622114737,26.08814811706543,51956100,0.0,0.0,95391000000.0,0.0,4827000000.0,0.0,168406000000.0,0.0,31096000000.0,0.0,38110000000.0,0.0
2022-11-03,26.116693526033995,26.525805950828502,25.850293091900937,26.059606552124023,39678200,0.0,0.0,95391000000.0,0.0,4827000000.0,0.0,168406000000.0,0.0,31096000000.0,0.0,38110000000.0,0.0
2022-11-04,26.585136676350324,27.23120282791374,26.43085238695134,27.1926326751709,43051900,0.365,0.0,95391000000.0,0.0,4827000000.0,0.0,168406000000.0,0.0,31096000000.0,0.0,38110000000.0,0.0
2022-11-07,27.346917006664487,27.452986306280927,26.893705296545274,27.395130157470703,34389800,0.0,0.0,95391000000.0,0.0,4827000000.0,0.0,168406000000.0,0.0,31096000000.0,0.0,38110000000.0,0.0
2022-11-08,27.732627744845203,27.915841028586772,26.93227730224422,27.462629318237305,36258000,0.0,0.0,95391000000.0,0.0,4827000000.0,0.0,168406000000.0,0.0,31096000000.0,0.0,38110000000.0,0.0
2022-11-09,27.211919645642528,27.289061798318503,26.53692626953125,26.53692626953125,30544800,0.0,0.0,95391000000.0,0.0,4827000000.0,0.0,168406000000.0,0.0,31096000000.0,0.0,38110000000.0,0.0
2022-11-10,27.84834341538586,28.764408105829368,27.626559951961106,28.696908950805664,62943900,0.0,0.0,95391000000.0,0.0,4827000000.0,0.0,168406000000.0,0.0,31096000000.0,0.0,38110000000.0,0.0
2022-11-11,27.89655701103716,29.535828165320652,27.838700858094295,29.342973709106445,49826500,0.0,0.0,95391000000.0,0.0,4827000000.0,0.0,168406000000.0,0.0,31096000000.0,0.0,38110000000.0,0.0
2022-11-14,29.256186088425583,29.882966236793685,29.101901800803088,29.26582908630371,39395300,0.0,0.0,95391000000.0,0.0,4827000000.0,0.0,168406000000.0,0.0,31096000000.0,0.0,38110000000.0,0.0
2022-11-15,29.98903801322919,30.22046444959404,29.09225942280677,29.61296844482422,40933200,0.0,0.0,95391000000.0,0.0,4827000000.0,0.0,168406000000.0,0.0,31096000000.0,0.0,38110000000.0,0.0
2022-11-16,29.034403469917226,29.150115769275452,28.388337307656638,28.475122451782227,35582800,0.0,0.0,95391000000.0,0.0,4827000000.0,0.0,168406000000.0,0.0,31096000000.0,0.0,38110000000.0,0.0
2022-11-17,28.03155433719462,28.88011980044275,27.96405518791181,28.822261810302734,31983300,0.0,0.0,95391000000.0,0.0,4827000000.0,0.0,168406000000.0,0.0,31096000000.0,0.0,38110000000.0,0.0
2022-11-18,29.1790462667312,29.1790462667312,28.55226606848289,28.802978515625,27122200,0.0,0.0,95391000000.0,0.0,4827000000.0,0.0,168406000000.0,0.0,31096000000.0,0.0,38110000000.0,0.0
2022-11-21,28.600475862220378,28.658332008082123,27.87726760170055,27.90619659423828,36086800,0.0,0.0,95391000000.0,0.0,4827000000.0,0.0,168406000000.0,0.0,31096000000.0,0.0,38110000000.0,0.0
2022-11-22,28.099053475255506,28.793334642947404,28.021911327646837,28.754762649536133,25584100,0.0,0.0,95391000000.0,0.0,4827000000.0,0.0,168406000000.0,0.0,31096000000.0,0.0,38110000000.0,0.0
2022-11-23,28.667978834252597,29.00547643541131,28.436552380684496,28.610122680664062,23143900,0.0,0.0,95391000000.0,0.0,4827000000.0,0.0,168406000000.0,0.0,31096000000.0,0.0,38110000000.0,0.0
2022-11-25,28.61976476337277,28.61976476337277,28.29191017150879,28.29191017150879,11314900,0.0,0.0,95391000000.0,0.0,4827000000.0,0.0,168406000000.0,0.0,31096000000.0,0.0,38110000000.0,0.0
2022-11-28,28.060482686063413,28.147267830060994,27.520487665022543,27.703699111938477,28267900,0.0,0.0,95391000000.0,0.0,4827000000.0,0.0,168406000000.0,0.0,31096000000.0,0.0,38110000000.0,0.0
2022-11-29,27.819413039092478,28.13762461826266,27.713341899631146,27.867626190185547,24361500,0.0,0.0,95391000000.0,0.0,4827000000.0,0.0,168406000000.0,0.0,31096000000.0,0.0,38110000000.0,0.0
2022-11-30,27.74227206955256,29.005475441707357,27.21191818898294,28.995832443237305,72072500,0.0,0.0,95391000000.0,0.0,4827000000.0,0.0,168406000000.0,0.0,31096000000.0,0.0,38110000000.0,0.0
2022-12-01,29.159761881830644,29.391188344478422,28.465482493887304,28.764408111572266,38896300,0.0,0.0,95391000000.0,0.0,4827000000.0,0.0,168406000000.0,0.0,31096000000.0,0.0,38110000000.0,0.0
2022-12-02,28.127982886029038,28.378695329266066,27.684414151313096,28.35940933227539,31546000,0.0,0.0,95391000000.0,0.0,4827000000.0,0.0,168406000000.0,0.0,31096000000.0,0.0,38110000000.0,0.0
2022-12-05,28.369050616084017,28.687262190341098,27.857982762004674,28.127981185913086,34040400,0.0,0.0,95391000000.0,0.0,4827000000.0,0.0,168406000000.0,0.0,31096000000.0,0.0,38110000000.0,0.0
2022-12-06,28.147270318176886,28.262982627592987,27.327633796421193,27.578346252441406,27701200,0.0,0.0,95391000000.0,0.0,4827000000.0,0.0,168406000000.0,0.0,31096000000.0,0.0,38110000000.0,0.0
2022-12-07,27.26977429221749,27.530127876031965,27.14441715999777,27.3179874420166,28239900,0.0,0.0,95391000000.0,0.0,4827000000.0,0.0,168406000000.0,0.0,31096000000.0,0.0,38110000000.0,0.0
2022-12-08,27.30834667765227,27.578345120565167,27.06727723051309,27.424060821533203,28486100,0.0,0.0,95391000000.0,0.0,4827000000.0,0.0,168406000000.0,0.0,31096000000.0,0.0,38110000000.0,0.0
2022-12-09,27.375844371968313,27.751913940161064,27.182989928046684,27.231203079223633,25641300,0.0,0.0,95391000000.0,0.0,4827000000.0,0.0,168406000000.0,0.0,31096000000.0,0.0,38110000000.0,0.0
2022-12-12,27.125133722644026,27.684414773444505,26.864780114274833,27.665130615234375,35117900,0.0,0.0,95391000000.0,0.0,4827000000.0,0.0,168406000000.0,0.0,31096000000.0,0.0,38110000000.0,0.0
2022-12-13,28.725834843640268,29.01511743082299,27.35656037516198,27.703699111938477,58546800,0.0,0.0,95391000000.0,0.0,4827000000.0,0.0,168406000000.0,0.0,31096000000.0,0.0,38110000000.0,0.0
2022-12-14,27.491559632759046,28.079769665058897,27.00942074443822,27.250490188598633,37141100,0.0,0.0,95391000000.0,0.0,4827000000.0,0.0,168406000000.0,0.0,31096000000.0,0.0,38110000000.0,0.0
2022-12-15,26.94191981776278,26.99977596556628,26.151212387331118,26.180139541625977,45682700,0.0,0.0,95391000000.0,0.0,4827000000.0,0.0,168406000000.0,0.0,31096000000.0,0.0,38110000000.0,0.0
2022-12-16,26.035499002999398,26.17049729817023,25.505146981216424,25.958356857299805,81104200,0.0,0.0,95391000000.0,0.0,4827000000.0,0.0,168406000000.0,0.0,31096000000.0,0.0,38110000000.0,0.0
2022-12-19,25.939073308639554,26.00657246259408,25.55336254374656,25.833003997802734,37662500,0.0,0.0,95391000000.0,0.0,4827000000.0,0.0,168406000000.0,0.0,31096000000.0,0.0,38110000000.0,0.0
2022-12-20,25.591930608136252,25.910142170187655,25.476216476838598,25.495502471923828,31863300,0.0,0.0,95391000000.0,0.0,4827000000.0,0.0,168406000000.0,0.0,31096000000.0,0.0,38110000000.0,0.0
2022-12-21,25.64014605042167,26.00657079375305,25.630503052016383,25.871572494506836,28100900,0.0,0.0,95391000000.0,0.0,4827000000.0,0.0,168406000000.0,0.0,31096000000.0,0.0,38110000000.0,0.0
2022-12-22,25.50514828566791,25.50514828566791,24.444442348638713,25.042293548583984,47478300,0.0,0.0,95391000000.0,0.0,4827000000.0,0.0,168406000000.0,0.0,31096000000.0,0.0,38110000000.0,0.0
2022-12-23,24.994079376869443,25.254434811023486,24.762652937359356,25.15800666809082,23600900,0.0,0.0,95391000000.0,0.0,4827000000.0,0.0,168406000000.0,0.0,31096000000.0,0.0,38110000000.0,0.0
2022-12-27,24.926581549900387,25.167651000403847,24.733725253812043,25.01336669921875,29548100,0.0,0.0,95391000000.0,0.0,4827000000.0,0.0,168406000000.0,0.0,31096000000.0,0.0,38110000000.0,0.0
2022-12-28,24.91693955319744,25.186938010736196,24.589084940191103,24.627656936645508,26176900,0.0,0.0,95391000000.0,0.0,4827000000.0,0.0,168406000000.0,0.0,31096000000.0,0.0,38110000000.0,0.0
2022-12-29,24.849437012352013,25.35086186264532,24.83015101675294,25.273717880249023,30944800,0.0,0.0,95391000000.0,0.0,4827000000.0,0.0,168406000000.0,0.0,31096000000.0,0.0,38110000000.0,0.0
2022-12-30,24.974794832133654,25.51478988904513,24.878366683595974,25.485862731933594,31030100,0.0,0.0,95391000000.0,0.0,4827000000.0,0.0,168406000000.0,0.0,31096000000.0,0.0,38110000000.0,0.0
2023-01-03,26.083715102044323,26.103001100452165,25.42800770910403,25.775146484375,31308000,0.0,0.0,101423000000.0,6.323447704710087,11144000000.0,130.86803397555417,182103000000.0,8.133320665534482,18252000000.0,-41.30434782608695,42007000000.0,10.225662555759643
2023-01-04,26.43085245698635,26.922634320453884,26.189783024259942,26.691207885742188,37665200,0.0,0.0,101423000000.0,6.323447704710087,11144000000.0,130.86803397555417,182103000000.0,8.133320665534482,18252000000.0,-41.30434782608695,42007000000.0,10.225662555759643
2023-01-05,26.459782464056307,26.7876370522534,26.401924473752903,26.57549476623535,33552600,0.0,0.0,101423000000.0,6.323447704710087,11144000000.0,130.86803397555417,182103000000.0,8.133320665534482,18252000000.0,-41.30434782608695,42007000000.0,10.225662555759643
2023-01-06,26.932277653308667,27.800127254070663,26.40192379118857,27.703699111938477,31788600,0.0,0.0,101423000000.0,6.323447704710087,11144000000.0,130.86803397555417,182103000000.0,8.133320665534482,18252000000.0,-41.30434782608695,42007000000.0,10.225662555759643
2023-01-09,27.80976964037389,28.80297635582074,27.80976964037389,28.26297950744629,37493200,0.0,0.0,101423000000.0,6.323447704710087,11144000000.0,130.86803397555417,182103000000.0,8.133320665534482,18252000000.0,-41.30434782608695,42007000000.0,10.225662555759643
2023-01-10,28.195483693523496,28.455839150558727,27.886915080391674,28.38833999633789,23008100,0.0,0.0,101423000000.0,6.323447704710087,11144000000.0,130.86803397555417,182103000000.0,8.133320665534482,18252000000.0,-41.30434782608695,42007000000.0,10.225662555759643
2023-01-11,28.619766010523257,28.812620471120535,27.96405679822175,28.783693313598633,30375400,0.0,0.0,101423000000.0,6.323447704710087,11144000000.0,130.86803397555417,182103000000.0,8.133320665534482,18252000000.0,-41.30434782608695,42007000000.0,10.225662555759643
2023-01-12,28.90904794592512,29.294758697326316,28.41726604818337,29.207975387573242,28963900,0.0,0.0,101423000000.0,6.323447704710087,11144000000.0,130.86803397555417,182103000000.0,8.133320665534482,18252000000.0,-41.30434782608695,42007000000.0,10.225662555759643
2023-01-13,28.89940461379544,29.09226090687782,28.745120315015104,29.034404754638672,31361900,0.0,0.0,101423000000.0,6.323447704710087,11144000000.0,130.86803397555417,182103000000.0,8.133320665534482,18252000000.0,-41.30434782608695,42007000000.0,10.225662555759643
2023-01-17,29.101904575659702,29.179046726826428,28.465481368730735,28.54262351989746,34759100,0.0,0.0,101423000000.0,6.323447704710087,11144000000.0,130.86803397555417,182103000000.0,8.133320665534482,18252000000.0,-41.30434782608695,42007000000.0,10.225662555759643
2023-01-18,28.73547856461602,28.754764562604766,27.607273431270517,27.78084373474121,44199600,0.0,0.0,101423000000.0,6.323447704710087,11144000000.0,130.86803397555417,182103000000.0,8.133320665534482,18252000000.0,-41.30434782608695,42007000000.0,10.225662555759643
2023-01-19,27.58798891962849,27.732630224266018,27.231205318256215,27.404775619506836,36886600,0.0,0.0,101423000000.0,6.323447704710087,11144000000.0,130.86803397555417,182103000000.0,8.133320665534482,18252000000.0,-41.30434782608695,42007000000.0,10.225662555759643
2023-01-20,27.40477553678764,28.18584005084388,27.24084823490285,28.176197052001953,35158500,0.0,0.0,101423000000.0,6.323447704710087,11144000000.0,130.86803397555417,182103000000.0,8.133320665534482,18252000000.0,-41.30434782608695,42007000000.0,10.225662555759643
2023-01-23,28.28226481940884,29.40082680237245,28.137623532497187,29.18868637084961,38795800,0.0,0.0,101423000000.0,6.323447704710087,11144000000.0,130.86803397555417,182103000000.0,8.133320665534482,18252000000.0,-41.30434782608695,42007000000.0,10.225662555759643
2023-01-24,28.87047656357061,29.111546002854098,28.66797727818127,28.8511905670166,24855100,0.0,0.0,101423000000.0,6.323447704710087,11144000000.0,130.86803397555417,182103000000.0,8.133320665534482,18252000000.0,-41.30434782608695,42007000000.0,10.225662555759643
2023-01-25,28.46547924306209,28.822260975860168,28.127981667205173,28.639049530029297,28268000,0.0,0.0,101423000000.0,6.323447704710087,11144000000.0,130.86803397555417,182103000000.0,8.133320665534482,18252000000.0,-41.30434782608695,42007000000.0,10.225662555759643
2023-01-26,28.986190556093007,29.034405550291837,28.28226819371583,29.015119552612305,56088100,0.0,0.0,101423000000.0,6.323447704710087,11144000000.0,130.86803397555417,182103000000.0,8.133320665534482,18252000000.0,-41.30434782608695,42007000000.0,10.225662555759643
2023-01-27,26.102999338615348,27.231204420328744,25.82335973743222,27.154062271118164,148548200,0.0,0.0,101423000000.0,6.323447704710087,11144000000.0,130.86803397555417,182103000000.0,8.133320665534482,18252000000.0,-41.30434782608695,42007000000.0,10.225662555759643
2023-01-30,26.729781392428336,27.49156177824858,26.681568235519176,26.951566696166992,55145800,0.0,0.0,101423000000.0,6.323447704710087,11144000000.0,130.86803397555417,182103000000.0,8.133320665534482,18252000000.0,-41.30434782608695,42007000000.0,10.225662555759643
2023-01-31,26.787637297221977,27.279419184014884,26.546567853061564,27.250490188598633,52621600,0.0,0.0,101423000000.0,6.323447704710087,11144000000.0,130.86803397555417,182103000000.0,8.133320665534482,18252000000.0,-41.30434782608695,42007000000.0,10.225662555759643
2023-02-01,26.893705254722768,28.37869383918174,26.691207814594986,28.031553268432617,63330600,0.0,0.0,101423000000.0,6.323447704710087,11144000000.0,130.86803397555417,182103000000.0,8.133320665534482,18252000000.0,-41.30434782608695,42007000000.0,10.225662555759643
2023-02-02,28.205123969761672,29.217614863759888,27.77119824992596,29.11154556274414,62230700,0.0,0.0,101423000000.0,6.323447704710087,11144000000.0,130.86803397555417,182103000000.0,8.133320665534482,18252000000.0,-41.30434782608695,42007000000.0,10.225662555759643
2023-02-03,28.56190702557509,30.05653676373486,28.47512188318245,29.236900329589844,57603100,0.0,0.0,101423000000.0,6.323447704710087,11144000000.0,130.86803397555417,182103000000.0,8.133320665534482,18252000000.0,-41.30434782608695,42007000000.0,10.225662555759643
2023-02-06,28.841610115948637,28.939213232302656,27.92414566244483,28.002227783203125,48726400,0.365,0.0,101423000000.0,6.323447704710087,11144000000.0,130.86803397555417,182103000000.0,8.133320665534482,18252000000.0,-41.30434782608695,42007000000.0,10.225662555759643
2023-02-07,27.963181376797266,28.56831911334497,27.748456044021918,28.353591918945312,50780800,0.0,0.0,101423000000.0,6.323447704710087,11144000000.0,130.86803397555417,182103000000.0,8.133320665534482,18252000000.0,-41.30434782608695,42007000000.0,10.225662555759643
2023-02-08,28.255995442166576,28.421920183249103,27.533733490425252,27.56301498413086,36479100,0.0,0.0,101423000000.0,6.323447704710087,11144000000.0,130.86803397555417,182103000000.0,8.133320665534482,18252000000.0,-41.30434782608695,42007000000.0,10.225662555759643
2023-02-09,27.99246768618719,28.129110934064443,26.909076616232884,27.06524085998535,43906400,0.0,0.0,101423000000.0,6.323447704710087,11144000000.0,130.86803397555417,182103000000.0,8.133320665534482,18252000000.0,-41.30434782608695,42007000000.0,10.225662555759643
2023-02-10,26.967637348743658,27.319007822872113,26.68459035918154,27.133562088012695,31232500,0.0,0.0,101423000000.0,6.323447704710087,11144000000.0,130.86803397555417,182103000000.0,8.133320665534482,18252000000.0,-41.30434782608695,42007000000.0,10.225662555759643
2023-02-13,27.20188630644277,27.865583419799805,27.055480697189722,27.865583419799805,32347500,0.0,0.0,101423000000.0,6.323447704710087,11144000000.0,130.86803397555417,182103000000.0,8.133320665534482,18252000000.0,-41.30434782608695,42007000000.0,10.225662555759643
2023-02-14,27.699655213461494,28.031504659469526,27.319005144885864,27.95342254638672,27928900,0.0,0.0,101423000000.0,6.323447704710087,11144000000.0,130.86803397555417,182103000000.0,8.133320665534482,18252000000.0,-41.30434782608695,42007000000.0,10.225662555759643
2023-02-15,27.68013685643991,28.187669674876624,27.484930637454998,28.158390045166016,23359400,0.0,0.0,101423000000.0,6.323447704710087,11144000000.0,130.86803397555417,182103000000.0,8.133320665534482,18252000000.0,-41.30434782608695,42007000000.0,10.225662555759643
2023-02-16,27.816780940744902,28.138869908751705,27.455649983101143,27.52397346496582,28972500,0.0,0.0,101423000000.0,6.323447704710087,11144000000.0,130.86803397555417,182103000000.0,8.133320665534482,18252000000.0,-41.30434782608695,42007000000.0,10.225662555759643
2023-02-17,27.32876831565852,27.397089938587733,26.72363048383983,26.948118209838867,32086200,0.0,0.0,101423000000.0,6.323447704710087,11144000000.0,130.86803397555417,182103000000.0,8.133320665534482,18252000000.0,-41.30434782608695,42007000000.0,10.225662555759643
2023-02-21,26.460104035351655,26.616268274114095,25.415754990518632,25.435274124145508,63668400,0.0,0.0,101423000000.0,6.323447704710087,11144000000.0,130.86803397555417,182103000000.0,8.133320665534482,18252000000.0,-41.30434782608695,42007000000.0,10.225662555759643
2023-02-22,25.288867594374018,26.255134413274384,24.693490336229853,24.85941505432129,89195300,0.0,0.0,101423000000.0,6.323447704710087,11144000000.0,130.86803397555417,182103000000.0,8.133320665534482,18252000000.0,-41.30434782608695,42007000000.0,10.225662555759643
2023-02-23,25.161986051002106,25.454793514818004,24.71301249664335,24.996061325073242,56473200,0.0,0.0,101423000000.0,6.323447704710087,11144000000.0,130.86803397555417,182103000000.0,8.133320665534482,18252000000.0,-41.30434782608695,42007000000.0,10.225662555759643
2023-02-24,24.615412752572794,24.742297369426744,24.322605248736267,24.537330627441406,44089900,0.0,0.0,101423000000.0,6.323447704710087,11144000000.0,130.86803397555417,182103000000.0,8.133320665534482,18252000000.0,-41.30434782608695,42007000000.0,10.225662555759643
2023-02-27,24.9375008974701,24.966782391500903,24.283562423779266,24.303083419799805,37657000,0.0,0.0,101423000000.0,6.323447704710087,11144000000.0,130.86803397555417,182103000000.0,8.133320665534482,18252000000.0,-41.30434782608695,42007000000.0,10.225662555759643
2023-02-28,24.34212362595629,24.517808854002507,24.13715690602753,24.33236312866211,50255300,0.0,0.0,101423000000.0,6.323447704710087,11144000000.0,130.86803397555417,182103000000.0,8.133320665534482,18252000000.0,-41.30434782608695,42007000000.0,10.225662555759643
2023-03-01,24.42996702389222,25.298630833078455,24.371404038247963,24.722774505615234,47823400,0.0,0.0,101423000000.0,6.323447704710087,11144000000.0,130.86803397555417,182103000000.0,8.133320665534482,18252000000.0,-41.30434782608695,42007000000.0,10.225662555759643
2023-03-02,24.605649728499785,25.669519737725928,24.5178089756653,25.571918487548828,48309300,0.0,0.0,101423000000.0,6.323447704710087,11144000000.0,130.86803397555417,182103000000.0,8.133320665534482,18252000000.0,-41.30434782608695,42007000000.0,10.225662555759643
2023-03-03,25.5719179110984,25.845204384032996,25.386472189018157,25.767122268676758,36744900,0.0,0.0,101423000000.0,6.323447704710087,11144000000.0,130.86803397555417,182103000000.0,8.133320665534482,18252000000.0,-41.30434782608695,42007000000.0,10.225662555759643
2023-03-06,25.8354456196771,25.903769104117636,25.30839177107945,25.366952896118164,37879800,0.0,0.0,101423000000.0,6.323447704710087,11144000000.0,130.86803397555417,182103000000.0,8.133320665534482,18252000000.0,-41.30434782608695,42007000000.0,10.225662555759643
2023-03-07,25.220550097368804,25.366953846261588,24.888700607012005,24.91798210144043,43164600,0.0,0.0,101423000000.0,6.323447704710087,11144000000.0,130.86803397555417,182103000000.0,8.133320665534482,18252000000.0,-41.30434782608695,42007000000.0,10.225662555759643
2023-03-08,24.947261385027765,25.3864744871826,24.839899630209082,25.357192993164062,36071900,0.0,0.0,101423000000.0,6.323447704710087,11144000000.0,130.86803397555417,182103000000.0,8.133320665534482,18252000000.0,-41.30434782608695,42007000000.0,10.225662555759643
2023-03-09,25.357190236490354,26.33321759150499,25.347429739545277,25.806163787841797,54886100,0.0,0.0,101423000000.0,6.323447704710087,11144000000.0,130.86803397555417,182103000000.0,8.133320665534482,18252000000.0,-41.30434782608695,42007000000.0,10.225662555759643
2023-03-10,25.913524543731633,26.860272233466144,25.68903870742063,26.567462921142578,65187000,0.0,0.0,101423000000.0,6.323447704710087,11144000000.0,130.86803397555417,182103000000.0,8.133320665534482,18252000000.0,-41.30434782608695,42007000000.0,10.225662555759643
2023-03-13,26.09897498475374,26.65531035887003,25.97209222955824,26.30394172668457,50977000,0.0,0.0,101423000000.0,6.323447704710087,11144000000.0,130.86803397555417,182103000000.0,8.133320665534482,18252000000.0,-41.30434782608695,42007000000.0,10.225662555759643
2023-03-14,26.694351607202076,27.42637220779286,26.59674848813171,27.338529586791992,47689800,0.0,0.0,101423000000.0,6.323447704710087,11144000000.0,130.86803397555417,182103000000.0,8.133320665534482,18252000000.0,-41.30434782608695,42007000000.0,10.225662555759643
2023-03-15,27.06524196977045,27.816783587160867,26.996920343030357,27.728940963745117,49322800,0.0,0.0,101423000000.0,6.323447704710087,11144000000.0,130.86803397555417,182103000000.0,8.133320665534482,18252000000.0,-41.30434782608695,42007000000.0,10.225662555759643
2023-03-16,27.70941861346735,29.544351255599253,27.70941861346735,29.45650863647461,75779500,0.0,0.0,101423000000.0,6.323447704710087,11144000000.0,130.86803397555417,182103000000.0,8.133320665534482,18252000000.0,-41.30434782608695,42007000000.0,10.225662555759643
2023-03-17,29.202738666283725,30.256848139919157,28.73424598058452,29.095375061035156,80628500,0.0,0.0,101423000000.0,6.323447704710087,11144000000.0,130.86803397555417,182103000000.0,8.133320665534482,18252000000.0,-41.30434782608695,42007000000.0,10.225662555759643
2023-03-20,29.085615413340413,29.183218524450513,27.94366329508857,28.46095848083496,38780100,0.0,0.0,101423000000.0,6.323447704710087,11144000000.0,130.86803397555417,182103000000.0,8.133320665534482,18252000000.0,-41.30434782608695,42007000000.0,10.225662555759643
2023-03-21,28.30479619784849,28.470720939680174,27.30924774685839,27.777740478515625,55650800,0.0,0.0,101423000000.0,6.323447704710087,11144000000.0,130.86803397555417,182103000000.0,8.133320665534482,18252000000.0,-41.30434782608695,42007000000.0,10.225662555759643
2023-03-22,27.797260296726222,28.421919107429034,27.426370698617145,27.455650329589844,37415500,0.0,0.0,101423000000.0,6.323447704710087,11144000000.0,130.86803397555417,182103000000.0,8.133320665534482,18252000000.0,-41.30434782608695,42007000000.0,10.225662555759643
2023-03-23,27.69965663211691,28.46095866988316,27.543492397953248,28.334075927734375,43785500,0.0,0.0,101423000000.0,6.323447704710087,11144000000.0,130.86803397555417,182103000000.0,8.133320665534482,18252000000.0,-41.30434782608695,42007000000.0,10.225662555759643
2023-03-24,28.343839481996387,29.095379241854463,28.236475861320354,28.65616798400879,55912100,0.0,0.0,101423000000.0,6.323447704710087,11144000000.0,130.86803397555417,182103000000.0,8.133320665534482,18252000000.0,-41.30434782608695,42007000000.0,10.225662555759643
2023-03-27,28.665925923718298,29.01729452630721,28.382877080518664,28.480480194091797,34758200,0.0,0.0,101423000000.0,6.323447704710087,11144000000.0,130.86803397555417,182103000000.0,8.133320665534482,18252000000.0,-41.30434782608695,42007000000.0,10.225662555759643
2023-03-28,28.38287622281206,28.626883068558943,27.943663155817884,28.58784294128418,37407900,0.0,0.0,101423000000.0,6.323447704710087,11144000000.0,130.86803397555417,182103000000.0,8.133320665534482,18252000000.0,-41.30434782608695,42007000000.0,10.225662555759643
2023-03-29,29.056335409276464,31.125512402388914,29.046574912128595,30.76438331604004,85556200,0.0,0.0,101423000000.0,6.323447704710087,11144000000.0,130.86803397555417,182103000000.0,8.133320665534482,18252000000.0,-41.30434782608695,42007000000.0,10.225662555759643
2023-03-30,31.086474310596248,31.798975756041244,31.047432319448752,31.320720672607422,70077600,0.0,0.0,101423000000.0,6.323447704710087,11144000000.0,130.86803397555417,182103000000.0,8.133320665534482,18252000000.0,-41.30434782608695,42007000000.0,10.225662555759643
2023-03-31,31.03766573239136,32.11129793881671,30.969344122911842,31.886808395385742,59765000,0.0,0.0,101423000000.0,6.323447704710087,11144000000.0,130.86803397555417,182103000000.0,8.133320665534482,18252000000.0,-41.30434782608695,42007000000.0,10.225662555759643
2023-04-03,32.15034405617549,32.755483778380075,31.759935295631553,32.10154342651367,57038300,0.0,0.0,101423000000.0,6.323447704710087,11144000000.0,130.86803397555417,182103000000.0,8.133320665534482,18252000000.0,-41.30434782608695,42007000000.0,10.225662555759643
2023-04-04,32.06250403394408,33.028772961915536,32.05274539651999,32.30651092529297,55714100,0.0,0.0,101423000000.0,6.323447704710087,11144000000.0,130.86803397555417,182103000000.0,8.133320665534482,18252000000.0,-41.30434782608695,42007000000.0,10.225662555759643
2023-04-05,32.01369684131975,32.19914442362998,31.56472514680358,32.0429801940918,39615700,0.0,0.0,101423000000.0,6.323447704710087,11144000000.0,130.86803397555417,182103000000.0,8.133320665534482,18252000000.0,-41.30434782608695,42007000000.0,10.225662555759643
2023-04-06,31.818491804169874,32.208904254125564,31.6818485636601,32.023460388183594,28551900,0.0,0.0,101423000000.0,6.323447704710087,11144000000.0,130.86803397555417,182103000000.0,8.133320665534482,18252000000.0,-41.30434782608695,42007000000.0,10.225662555759643
2023-04-10,31.81849201498187,31.974656251348996,31.428083285688604,31.74041175842285,30534400,0.0,0.0,101423000000.0,6.323447704710087,11144000000.0,130.86803397555417,182103000000.0,8.133320665534482,18252000000.0,-41.30434782608695,42007000000.0,10.225662555759643
2023-04-11,31.87705562159293,32.31626870845756,31.545206147434005,31.574485778808594,27059100,0.0,0.0,101423000000.0,6.323447704710087,11144000000.0,130.86803397555417,182103000000.0,8.133320665534482,18252000000.0,-41.30434782608695,42007000000.0,10.225662555759643
2023-04-12,31.984420033222882,32.10154228489594,31.193836457118923,31.252399444580078,37070800,0.0,0.0,101423000000.0,6.323447704710087,11144000000.0,130.86803397555417,182103000000.0,8.133320665534482,18252000000.0,-41.30434782608695,42007000000.0,10.225662555759643
2023-04-13,31.057192349807018,31.65256967447336,30.891267613176623,31.35976219177246,29722300,0.0,0.0,101423000000.0,6.323447704710087,11144000000.0,130.86803397555417,182103000000.0,8.133320665534482,18252000000.0,-41.30434782608695,42007000000.0,10.225662555759643
2023-04-14,31.232878600038376,31.467126827768343,30.9303106098554,31.12551498413086,24623600,0.0,0.0,101423000000.0,6.323447704710087,11144000000.0,130.86803397555417,182103000000.0,8.133320665534482,18252000000.0,-41.30434782608695,42007000000.0,10.225662555759643
2023-04-17,31.18407821695117,31.85753582668746,31.008392975585302,31.369522094726562,29601100,0.0,0.0,101423000000.0,6.323447704710087,11144000000.0,130.86803397555417,182103000000.0,8.133320665534482,18252000000.0,-41.30434782608695,42007000000.0,10.225662555759643
2023-04-18,31.652570501382968,31.68185013344323,31.018153031207433,31.066953659057617,26041400,0.0,0.0,101423000000.0,6.323447704710087,11144000000.0,130.86803397555417,182103000000.0,8.133320665534482,18252000000.0,-41.30434782608695,42007000000.0,10.225662555759643
2023-04-19,30.354451024990208,30.764382587368992,30.33493003115683,30.40325164794922,25746600,0.0,0.0,101423000000.0,6.323447704710087,11144000000.0,130.86803397555417,182103000000.0,8.133320665534482,18252000000.0,-41.30434782608695,42007000000.0,10.225662555759643
2023-04-20,30.022603718379475,30.500856931673162,29.973801230314056,30.120206832885742,30255100,0.0,0.0,101423000000.0,6.323447704710087,11144000000.0,130.86803397555417,182103000000.0,8.133320665534482,18252000000.0,-41.30434782608695,42007000000.0,10.225662555759643
2023-04-21,30.100687008481,30.100687008481,29.505309662296582,29.573631286621094,28655800,0.0,0.0,101423000000.0,6.323447704710087,11144000000.0,130.86803397555417,182103000000.0,8.133320665534482,18252000000.0,-41.30434782608695,42007000000.0,10.225662555759643
2023-04-24,29.40770297491424,29.64195117506098,28.900170172261404,28.948970794677734,38732500,0.0,0.0,101423000000.0,6.323447704710087,11144000000.0,130.86803397555417,182103000000.0,8.133320665534482,18252000000.0,-41.30434782608695,42007000000.0,10.225662555759643
2023-04-25,28.734244479737757,28.86112721071145,28.177909211825394,28.187667846679688,38289900,0.0,0.0,101423000000.0,6.323447704710087,11144000000.0,130.86803397555417,182103000000.0,8.133320665534482,18252000000.0,-41.30434782608695,42007000000.0,10.225662555759643
2023-04-26,28.4999975011721,29.095372879838756,28.148627082426703,28.353591918945312,41218800,0.0,0.0,101423000000.0,6.323447704710087,11144000000.0,130.86803397555417,182103000000.0,8.133320665534482,18252000000.0,-41.30434782608695,42007000000.0,10.225662555759643
2023-04-27,28.060787394508164,29.232021004320046,27.826541044870687,29.14417839050293,60186200,0.0,0.0,101423000000.0,6.323447704710087,11144000000.0,130.86803397555417,182103000000.0,8.133320665534482,18252000000.0,-41.30434782608695,42007000000.0,10.225662555759643
2023-04-28,31.213355899182034,31.789212215845687,30.071403763279058,30.315410614013672,80252400,0.0,0.0,101423000000.0,6.323447704710087,11144000000.0,130.86803397555417,182103000000.0,8.133320665534482,18252000000.0,-41.30434782608695,42007000000.0,10.225662555759643
2023-05-01,30.36421486941095,30.491097620067237,29.554112152260263,29.573631286621094,36918500,0.0,0.0,101423000000.0,6.323447704710087,11144000000.0,130.86803397555417,182103000000.0,8.133320665534482,18252000000.0,-41.30434782608695,42007000000.0,10.225662555759643
2023-05-02,29.573630708701103,29.846919062283263,29.036816360963385,29.056337356567383,33463400,0.0,0.0,101423000000.0,6.323447704710087,11144000000.0,130.86803397555417,182103000000.0,8.133320665534482,18252000000.0,-41.30434782608695,42007000000.0,10.225662555759643
2023-05-03,29.90548074347161,30.3642148405713,29.524830630239645,29.915241241455078,45554500,0.0,0.0,101423000000.0,6.323447704710087,11144000000.0,130.86803397555417,182103000000.0,8.133320665534482,18252000000.0,-41.30434782608695,42007000000.0,10.225662555759643
2023-05-04,29.83194046852692,31.0863703868526,29.773137664169386,30.61595916748047,46104000,0.125,0.0,101423000000.0,6.323447704710087,11144000000.0,130.86803397555417,182103000000.0,8.133320665534482,18252000000.0,-41.30434782608695,42007000000.0,10.225662555759643
2023-05-05,30.753159550839502,30.782560950703065,30.116144174445274,30.37095069885254,35024600,0.0,0.0,101423000000.0,6.323447704710087,11144000000.0,130.86803397555417,182103000000.0,8.133320665534482,18252000000.0,-41.30434782608695,42007000000.0,10.225662555759643
2023-05-08,30.08674451993011,30.223947313565983,29.78293566366801,30.155345916748047,30882800,0.0,0.0,101423000000.0,6.323447704710087,11144000000.0,130.86803397555417,182103000000.0,8.133320665534482,18252000000.0,-41.30434782608695,42007000000.0,10.225662555759643
2023-05-09,29.773137219066594,29.96914282549875,29.31252647397343,29.49873161315918,30706500,0.0,0.0,101423000000.0,6.323447704710087,11144000000.0,130.86803397555417,182103000000.0,8.133320665534482,18252000000.0,-41.30434782608695,42007000000.0,10.225662555759643
2023-05-10,29.68493770812026,29.792739112805663,28.900917126396287,29.371328353881836,40526500,0.0,0.0,101423000000.0,6.323447704710087,11144000000.0,130.86803397555417,182103000000.0,8.133320665534482,18252000000.0,-41.30434782608695,42007000000.0,10.225662555759643
2023-05-11,29.00871644141755,29.08711830196539,28.244296899140267,28.283498764038086,47144400,0.0,0.0,101423000000.0,6.323447704710087,11144000000.0,130.86803397555417,182103000000.0,8.133320665534482,18252000000.0,-41.30434782608695,42007000000.0,10.225662555759643
2023-05-12,28.45010405781083,28.51870545480219,28.146295200780703,28.371702194213867,24153800,0.0,0.0,101423000000.0,6.323447704710087,11144000000.0,130.86803397555417,182103000000.0,8.133320665534482,18252000000.0,-41.30434782608695,42007000000.0,10.225662555759643
2023-05-15,28.32270186303517,29.234124760049205,28.303100928438564,29.204723358154297,28717500,0.0,0.0,101423000000.0,6.323447704710087,11144000000.0,130.86803397555417,182103000000.0,8.133320665534482,18252000000.0,-41.30434782608695,42007000000.0,10.225662555759643
2023-05-16,29.028319875818404,29.30272547676297,28.626508202974787,28.636308670043945,22812000,0.0,0.0,101423000000.0,6.323447704710087,11144000000.0,130.86803397555417,182103000000.0,8.133320665534482,18252000000.0,-41.30434782608695,42007000000.0,10.225662555759643
2023-05-17,28.930314060461807,28.969514055406684,28.10709360489395,28.293298721313477,41667300,0.0,0.0,101423000000.0,6.323447704710087,11144000000.0,130.86803397555417,182103000000.0,8.133320665534482,18252000000.0,-41.30434782608695,42007000000.0,10.225662555759643
2023-05-18,28.420703266681524,29.165521921428446,28.29330093657583,29.087120056152344,36529200,0.0,0.0,101423000000.0,6.323447704710087,11144000000.0,130.86803397555417,182103000000.0,8.133320665534482,18252000000.0,-41.30434782608695,42007000000.0,10.225662555759643
2023-05-19,29.008718684013914,29.63593361688515,28.910715883440798,29.33212661743164,40683000,0.0,0.0,101423000000.0,6.323447704710087,11144000000.0,130.86803397555417,182103000000.0,8.133320665534482,18252000000.0,-41.30434782608695,42007000000.0,10.225662555759643
2023-05-22,29.25372581681525,29.841740772433006,29.224324414797557,29.67513656616211,28693400,0.0,0.0,101423000000.0,6.323447704710087,11144000000.0,130.86803397555417,182103000000.0,8.133320665534482,18252000000.0,-41.30434782608695,42007000000.0,10.225662555759643
2023-05-23,29.44972911136836,29.59673424999005,28.900916033390814,28.920516967773438,29400900,0.0,0.0,101423000000.0,6.323447704710087,11144000000.0,130.86803397555417,182103000000.0,8.133320665534482,18252000000.0,-41.30434782608695,42007000000.0,10.225662555759643
2023-05-24,28.72451088886938,28.900915556908675,28.244299219900157,28.420703887939453,28045800,0.0,0.0,101423000000.0,6.323447704710087,11144000000.0,130.86803397555417,182103000000.0,8.133320665534482,18252000000.0,-41.30434782608695,42007000000.0,10.225662555759643
2023-05-25,27.724887829401666,27.724887829401666,26.323452807345937,26.852664947509766,78009400,0.0,0.0,101423000000.0,6.323447704710087,11144000000.0,130.86803397555417,182103000000.0,8.133320665534482,18252000000.0,-41.30434782608695,42007000000.0,10.225662555759643
2023-05-26,26.89186654701214,28.5089062219591,26.55865814499301,28.420703887939453,71910600,0.0,0.0,101423000000.0,6.323447704710087,11144000000.0,130.86803397555417,182103000000.0,8.133320665534482,18252000000.0,-41.30434782608695,42007000000.0,10.225662555759643
2023-05-30,29.106722195996916,29.439930604540834,28.420704444465784,29.390928268432617,54874800,0.0,0.0,101423000000.0,6.323447704710087,11144000000.0,130.86803397555417,182103000000.0,8.133320665534482,18252000000.0,-41.30434782608695,42007000000.0,10.225662555759643
2023-05-31,29.10672380571776,31.644987009812084,29.07732240242681,30.811965942382812,136243800,0.0,0.0,101423000000.0,6.323447704710087,11144000000.0,130.86803397555417,182103000000.0,8.133320665534482,18252000000.0,-41.30434782608695,42007000000.0,10.225662555759643
2023-06-01,31.16477023413201,31.301974899480218,30.400352519575563,30.508153915405273,52667400,0.0,0.0,101423000000.0,6.323447704710087,11144000000.0,130.86803397555417,182103000000.0,8.133320665534482,18252000000.0,-41.30434782608695,42007000000.0,10.225662555759643
2023-06-02,30.772761200805327,30.958966332449027,30.214147675122152,30.684558868408203,36521000,0.0,0.0,101423000000.0,6.323447704710087,11144000000.0,130.86803397555417,182103000000.0,8.133320665534482,18252000000.0,-41.30434782608695,42007000000.0,10.225662555759643
2023-06-05,30.68455906496566,30.772761397927788,29.23412360841859,29.263525009155273,48244100,0.0,0.0,101423000000.0,6.323447704710087,11144000000.0,130.86803397555417,182103000000.0,8.133320665534482,18252000000.0,-41.30434782608695,42007000000.0,10.225662555759643
2023-06-06,29.175323279090467,30.82176436940935,29.106721878535176,30.341550827026367,42295300,0.0,0.0,101423000000.0,6.323447704710087,11144000000.0,130.86803397555417,182103000000.0,8.133320665534482,18252000000.0,-41.30434782608695,42007000000.0,10.225662555759643
2023-06-07,30.41015482791563,30.74336324083592,30.312152023660012,30.655160903930664,39098000,0.0,0.0,101423000000.0,6.323447704710087,11144000000.0,130.86803397555417,182103000000.0,8.133320665534482,18252000000.0,-41.30434782608695,42007000000.0,10.225662555759643
2023-06-08,30.802163081396642,31.213773349248747,30.439553279307525,31.184371948242188,35199000,0.0,0.0,101423000000.0,6.323447704710087,11144000000.0,130.86803397555417,182103000000.0,8.133320665534482,18252000000.0,-41.30434782608695,42007000000.0,10.225662555759643
2023-06-09,31.292175114093027,31.35097604666667,30.067144781529084,30.713960647583008,40218000,0.0,0.0,101423000000.0,6.323447704710087,11144000000.0,130.86803397555417,182103000000.0,8.133320665534482,18252000000.0,-41.30434782608695,42007000000.0,10.225662555759643
2023-06-12,30.772760403448927,32.63480606389449,30.733560406314766,32.409400939941406,59881600,0.0,0.0,101423000000.0,6.323447704710087,11144000000.0,130.86803397555417,182103000000.0,8.133320665534482,18252000000.0,-41.30434782608695,42007000000.0,10.225662555759643
2023-06-13,33.09542124932797,33.27182592341884,32.4094034876964,33.23262405395508,51990000,0.0,0.0,101423000000.0,6.323447704710087,11144000000.0,130.86803397555417,182103000000.0,8.133320665534482,18252000000.0,-41.30434782608695,42007000000.0,10.225662555759643
2023-06-14,33.193425741271795,34.88886752304277,33.124824331607385,34.86927032470703,74404300,0.0,0.0,101423000000.0,6.323447704710087,11144000000.0,130.86803397555417,182103000000.0,8.133320665534482,18252000000.0,-41.30434782608695,42007000000.0,10.225662555759643
2023-06-15,34.57525529255383,35.69248237005532,34.51645622857749,35.104469299316406,67676300,0.0,0.0,101423000000.0,6.323447704710087,11144000000.0,130.86803397555417,182103000000.0,8.133320665534482,18252000000.0,-41.30434782608695,42007000000.0,10.225662555759643
2023-06-16,35.63368361033754,36.064892949994906,34.8888630599796,35.64348220825195,110240300,0.0,0.0,101423000000.0,6.323447704710087,11144000000.0,130.86803397555417,182103000000.0,8.133320665534482,18252000000.0,-41.30434782608695,42007000000.0,10.225662555759643
2023-06-20,36.03549334456329,36.36870175041591,34.02644431155308,34.30084991455078,65970200,0.0,0.0,101423000000.0,6.323447704710087,11144000000.0,130.86803397555417,182103000000.0,8.133320665534482,18252000000.0,-41.30434782608695,42007000000.0,10.225662555759643
2023-06-21,34.222447505414806,34.349851713963076,32.17420026284826,32.242801666259766,70973500,0.0,0.0,101423000000.0,6.323447704710087,11144000000.0,130.86803397555417,182103000000.0,8.133320665534482,18252000000.0,-41.30434782608695,42007000000.0,10.225662555759643
2023-06-22,32.03699010110257,32.57600640777028,31.488178935761884,32.05659103393555,45740300,0.0,0.0,101423000000.0,6.323447704710087,11144000000.0,130.86803397555417,182103000000.0,8.133320665534482,18252000000.0,-41.30434782608695,42007000000.0,10.225662555759643
2023-06-23,31.56658116059826,32.781812912699415,31.390176491123963,32.34080123901367,46327100,0.0,0.0,101423000000.0,6.323447704710087,11144000000.0,130.86803397555417,182103000000.0,8.133320665534482,18252000000.0,-41.30434782608695,42007000000.0,10.225662555759643
2023-06-26,32.52699849086718,33.3110207606444,32.438796172442004,32.67400360107422,38952400,0.0,0.0,101423000000.0,6.323447704710087,11144000000.0,130.86803397555417,182103000000.0,8.133320665534482,18252000000.0,-41.30434782608695,42007000000.0,10.225662555759643
2023-06-27,32.55640465035372,33.54622743312715,32.350596730067956,33.4188232421875,33038900,0.0,0.0,101423000000.0,6.323447704710087,11144000000.0,130.86803397555417,182103000000.0,8.133320665534482,18252000000.0,-41.30434782608695,42007000000.0,10.225662555759643
2023-06-28,32.93861974932619,33.13462537147452,32.370203818945654,32.899417877197266,33906900,0.0,0.0,101423000000.0,6.323447704710087,11144000000.0,130.86803397555417,182103000000.0,8.133320665534482,18252000000.0,-41.30434782608695,42007000000.0,10.225662555759643
2023-06-29,32.67400853399177,32.67400853399177,31.840989419708507,32.25259780883789,38313000,0.0,0.0,101423000000.0,6.323447704710087,11144000000.0,130.86803397555417,182103000000.0,8.133320665534482,18252000000.0,-41.30434782608695,42007000000.0,10.225662555759643
2023-06-30,32.69361080430017,32.88961640935033,32.49760519925002,32.772010803222656,33811300,0.0,0.0,101423000000.0,6.323447704710087,11144000000.0,130.86803397555417,182103000000.0,8.133320665534482,18252000000.0,-41.30434782608695,42007000000.0,10.225662555759643
2023-07-03,32.87001385382122,33.21302084186965,32.4780026630552,32.94841384887695,15753000,0.0,0.0,101423000000.0,6.323447704710087,11144000000.0,130.86803397555417,182103000000.0,8.133320665534482,18252000000.0,-41.30434782608695,42007000000.0,10.225662555759643
2023-07-05,32.64461049777656,32.66421143222731,31.850789475753086,31.86058807373047,37664700,0.0,0.0,101423000000.0,6.323447704710087,11144000000.0,130.86803397555417,182103000000.0,8.133320665534482,18252000000.0,-41.30434782608695,42007000000.0,10.225662555759643
2023-07-06,31.262775625678355,31.399980302407595,30.753162527536734,31.331377029418945,41693600,0.0,0.0,101423000000.0,6.323447704710087,11144000000.0,130.86803397555417,182103000000.0,8.133320665534482,18252000000.0,-41.30434782608695,42007000000.0,10.225662555759643
2023-07-07,31.36077891206632,31.76258874233732,31.184374231606252,31.213775634765625,28356300,0.0,0.0,101423000000.0,6.323447704710087,11144000000.0,130.86803397555417,182103000000.0,8.133320665534482,18252000000.0,-41.30434782608695,42007000000.0,10.225662555759643
2023-07-10,31.23338025025304,32.17420470047592,31.135377430756115,32.086002349853516,36305700,0.0,0.0,101423000000.0,6.323447704710087,11144000000.0,130.86803397555417,182103000000.0,8.133320665534482,18252000000.0,-41.30434782608695,42007000000.0,10.225662555759643
2023-07-11,32.16439638362285,32.69361038898678,31.850788914924802,32.63480758666992,28148800,0.0,0.0,101423000000.0,6.323447704710087,11144000000.0,130.86803397555417,182103000000.0,8.133320665534482,18252000000.0,-41.30434782608695,42007000000.0,10.225662555759643
2023-07-12,33.017019605675934,33.39923224945889,32.39960694567266,33.30122756958008,37762200,0.0,0.0,101423000000.0,6.323447704710087,11144000000.0,130.86803397555417,182103000000.0,8.133320665534482,18252000000.0,-41.30434782608695,42007000000.0,10.225662555759643
2023-07-13,33.46782974323811,33.61483113812526,32.948414346848494,33.19342041015625,32745800,0.0,0.0,101423000000.0,6.323447704710087,11144000000.0,130.86803397555417,182103000000.0,8.133320665534482,18252000000.0,-41.30434782608695,42007000000.0,10.225662555759643
2023-07-14,33.105220867382876,33.19342320714573,32.340803081768925,32.48780822753906,30438700,0.0,0.0,101423000000.0,6.323447704710087,11144000000.0,130.86803397555417,182103000000.0,8.133320665534482,18252000000.0,-41.30434782608695,42007000000.0,10.225662555759643
2023-07-17,32.49760504848202,33.9088386690032,32.40940271354346,33.683433532714844,34111200,0.0,0.0,101423000000.0,6.323447704710087,11144000000.0,130.86803397555417,182103000000.0,8.133320665534482,18252000000.0,-41.30434782608695,42007000000.0,10.225662555759643
2023-07-18,33.59523025960864,34.00684239065943,33.154222335727155,33.81083679199219,29662200,0.0,0.0,101423000000.0,6.323447704710087,11144000000.0,130.86803397555417,182103000000.0,8.133320665534482,18252000000.0,-41.30434782608695,42007000000.0,10.225662555759643
2023-07-19,33.71283408863307,34.14404339222299,33.64423269348231,33.77163314819336,26486700,0.0,0.0,101423000000.0,6.323447704710087,11144000000.0,130.86803397555417,182103000000.0,8.133320665534482,18252000000.0,-41.30434782608695,42007000000.0,10.225662555759643
2023-07-20,33.02682092821433,33.5266316955034,32.5662082931762,32.70341110229492,37878000,0.0,0.0,101423000000.0,6.323447704710087,11144000000.0,130.86803397555417,182103000000.0,8.133320665534482,18252000000.0,-41.30434782608695,42007000000.0,10.225662555759643
2023-07-21,33.05622323437078,33.56583638133471,32.75241431834523,33.340431213378906,79737000,0.0,0.0,101423000000.0,6.323447704710087,11144000000.0,130.86803397555417,182103000000.0,8.133320665534482,18252000000.0,-41.30434782608695,42007000000.0,10.225662555759643
2023-07-24,33.164021822645815,33.77163583016144,32.88961622025087,32.95821762084961,25225800,0.0,0.0,101423000000.0,6.323447704710087,11144000000.0,130.86803397555417,182103000000.0,8.133320665534482,18252000000.0,-41.30434782608695,42007000000.0,10.225662555759643
2023-07-25,33.02681581094367,33.65403069173026,32.7328093028869,33.4188232421875,31771100,0.0,0.0,101423000000.0,6.323447704710087,11144000000.0,130.86803397555417,182103000000.0,8.133320665534482,18252000000.0,-41.30434782608695,42007000000.0,10.225662555759643
2023-07-26,33.04642240194962,33.84023973578182,33.02682146625675,33.67363739013672,32643200,0.0,0.0,101423000000.0,6.323447704710087,11144000000.0,130.86803397555417,182103000000.0,8.133320665534482,18252000000.0,-41.30434782608695,42007000000.0,10.225662555759643
2023-07-27,34.12444741500018,34.33025163033883,33.428631026857396,33.859840393066406,58890800,0.0,0.0,101423000000.0,6.323447704710087,11144000000.0,130.86803397555417,182103000000.0,8.133320665534482,18252000000.0,-41.30434782608695,42007000000.0,10.225662555759643
2023-07-28,36.0158917659717,36.251099234687665,34.80066003151501,36.094295501708984,90863000,0.0,0.0,101423000000.0,6.323447704710087,11144000000.0,130.86803397555417,182103000000.0,8.133320665534482,18252000000.0,-41.30434782608695,42007000000.0,10.225662555759643
2023-07-31,36.13349474303034,36.447102218638456,34.957464840251916,35.05546951293945,55630700,0.0,0.0,101423000000.0,6.323447704710087,11144000000.0,130.86803397555417,182103000000.0,8.133320665534482,18252000000.0,-41.30434782608695,42007000000.0,10.225662555759643
2023-08-01,35.104466502664245,35.300472090127435,34.575252538062315,35.08486557006836,24702200,0.0,0.0,101423000000.0,6.323447704710087,11144000000.0,130.86803397555417,182103000000.0,8.133320665534482,18252000000.0,-41.30434782608695,42007000000.0,10.225662555759643
2023-08-02,34.447857871766594,34.47725740635223,33.59523398382054,33.70303726196289,39052000,0.0,0.0,101423000000.0,6.323447704710087,11144000000.0,130.86803397555417,182103000000.0,8.133320665534482,18252000000.0,-41.30434782608695,42007000000.0,10.225662555759643
2023-08-03,33.605030748039106,34.3302465631894,33.44822702542588,34.17344284057617,24817900,0.0,0.0,101423000000.0,6.323447704710087,11144000000.0,130.86803397555417,182103000000.0,8.133320665534482,18252000000.0,-41.30434782608695,42007000000.0,10.225662555759643
2023-08-04,33.91280775321122,34.975043685807705,33.91280775321122,34.56195068359375,26674900,0.125,0.0,101423000000.0,6.323447704710087,11144000000.0,130.86803397555417,182103000000.0,8.133320665534482,18252000000.0,-41.30434782608695,42007000000.0,10.225662555759643
2023-08-07,34.82750622354184,34.965202626684565,34.17836335733644,34.65046691894531,22486900,0.0,0.0,101423000000.0,6.323447704710087,11144000000.0,130.86803397555417,182103000000.0,8.133320665534482,18252000000.0,-41.30434782608695,42007000000.0,10.225662555759643
2023-08-08,34.09967917404251,34.52260600489445,33.30300601746458,34.44392395019531,34753600,0.0,0.0,101423000000.0,6.323447704710087,11144000000.0,130.86803397555417,182103000000.0,8.133320665534482,18252000000.0,-41.30434782608695,42007000000.0,10.225662555759643
2023-08-09,34.4242522169312,34.52260572248699,33.66691821792523,33.716094970703125,28720200,0.0,0.0,101423000000.0,6.323447704710087,11144000000.0,130.86803397555417,182103000000.0,8.133320665534482,18252000000.0,-41.30434782608695,42007000000.0,10.225662555759643
2023-08-10,34.129187595095544,34.512771515517244,33.91280538277738,34.10951614379883,30957300,0.0,0.0,101423000000.0,6.323447704710087,11144000000.0,130.86803397555417,182103000000.0,8.133320665534482,18252000000.0,-41.30434782608695,42007000000.0,10.225662555759643
2023-08-11,33.893132309769804,34.375073463615266,33.794778809937924,34.31605911254883,28783700,0.0,0.0,101423000000.0,6.323447704710087,11144000000.0,130.86803397555417,182103000000.0,8.133320665534482,18252000000.0,-41.30434782608695,42007000000.0,10.225662555759643
2023-08-14,34.09967948688556,35.1225724709791,33.902972472360176,35.09306716918945,36896100,0.0,0.0,101423000000.0,6.323447704710087,11144000000.0,130.86803397555417,182103000000.0,8.133320665534482,18252000000.0,-41.30434782608695,42007000000.0,10.225662555759643
2023-08-15,34.82750763483381,35.04388984965245,34.17836474232362,34.198036193847656,27420300,0.0,0.0,101423000000.0,6.323447704710087,11144000000.0,130.86803397555417,182103000000.0,8.133320665534482,18252000000.0,-41.30434782608695,42007000000.0,10.225662555759643
2023-08-16,33.952147893919765,34.06033899883146,32.90958349888829,32.978431701660156,35757300,0.0,0.0,101423000000.0,6.323447704710087,11144000000.0,130.86803397555417,182103000000.0,8.133320665534482,18252000000.0,-41.30434782608695,42007000000.0,10.225662555759643
2023-08-17,33.007942201118006,33.037447503043396,31.817843746867872,32.044063568115234,39906700,0.0,0.0,101423000000.0,6.323447704710087,11144000000.0,130.86803397555417,182103000000.0,8.133320665534482,18252000000.0,-41.30434782608695,42007000000.0,10.225662555759643
2023-08-18,31.699815310954158,32.368629595522066,31.650638562489394,32.21126174926758,23701100,0.0,0.0,101423000000.0,6.323447704710087,11144000000.0,130.86803397555417,182103000000.0,8.133320665534482,18252000000.0,-41.30434782608695,42007000000.0,10.225662555759643
2023-08-21,32.063730695957865,32.6243539342114,31.49327360788662,32.5948486328125,43718200,0.0,0.0,101423000000.0,6.323447704710087,11144000000.0,130.86803397555417,182103000000.0,8.133320665534482,18252000000.0,-41.30434782608695,42007000000.0,10.225662555759643
2023-08-22,32.67353419723266,33.243991281080426,32.289950274103944,32.348960876464844,23425300,0.0,0.0,101423000000.0,6.323447704710087,11144000000.0,130.86803397555417,182103000000.0,8.133320665534482,18252000000.0,-41.30434782608695,42007000000.0,10.225662555759643
2023-08-23,32.3391283425487,33.58823741993685,32.26044253360494,33.4210319519043,32324300,0.0,0.0,101423000000.0,6.323447704710087,11144000000.0,130.86803397555417,182103000000.0,8.133320665534482,18252000000.0,-41.30434782608695,42007000000.0,10.225662555759643
2023-08-24,33.165310519428246,33.52922300529971,31.955544348602118,32.053897857666016,37931000,0.0,0.0,101423000000.0,6.323447704710087,11144000000.0,130.86803397555417,182103000000.0,8.133320665534482,18252000000.0,-41.30434782608695,42007000000.0,10.225662555759643
2023-08-25,31.99488006649483,32.85057126166723,31.817840767627814,32.70303726196289,27324800,0.0,0.0,101423000000.0,6.323447704710087,11144000000.0,130.86803397555417,182103000000.0,8.133320665534482,18252000000.0,-41.30434782608695,42007000000.0,10.225662555759643
2023-08-28,32.94892679582099,33.22431961020821,32.66369637980811,33.066951751708984,22341800,0.0,0.0,101423000000.0,6.323447704710087,11144000000.0,130.86803397555417,182103000000.0,8.133320665534482,18252000000.0,-41.30434782608695,42007000000.0,10.225662555759643
2023-08-29,32.9390909589082,33.91280335214455,32.919419508789375,33.745601654052734,29943600,0.0,0.0,101423000000.0,6.323447704710087,11144000000.0,130.86803397555417,182103000000.0,8.133320665534482,18252000000.0,-41.30434782608695,42007000000.0,10.225662555759643
2023-08-30,33.499716745329984,34.089845286735404,33.22432017432113,33.96198272705078,26279200,0.0,0.0,101423000000.0,6.323447704710087,11144000000.0,130.86803397555417,182103000000.0,8.133320665534482,18252000000.0,-41.30434782608695,42007000000.0,10.225662555759643
2023-08-31,33.75543988378352,34.975043685807705,33.73576843111181,34.56195068359375,48157600,0.0,0.0,101423000000.0,6.323447704710087,11144000000.0,130.86803397555417,182103000000.0,8.133320665534482,18252000000.0,-41.30434782608695,42007000000.0,10.225662555759643
2023-09-01,35.20125973908189,36.14546695499011,35.14224538110789,36.00777053833008,43808500,0.0,0.0,101423000000.0,6.323447704710087,11144000000.0,130.86803397555417,182103000000.0,8.133320665534482,18252000000.0,-41.30434782608695,42007000000.0,10.225662555759643
2023-09-05,35.978262259449934,36.794606841531916,35.860233553264436,36.10612106323242,43379400,0.0,0.0,101423000000.0,6.323447704710087,11144000000.0,130.86803397555417,182103000000.0,8.133320665534482,18252000000.0,-41.30434782608695,42007000000.0,10.225662555759643
2023-09-06,35.95858821268886,36.43069174751434,35.43730417786343,36.37167739868164,39643400,0.0,0.0,101423000000.0,6.323447704710087,11144000000.0,130.86803397555417,182103000000.0,8.133320665534482,18252000000.0,-41.30434782608695,42007000000.0,10.225662555759643
2023-09-07,36.22414986154304,37.70930877467065,36.145464057219264,37.55194091796875,67659700,0.0,0.0,101423000000.0,6.323447704710087,11144000000.0,130.86803397555417,182103000000.0,8.133320665534482,18252000000.0,-41.30434782608695,42007000000.0,10.225662555759643
2023-09-08,37.492926211374595,38.19124958635702,37.08967084787984,37.384735107421875,44255200,0.0,0.0,101423000000.0,6.323447704710087,11144000000.0,130.86803397555417,182103000000.0,8.133320665534482,18252000000.0,-41.30434782608695,42007000000.0,10.225662555759643
2023-09-11,37.61095536569803,38.10273038812013,37.217533846982086,37.955196380615234,36349300,0.0,0.0,101423000000.0,6.323447704710087,11144000000.0,130.86803397555417,182103000000.0,8.133320665534482,18252000000.0,-41.30434782608695,42007000000.0,10.225662555759643
2023-09-12,38.01421570947519,39.410855155018375,38.01421570947519,38.220760345458984,55326600,0.0,0.0,101423000000.0,6.323447704710087,11144000000.0,130.86803397555417,182103000000.0,8.133320665534482,18252000000.0,-41.30434782608695,42007000000.0,10.225662555759643
2023-09-13,38.161742772262606,38.50598755520661,37.62079097271727,38.07322311401367,35407800,0.0,0.0,101423000000.0,6.323447704710087,11144000000.0,130.86803397555417,182103000000.0,8.133320665534482,18252000000.0,-41.30434782608695,42007000000.0,10.225662555759643
2023-09-14,38.17157848394199,38.26009813780729,37.66996586139009,38.033878326416016,30616500,0.0,0.0,101423000000.0,6.323447704710087,11144000000.0,130.86803397555417,182103000000.0,8.133320665534482,18252000000.0,-41.30434782608695,42007000000.0,10.225662555759643
2023-09-15,37.78798821922227,37.88634546783916,37.00114899001414,37.256874084472656,68881200,0.0,0.0,101423000000.0,6.323447704710087,11144000000.0,130.86803397555417,182103000000.0,8.133320665534482,18252000000.0,-41.30434782608695,42007000000.0,10.225662555759643
2023-09-18,37.00115032324325,37.758484281127345,36.892959221839014,37.36506652832031,29322200,0.0,0.0,101423000000.0,6.323447704710087,11144000000.0,130.86803397555417,182103000000.0,8.133320665534482,18252000000.0,-41.30434782608695,42007000000.0,10.225662555759643
2023-09-19,37.41424629005267,37.473256894153685,35.42747465982539,35.742210388183594,53288100,0.0,0.0,101423000000.0,6.323447704710087,11144000000.0,130.86803397555417,182103000000.0,8.133320665534482,18252000000.0,-41.30434782608695,42007000000.0,10.225662555759643
2023-09-20,35.62418458541059,35.653689886763196,34.06033983064438,34.11935043334961,57660800,0.0,0.0,101423000000.0,6.323447704710087,11144000000.0,130.86803397555417,182103000000.0,8.133320665534482,18252000000.0,-41.30434782608695,42007000000.0,10.225662555759643
2023-09-21,34.00132365845407,34.67013796763067,33.893132556683504,34.08000946044922,45240600,0.0,0.0,101423000000.0,6.323447704710087,11144000000.0,130.86803397555417,182103000000.0,8.133320665534482,18252000000.0,-41.30434782608695,42007000000.0,10.225662555759643
2023-09-22,34.237378206180104,34.316060258283514,33.578397729078986,33.617740631103516,29232700,0.0,0.0,101423000000.0,6.323447704710087,11144000000.0,130.86803397555417,182103000000.0,8.133320665534482,18252000000.0,-41.30434782608695,42007000000.0,10.225662555759643
2023-09-25,33.440698869430115,33.804611306582146,33.21448282731153,33.725929260253906,21729400,0.0,0.0,101423000000.0,6.323447704710087,11144000000.0,130.86803397555417,182103000000.0,8.133320665534482,18252000000.0,-41.30434782608695,42007000000.0,10.225662555759643
2023-09-26,33.57840048571023,34.20787196199683,33.08662542586809,33.273502349853516,34198300,0.0,0.0,101423000000.0,6.323447704710087,11144000000.0,130.86803397555417,182103000000.0,8.133320665534482,18252000000.0,-41.30434782608695,42007000000.0,10.225662555759643
2023-09-27,33.36202027735607,34.25705454229174,33.32268112166737,34.040672302246094,44369100,0.0,0.0,101423000000.0,6.323447704710087,11144000000.0,130.86803397555417,182103000000.0,8.133320665534482,18252000000.0,-41.30434782608695,42007000000.0,10.225662555759643
2023-09-28,34.080011321617654,35.073395238410804,33.8144523532997,34.60129165649414,32265300,0.0,0.0,101423000000.0,6.323447704710087,11144000000.0,130.86803397555417,182103000000.0,8.133320665534482,18252000000.0,-41.30434782608695,42007000000.0,10.225662555759643
2023-09-29,35.06355958434724,35.31928093774724,34.58161842547019,34.96520233154297,28763700,0.0,0.0,101423000000.0,6.323447704710087,11144000000.0,130.86803397555417,182103000000.0,8.133320665534482,18252000000.0,-41.30434782608695,42007000000.0,10.225662555759643
2023-10-02,35.024216283042065,35.388128734395956,34.40457872926451,34.87668228149414,26086200,0.0,0.0,101423000000.0,6.323447704710087,11144000000.0,130.86803397555417,182103000000.0,8.133320665534482,18252000000.0,-41.30434782608695,42007000000.0,10.225662555759643
2023-10-03,34.68980845092264,35.93891738317694,34.68980845092264,35.10289764404297,45292600,0.0,0.0,101423000000.0,6.323447704710087,11144000000.0,130.86803397555417,182103000000.0,8.133320665534482,18252000000.0,-41.30434782608695,42007000000.0,10.225662555759643
2023-10-04,35.91924574959853,35.91924574959853,34.748822623128994,35.338951110839844,39842200,0.0,0.0,101423000000.0,6.323447704710087,11144000000.0,130.86803397555417,182103000000.0,8.133320665534482,18252000000.0,-41.30434782608695,42007000000.0,10.225662555759643
2023-10-05,35.37829211843291,35.5061509077,35.014375943593656,35.29960632324219,25771200,0.0,0.0,101423000000.0,6.323447704710087,11144000000.0,130.86803397555417,182103000000.0,8.133320665534482,18252000000.0,-41.30434782608695,42007000000.0,10.225662555759643
2023-10-06,35.27994123779504,35.860235950184574,34.601293015622566,35.59467697143555,33262200,0.0,0.0,101423000000.0,6.323447704710087,11144000000.0,130.86803397555417,182103000000.0,8.133320665534482,18252000000.0,-41.30434782608695,42007000000.0,10.225662555759643
2023-10-09,35.112741108837454,35.575007128059525,34.91603032842892,35.466819763183594,19376100,0.0,0.0,101423000000.0,6.323447704710087,11144000000.0,130.86803397555417,182103000000.0,8.133320665534482,18252000000.0,-41.30434782608695,42007000000.0,10.225662555759643
2023-10-10,35.54549622447423,36.135628472732584,35.220926677085785,35.830726623535156,24044100,0.0,0.0,101423000000.0,6.323447704710087,11144000000.0,130.86803397555417,182103000000.0,8.133320665534482,18252000000.0,-41.30434782608695,42007000000.0,10.225662555759643
2023-10-11,36.017601759836104,36.42085713002743,35.781551849060826,36.2733268737793,19262600,0.0,0.0,101423000000.0,6.323447704710087,11144000000.0,130.86803397555417,182103000000.0,8.133320665534482,18252000000.0,-41.30434782608695,42007000000.0,10.225662555759643
2023-10-12,36.1946391857841,36.60773213606729,35.79138383657303,36.23398208618164,23639200,0.0,0.0,101423000000.0,6.323447704710087,11144000000.0,130.86803397555417,182103000000.0,8.133320665534482,18252000000.0,-41.30434782608695,42007000000.0,10.225662555759643
2023-10-13,36.13562987431227,36.184806625588166,35.27010479446316,35.3782958984375,28390100,0.0,0.0,101423000000.0,6.323447704710087,11144000000.0,130.86803397555417,182103000000.0,8.133320665534482,18252000000.0,-41.30434782608695,42007000000.0,10.225662555759643
2023-10-16,35.54549848592473,36.3323377817168,35.4864878837064,35.95859146118164,29555800,0.0,0.0,101423000000.0,6.323447704710087,11144000000.0,130.86803397555417,182103000000.0,8.133320665534482,18252000000.0,-41.30434782608695,42007000000.0,10.225662555759643
2023-10-17,35.32911959053538,35.752046455232595,34.4931034637317,35.466819763183594,24993600,0.0,0.0,101423000000.0,6.323447704710087,11144000000.0,130.86803397555417,182103000000.0,8.133320665534482,18252000000.0,-41.30434782608695,42007000000.0,10.225662555759643
2023-10-18,34.935701230683776,35.42747629797615,34.86685302141852,35.05372619628906,22086000,0.0,0.0,101423000000.0,6.323447704710087,11144000000.0,130.86803397555417,182103000000.0,8.133320665534482,18252000000.0,-41.30434782608695,42007000000.0,10.225662555759643
2023-10-19,35.36845948464315,35.76188101195215,34.93569880615984,35.083229064941406,29201800,0.0,0.0,101423000000.0,6.323447704710087,11144000000.0,130.86803397555417,182103000000.0,8.133320665534482,18252000000.0,-41.30434782608695,42007000000.0,10.225662555759643
2023-10-20,35.06355673654869,35.68319049513508,34.29638523476586,34.34556198120117,32303300,0.0,0.0,101423000000.0,6.323447704710087,11144000000.0,130.86803397555417,182103000000.0,8.133320665534482,18252000000.0,-41.30434782608695,42007000000.0,10.225662555759643
2023-10-23,34.03082963896319,34.611124308475915,32.84073499957213,33.29316711425781,53924700,0.0,0.0,101423000000.0,6.323447704710087,11144000000.0,130.86803397555417,182103000000.0,8.133320665534482,18252000000.0,-41.30434782608695,42007000000.0,10.225662555759643
2023-10-24,33.08662651363912,34.13902487614475,33.08662651363912,34.020999908447266,52673900,0.0,0.0,101423000000.0,6.323447704710087,11144000000.0,130.86803397555417,182103000000.0,8.133320665534482,18252000000.0,-41.30434782608695,42007000000.0,10.225662555759643
2023-10-25,33.61774244801486,33.88330142311442,32.01455474735268,32.28995132446289,44658500,0.0,0.0,101423000000.0,6.323447704710087,11144000000.0,130.86803397555417,182103000000.0,8.133320665534482,18252000000.0,-41.30434782608695,42007000000.0,10.225662555759643
2023-10-26,32.34895883545136,32.67353213574068,31.62113393798613,31.98504638671875,59142500,0.0,0.0,101423000000.0,6.323447704710087,11144000000.0,130.86803397555417,182103000000.0,8.133320665534482,18252000000.0,-41.30434782608695,42007000000.0,10.225662555759643
2023-10-27,34.089846708185235,35.78155410027395,34.03083235080565,34.95537185668945,84128200,0.0,0.0,101423000000.0,6.323447704710087,11144000000.0,130.86803397555417,182103000000.0,8.133320665534482,18252000000.0,-41.30434782608695,42007000000.0,10.225662555759643
2023-10-30,34.886519198480364,35.36845659045408,34.34556370471026,35.10289764404297,36656300,0.0,0.0,101423000000.0,6.323447704710087,11144000000.0,130.86803397555417,182103000000.0,8.133320665534482,18252000000.0,-41.30434782608695,42007000000.0,10.225662555759643
2023-10-31,35.073392146282146,35.968422478248286,35.034049246604525,35.899574279785156,41185200,0.0,0.0,101423000000.0,6.323447704710087,11144000000.0,130.86803397555417,182103000000.0,8.133320665534482,18252000000.0,-41.30434782608695,42007000000.0,10.225662555759643
2023-11-01,35.899576894944936,36.706087637360646,35.68319468290073,36.67658233642578,41710700,0.0,0.0,101423000000.0,6.323447704710087,11144000000.0,130.86803397555417,182103000000.0,8.133320665534482,18252000000.0,-41.30434782608695,42007000000.0,10.225662555759643
2023-11-02,36.961812843096055,37.197862755048476,36.302832355675335,37.079837799072266,35440000,0.0,0.0,101423000000.0,6.323447704710087,11144000000.0,130.86803397555417,182103000000.0,8.133320665534482,18252000000.0,-41.30434782608695,42007000000.0,10.225662555759643
2023-11-03,37.37489973167095,37.689635429255695,37.05032643306735,37.512596130371094,30502700,0.0,0.0,101423000000.0,6.323447704710087,11144000000.0,130.86803397555417,182103000000.0,8.133320665534482,18252000000.0,-41.30434782608695,42007000000.0,10.225662555759643
2023-11-06,37.51753039356866,37.69515182541967,37.349775146028286,37.448455810546875,23877200,0.125,0.0,101423000000.0,6.323447704710087,11144000000.0,130.86803397555417,182103000000.0,8.133320665534482,18252000000.0,-41.30434782608695,42007000000.0,10.225662555759643
2023-11-07,37.73462361014718,38.38590093053691,37.47805764995227,38.25761795043945,32052000,0.0,0.0,101423000000.0,6.323447704710087,11144000000.0,130.86803397555417,182103000000.0,8.133320665534482,18252000000.0,-41.30434782608695,42007000000.0,10.225662555759643
2023-11-08,38.336563335089636,38.37603560514898,37.251102258437705,37.418853759765625,33483400,0.0,0.0,101423000000.0,6.323447704710087,11144000000.0,130.86803397555417,182103000000.0,8.133320665534482,18252000000.0,-41.30434782608695,42007000000.0,10.225662555759643
2023-11-09,37.54713779018939,38.010927565462474,37.270839420724386,37.30044174194336,48955800,0.0,0.0,101423000000.0,6.323447704710087,11144000000.0,130.86803397555417,182103000000.0,8.133320665534482,18252000000.0,-41.30434782608695,42007000000.0,10.225662555759643
2023-11-10,37.73463038199507,38.474718549994094,37.73463038199507,38.346435546875,38862500,0.0,0.0,101423000000.0,6.323447704710087,11144000000.0,130.86803397555417,182103000000.0,8.133320665534482,18252000000.0,-41.30434782608695,42007000000.0,10.225662555759643
2023-11-13,37.84317119390614,38.060264914615274,37.63594742283806,37.72475814819336,24558300,0.0,0.0,101423000000.0,6.323447704710087,11144000000.0,130.86803397555417,182103000000.0,8.133320665534482,18252000000.0,-41.30434782608695,42007000000.0,10.225662555759643
2023-11-14,38.28722502524342,38.96810851136614,37.56687303319415,38.889163970947266,45457400,0.0,0.0,101423000000.0,6.323447704710087,11144000000.0,130.86803397555417,182103000000.0,8.133320665534482,18252000000.0,-41.30434782608695,42007000000.0,10.225662555759643
2023-11-15,39.0667829809207,40.300263115751136,39.05691679612642,40.07330322265625,47392100,0.0,0.0,101423000000.0,6.323447704710087,11144000000.0,130.86803397555417,182103000000.0,8.133320665534482,18252000000.0,-41.30434782608695,42007000000.0,10.225662555759643
2023-11-16,40.45815070157873,42.82643419957941,40.280529251014535,42.77709197998047,86405700,0.0,0.0,101423000000.0,6.323447704710087,11144000000.0,130.86803397555417,182103000000.0,8.133320665534482,18252000000.0,-41.30434782608695,42007000000.0,10.225662555759643
2023-11-17,42.34290702568293,43.231014251708984,41.99753408460766,43.231014251708984,49735000,0.0,0.0,101423000000.0,6.323447704710087,11144000000.0,130.86803397555417,182103000000.0,8.133320665534482,18252000000.0,-41.30434782608695,42007000000.0,10.225662555759643
2023-11-20,43.20140797728784,44.33621123172494,43.20140797728784,44.14872360229492,44564900,0.0,0.0,101423000000.0,6.323447704710087,11144000000.0,130.86803397555417,182103000000.0,8.133320665534482,18252000000.0,-41.30434782608695,42007000000.0,10.225662555759643
2023-11-21,43.911897974504114,44.06978329979618,42.72775615267211,43.063262939453125,37252100,0.0,0.0,101423000000.0,6.323447704710087,11144000000.0,130.86803397555417,182103000000.0,8.133320665534482,18252000000.0,-41.30434782608695,42007000000.0,10.225662555759643
2023-11-22,43.44810406483085,44.04017680174799,42.96458194884538,43.09286117553711,31481200,0.0,0.0,101423000000.0,6.323447704710087,11144000000.0,130.86803397555417,182103000000.0,8.133320665534482,18252000000.0,-41.30434782608695,42007000000.0,10.225662555759643
2023-11-24,43.10272997568714,43.41850058791116,43.0336553895308,43.3790283203125,13037100,0.0,0.0,101423000000.0,6.323447704710087,11144000000.0,130.86803397555417,182103000000.0,8.133320665534482,18252000000.0,-41.30434782608695,42007000000.0,10.225662555759643
2023-11-27,43.07313047380296,43.96123396715262,43.07313047380296,43.4974479675293,33339900,0.0,0.0,101423000000.0,6.323447704710087,11144000000.0,130.86803397555417,182103000000.0,8.133320665534482,18252000000.0,-41.30434782608695,42007000000.0,10.225662555759643
2023-11-28,43.11259769740228,43.79348116276332,43.082995377789274,43.64546203613281,24548900,0.0,0.0,101423000000.0,6.323447704710087,11144000000.0,130.86803397555417,182103000000.0,8.133320665534482,18252000000.0,-41.30434782608695,42007000000.0,10.225662555759643
2023-11-29,44.010574000041906,44.74079596740847,44.010574000041906,44.3460807800293,38982000,0.0,0.0,101423000000.0,6.323447704710087,11144000000.0,130.86803397555417,182103000000.0,8.133320665534482,18252000000.0,-41.30434782608695,42007000000.0,10.225662555759643
2023-11-30,44.05991447429258,44.49409815176386,43.82308461840098,44.1092529296875,46263000,0.0,0.0,101423000000.0,6.323447704710087,11144000000.0,130.86803397555417,182103000000.0,8.133320665534482,18252000000.0,-41.30434782608695,42007000000.0,10.225662555759643
2023-12-01,43.77374666363665,43.77374666363665,42.29357039916354,43.16194152832031,43928400,0.0,0.0,101423000000.0,6.323447704710087,11144000000.0,130.86803397555417,182103000000.0,8.133320665534482,18252000000.0,-41.30434782608695,42007000000.0,10.225662555759643
2023-12-04,42.72775566101437,42.737625611140786,41.13903247613481,41.79030990600586,50417600,0.0,0.0,101423000000.0,6.323447704710087,11144000000.0,130.86803397555417,182103000000.0,8.133320665534482,18252000000.0,-41.30434782608695,42007000000.0,10.225662555759643
2023-12-05,41.35612349986118,41.731102530170645,41.06008900826224,41.365989685058594,31859300,0.0,0.0,101423000000.0,6.323447704710087,11144000000.0,130.86803397555417,182103000000.0,8.133320665534482,18252000000.0,-41.30434782608695,42007000000.0,10.225662555759643
2023-12-06,41.91859060045017,42.027137460168056,40.6259019977016,40.72458267211914,31992300,0.0,0.0,101423000000.0,6.323447704710087,11144000000.0,130.86803397555417,182103000000.0,8.133320665534482,18252000000.0,-41.30434782608695,42007000000.0,10.225662555759643
2023-12-07,41.19824134769675,41.87912110704372,40.63577464121815,41.59295654296875,29118700,0.0,0.0,101423000000.0,6.323447704710087,11144000000.0,130.86803397555417,182103000000.0,8.133320665534482,18252000000.0,-41.30434782608695,42007000000.0,10.225662555759643
2023-12-08,41.28704997543026,42.39224719590146,41.257447654791754,42.135684967041016,42815000,0.0,0.0,101423000000.0,6.323447704710087,11144000000.0,130.86803397555417,182103000000.0,8.133320665534482,18252000000.0,-41.30434782608695,42007000000.0,10.225662555759643
2023-12-11,42.58960325966863,44.138854055701096,42.51066248602941,43.95136642456055,48288200,0.0,0.0,101423000000.0,6.323447704710087,11144000000.0,130.86803397555417,182103000000.0,8.133320665534482,18252000000.0,-41.30434782608695,42007000000.0,10.225662555759643
2023-12-12,43.773744096987876,43.852684869037354,43.05339214222901,43.45797348022461,31452200,0.0,0.0,101423000000.0,6.323447704710087,11144000000.0,130.86803397555417,182103000000.0,8.133320665534482,18252000000.0,-41.30434782608695,42007000000.0,10.225662555759643
2023-12-13,43.4974501312734,44.12899142843519,42.75736196785886,43.98097229003906,35216100,0.0,0.0,101423000000.0,6.323447704710087,11144000000.0,130.86803397555417,182103000000.0,8.133320665534482,18252000000.0,-41.30434782608695,42007000000.0,10.225662555759643
2023-12-14,44.41515336581766,46.44793008966711,44.05991423037119,44.582908630371094,70620800,0.0,0.0,101423000000.0,6.323447704710087,11144000000.0,130.86803397555417,182103000000.0,8.133320665534482,18252000000.0,-41.30434782608695,42007000000.0,10.225662555759643
2023-12-15,45.33286355275876,46.64528830971267,45.06643137433316,45.549957275390625,84583400,0.0,0.0,101423000000.0,6.323447704710087,11144000000.0,130.86803397555417,182103000000.0,8.133320665534482,18252000000.0,-41.30434782608695,42007000000.0,10.225662555759643
2023-12-18,45.54008609781714,45.619026865577,44.799998049191395,45.08616256713867,27895700,0.0,0.0,101423000000.0,6.323447704710087,11144000000.0,130.86803397555417,182103000000.0,8.133320665534482,18252000000.0,-41.30434782608695,42007000000.0,10.225662555759643
2023-12-19,44.99735762171038,46.06308635526833,44.908546893913886,46.04335021972656,35358800,0.0,0.0,101423000000.0,6.323447704710087,11144000000.0,130.86803397555417,182103000000.0,8.133320665534482,18252000000.0,-41.30434782608695,42007000000.0,10.225662555759643
2023-12-20,46.023614061925066,46.32951851625015,45.096038277608145,45.155242919921875,38159100,0.0,0.0,101423000000.0,6.323447704710087,11144000000.0,130.86803397555417,182103000000.0,8.133320665534482,18252000000.0,-41.30434782608695,42007000000.0,10.225662555759643
2023-12-21,45.865729041858266,46.497270325887236,45.411809214497815,46.457801818847656,28320500,0.0,0.0,101423000000.0,6.323447704710087,11144000000.0,130.86803397555417,182103000000.0,8.133320665534482,18252000000.0,-41.30434782608695,42007000000.0,10.225662555759643
2023-12-22,46.625550627708435,47.52352404478188,46.57621217355154,47.365638732910156,30095700,0.0,0.0,101423000000.0,6.323447704710087,11144000000.0,130.86803397555417,182103000000.0,8.133320665534482,18252000000.0,-41.30434782608695,42007000000.0,10.225662555759643
2023-12-26,48.27347887400653,49.852335774632216,48.06625510566455,49.83259963989258,60287400,0.0,0.0,101423000000.0,6.323447704710087,11144000000.0,130.86803397555417,182103000000.0,8.133320665534482,18252000000.0,-41.30434782608695,42007000000.0,10.225662555759643
2023-12-27,49.96088169222299,50.60228911990351,49.52669426469732,50.08916091918945,52148000,0.0,0.0,101423000000.0,6.323447704710087,11144000000.0,130.86803397555417,182103000000.0,8.133320665534482,18252000000.0,-41.30434782608695,42007000000.0,10.225662555759643
2023-12-28,50.13850757372686,50.197712217786155,49.497096325008705,49.724056243896484,27705200,0.0,0.0,101423000000.0,6.323447704710087,11144000000.0,130.86803397555417,182103000000.0,8.133320665534482,18252000000.0,-41.30434782608695,42007000000.0,10.225662555759643
2023-12-29,49.63524162200012,49.9016737922272,49.11224723097072,49.58590316772461,29288700,0.0,0.0,101423000000.0,6.323447704710087,11144000000.0,130.86803397555417,182103000000.0,8.133320665534482,18252000000.0,-41.30434782608695,42007000000.0,10.225662555759643
2024-01-02,48.54978479549887,48.72740625777313,46.82291239560814,47.16828536987305,45905700,0.0,0.0,105590000000.0,4.108535539276101,7079000000.0,-36.477027997128495,191572000000.0,5.199804506240974,15216000000.0,-16.63379355687048,49266000000.0,17.280453257790366
2024-01-03,46.47753059186372,47.178150178605605,46.18149610842996,46.428192138671875,35858400,0.0,0.0,105590000000.0,4.108535539276101,7079000000.0,-36.477027997128495,191572000000.0,5.199804506240974,15216000000.0,-16.63379355687048,49266000000.0,17.280453257790366
2024-01-04,45.11577640812625,46.53674435073411,44.64212042725696,46.25057601928711,47797800,0.0,0.0,105590000000.0,4.108535539276101,7079000000.0,-36.477027997128495,191572000000.0,5.199804506240974,15216000000.0,-16.63379355687048,49266000000.0,17.280453257790366
2024-01-05,46.408458630710044,47.19788898358277,46.02361340404019,46.27030944824219,34344000,0.0,0.0,105590000000.0,4.108535539276101,7079000000.0,-36.477027997128495,191572000000.0,5.199804506240974,15216000000.0,-16.63379355687048,49266000000.0,17.280453257790366
2024-01-08,46.44793292031915,48.11559689647681,46.349256004061985,47.809696197509766,42135100,0.0,0.0,105590000000.0,4.108535539276101,7079000000.0,-36.477027997128495,191572000000.0,5.199804506240974,15216000000.0,-16.63379355687048,49266000000.0,17.280453257790366
2024-01-09,47.37550575760561,47.91824005579795,47.16828198790462,47.41497802734375,30097000,0.0,0.0,105590000000.0,4.108535539276101,7079000000.0,-36.477027997128495,191572000000.0,5.199804506240974,15216000000.0,-16.63379355687048,49266000000.0,17.280453257790366
2024-01-10,47.602471844269466,47.66167648760095,46.31964936260299,46.842647552490234,31480200,0.0,0.0,105590000000.0,4.108535539276101,7079000000.0,-36.477027997128495,191572000000.0,5.199804506240974,15216000000.0,-16.63379355687048,49266000000.0,17.280453257790366
2024-01-11,46.81303747245537,47.207752627642286,46.112421648067155,47.01039505004883,31707900,0.0,0.0,105590000000.0,4.108535539276101,7079000000.0,-36.477027997128495,191572000000.0,5.199804506240974,15216000000.0,-16.63379355687048,49266000000.0,17.280453257790366
2024-01-12,46.97092076942365,47.039995353979776,45.994006636825546,46.49726486206055,27587900,0.0,0.0,105590000000.0,4.108535539276101,7079000000.0,-36.477027997128495,191572000000.0,5.199804506240974,15216000000.0,-16.63379355687048,49266000000.0,17.280453257790366
2024-01-16,46.35912384264608,46.595953720102386,45.767054795430106,46.43806838989258,43720700,0.0,0.0,105590000000.0,4.108535539276101,7079000000.0,-36.477027997128495,191572000000.0,5.199804506240974,15216000000.0,-16.63379355687048,49266000000.0,17.280453257790366
2024-01-17,45.80651781369869,45.80651781369869,45.04669734109243,45.45127868652344,33488000,0.0,0.0,105590000000.0,4.108535539276101,7079000000.0,-36.477027997128495,191572000000.0,5.199804506240974,15216000000.0,-16.63379355687048,49266000000.0,17.280453257790366
2024-01-18,46.408456099754304,46.94132042959796,45.55982115169575,46.122291564941406,46681300,0.0,0.0,105590000000.0,4.108535539276101,7079000000.0,-36.477027997128495,191572000000.0,5.199804506240974,15216000000.0,-16.63379355687048,49266000000.0,17.280453257790366
2024-01-19,46.37885337888682,48.115591764024586,45.82625291965619,47.51365661621094,55979800,0.0,0.0,105590000000.0,4.108535539276101,7079000000.0,-36.477027997128495,191572000000.0,5.199804506240974,15216000000.0,-16.63379355687048,49266000000.0,17.280453257790366
2024-01-22,48.2044044616061,48.520175090034456,47.01039653759373,47.582733154296875,45639500,0.0,0.0,105590000000.0,4.108535539276101,7079000000.0,-36.477027997128495,191572000000.0,5.199804506240974,15216000000.0,-16.63379355687048,49266000000.0,17.280453257790366
2024-01-23,47.48405314919019,48.29321586647265,46.6946265669979,48.24387741088867,37224100,0.0,0.0,105590000000.0,4.108535539276101,7079000000.0,-36.477027997128495,191572000000.0,5.199804506240974,15216000000.0,-16.63379355687048,49266000000.0,17.280453257790366
2024-01-24,48.520175364034515,49.1122481188933,47.6320718781706,48.44123458862305,49375800,0.0,0.0,105590000000.0,4.108535539276101,7079000000.0,-36.477027997128495,191572000000.0,5.199804506240974,15216000000.0,-16.63379355687048,49266000000.0,17.280453257790366
2024-01-25,49.33921050777817,49.63524501796823,48.32282397588851,48.89515686035156,84845100,0.0,0.0,105590000000.0,4.108535539276101,7079000000.0,-36.477027997128495,191572000000.0,5.199804506240974,15216000000.0,-16.63379355687048,49266000000.0,17.280453257790366
2024-01-26,43.5961221183612,44.80986611742092,42.77708950325992,43.07312774658203,127665300,0.0,0.0,105590000000.0,4.108535539276101,7079000000.0,-36.477027997128495,191572000000.0,5.199804506240974,15216000000.0,-16.63379355687048,49266000000.0,17.280453257790366
2024-01-29,43.1323333119092,43.40863542733626,42.24422985568122,43.260616302490234,51790900,0.0,0.0,105590000000.0,4.108535539276101,7079000000.0,-36.477027997128495,191572000000.0,5.199804506240974,15216000000.0,-16.63379355687048,49266000000.0,17.280453257790366
2024-01-30,43.09286371528312,43.24088284930683,42.32317325263891,42.35277557373047,47958800,0.0,0.0,105590000000.0,4.108535539276101,7079000000.0,-36.477027997128495,191572000000.0,5.199804506240974,15216000000.0,-16.63379355687048,49266000000.0,17.280453257790366
2024-01-31,42.00740006513206,43.21127790693192,41.80017630149584,42.51066207885742,51584200,0.0,0.0,105590000000.0,4.108535539276101,7079000000.0,-36.477027997128495,191572000000.0,5.199804506240974,15216000000.0,-16.63379355687048,49266000000.0,17.280453257790366
2024-02-01,42.57974063356224,42.99418819944557,41.92846319840053,42.786964416503906,38819900,0.0,0.0,105590000000.0,4.108535539276101,7079000000.0,-36.477027997128495,191572000000.0,5.199804506240974,15216000000.0,-16.63379355687048,49266000000.0,17.280453257790366
2024-02-02,42.43171387190532,42.56986303571472,41.05021470524662,42.0369987487793,53683500,0.0,0.0,105590000000.0,4.108535539276101,7079000000.0,-36.477027997128495,191572000000.0,5.199804506240974,15216000000.0,-16.63379355687048,49266000000.0,17.280453257790366
2024-02-05,42.05673856522146,42.57973671381655,41.869250935669385,42.20475769042969,28890300,0.0,0.0,105590000000.0,4.108535539276101,7079000000.0,-36.477027997128495,191572000000.0,5.199804506240974,15216000000.0,-16.63379355687048,49266000000.0,17.280453257790366
2024-02-06,42.259190564805955,42.3383627277486,41.70497032294128,42.29877853393555,34068200,0.125,0.0,105590000000.0,4.108535539276101,7079000000.0,-36.477027997128495,191572000000.0,5.199804506240974,15216000000.0,-16.63379355687048,49266000000.0,17.280453257790366
2024-02-07,42.44722867727391,42.65505985674417,42.11073848299591,42.33836364746094,34269200,0.0,0.0,105590000000.0,4.108535539276101,7079000000.0,-36.477027997128495,191572000000.0,5.199804506240974,15216000000.0,-16.63379355687048,49266000000.0,17.280453257790366
2024-02-08,42.278986473496566,42.52640562884181,41.89301319520865,42.061256408691406,33206500,0.0,0.0,105590000000.0,4.108535539276101,7079000000.0,-36.477027997128495,191572000000.0,5.199804506240974,15216000000.0,-16.63379355687048,49266000000.0,17.280453257790366
2024-02-09,42.1107358690328,43.07072331744834,41.96228665376166,42.862892150878906,51193000,0.0,0.0,105590000000.0,4.108535539276101,7079000000.0,-36.477027997128495,191572000000.0,5.199804506240974,15216000000.0,-16.63379355687048,49266000000.0,17.280453257790366
2024-02-12,42.94206612066388,44.57503398469183,42.87278906222066,43.57545852661133,51107300,0.0,0.0,105590000000.0,4.108535539276101,7079000000.0,-36.477027997128495,191572000000.0,5.199804506240974,15216000000.0,-16.63379355687048,49266000000.0,17.280453257790366
2024-02-13,42.55609129641815,43.17958857482636,42.31856726525242,42.714439392089844,36622200,0.0,0.0,105590000000.0,4.108535539276101,7079000000.0,-36.477027997128495,191572000000.0,5.199804506240974,15216000000.0,-16.63379355687048,49266000000.0,17.280453257790366
2024-02-14,43.36762733344154,43.83277653306883,42.94206610299881,43.73380661010742,36186200,0.0,0.0,105590000000.0,4.108535539276101,7079000000.0,-36.477027997128495,191572000000.0,5.199804506240974,15216000000.0,-16.63379355687048,49266000000.0,17.280453257790366
2024-02-15,44.29792246284209,44.802659637413264,43.56556390115373,43.595252990722656,44024500,0.0,0.0,105590000000.0,4.108535539276101,7079000000.0,-36.477027997128495,191572000000.0,5.199804506240974,15216000000.0,-16.63379355687048,49266000000.0,17.280453257790366
2024-02-16,43.57546147103312,43.76350244978494,42.67485587510025,43.060829162597656,29975300,0.0,0.0,105590000000.0,4.108535539276101,7079000000.0,-36.477027997128495,191572000000.0,5.199804506240974,15216000000.0,-16.63379355687048,49266000000.0,17.280453257790366
2024-02-20,43.80308389081493,44.703689430093235,42.97175541030291,44.060401916503906,61514100,0.0,0.0,105590000000.0,4.108535539276101,7079000000.0,-36.477027997128495,191572000000.0,5.199804506240974,15216000000.0,-16.63379355687048,49266000000.0,17.280453257790366
2024-02-21,44.020815778072794,44.22864696301597,42.6352707698016,43.021244049072266,57485200,0.0,0.0,105590000000.0,4.108535539276101,7079000000.0,-36.477027997128495,191572000000.0,5.199804506240974,15216000000.0,-16.63379355687048,49266000000.0,17.280453257790366
2024-02-22,44.218751667634606,44.218751667634606,42.090945425277404,42.53630065917969,62809300,0.0,0.0,105590000000.0,4.108535539276101,7079000000.0,-36.477027997128495,191572000000.0,5.199804506240974,15216000000.0,-16.63379355687048,49266000000.0,17.280453257790366
2024-02-23,42.68475009500671,43.060824460813436,42.21960091454698,42.54619598388672,33810700,0.0,0.0,105590000000.0,4.108535539276101,7079000000.0,-36.477027997128495,191572000000.0,5.199804506240974,15216000000.0,-16.63379355687048,49266000000.0,17.280453257790366
2024-02-26,43.05092935658332,43.22907143525656,42.3779490094436,42.54619598388672,27035400,0.0,0.0,105590000000.0,4.108535539276101,7079000000.0,-36.477027997128495,191572000000.0,5.199804506240974,15216000000.0,-16.63379355687048,49266000000.0,17.280453257790366
2024-02-27,42.803511664108804,42.82330564855216,42.07114934097092,42.28887939453125,25126400,0.0,0.0,105590000000.0,4.108535539276101,7079000000.0,-36.477027997128495,191572000000.0,5.199804506240974,15216000000.0,-16.63379355687048,49266000000.0,17.280453257790366
2024-02-28,42.001869966492016,42.011768845825976,41.477342621281004,41.5565185546875,26928500,0.0,0.0,105590000000.0,4.108535539276101,7079000000.0,-36.477027997128495,191572000000.0,5.199804506240974,15216000000.0,-16.63379355687048,49266000000.0,17.280453257790366
2024-02-29,41.93259519224425,42.704545483662436,41.922700087688604,42.60557556152344,48875100,0.0,0.0,105590000000.0,4.108535539276101,7079000000.0,-36.477027997128495,191572000000.0,5.199804506240974,15216000000.0,-16.63379355687048,49266000000.0,17.280453257790366
2024-03-01,42.96186273403715,43.812985247351655,42.684754483308424,43.36763000488281,41426100,0.0,0.0,105590000000.0,4.108535539276101,7079000000.0,-36.477027997128495,191572000000.0,5.199804506240974,15216000000.0,-16.63379355687048,49266000000.0,17.280453257790366
2024-03-04,43.812985667301724,46.12882917502045,43.39731951190769,45.13915252685547,59990800,0.0,0.0,105590000000.0,4.108535539276101,7079000000.0,-36.477027997128495,191572000000.0,5.199804506240974,15216000000.0,-16.63379355687048,49266000000.0,17.280453257790366
2024-03-05,44.09998806070443,44.406785372452866,42.249290209353326,42.714439392089844,56655100,0.0,0.0,105590000000.0,4.108535539276101,7079000000.0,-36.477027997128495,191572000000.0,5.199804506240974,15216000000.0,-16.63379355687048,49266000000.0,17.280453257790366
2024-03-06,43.476492325656736,45.04017935400904,43.11031304928887,44.05050277709961,52652000,0.0,0.0,105590000000.0,4.108535539276101,7079000000.0,-36.477027997128495,191572000000.0,5.199804506240974,15216000000.0,-16.63379355687048,49266000000.0,17.280453257790366
2024-03-07,45.07976813297767,45.94078571326764,44.71358885003174,45.67357635498047,50378200,0.0,0.0,105590000000.0,4.108535539276101,7079000000.0,-36.477027997128495,191572000000.0,5.199804506240974,15216000000.0,-16.63379355687048,49266000000.0,17.280453257790366
2024-03-08,45.960578190502105,46.14861915352694,43.54576873779297,43.54576873779297,54916600,0.0,0.0,105590000000.0,4.108535539276101,7079000000.0,-36.477027997128495,191572000000.0,5.199804506240974,15216000000.0,-16.63379355687048,49266000000.0,17.280453257790366
2024-03-11,43.4171110598047,44.46616960706335,43.20927988143693,44.39689254760742,35051000,0.0,0.0,105590000000.0,4.108535539276101,7079000000.0,-36.477027997128495,191572000000.0,5.199804506240974,15216000000.0,-16.63379355687048,49266000000.0,17.280453257790366
2024-03-12,44.59483001268361,44.80266119753635,44.00102177341143,44.772972106933594,31795800,0.0,0.0,105590000000.0,4.108535539276101,7079000000.0,-36.477027997128495,191572000000.0,5.199804506240974,15216000000.0,-16.63379355687048,49266000000.0,17.280453257790366
2024-03-13,44.0505029236892,44.51565212448583,42.75402901982607,42.78371810913086,53195900,0.0,0.0,105590000000.0,4.108535539276101,7079000000.0,-36.477027997128495,191572000000.0,5.199804506240974,15216000000.0,-16.63379355687048,49266000000.0,17.280453257790366
2024-03-14,42.783718164719176,42.90247829740919,42.07114981794601,42.30867385864258,38100000,0.0,0.0,105590000000.0,4.108535539276101,7079000000.0,-36.477027997128495,191572000000.0,5.199804506240974,15216000000.0,-16.63379355687048,49266000000.0,17.280453257790366
2024-03-15,42.011769033672145,42.70454335281141,41.912799116471504,42.199806213378906,66952900,0.0,0.0,105590000000.0,4.108535539276101,7079000000.0,-36.477027997128495,191572000000.0,5.199804506240974,15216000000.0,-16.63379355687048,49266000000.0,17.280453257790366
2024-03-18,42.64516692858036,42.93217406267901,42.16022370974758,42.26908874511719,27668300,0.0,0.0,105590000000.0,4.108535539276101,7079000000.0,-36.477027997128495,191572000000.0,5.199804506240974,15216000000.0,-16.63379355687048,49266000000.0,17.280453257790366
2024-03-19,41.81383419719672,41.853422165234505,41.01219483335548,41.61589813232422,34673000,0.0,0.0,105590000000.0,4.108535539276101,7079000000.0,-36.477027997128495,191572000000.0,5.199804506240974,15216000000.0,-16.63379355687048,49266000000.0,17.280453257790366
2024-03-20,42.54619626656077,42.5659864751525,40.98250551566579,41.76435089111328,74865000,0.0,0.0,105590000000.0,4.108535539276101,7079000000.0,-36.477027997128495,191572000000.0,5.199804506240974,15216000000.0,-16.63379355687048,49266000000.0,17.280453257790366
2024-03-21,42.546197673998094,43.149897214242884,41.883112404748005,41.982078552246094,50807600,0.0,0.0,105590000000.0,4.108535539276101,7079000000.0,-36.477027997128495,191572000000.0,5.199804506240974,15216000000.0,-16.63379355687048,49266000000.0,17.280453257790366
2024-03-22,41.81383511044879,42.35815646924932,41.65548701015561,42.130531311035156,28503100,0.0,0.0,105590000000.0,4.108535539276101,7079000000.0,-36.477027997128495,191572000000.0,5.199804506240974,15216000000.0,-16.63379355687048,49266000000.0,17.280453257790366
2024-03-25,40.46787585904025,41.78414755859529,40.15117964680319,41.39817428588867,47276500,0.0,0.0,105590000000.0,4.108535539276101,7079000000.0,-36.477027997128495,191572000000.0,5.199804506240974,15216000000.0,-16.63379355687048,49266000000.0,17.280453257790366
2024-03-26,41.51693058798425,41.83362677097765,41.229923492360136,41.5565185546875,39109700,0.0,0.0,105590000000.0,4.108535539276101,7079000000.0,-36.477027997128495,191572000000.0,5.199804506240974,15216000000.0,-16.63379355687048,49266000000.0,17.280453257790366
2024-03-27,42.100843972465064,43.37752770777571,42.061256001916675,43.318145751953125,51017800,0.0,0.0,105590000000.0,4.108535539276101,7079000000.0,-36.477027997128495,191572000000.0,5.199804506240974,15216000000.0,-16.63379355687048,49266000000.0,17.280453257790366
2024-03-28,43.30824490459669,44.139573371770645,43.25876183131705,43.714012145996094,54204200,0.0,0.0,105590000000.0,4.108535539276101,7079000000.0,-36.477027997128495,191572000000.0,5.199804506240974,15216000000.0,-16.63379355687048,49266000000.0,17.280453257790366
2024-04-01,43.832776755512306,44.94121347108948,43.72391172736055,44.060401916503906,31712600,0.0,0.0,105590000000.0,4.108535539276101,7079000000.0,-36.477027997128495,191572000000.0,5.199804506240974,15216000000.0,-16.63379355687048,49266000000.0,17.280453257790366
2024-04-02,43.47649024130356,43.62494323084944,43.05092903160946,43.486385345458984,32748400,0.0,0.0,105590000000.0,4.108535539276101,7079000000.0,-36.477027997128495,191572000000.0,5.199804506240974,15216000000.0,-16.63379355687048,49266000000.0,17.280453257790366
2024-04-03,40.97261569281679,41.22003486058666,39.80479691891767,39.91366195678711,83718000,0.0,0.0,105590000000.0,4.108535539276101,7079000000.0,-36.477027997128495,191572000000.0,5.199804506240974,15216000000.0,-16.63379355687048,49266000000.0,17.280453257790366
2024-04-04,40.170973402908174,40.3590105980652,39.29016183168939,39.31985092163086,57307200,0.0,0.0,105590000000.0,4.108535539276101,7079000000.0,-36.477027997128495,191572000000.0,5.199804506240974,15216000000.0,-16.63379355687048,49266000000.0,17.280453257790366
2024-04-05,38.943775305343,39.0526403426771,38.11244675471166,38.31038284301758,67263000,0.0,0.0,105590000000.0,4.108535539276101,7079000000.0,-36.477027997128495,191572000000.0,5.199804506240974,15216000000.0,-16.63379355687048,49266000000.0,17.280453257790366
2024-04-08,38.24110374178147,38.4588338048539,37.518640266960844,37.58791732788086,56967800,0.0,0.0,105590000000.0,4.108535539276101,7079000000.0,-36.477027997128495,191572000000.0,5.199804506240974,15216000000.0,-16.63379355687048,49266000000.0,17.280453257790366
2024-04-09,37.65719128751643,38.18172241669127,36.94462675169194,37.934303283691406,78671700,0.0,0.0,105590000000.0,4.108535539276101,7079000000.0,-36.477027997128495,191572000000.0,5.199804506240974,15216000000.0,-16.63379355687048,49266000000.0,17.280453257790366
2024-04-10,37.62750590872153,37.82544198969589,36.63782927916647,36.81597137451172,51108400,0.0,0.0,105590000000.0,4.108535539276101,7079000000.0,-36.477027997128495,191572000000.0,5.199804506240974,15216000000.0,-16.63379355687048,49266000000.0,17.280453257790366
2024-04-11,37.04359529776712,37.28111556667766,36.697209999223986,37.24153137207031,41909100,0.0,0.0,105590000000.0,4.108535539276101,7079000000.0,-36.477027997128495,191572000000.0,5.199804506240974,15216000000.0,-16.63379355687048,49266000000.0,17.280453257790366
2024-04-12,36.311232680000735,36.32113156006494,35.23248504731364,35.321556091308594,80254800,0.0,0.0,105590000000.0,4.108535539276101,7079000000.0,-36.477027997128495,191572000000.0,5.199804506240974,15216000000.0,-16.63379355687048,49266000000.0,17.280453257790366
2024-04-15,35.66794464775069,36.32113103584749,35.519491651462836,35.935157775878906,50751600,0.0,0.0,105590000000.0,4.108535539276101,7079000000.0,-36.477027997128495,191572000000.0,5.199804506240974,15216000000.0,-16.63379355687048,49266000000.0,17.280453257790366
2024-04-16,35.895568587837126,36.13308884345184,35.390831437852185,35.88566970825195,30607500,0.0,0.0,105590000000.0,4.108535539276101,7079000000.0,-36.477027997128495,191572000000.0,5.199804506240974,15216000000.0,-16.63379355687048,49266000000.0,17.280453257790366
2024-04-17,35.727323119111105,35.757015983802184,35.00485966690412,35.31166076660156,41173300,0.0,0.0,105590000000.0,4.108535539276101,7079000000.0,-36.477027997128495,191572000000.0,5.199804506240974,15216000000.0,-16.63379355687048,49266000000.0,17.280453257790366
2024-04-18,35.054342816560656,35.29186685801872,34.41105530172058,34.67826843261719,42334400,0.0,0.0,105590000000.0,4.108535539276101,7079000000.0,-36.477027997128495,191572000000.0,5.199804506240974,15216000000.0,-16.63379355687048,49266000000.0,17.280453257790366
2024-04-19,34.76733858919146,34.76733858919146,33.82714510268787,33.84693908691406,59070300,0.0,0.0,105590000000.0,4.108535539276101,7079000000.0,-36.477027997128495,191572000000.0,5.199804506240974,15216000000.0,-16.63379355687048,49266000000.0,17.280453257790366
2024-04-22,34.06466652813322,34.213119527250065,33.72818011072603,34.054771423339844,39909900,0.0,0.0,105590000000.0,4.108535539276101,7079000000.0,-36.477027997128495,191572000000.0,5.199804506240974,15216000000.0,-16.63379355687048,49266000000.0,17.280453257790366
2024-04-23,33.98549508463159,34.242809343199326,33.82714697736298,33.92611312866211,46834000,0.0,0.0,105590000000.0,4.108535539276101,7079000000.0,-36.477027997128495,191572000000.0,5.199804506240974,15216000000.0,-16.63379355687048,49266000000.0,17.280453257790366
2024-04-24,34.50012494991297,34.816821142169815,33.9854926936665,34.14384078979492,53261100,0.0,0.0,105590000000.0,4.108535539276101,7079000000.0,-36.477027997128495,191572000000.0,5.199804506240974,15216000000.0,-16.63379355687048,49266000000.0,17.280453257790366
2024-04-25,34.203222002242924,34.93558051526241,34.14384005173473,34.74754333496094,66549400,0.0,0.0,105590000000.0,4.108535539276101,7079000000.0,-36.477027997128495,191572000000.0,5.199804506240974,15216000000.0,-16.63379355687048,49266000000.0,17.280453257790366
2024-04-26,31.45192381651619,31.907176045518334,30.323691180607266,31.55088996887207,119742500,0.0,0.0,105590000000.0,4.108535539276101,7079000000.0,-36.477027997128495,191572000000.0,5.199804506240974,15216000000.0,-16.63379355687048,49266000000.0,17.280453257790366
2024-04-29,31.531096996193742,31.580580070998817,30.74925157819707,31.036258697509766,58533300,0.0,0.0,105590000000.0,4.108535539276101,7079000000.0,-36.477027997128495,191572000000.0,5.199804506240974,15216000000.0,-16.63379355687048,49266000000.0,17.280453257790366
2024-04-30,30.719562342327688,30.858116461249818,30.105962024307132,30.155445098876953,72346400,0.0,0.0,105590000000.0,4.108535539276101,7079000000.0,-36.477027997128495,191572000000.0,5.199804506240974,15216000000.0,-16.63379355687048,49266000000.0,17.280453257790366
2024-05-01,29.858542429729663,30.719561883042896,29.710091320581384,30.05647850036621,60654800,0.0,0.0,105590000000.0,4.108535539276101,7079000000.0,-36.477027997128495,191572000000.0,5.199804506240974,15216000000.0,-16.63379355687048,49266000000.0,17.280453257790366
2024-05-02,30.274206169169542,30.353380218588107,29.87833592207671,30.195032119750977,50899400,0.0,0.0,105590000000.0,4.108535539276101,7079000000.0,-36.477027997128495,191572000000.0,5.199804506240974,15216000000.0,-16.63379355687048,49266000000.0,17.280453257790366
2024-05-03,30.660179145133664,30.739353193831782,30.383070918519365,30.581005096435547,36794800,0.0,0.0,105590000000.0,4.108535539276101,7079000000.0,-36.477027997128495,191572000000.0,5.199804506240974,15216000000.0,-16.63379355687048,49266000000.0,17.280453257790366
2024-05-06,30.923832433223346,31.003328068462462,30.536289553022886,30.774776458740234,36185600,0.125,0.0,105590000000.0,4.108535539276101,7079000000.0,-36.477027997128495,191572000000.0,5.199804506240974,15216000000.0,-16.63379355687048,49266000000.0,17.280453257790366
2024-05-07,30.894020047360957,31.251751344198457,30.417046248461222,30.486604690551758,44683400,0.0,0.0,105590000000.0,4.108535539276101,7079000000.0,-36.477027997128495,191572000000.0,5.199804506240974,15216000000.0,-16.63379355687048,49266000000.0,17.280453257790366
2024-05-08,29.81089210510254,29.959946186562956,29.5425936212785,29.81089210510254,63734600,0.0,0.0,105590000000.0,4.108535539276101,7079000000.0,-36.477027997128495,191572000000.0,5.199804506240974,15216000000.0,-16.63379355687048,49266000000.0,17.280453257790366
2024-05-09,29.741332600527656,30.198432020098114,29.622088202412307,29.90032386779785,45003400,0.0,0.0,105590000000.0,4.108535539276101,7079000000.0,-36.477027997128495,191572000000.0,5.199804506240974,15216000000.0,-16.63379355687048,49266000000.0,17.280453257790366
2024-05-10,30.138812358464122,30.267992059188092,29.65190133984991,29.66183853149414,42931300,0.0,0.0,105590000000.0,4.108535539276101,7079000000.0,-36.477027997128495,191572000000.0,5.199804506240974,15216000000.0,-16.63379355687048,49266000000.0,17.280453257790366
2024-05-13,29.84070274039695,30.933767233590086,29.810891166912885,30.317676544189453,51459100,0.0,0.0,105590000000.0,4.108535539276101,7079000000.0,-36.477027997128495,191572000000.0,5.199804506240974,15216000000.0,-16.63379355687048,49266000000.0,17.280453257790366
2024-05-14,30.42698497721072,30.913895991776922,30.417047785649103,30.854272842407227,47759900,0.0,0.0,105590000000.0,4.108535539276101,7079000000.0,-36.477027997128495,191572000000.0,5.199804506240974,15216000000.0,-16.63379355687048,49266000000.0,17.280453257790366
2024-05-15,31.182192737724716,31.202067120946793,30.615786083174033,31.072887420654297,36992900,0.0,0.0,105590000000.0,4.108535539276101,7079000000.0,-36.477027997128495,191572000000.0,5.199804506240974,15216000000.0,-16.63379355687048,49266000000.0,17.280453257790366
2024-05-16,31.430616301444132,32.056644199568396,31.32131098625367,31.828094482421875,47752800,0.0,0.0,105590000000.0,4.108535539276101,7079000000.0,-36.477027997128495,191572000000.0,5.199804506240974,15216000000.0,-16.63379355687048,49266000000.0,17.280453257790366
2024-05-17,31.8579079970722,31.907592059017553,31.390869475353796,31.629356384277344,41449800,0.0,0.0,105590000000.0,4.108535539276101,7079000000.0,-36.477027997128495,191572000000.0,5.199804506240974,15216000000.0,-16.63379355687048,49266000000.0,17.280453257790366
2024-05-20,31.649231369928607,32.21563613099912,31.55979854046339,31.897653579711914,31989000,0.0,0.0,105590000000.0,4.108535539276101,7079000000.0,-36.477027997128495,191572000000.0,5.199804506240974,15216000000.0,-16.63379355687048,49266000000.0,17.280453257790366
2024-05-21,31.77840961678809,32.036772797045785,31.420680210618762,31.5399227142334,42975400,0.0,0.0,105590000000.0,4.108535539276101,7079000000.0,-36.477027997128495,191572000000.0,5.199804506240974,15216000000.0,-16.63379355687048,49266000000.0,17.280453257790366
2024-05-22,31.708852003298507,31.867843275827525,30.90395844920465,31.221940994262695,36706400,0.0,0.0,105590000000.0,4.108535539276101,7079000000.0,-36.477027997128495,191572000000.0,5.199804506240974,15216000000.0,-16.63379355687048,49266000000.0,17.280453257790366
2024-05-23,31.25175143532453,31.37099393773446,29.68171125454082,29.8903865814209,62014500,0.0,0.0,105590000000.0,4.108535539276101,7079000000.0,-36.477027997128495,191572000000.0,5.199804506240974,15216000000.0,-16.63379355687048,49266000000.0,17.280453257790366
2024-05-24,30.099064079939822,30.82446197812326,29.94007091639133,30.526351928710938,42434500,0.0,0.0,105590000000.0,4.108535539276101,7079000000.0,-36.477027997128495,191572000000.0,5.199804506240974,15216000000.0,-16.63379355687048,49266000000.0,17.280453257790366
2024-05-28,30.744967620329465,31.172257382164105,30.466731941725964,30.86421012878418,36799100,0.0,0.0,105590000000.0,4.108535539276101,7079000000.0,-36.477027997128495,191572000000.0,5.199804506240974,15216000000.0,-16.63379355687048,49266000000.0,17.280453257790366
2024-05-29,30.277928026901556,30.476668061101428,29.920198618797393,29.94007110595703,35848600,0.0,0.0,105590000000.0,4.108535539276101,7079000000.0,-36.477027997128495,191572000000.0,5.199804506240974,15216000000.0,-16.63379355687048,49266000000.0,17.280453257790366
2024-05-30,30.019567311756507,30.307740177296864,29.870513230933255,29.99969482421875,33351000,0.0,0.0,105590000000.0,4.108535539276101,7079000000.0,-36.477027997128495,191572000000.0,5.199804506240974,15216000000.0,-16.63379355687048,49266000000.0,17.280453257790366
2024-05-31,30.029504942197292,30.76484006095746,29.75127115934644,30.655534744262695,95797500,0.0,0.0,105590000000.0,4.108535539276101,7079000000.0,-36.477027997128495,191572000000.0,5.199804506240974,15216000000.0,-16.63379355687048,49266000000.0,17.280453257790366
2024-06-03,30.83439895760554,30.874145826725712,29.86057507726836,30.099063873291016,35544900,0.0,0.0,105590000000.0,4.108535539276101,7079000000.0,-36.477027997128495,191572000000.0,5.199804506240974,15216000000.0,-16.63379355687048,49266000000.0,17.280453257790366
2024-06-04,30.556164699264862,30.556164699264862,29.75127113543878,29.8407039642334,51027200,0.0,0.0,105590000000.0,4.108535539276101,7079000000.0,-36.477027997128495,191572000000.0,5.199804506240974,15216000000.0,-16.63379355687048,49266000000.0,17.280453257790366
2024-06-05,30.079190259300518,30.645596899838363,29.820828969781854,30.585975646972656,44161700,0.0,0.0,105590000000.0,4.108535539276101,7079000000.0,-36.477027997128495,191572000000.0,5.199804506240974,15216000000.0,-16.63379355687048,49266000000.0,17.280453257790366
2024-06-06,30.35742448048119,30.397173246523653,29.96988348819456,30.22824478149414,34248100,0.0,0.0,105590000000.0,4.108535539276101,7079000000.0,-36.477027997128495,191572000000.0,5.199804506240974,15216000000.0,-16.63379355687048,49266000000.0,17.280453257790366
2024-06-07,30.059315502581093,30.585975266431074,30.019566737614863,30.546226501464844,34085500,0.0,0.0,105590000000.0,4.108535539276101,7079000000.0,-36.477027997128495,191572000000.0,5.199804506240974,15216000000.0,-16.63379355687048,49266000000.0,17.280453257790366
2024-06-10,30.35742334809095,30.75490341238691,30.099063959754154,30.71515464782715,37396500,0.0,0.0,105590000000.0,4.108535539276101,7079000000.0,-36.477027997128495,191572000000.0,5.199804506240974,15216000000.0,-16.63379355687048,49266000000.0,17.280453257790366
2024-06-11,30.57603785729381,30.834399141756844,30.337550955172254,30.7250919342041,25326900,0.0,0.0,105590000000.0,4.108535539276101,7079000000.0,-36.477027997128495,191572000000.0,5.199804506240974,15216000000.0,-16.63379355687048,49266000000.0,17.280453257790366
2024-06-12,31.26168740752887,31.281561790135704,30.198432577294135,30.56610107421875,51323900,0.0,0.0,105590000000.0,4.108535539276101,7079000000.0,-36.477027997128495,191572000000.0,5.199804506240974,15216000000.0,-16.63379355687048,49266000000.0,17.280453257790366
2024-06-13,30.18849638192882,30.387236423902817,29.950009468755333,30.26799201965332,33787200,0.0,0.0,105590000000.0,4.108535539276101,7079000000.0,-36.477027997128495,191572000000.0,5.199804506240974,15216000000.0,-16.63379355687048,49266000000.0,17.280453257790366
2024-06-14,30.099065365610674,30.36736195761891,30.01956783277801,30.258056640625,28125900,0.0,0.0,105590000000.0,4.108535539276101,7079000000.0,-36.477027997128495,191572000000.0,5.199804506240974,15216000000.0,-16.63379355687048,49266000000.0,17.280453257790366
2024-06-17,30.14874866124054,30.804588127819695,29.989757390271375,30.784713745117188,36235300,0.0,0.0,105590000000.0,4.108535539276101,7079000000.0,-36.477027997128495,191572000000.0,5.199804506240974,15216000000.0,-16.63379355687048,49266000000.0,17.280453257790366
2024-06-18,30.79465147966915,31.27162530099019,30.307740466821567,30.436920166015625,33294700,0.0,0.0,105590000000.0,4.108535539276101,7079000000.0,-36.477027997128495,191572000000.0,5.199804506240974,15216000000.0,-16.63379355687048,49266000000.0,17.280453257790366
2024-06-20,30.367361637990363,30.913895798509436,30.258056322146935,30.426984786987305,43826300,0.0,0.0,105590000000.0,4.108535539276101,7079000000.0,-36.477027997128495,191572000000.0,5.199804506240974,15216000000.0,-16.63379355687048,49266000000.0,17.280453257790366
2024-06-21,30.65553318086021,31.162318553482905,30.476667532249213,30.894020080566406,90795200,0.0,0.0,105590000000.0,4.108535539276101,7079000000.0,-36.477027997128495,191572000000.0,5.199804506240974,15216000000.0,-16.63379355687048,49266000000.0,17.280453257790366
2024-06-24,30.943704994449813,31.221940666114026,30.337551485050767,30.37729835510254,40611800,0.0,0.0,105590000000.0,4.108535539276101,7079000000.0,-36.477027997128495,191572000000.0,5.199804506240974,15216000000.0,-16.63379355687048,49266000000.0,17.280453257790366
2024-06-25,30.506479631824043,30.635659327313434,30.099064267547327,30.546226501464844,29323600,0.0,0.0,105590000000.0,4.108535539276101,7079000000.0,-36.477027997128495,191572000000.0,5.199804506240974,15216000000.0,-16.63379355687048,49266000000.0,17.280453257790366
2024-06-26,30.446856525218326,30.48660529023788,30.079189925414628,30.347488403320312,30743000,0.0,0.0,105590000000.0,4.108535539276101,7079000000.0,-36.477027997128495,191572000000.0,5.199804506240974,15216000000.0,-16.63379355687048,49266000000.0,17.280453257790366
2024-06-27,30.228244464597882,30.466731372376067,30.099064766965085,30.397172927856445,30184300,0.0,0.0,105590000000.0,4.108535539276101,7079000000.0,-36.477027997128495,191572000000.0,5.199804506240974,15216000000.0,-16.63379355687048,49266000000.0,17.280453257790366
2024-06-28,30.556163935664028,31.11263338233784,30.526352361702315,30.774776458740234,41467700,0.0,0.0,105590000000.0,4.108535539276101,7079000000.0,-36.477027997128495,191572000000.0,5.199804506240974,15216000000.0,-16.63379355687048,49266000000.0,17.280453257790366
2024-07-01,30.71515590338328,30.824463115065406,30.417047738300834,30.645597457885742,32401800,0.0,0.0,105590000000.0,4.108535539276101,7079000000.0,-36.477027997128495,191572000000.0,5.199804506240974,15216000000.0,-16.63379355687048,49266000000.0,17.280453257790366
2024-07-02,30.66547207706199,31.112634328128223,30.39717358922695,30.874147415161133,35999300,0.0,0.0,105590000000.0,4.108535539276101,7079000000.0,-36.477027997128495,191572000000.0,5.199804506240974,15216000000.0,-16.63379355687048,49266000000.0,17.280453257790366
2024-07-03,30.923832959411207,31.14244548620724,30.71515572877935,31.033138275146484,24065700,0.0,0.0,105590000000.0,4.108535539276101,7079000000.0,-36.477027997128495,191572000000.0,5.199804506240974,15216000000.0,-16.63379355687048,49266000000.0,17.280453257790366
2024-07-05,31.2020665029894,32.13614164734713,31.112633675586775,31.818159103393555,45309400,0.0,0.0,105590000000.0,4.108535539276101,7079000000.0,-36.477027997128495,191572000000.0,5.199804506240974,15216000000.0,-16.63379355687048,49266000000.0,17.280453257790366
2024-07-08,32.82179017277948,33.87510969875,32.613114843025684,33.77574157714844,82315900,0.0,0.0,105590000000.0,4.108535539276101,7079000000.0,-36.477027997128495,191572000000.0,5.199804506240974,15216000000.0,-16.63379355687048,49266000000.0,17.280453257790366
2024-07-09,34.79924945469186,34.99798949894323,33.507444853034585,34.3719596862793,97546900,0.0,0.0,105590000000.0,4.108535539276101,7079000000.0,-36.477027997128495,191572000000.0,5.199804506240974,15216000000.0,-16.63379355687048,49266000000.0,17.280453257790366
2024-07-10,34.22290250728898,34.7495641747144,33.91485905060243,34.65019226074219,52256200,0.0,0.0,105590000000.0,4.108535539276101,7079000000.0,-36.477027997128495,191572000000.0,5.199804506240974,15216000000.0,-16.63379355687048,49266000000.0,17.280453257790366
2024-07-11,34.809184100885474,34.928430399599435,33.10002884981283,33.2888298034668,55213700,0.0,0.0,105590000000.0,4.108535539276101,7079000000.0,-36.477027997128495,191572000000.0,5.199804506240974,15216000000.0,-16.63379355687048,49266000000.0,17.280453257790366
2024-07-12,33.55712801341558,35.25634795426933,33.55712801341558,34.27259063720703,62792600,0.0,0.0,105590000000.0,4.108535539276101,7079000000.0,-36.477027997128495,191572000000.0,5.199804506240974,15216000000.0,-16.63379355687048,49266000000.0,17.280453257790366
2024-07-15,34.48126375284248,35.00792159998404,34.093722786783545,34.242774963378906,39847900,0.0,0.0,105590000000.0,4.108535539276101,7079000000.0,-36.477027997128495,191572000000.0,5.199804506240974,15216000000.0,-16.63379355687048,49266000000.0,17.280453257790366
2024-07-16,34.143409539494236,34.232842368767805,33.626686947097056,34.12353515625,28409900,0.0,0.0,105590000000.0,4.108535539276101,7079000000.0,-36.477027997128495,191572000000.0,5.199804506240974,15216000000.0,-16.63379355687048,49266000000.0,17.280453257790366
2024-07-17,35.85256576329393,36.925755839253235,34.18315560900105,34.242774963378906,112304200,0.0,0.0,105590000000.0,4.108535539276101,7079000000.0,-36.477027997128495,191572000000.0,5.199804506240974,15216000000.0,-16.63379355687048,49266000000.0,17.280453257790366
2024-07-18,34.73962508799172,36.07117841001198,34.31233533453851,34.65019226074219,84188600,0.0,0.0,105590000000.0,4.108535539276101,7079000000.0,-36.477027997128495,191572000000.0,5.199804506240974,15216000000.0,-16.63379355687048,49266000000.0,17.280453257790366
2024-07-19,34.35208356711346,34.362022653681926,32.64292457982029,32.7721061706543,69628700,0.0,0.0,105590000000.0,4.108535539276101,7079000000.0,-36.477027997128495,191572000000.0,5.199804506240974,15216000000.0,-16.63379355687048,49266000000.0,17.280453257790366
2024-07-22,33.07021606470152,33.19939766232487,32.55349346485917,33.15964889526367,48503700,0.0,0.0,105590000000.0,4.108535539276101,7079000000.0,-36.477027997128495,191572000000.0,5.199804506240974,15216000000.0,-16.63379355687048,49266000000.0,17.280453257790366
2024-07-23,32.75223342263411,33.020531913608885,32.623055616004486,32.7422981262207,29466400,0.0,0.0,105590000000.0,4.108535539276101,7079000000.0,-36.477027997128495,191572000000.0,5.199804506240974,15216000000.0,-16.63379355687048,49266000000.0,17.280453257790366
2024-07-24,32.32494148650973,32.59323995949019,31.460426711784343,31.50017547607422,62216700,0.0,0.0,105590000000.0,4.108535539276101,7079000000.0,-36.477027997128495,191572000000.0,5.199804506240974,15216000000.0,-16.63379355687048,49266000000.0,17.280453257790366
2024-07-25,31.17225584068728,31.78834652633028,30.754903291082982,30.90395736694336,49774000,0.0,0.0,105590000000.0,4.108535539276101,7079000000.0,-36.477027997128495,191572000000.0,5.199804506240974,15216000000.0,-16.63379355687048,49266000000.0,17.280453257790366
2024-07-26,31.23187753157216,31.361057227049322,30.824462167334016,31.152381896972656,38352500,0.0,0.0,105590000000.0,4.108535539276101,7079000000.0,-36.477027997128495,191572000000.0,5.199804506240974,15216000000.0,-16.63379355687048,49266000000.0,17.280453257790366
2024-07-29,31.221941203638227,31.27162526588968,30.595913300772725,30.63566017150879,32342200,0.0,0.0,105590000000.0,4.108535539276101,7079000000.0,-36.477027997128495,191572000000.0,5.199804506240974,15216000000.0,-16.63379355687048,49266000000.0,17.280453257790366
2024-07-30,30.655533712816226,30.715154964946016,29.820828601697457,29.94007110595703,48256600,0.0,0.0,105590000000.0,4.108535539276101,7079000000.0,-36.477027997128495,191572000000.0,5.199804506240974,15216000000.0,-16.63379355687048,49266000000.0,17.280453257790366
2024-07-31,30.34748836260998,30.675408092279664,30.08912707630577,30.546226501464844,56110600,0.0,0.0,105590000000.0,4.108535539276101,7079000000.0,-36.477027997128495,191572000000.0,5.199804506240974,15216000000.0,-16.63379355687048,49266000000.0,17.280453257790366
2024-08-01,30.238180548162198,30.516414316046976,28.70788724349436,28.866878509521484,107672500,0.0,0.0,105590000000.0,4.108535539276101,7079000000.0,-36.477027997128495,191572000000.0,5.199804506240974,15216000000.0,-16.63379355687048,49266000000.0,17.280453257790366
2024-08-02,21.801700111553938,21.8414469830145,20.291281089542203,21.3445987701416,300895900,0.0,0.0,105590000000.0,4.108535539276101,7079000000.0,-36.477027997128495,191572000000.0,5.199804506240974,15216000000.0,-16.63379355687048,49266000000.0,17.280453257790366
2024-08-05,20.072667229540986,20.26146817330116,19.168403693593557,19.983234405517578,147385700,0.0,0.0,105590000000.0,4.108535539276101,7079000000.0,-36.477027997128495,191572000000.0,5.199804506240974,15216000000.0,-16.63379355687048,49266000000.0,17.280453257790366
2024-08-06,20.191910941842604,20.4999563012095,19.62550428595571,19.704999923706055,106670400,0.0,0.0,105590000000.0,4.108535539276101,7079000000.0,-36.477027997128495,191572000000.0,5.199804506240974,15216000000.0,-16.63379355687048,49266000000.0,17.280453257790366
2024-08-07,19.920000076293945,20.25,18.950000762939453,18.989999771118164,97972300,0.125,0.0,105590000000.0,4.108535539276101,7079000000.0,-36.477027997128495,191572000000.0,5.199804506240974,15216000000.0,-16.63379355687048,49266000000.0,17.280453257790366
2024-08-08,19.100000381469727,20.549999237060547,18.84000015258789,20.489999771118164,96836800,0.0,0.0,105590000000.0,4.108535539276101,7079000000.0,-36.477027997128495,191572000000.0,5.199804506240974,15216000000.0,-16.63379355687048,49266000000.0,17.280453257790366
2024-08-09,20.079999923706055,20.149999618530273,19.5,19.709999084472656,76394500,0.0,0.0,105590000000.0,4.108535539276101,7079000000.0,-36.477027997128495,191572000000.0,5.199804506240974,15216000000.0,-16.63379355687048,49266000000.0,17.280453257790366
2024-08-12,19.8700008392334,19.969999313354492,19.0,19.360000610351562,54677600,0.0,0.0,105590000000.0,4.108535539276101,7079000000.0,-36.477027997128495,191572000000.0,5.199804506240974,15216000000.0,-16.63379355687048,49266000000.0,17.280453257790366
2024-08-13,19.479999542236328,20.479999542236328,19.469999313354492,20.469999313354492,77511300,0.0,0.0,105590000000.0,4.108535539276101,7079000000.0,-36.477027997128495,191572000000.0,5.199804506240974,15216000000.0,-16.63379355687048,49266000000.0,17.280453257790366
2024-08-14,20.489999771118164,20.5,19.790000915527344,19.920000076293945,56758200,0.0,0.0,105590000000.0,4.108535539276101,7079000000.0,-36.477027997128495,191572000000.0,5.199804506240974,15216000000.0,-16.63379355687048,49266000000.0,17.280453257790366
2024-08-15,20.31999969482422,21.059999465942383,20.229999542236328,20.690000534057617,84814900,0.0,0.0,105590000000.0,4.108535539276101,7079000000.0,-36.477027997128495,191572000000.0,5.199804506240974,15216000000.0,-16.63379355687048,49266000000.0,17.280453257790366
2024-08-16,20.530000686645508,20.899999618530273,20.40999984741211,20.8700008392334,48582700,0.0,0.0,105590000000.0,4.108535539276101,7079000000.0,-36.477027997128495,191572000000.0,5.199804506240974,15216000000.0,-16.63379355687048,49266000000.0,17.280453257790366
2024-08-19,20.889999389648438,21.860000610351562,20.84000015258789,21.520000457763672,65956300,0.0,0.0,105590000000.0,4.108535539276101,7079000000.0,-36.477027997128495,191572000000.0,5.199804506240974,15216000000.0,-16.63379355687048,49266000000.0,17.280453257790366
2024-08-20,21.209999084472656,21.229999542236328,20.81999969482422,20.989999771118164,84161300,0.0,0.0,105590000000.0,4.108535539276101,7079000000.0,-36.477027997128495,191572000000.0,5.199804506240974,15216000000.0,-16.63379355687048,49266000000.0,17.280453257790366
2024-08-21,21.06999969482422,21.440000534057617,21.06999969482422,21.40999984741211,57028900,0.0,0.0,105590000000.0,4.108535539276101,7079000000.0,-36.477027997128495,191572000000.0,5.199804506240974,15216000000.0,-16.63379355687048,49266000000.0,17.280453257790366
2024-08-22,21.389999389648438,21.399999618530273,20.040000915527344,20.100000381469727,81444700,0.0,0.0,105590000000.0,4.108535539276101,7079000000.0,-36.477027997128495,191572000000.0,5.199804506240974,15216000000.0,-16.63379355687048,49266000000.0,17.280453257790366
2024-08-23,20.31999969482422,20.93000030517578,20.260000228881836,20.540000915527344,73398400,0.0,0.0,105590000000.0,4.108535539276101,7079000000.0,-36.477027997128495,191572000000.0,5.199804506240974,15216000000.0,-16.63379355687048,49266000000.0,17.280453257790366
2024-08-26,20.530000686645508,20.559999465942383,19.950000762939453,20.1299991607666,58534800,0.0,0.0,105590000000.0,4.108535539276101,7079000000.0,-36.477027997128495,191572000000.0,5.199804506240974,15216000000.0,-16.63379355687048,49266000000.0,17.280453257790366
2024-08-27,20.1299991607666,20.260000228881836,19.84000015258789,20.06999969482422,43862000,0.0,0.0,105590000000.0,4.108535539276101,7079000000.0,-36.477027997128495,191572000000.0,5.199804506240974,15216000000.0,-16.63379355687048,49266000000.0,17.280453257790366
2024-08-28,19.979999542236328,20.110000610351562,19.510000228881836,19.610000610351562,50144900,0.0,0.0,105590000000.0,4.108535539276101,7079000000.0,-36.477027997128495,191572000000.0,5.199804506240974,15216000000.0,-16.63379355687048,49266000000.0,17.280453257790366
2024-08-29,19.760000228881836,20.600000381469727,19.75,20.1299991607666,64529700,0.0,0.0,105590000000.0,4.108535539276101,7079000000.0,-36.477027997128495,191572000000.0,5.199804506240974,15216000000.0,-16.63379355687048,49266000000.0,17.280453257790366
2024-08-30,21.25,22.1200008392334,21.0,22.040000915527344,177785400,0.0,0.0,105590000000.0,4.108535539276101,7079000000.0,-36.477027997128495,191572000000.0,5.199804506240974,15216000000.0,-16.63379355687048,49266000000.0,17.280453257790366
2024-09-03,21.540000915527344,21.690000534057617,19.989999771118164,20.100000381469727,115305500,0.0,0.0,105590000000.0,4.108535539276101,7079000000.0,-36.477027997128495,191572000000.0,5.199804506240974,15216000000.0,-16.63379355687048,49266000000.0,17.280453257790366
2024-09-04,19.760000228881836,20.049999237060547,19.280000686645508,19.43000030517578,85871900,0.0,0.0,105590000000.0,4.108535539276101,7079000000.0,-36.477027997128495,191572000000.0,5.199804506240974,15216000000.0,-16.63379355687048,49266000000.0,17.280453257790366
2024-09-05,19.280000686645508,19.899999618530273,19.239999771118164,19.399999618530273,65388800,0.0,0.0,105590000000.0,4.108535539276101,7079000000.0,-36.477027997128495,191572000000.0,5.199804506240974,15216000000.0,-16.63379355687048,49266000000.0,17.280453257790366
2024-09-06,19.440000534057617,19.489999771118164,18.639999389648438,18.889999389648438,92686500,0.0,0.0,105590000000.0,4.108535539276101,7079000000.0,-36.477027997128495,191572000000.0,5.199804506240974,15216000000.0,-16.63379355687048,49266000000.0,17.280453257790366
2024-09-09,19.0,19.540000915527344,18.950000762939453,19.06999969482422,64244100,0.0,0.0,105590000000.0,4.108535539276101,7079000000.0,-36.477027997128495,191572000000.0,5.199804506240974,15216000000.0,-16.63379355687048,49266000000.0,17.280453257790366
2024-09-10,19.030000686645508,19.110000610351562,18.510000228881836,18.979999542236328,55621300,0.0,0.0,105590000000.0,4.108535539276101,7079000000.0,-36.477027997128495,191572000000.0,5.199804506240974,15216000000.0,-16.63379355687048,49266000000.0,17.280453257790366
2024-09-11,19.010000228881836,19.690000534057617,18.520000457763672,19.639999389648438,71403100,0.0,0.0,105590000000.0,4.108535539276101,7079000000.0,-36.477027997128495,191572000000.0,5.199804506240974,15216000000.0,-16.63379355687048,49266000000.0,17.280453257790366
2024-09-12,19.43000030517578,19.540000915527344,19.040000915527344,19.360000610351562,51520600,0.0,0.0,105590000000.0,4.108535539276101,7079000000.0,-36.477027997128495,191572000000.0,5.199804506240974,15216000000.0,-16.63379355687048,49266000000.0,17.280453257790366
2024-09-13,19.489999771118164,19.799999237060547,19.489999771118164,19.65999984741211,44236300,0.0,0.0,105590000000.0,4.108535539276101,7079000000.0,-36.477027997128495,191572000000.0,5.199804506240974,15216000000.0,-16.63379355687048,49266000000.0,17.280453257790366
2024-09-16,20.030000686645508,21.06999969482422,19.760000228881836,20.90999984741211,149337000,0.0,0.0,105590000000.0,4.108535539276101,7079000000.0,-36.477027997128495,191572000000.0,5.199804506240974,15216000000.0,-16.63379355687048,49266000000.0,17.280453257790366
2024-09-17,21.709999084472656,22.579999923706055,21.239999771118164,21.469999313354492,196249800,0.0,0.0,105590000000.0,4.108535539276101,7079000000.0,-36.477027997128495,191572000000.0,5.199804506240974,15216000000.0,-16.63379355687048,49266000000.0,17.280453257790366
2024-09-18,21.360000610351562,21.739999771118164,20.719999313354492,20.770000457763672,118727900,0.0,0.0,105590000000.0,4.108535539276101,7079000000.0,-36.477027997128495,191572000000.0,5.199804506240974,15216000000.0,-16.63379355687048,49266000000.0,17.280453257790366
2024-09-19,21.280000686645508,21.690000534057617,21.030000686645508,21.139999389648438,99829200,0.0,0.0,105590000000.0,4.108535539276101,7079000000.0,-36.477027997128495,191572000000.0,5.199804506240974,15216000000.0,-16.63379355687048,49266000000.0,17.280453257790366
2024-09-20,20.889999389648438,23.139999389648438,20.350000381469727,21.84000015258789,260377900,0.0,0.0,105590000000.0,4.108535539276101,7079000000.0,-36.477027997128495,191572000000.0,5.199804506240974,15216000000.0,-16.63379355687048,49266000000.0,17.280453257790366
2024-09-23,22.43000030517578,22.81999969482422,22.030000686645508,22.559999465942383,184439100,0.0,0.0,105590000000.0,4.108535539276101,7079000000.0,-36.477027997128495,191572000000.0,5.199804506240974,15216000000.0,-16.63379355687048,49266000000.0,17.280453257790366
2024-09-24,22.530000686645508,23.110000610351562,22.290000915527344,22.809999465942383,113082500,0.0,0.0,105590000000.0,4.108535539276101,7079000000.0,-36.477027997128495,191572000000.0,5.199804506240974,15216000000.0,-16.63379355687048,49266000000.0,17.280453257790366
2024-09-25,22.799999237060547,24.059999465942383,22.729999542236328,23.540000915527344,117013400,0.0,0.0,105590000000.0,4.108535539276101,7079000000.0,-36.477027997128495,191572000000.0,5.199804506240974,15216000000.0,-16.63379355687048,49266000000.0,17.280453257790366
2024-09-26,24.280000686645508,24.420000076293945,23.25,23.920000076293945,95416900,0.0,0.0,105590000000.0,4.108535539276101,7079000000.0,-36.477027997128495,191572000000.0,5.199804506240974,15216000000.0,-16.63379355687048,49266000000.0,17.280453257790366
2024-09-27,24.15999984741211,24.65999984741211,23.700000762939453,23.90999984741211,85883300,0.0,0.0,105590000000.0,4.108535539276101,7079000000.0,-36.477027997128495,191572000000.0,5.199804506240974,15216000000.0,-16.63379355687048,49266000000.0,17.280453257790366
2024-09-30,23.739999771118164,23.950000762939453,23.09000015258789,23.459999084472656,66308200,0.0,0.0,105590000000.0,4.108535539276101,7079000000.0,-36.477027997128495,191572000000.0,5.199804506240974,15216000000.0,-16.63379355687048,49266000000.0,17.280453257790366
2024-10-01,23.459999084472656,23.719999313354492,22.260000228881836,22.690000534057617,86344400,0.0,0.0,105590000000.0,4.108535539276101,7079000000.0,-36.477027997128495,191572000000.0,5.199804506240974,15216000000.0,-16.63379355687048,49266000000.0,17.280453257790366
2024-10-02,22.670000076293945,23.06999969482422,22.350000381469727,22.389999389648438,59033900,0.0,0.0,105590000000.0,4.108535539276101,7079000000.0,-36.477027997128495,191572000000.0,5.199804506240974,15216000000.0,-16.63379355687048,49266000000.0,17.280453257790366
2024-10-03,22.139999389648438,22.729999542236328,21.649999618530273,22.260000228881836,49565900,0.0,0.0,105590000000.0,4.108535539276101,7079000000.0,-36.477027997128495,191572000000.0,5.199804506240974,15216000000.0,-16.63379355687048,49266000000.0,17.280453257790366
2024-10-04,22.700000762939453,22.90999984741211,22.299999237060547,22.59000015258789,49845500,0.0,0.0,105590000000.0,4.108535539276101,7079000000.0,-36.477027997128495,191572000000.0,5.199804506240974,15216000000.0,-16.63379355687048,49266000000.0,17.280453257790366
2024-10-07,22.399999618530273,22.649999618530273,22.020000457763672,22.3799991607666,54928700,0.0,0.0,105590000000.0,4.108535539276101,7079000000.0,-36.477027997128495,191572000000.0,5.199804506240974,15216000000.0,-16.63379355687048,49266000000.0,17.280453257790366
2024-10-08,22.25,23.420000076293945,22.049999237060547,23.31999969482422,58650500,0.0,0.0,105590000000.0,4.108535539276101,7079000000.0,-36.477027997128495,191572000000.0,5.199804506240974,15216000000.0,-16.63379355687048,49266000000.0,17.280453257790366
2024-10-09,23.25,23.479999542236328,23.059999465942383,23.459999084472656,44759000,0.0,0.0,105590000000.0,4.108535539276101,7079000000.0,-36.477027997128495,191572000000.0,5.199804506240974,15216000000.0,-16.63379355687048,49266000000.0,17.280453257790366
2024-10-10,23.190000534057617,23.530000686645508,22.959999084472656,23.219999313354492,44874600,0.0,0.0,105590000000.0,4.108535539276101,7079000000.0,-36.477027997128495,191572000000.0,5.199804506240974,15216000000.0,-16.63379355687048,49266000000.0,17.280453257790366
2024-10-11,23.049999237060547,23.81999969482422,22.979999542236328,23.559999465942383,43585300,0.0,0.0,105590000000.0,4.108535539276101,7079000000.0,-36.477027997128495,191572000000.0,5.199804506240974,15216000000.0,-16.63379355687048,49266000000.0,17.280453257790366
2024-10-14,23.579999923706055,23.770000457763672,23.270000457763672,23.440000534057617,35403600,0.0,0.0,105590000000.0,4.108535539276101,7079000000.0,-36.477027997128495,191572000000.0,5.199804506240974,15216000000.0,-16.63379355687048,49266000000.0,17.280453257790366
2024-10-15,23.40999984741211,23.719999313354492,22.469999313354492,22.65999984741211,68900600,0.0,0.0,105590000000.0,4.108535539276101,7079000000.0,-36.477027997128495,191572000000.0,5.199804506240974,15216000000.0,-16.63379355687048,49266000000.0,17.280453257790366
2024-10-16,22.3799991607666,22.540000915527344,21.739999771118164,22.309999465942383,62151800,0.0,0.0,105590000000.0,4.108535539276101,7079000000.0,-36.477027997128495,191572000000.0,5.199804506240974,15216000000.0,-16.63379355687048,49266000000.0,17.280453257790366
2024-10-17,22.719999313354492,22.81999969482422,22.399999618530273,22.440000534057617,43807600,0.0,0.0,105590000000.0,4.108535539276101,7079000000.0,-36.477027997128495,191572000000.0,5.199804506240974,15216000000.0,-16.63379355687048,49266000000.0,17.280453257790366
2024-10-18,22.610000610351562,22.81999969482422,22.5,22.770000457763672,39971700,0.0,0.0,105590000000.0,4.108535539276101,7079000000.0,-36.477027997128495,191572000000.0,5.199804506240974,15216000000.0,-16.63379355687048,49266000000.0,17.280453257790366
2024-10-21,22.610000610351562,22.8799991607666,22.25,22.84000015258789,39727000,0.0,0.0,105590000000.0,4.108535539276101,7079000000.0,-36.477027997128495,191572000000.0,5.199804506240974,15216000000.0,-16.63379355687048,49266000000.0,17.280453257790366
2024-10-22,22.729999542236328,22.81999969482422,22.170000076293945,22.399999618530273,50160400,0.0,0.0,105590000000.0,4.108535539276101,7079000000.0,-36.477027997128495,191572000000.0,5.199804506240974,15216000000.0,-16.63379355687048,49266000000.0,17.280453257790366
2024-10-23,22.299999237060547,22.43000030517578,21.579999923706055,21.979999542236328,45799100,0.0,0.0,105590000000.0,4.108535539276101,7079000000.0,-36.477027997128495,191572000000.0,5.199804506240974,15216000000.0,-16.63379355687048,49266000000.0,17.280453257790366
2024-10-24,22.09000015258789,22.3700008392334,21.969999313354492,22.34000015258789,40554400,0.0,0.0,105590000000.0,4.108535539276101,7079000000.0,-36.477027997128495,191572000000.0,5.199804506240974,15216000000.0,-16.63379355687048,49266000000.0,17.280453257790366
2024-10-25,22.420000076293945,23.34000015258789,22.40999984741211,22.68000030517578,67503000,0.0,0.0,105590000000.0,4.108535539276101,7079000000.0,-36.477027997128495,191572000000.0,5.199804506240974,15216000000.0,-16.63379355687048,49266000000.0,17.280453257790366
2024-10-28,22.670000076293945,23.270000457763672,22.559999465942383,22.920000076293945,41915000,0.0,0.0,105590000000.0,4.108535539276101,7079000000.0,-36.477027997128495,191572000000.0,5.199804506240974,15216000000.0,-16.63379355687048,49266000000.0,17.280453257790366
2024-10-29,22.8700008392334,23.139999389648438,22.40999984741211,22.899999618530273,83422200,0.0,0.0,105590000000.0,4.108535539276101,7079000000.0,-36.477027997128495,191572000000.0,5.199804506240974,15216000000.0,-16.63379355687048,49266000000.0,17.280453257790366
2024-10-30,22.420000076293945,22.93000030517578,22.260000228881836,22.299999237060547,50941200,0.0,0.0,105590000000.0,4.108535539276101,7079000000.0,-36.477027997128495,191572000000.0,5.199804506240974,15216000000.0,-16.63379355687048,49266000000.0,17.280453257790366
2024-10-31,22.149999618530273,22.25,21.469999313354492,21.520000457763672,112485500,0.0,0.0,105590000000.0,4.108535539276101,7079000000.0,-36.477027997128495,191572000000.0,5.199804506240974,15216000000.0,-16.63379355687048,49266000000.0,17.280453257790366
2024-11-01,23.0,23.579999923706055,21.90999984741211,23.200000762939453,173471100,0.0,0.0,105590000000.0,4.108535539276101,7079000000.0,-36.477027997128495,191572000000.0,5.199804506240974,15216000000.0,-16.63379355687048,49266000000.0,17.280453257790366
2024-11-04,22.959999084472656,23.0,22.0,22.520000457763672,84616300,0.0,0.0,105590000000.0,4.108535539276101,7079000000.0,-36.477027997128495,191572000000.0,5.199804506240974,15216000000.0,-16.63379355687048,49266000000.0,17.280453257790366
2024-11-05,22.579999923706055,23.579999923706055,22.399999618530273,23.31999969482422,59153300,0.0,0.0,105590000000.0,4.108535539276101,7079000000.0,-36.477027997128495,191572000000.0,5.199804506240974,15216000000.0,-16.63379355687048,49266000000.0,17.280453257790366
2024-11-06,24.299999237060547,25.1200008392334,24.049999237060547,25.049999237060547,116760500,0.0,0.0,105590000000.0,4.108535539276101,7079000000.0,-36.477027997128495,191572000000.0,5.199804506240974,15216000000.0,-16.63379355687048,49266000000.0,17.280453257790366
2024-11-07,25.43000030517578,26.3799991607666,25.190000534057617,26.229999542236328,101489300,0.0,0.0,105590000000.0,4.108535539276101,7079000000.0,-36.477027997128495,191572000000.0,5.199804506240974,15216000000.0,-16.63379355687048,49266000000.0,17.280453257790366
2024-11-08,26.0,26.43000030517578,25.829999923706055,26.200000762939453,76428000,0.0,0.0,105590000000.0,4.108535539276101,7079000000.0,-36.477027997128495,191572000000.0,5.199804506240974,15216000000.0,-16.63379355687048,49266000000.0,17.280453257790366
2024-11-11,25.959999084472656,26.290000915527344,24.829999923706055,25.049999237060547,80185300,0.0,0.0,105590000000.0,4.108535539276101,7079000000.0,-36.477027997128495,191572000000.0,5.199804506240974,15216000000.0,-16.63379355687048,49266000000.0,17.280453257790366
2024-11-12,24.65999984741211,24.959999084472656,23.889999389648438,24.15999984741211,62539700,0.0,0.0,105590000000.0,4.108535539276101,7079000000.0,-36.477027997128495,191572000000.0,5.199804506240974,15216000000.0,-16.63379355687048,49266000000.0,17.280453257790366
2024-11-13,24.059999465942383,25.139999389648438,24.020000457763672,24.920000076293945,58202000,0.0,0.0,105590000000.0,4.108535539276101,7079000000.0,-36.477027997128495,191572000000.0,5.199804506240974,15216000000.0,-16.63379355687048,49266000000.0,17.280453257790366
2024-11-14,25.1200008392334,25.610000610351562,24.93000030517578,25.030000686645508,49252100,0.0,0.0,105590000000.0,4.108535539276101,7079000000.0,-36.477027997128495,191572000000.0,5.199804506240974,15216000000.0,-16.63379355687048,49266000000.0,17.280453257790366
2024-11-15,24.809999465942383,24.81999969482422,24.229999542236328,24.350000381469727,55104900,0.0,0.0,105590000000.0,4.108535539276101,7079000000.0,-36.477027997128495,191572000000.0,5.199804506240974,15216000000.0,-16.63379355687048,49266000000.0,17.280453257790366
2024-11-18,24.329999923706055,25.020000457763672,24.15999984741211,24.84000015258789,59589500,0.0,0.0,105590000000.0,4.108535539276101,7079000000.0,-36.477027997128495,191572000000.0,5.199804506240974,15216000000.0,-16.63379355687048,49266000000.0,17.280453257790366
2024-11-19,24.5,24.540000915527344,24.100000381469727,24.200000762939453,61190900,0.0,0.0,105590000000.0,4.108535539276101,7079000000.0,-36.477027997128495,191572000000.0,5.199804506240974,15216000000.0,-16.63379355687048,49266000000.0,17.280453257790366
2024-11-20,24.06999969482422,24.209999084472656,23.549999237060547,24.010000228881836,50191500,0.0,0.0,105590000000.0,4.108535539276101,7079000000.0,-36.477027997128495,191572000000.0,5.199804506240974,15216000000.0,-16.63379355687048,49266000000.0,17.280453257790366
2024-11-21,24.079999923706055,24.770000457763672,23.829999923706055,24.440000534057617,58928400,0.0,0.0,105590000000.0,4.108535539276101,7079000000.0,-36.477027997128495,191572000000.0,5.199804506240974,15216000000.0,-16.63379355687048,49266000000.0,17.280453257790366
2024-11-22,24.350000381469727,24.68000030517578,24.139999389648438,24.5,36784700,0.0,0.0,105590000000.0,4.108535539276101,7079000000.0,-36.477027997128495,191572000000.0,5.199804506240974,15216000000.0,-16.63379355687048,49266000000.0,17.280453257790366
2024-11-25,25.040000915527344,25.56999969482422,24.760000228881836,24.8700008392334,91128400,0.0,0.0,105590000000.0,4.108535539276101,7079000000.0,-36.477027997128495,191572000000.0,5.199804506240974,15216000000.0,-16.63379355687048,49266000000.0,17.280453257790366
2024-11-26,24.950000762939453,24.989999771118164,23.809999465942383,24.049999237060547,69613600,0.0,0.0,105590000000.0,4.108535539276101,7079000000.0,-36.477027997128495,191572000000.0,5.199804506240974,15216000000.0,-16.63379355687048,49266000000.0,17.280453257790366
2024-11-27,23.829999923706055,23.93000030517578,23.059999465942383,23.649999618530273,53992300,0.0,0.0,105590000000.0,4.108535539276101,7079000000.0,-36.477027997128495,191572000000.0,5.199804506240974,15216000000.0,-16.63379355687048,49266000000.0,17.280453257790366
2024-11-29,23.719999313354492,24.280000686645508,23.600000381469727,24.049999237060547,36616800,0.0,0.0,105590000000.0,4.108535539276101,7079000000.0,-36.477027997128495,191572000000.0,5.199804506240974,15216000000.0,-16.63379355687048,49266000000.0,17.280453257790366
2024-12-02,24.84000015258789,25.479999542236328,23.440000534057617,23.93000030517578,150497900,0.0,0.0,105590000000.0,4.108535539276101,7079000000.0,-36.477027997128495,191572000000.0,5.199804506240974,15216000000.0,-16.63379355687048,49266000000.0,17.280453257790366
2024-12-03,23.68000030517578,23.75,22.440000534057617,22.469999313354492,138160500,0.0,0.0,105590000000.0,4.108535539276101,7079000000.0,-36.477027997128495,191572000000.0,5.199804506240974,15216000000.0,-16.63379355687048,49266000000.0,17.280453257790366
2024-12-04,22.530000686645508,22.540000915527344,21.809999465942383,21.959999084472656,104649000,0.0,0.0,105590000000.0,4.108535539276101,7079000000.0,-36.477027997128495,191572000000.0,5.199804506240974,15216000000.0,-16.63379355687048,49266000000.0,17.280453257790366
2024-12-05,22.040000915527344,22.190000534057617,20.65999984741211,20.799999237060547,167993500,0.0,0.0,105590000000.0,4.108535539276101,7079000000.0,-36.477027997128495,191572000000.0,5.199804506240974,15216000000.0,-16.63379355687048,49266000000.0,17.280453257790366
2024-12-06,20.950000762939453,21.049999237060547,20.65999984741211,20.920000076293945,78539100,0.0,0.0,105590000000.0,4.108535539276101,7079000000.0,-36.477027997128495,191572000000.0,5.199804506240974,15216000000.0,-16.63379355687048,49266000000.0,17.280453257790366
2024-12-09,20.920000076293945,21.059999465942383,20.729999542236328,20.809999465942383,68818200,0.0,0.0,105590000000.0,4.108535539276101,7079000000.0,-36.477027997128495,191572000000.0,5.199804506240974,15216000000.0,-16.63379355687048,49266000000.0,17.280453257790366
2024-12-10,20.829999923706055,20.860000610351562,19.959999084472656,20.15999984741211,90004800,0.0,0.0,105590000000.0,4.108535539276101,7079000000.0,-36.477027997128495,191572000000.0,5.199804506240974,15216000000.0,-16.63379355687048,49266000000.0,17.280453257790366
2024-12-11,20.139999389648438,20.25,19.8700008392334,20.1200008392334,75209300,0.0,0.0,105590000000.0,4.108535539276101,7079000000.0,-36.477027997128495,191572000000.0,5.199804506240974,15216000000.0,-16.63379355687048,49266000000.0,17.280453257790366
2024-12-12,20.020000457763672,20.899999618530273,19.920000076293945,20.780000686645508,77695000,0.0,0.0,105590000000.0,4.108535539276101,7079000000.0,-36.477027997128495,191572000000.0,5.199804506240974,15216000000.0,-16.63379355687048,49266000000.0,17.280453257790366
2024-12-13,20.600000381469727,20.799999237060547,20.25,20.34000015258789,55104100,0.0,0.0,105590000000.0,4.108535539276101,7079000000.0,-36.477027997128495,191572000000.0,5.199804506240974,15216000000.0,-16.63379355687048,49266000000.0,17.280453257790366
2024-12-16,20.170000076293945,21.100000381469727,20.0,20.829999923706055,73832900,0.0,0.0,105590000000.0,4.108535539276101,7079000000.0,-36.477027997128495,191572000000.0,5.199804506240974,15216000000.0,-16.63379355687048,49266000000.0,17.280453257790366
2024-12-17,20.639999389648438,20.770000457763672,20.290000915527344,20.440000534057617,51767200,0.0,0.0,105590000000.0,4.108535539276101,7079000000.0,-36.477027997128495,191572000000.0,5.199804506240974,15216000000.0,-16.63379355687048,49266000000.0,17.280453257790366
2024-12-18,20.479999542236328,20.579999923706055,19.209999084472656,19.299999237060547,86041200,0.0,0.0,105590000000.0,4.108535539276101,7079000000.0,-36.477027997128495,191572000000.0,5.199804506240974,15216000000.0,-16.63379355687048,49266000000.0,17.280453257790366
2024-12-19,19.530000686645508,19.690000534057617,19.030000686645508,19.059999465942383,69117800,0.0,0.0,105590000000.0,4.108535539276101,7079000000.0,-36.477027997128495,191572000000.0,5.199804506240974,15216000000.0,-16.63379355687048,49266000000.0,17.280453257790366
2024-12-20,18.969999313354492,19.760000228881836,18.899999618530273,19.520000457763672,108453700,0.0,0.0,105590000000.0,4.108535539276101,7079000000.0,-36.477027997128495,191572000000.0,5.199804506240974,15216000000.0,-16.63379355687048,49266000000.0,17.280453257790366
2024-12-23,19.579999923706055,20.229999542236328,19.520000457763672,20.200000762939453,57988400,0.0,0.0,105590000000.0,4.108535539276101,7079000000.0,-36.477027997128495,191572000000.0,5.199804506240974,15216000000.0,-16.63379355687048,49266000000.0,17.280453257790366
2024-12-24,20.219999313354492,20.399999618530273,19.959999084472656,20.399999618530273,29884000,0.0,0.0,105590000000.0,4.108535539276101,7079000000.0,-36.477027997128495,191572000000.0,5.199804506240974,15216000000.0,-16.63379355687048,49266000000.0,17.280453257790366
2024-12-26,20.229999542236328,20.670000076293945,20.079999923706055,20.440000534057617,39846200,0.0,0.0,105590000000.0,4.108535539276101,7079000000.0,-36.477027997128495,191572000000.0,5.199804506240974,15216000000.0,-16.63379355687048,49266000000.0,17.280453257790366
2024-12-27,20.209999084472656,20.610000610351562,20.09000015258789,20.299999237060547,48260800,0.0,0.0,105590000000.0,4.108535539276101,7079000000.0,-36.477027997128495,191572000000.0,5.199804506240974,15216000000.0,-16.63379355687048,49266000000.0,17.280453257790366
2024-12-30,20.010000228881836,20.110000610351562,19.729999542236328,19.81999969482422,59608100,0.0,0.0,105590000000.0,4.108535539276101,7079000000.0,-36.477027997128495,191572000000.0,5.199804506240974,15216000000.0,-16.63379355687048,49266000000.0,17.280453257790366
2024-12-31,19.989999771118164,20.399999618530273,19.8799991607666,20.049999237060547,49846700,0.0,0.0,99270000000.0,-5.985415285538403,8249000000.0,16.52775815793191,196485000000.0,2.564571022905226,11658000000.0,-23.38328075709779,50011000000.0,1.5121990825315634
2025-01-02,20.229999542236328,20.43000030517578,20.0,20.219999313354492,46438500,0.0,0.0,99270000000.0,-5.985415285538403,8249000000.0,16.52775815793191,196485000000.0,2.564571022905226,11658000000.0,-23.38328075709779,50011000000.0,1.5121990825315634
2025-01-03,20.389999389648438,20.670000076293945,20.059999465942383,20.559999465942383,48983900,0.0,0.0,99270000000.0,-5.985415285538403,8249000000.0,16.52775815793191,196485000000.0,2.564571022905226,11658000000.0,-23.38328075709779,50011000000.0,1.5121990825315634
2025-01-06,20.829999923706055,20.979999542236328,19.780000686645508,19.8700008392334,83271000,0.0,0.0,99270000000.0,-5.985415285538403,8249000000.0,16.52775815793191,196485000000.0,2.564571022905226,11658000000.0,-23.38328075709779,50011000000.0,1.5121990825315634
2025-01-07,20.020000457763672,20.34000015258789,19.899999618530273,20.010000228881836,61726100,0.0,0.0,99270000000.0,-5.985415285538403,8249000000.0,16.52775815793191,196485000000.0,2.564571022905226,11658000000.0,-23.38328075709779,50011000000.0,1.5121990825315634
2025-01-08,19.829999923706055,20.1200008392334,19.709999084472656,19.8799991607666,47897100,0.0,0.0,99270000000.0,-5.985415285538403,8249000000.0,16.52775815793191,196485000000.0,2.564571022905226,11658000000.0,-23.38328075709779,50011000000.0,1.5121990825315634
2025-01-10,19.65999984741211,19.65999984741211,18.90999984741211,19.149999618530273,71244600,0.0,0.0,99270000000.0,-5.985415285538403,8249000000.0,16.52775815793191,196485000000.0,2.564571022905226,11658000000.0,-23.38328075709779,50011000000.0,1.5121990825315634
2025-01-13,18.920000076293945,19.25,18.729999542236328,19.200000762939453,50669000,0.0,0.0,99270000000.0,-5.985415285538403,8249000000.0,16.52775815793191,196485000000.0,2.564571022905226,11658000000.0,-23.38328075709779,50011000000.0,1.5121990825315634
2025-01-14,19.360000610351562,19.520000457763672,18.81999969482422,19.200000762939453,47147500,0.0,0.0,99270000000.0,-5.985415285538403,8249000000.0,16.52775815793191,196485000000.0,2.564571022905226,11658000000.0,-23.38328075709779,50011000000.0,1.5121990825315634
2025-01-15,19.399999618530273,19.770000457763672,19.170000076293945,19.719999313354492,56306000,0.0,0.0,99270000000.0,-5.985415285538403,8249000000.0,16.52775815793191,196485000000.0,2.564571022905226,11658000000.0,-23.38328075709779,50011000000.0,1.5121990825315634
2025-01-16,19.75,19.950000762939453,19.399999618530273,19.670000076293945,44898100,0.0,0.0,99270000000.0,-5.985415285538403,8249000000.0,16.52775815793191,196485000000.0,2.564571022905226,11658000000.0,-23.38328075709779,50011000000.0,1.5121990825315634
2025-01-17,21.260000228881836,21.6200008392334,20.790000915527344,21.489999771118164,166483900,0.0,0.0,99270000000.0,-5.985415285538403,8249000000.0,16.52775815793191,196485000000.0,2.564571022905226,11658000000.0,-23.38328075709779,50011000000.0,1.5121990825315634
2025-01-21,22.030000686645508,22.40999984741211,21.75,21.770000457763672,96262200,0.0,0.0,99270000000.0,-5.985415285538403,8249000000.0,16.52775815793191,196485000000.0,2.564571022905226,11658000000.0,-23.38328075709779,50011000000.0,1.5121990825315634
2025-01-22,21.729999542236328,22.290000915527344,21.56999969482422,21.860000610351562,60972600,0.0,0.0,99270000000.0,-5.985415285538403,8249000000.0,16.52775815793191,196485000000.0,2.564571022905226,11658000000.0,-23.38328075709779,50011000000.0,1.5121990825315634
2025-01-23,21.690000534057617,21.75,21.350000381469727,21.56999969482422,55778200,0.0,0.0,99270000000.0,-5.985415285538403,8249000000.0,16.52775815793191,196485000000.0,2.564571022905226,11658000000.0,-23.38328075709779,50011000000.0,1.5121990825315634
2025-01-24,21.360000610351562,21.40999984741211,20.75,20.829999923706055,66300600,0.0,0.0,99270000000.0,-5.985415285538403,8249000000.0,16.52775815793191,196485000000.0,2.564571022905226,11658000000.0,-23.38328075709779,50011000000.0,1.5121990825315634
2025-01-27,20.809999465942383,21.059999465942383,20.139999389648438,20.290000915527344,83582100,0.0,0.0,99270000000.0,-5.985415285538403,8249000000.0,16.52775815793191,196485000000.0,2.564571022905226,11658000000.0,-23.38328075709779,50011000000.0,1.5121990825315634
2025-01-28,20.34000015258789,20.34000015258789,19.739999771118164,19.799999237060547,73411400,0.0,0.0,99270000000.0,-5.985415285538403,8249000000.0,16.52775815793191,196485000000.0,2.564571022905226,11658000000.0,-23.38328075709779,50011000000.0,1.5121990825315634
2025-01-29,19.8700008392334,20.079999923706055,19.65999984741211,19.75,86506800,0.0,0.0,99270000000.0,-5.985415285538403,8249000000.0,16.52775815793191,196485000000.0,2.564571022905226,11658000000.0,-23.38328075709779,50011000000.0,1.5121990825315634
2025-01-30,19.719999313354492,20.100000381469727,19.43000030517578,20.010000228881836,108167000,0.0,0.0,99270000000.0,-5.985415285538403,8249000000.0,16.52775815793191,196485000000.0,2.564571022905226,11658000000.0,-23.38328075709779,50011000000.0,1.5121990825315634
2025-01-31,20.100000381469727,20.329999923706055,19.3799991607666,19.43000030517578,117081700,0.0,0.0,99270000000.0,-5.985415285538403,8249000000.0,16.52775815793191,196485000000.0,2.564571022905226,11658000000.0,-23.38328075709779,50011000000.0,1.5121990825315634
2025-02-03,18.969999313354492,19.75,18.780000686645508,19.3799991607666,77523100,0.0,0.0,99270000000.0,-5.985415285538403,8249000000.0,16.52775815793191,196485000000.0,2.564571022905226,11658000000.0,-23.38328075709779,50011000000.0,1.5121990825315634
2025-02-04,19.100000381469727,19.530000686645508,19.020000457763672,19.290000915527344,54098200,0.0,0.0,99270000000.0,-5.985415285538403,8249000000.0,16.52775815793191,196485000000.0,2.564571022905226,11658000000.0,-23.38328075709779,50011000000.0,1.5121990825315634
2025-02-05,19.190000534057617,19.770000457763672,18.90999984741211,19.649999618530273,66059200,0.0,0.0,99270000000.0,-5.985415285538403,8249000000.0,16.52775815793191,196485000000.0,2.564571022905226,11658000000.0,-23.38328075709779,50011000000.0,1.5121990825315634
2025-02-06,19.510000228881836,19.700000762939453,19.219999313354492,19.3799991607666,45553800,0.0,0.0,99270000000.0,-5.985415285538403,8249000000.0,16.52775815793191,196485000000.0,2.564571022905226,11658000000.0,-23.38328075709779,50011000000.0,1.5121990825315634
2025-02-07,19.350000381469727,19.360000610351562,19.030000686645508,19.100000381469727,58277900,0.0,0.0,99270000000.0,-5.985415285538403,8249000000.0,16.52775815793191,196485000000.0,2.564571022905226,11658000000.0,-23.38328075709779,50011000000.0,1.5121990825315634
2025-02-10,19.25,20.079999923706055,19.239999771118164,19.770000457763672,73007300,0.0,0.0,99270000000.0,-5.985415285538403,8249000000.0,16.52775815793191,196485000000.0,2.564571022905226,11658000000.0,-23.38328075709779,50011000000.0,1.5121990825315634
2025-02-11,19.8700008392334,21.8799991607666,19.860000610351562,20.969999313354492,150960700,0.0,0.0,99270000000.0,-5.985415285538403,8249000000.0,16.52775815793191,196485000000.0,2.564571022905226,11658000000.0,-23.38328075709779,50011000000.0,1.5121990825315634
2025-02-12,21.979999542236328,22.559999465942383,20.93000030517578,22.479999542236328,162631200,0.0,0.0,99270000000.0,-5.985415285538403,8249000000.0,16.52775815793191,196485000000.0,2.564571022905226,11658000000.0,-23.38328075709779,50011000000.0,1.5121990825315634
2025-02-13,22.84000015258789,24.829999923706055,22.790000915527344,24.1299991607666,248661300,0.0,0.0,99270000000.0,-5.985415285538403,8249000000.0,16.52775815793191,196485000000.0,2.564571022905226,11658000000.0,-23.38328075709779,50011000000.0,1.5121990825315634
2025-02-14,24.360000610351562,25.190000534057617,22.860000610351562,23.600000381469727,230254100,0.0,0.0,99270000000.0,-5.985415285538403,8249000000.0,16.52775815793191,196485000000.0,2.564571022905226,11658000000.0,-23.38328075709779,50011000000.0,1.5121990825315634
2025-02-18,24.600000381469727,27.549999237060547,24.489999771118164,27.389999389648438,284292200,0.0,0.0,99270000000.0,-5.985415285538403,8249000000.0,16.52775815793191,196485000000.0,2.564571022905226,11658000000.0,-23.38328075709779,50011000000.0,1.5121990825315634
2025-02-19,25.979999542236328,26.329999923706055,25.459999084472656,25.719999313354492,151881700,0.0,0.0,99270000000.0,-5.985415285538403,8249000000.0,16.52775815793191,196485000000.0,2.564571022905226,11658000000.0,-23.38328075709779,50011000000.0,1.5121990825315634
2025-02-20,25.559999465942383,26.1200008392334,24.479999542236328,26.09000015258789,144939600,0.0,0.0,99270000000.0,-5.985415285538403,8249000000.0,16.52775815793191,196485000000.0,2.564571022905226,11658000000.0,-23.38328075709779,50011000000.0,1.5121990825315634
2025-02-21,25.959999084472656,26.290000915527344,24.84000015258789,24.8700008392334,111630900,0.0,0.0,99270000000.0,-5.985415285538403,8249000000.0,16.52775815793191,196485000000.0,2.564571022905226,11658000000.0,-23.38328075709779,50011000000.0,1.5121990825315634
2025-02-24,24.549999237060547,24.799999237060547,23.6200008392334,24.270000457763672,91358100,0.0,0.0,99270000000.0,-5.985415285538403,8249000000.0,16.52775815793191,196485000000.0,2.564571022905226,11658000000.0,-23.38328075709779,50011000000.0,1.5121990825315634
2025-02-25,24.209999084472656,24.280000686645508,22.770000457763672,22.989999771118164,88886500,0.0,0.0,99270000000.0,-5.985415285538403,8249000000.0,16.52775815793191,196485000000.0,2.564571022905226,11658000000.0,-23.38328075709779,50011000000.0,1.5121990825315634
2025-02-26,23.25,23.81999969482422,23.209999084472656,23.520000457763672,67449300,0.0,0.0,99270000000.0,-5.985415285538403,8249000000.0,16.52775815793191,196485000000.0,2.564571022905226,11658000000.0,-23.38328075709779,50011000000.0,1.5121990825315634
2025-02-27,23.700000762939453,24.399999618530273,23.06999969482422,23.09000015258789,97871900,0.0,0.0,99270000000.0,-5.985415285538403,8249000000.0,16.52775815793191,196485000000.0,2.564571022905226,11658000000.0,-23.38328075709779,50011000000.0,1.5121990825315634
2025-02-28,23.020000457763672,24.440000534057617,22.639999389648438,23.729999542236328,104133800,0.0,0.0,99270000000.0,-5.985415285538403,8249000000.0,16.52775815793191,196485000000.0,2.564571022905226,11658000000.0,-23.38328075709779,50011000000.0,1.5121990825315634
2025-03-03,25.0,25.040000915527344,22.520000457763672,22.739999771118164,141348700,0.0,0.0,99270000000.0,-5.985415285538403,8249000000.0,16.52775815793191,196485000000.0,2.564571022905226,11658000000.0,-23.38328075709779,50011000000.0,1.5121990825315634
2025-03-04,22.540000915527344,22.6299991607666,20.760000228881836,21.329999923706055,152182200,0.0,0.0,99270000000.0,-5.985415285538403,8249000000.0,16.52775815793191,196485000000.0,2.564571022905226,11658000000.0,-23.38328075709779,50011000000.0,1.5121990825315634
2025-03-05,21.329999923706055,21.360000610351562,20.18000030517578,20.809999465942383,127219300,0.0,0.0,99270000000.0,-5.985415285538403,8249000000.0,16.52775815793191,196485000000.0,2.564571022905226,11658000000.0,-23.38328075709779,50011000000.0,1.5121990825315634
2025-03-06,20.260000228881836,21.1299991607666,20.0,20.75,96466400,0.0,0.0,99270000000.0,-5.985415285538403,8249000000.0,16.52775815793191,196485000000.0,2.564571022905226,11658000000.0,-23.38328075709779,50011000000.0,1.5121990825315634
2025-03-07,20.270000457763672,21.200000762939453,20.110000610351562,20.639999389648438,81099600,0.0,0.0,99270000000.0,-5.985415285538403,8249000000.0,16.52775815793191,196485000000.0,2.564571022905226,11658000000.0,-23.38328075709779,50011000000.0,1.5121990825315634
2025-03-10,20.239999771118164,20.510000228881836,19.649999618530273,19.93000030517578,82760600,0.0,0.0,99270000000.0,-5.985415285538403,8249000000.0,16.52775815793191,196485000000.0,2.564571022905226,11658000000.0,-23.38328075709779,50011000000.0,1.5121990825315634
2025-03-11,19.969999313354492,20.059999465942383,19.290000915527344,19.780000686645508,80789000,0.0,0.0,99270000000.0,-5.985415285538403,8249000000.0,16.52775815793191,196485000000.0,2.564571022905226,11658000000.0,-23.38328075709779,50011000000.0,1.5121990825315634
2025-03-12,20.790000915527344,21.170000076293945,20.209999084472656,20.68000030517578,128671100,0.0,0.0,99270000000.0,-5.985415285538403,8249000000.0,16.52775815793191,196485000000.0,2.564571022905226,11658000000.0,-23.38328075709779,50011000000.0,1.5121990825315634
2025-03-13,23.5,24.530000686645508,23.1299991607666,23.700000762939453,243261000,0.0,0.0,99270000000.0,-5.985415285538403,8249000000.0,16.52775815793191,196485000000.0,2.564571022905226,11658000000.0,-23.38328075709779,50011000000.0,1.5121990825315634
2025-03-14,23.68000030517578,24.3700008392334,23.520000457763672,24.049999237060547,116901600,0.0,0.0,99270000000.0,-5.985415285538403,8249000000.0,16.52775815793191,196485000000.0,2.564571022905226,11658000000.0,-23.38328075709779,50011000000.0,1.5121990825315634
2025-03-17,24.420000076293945,26.149999618530273,24.3700008392334,25.690000534057617,160723600,0.0,0.0,99270000000.0,-5.985415285538403,8249000000.0,16.52775815793191,196485000000.0,2.564571022905226,11658000000.0,-23.38328075709779,50011000000.0,1.5121990825315634
2025-03-18,25.549999237060547,26.40999984741211,25.389999389648438,25.920000076293945,132488800,0.0,0.0,99270000000.0,-5.985415285538403,8249000000.0,16.52775815793191,196485000000.0,2.564571022905226,11658000000.0,-23.38328075709779,50011000000.0,1.5121990825315634
2025-03-19,24.899999618530273,25.229999542236328,24.030000686645508,24.1200008392334,135491400,0.0,0.0,99270000000.0,-5.985415285538403,8249000000.0,16.52775815793191,196485000000.0,2.564571022905226,11658000000.0,-23.38328075709779,50011000000.0,1.5121990825315634
2025-03-20,23.770000457763672,24.309999465942383,23.729999542236328,23.959999084472656,68937600,0.0,0.0,99270000000.0,-5.985415285538403,8249000000.0,16.52775815793191,196485000000.0,2.564571022905226,11658000000.0,-23.38328075709779,50011000000.0,1.5121990825315634
2025-03-21,23.600000381469727,24.700000762939453,23.489999771118164,24.260000228881836,94110700,0.0,0.0,99270000000.0,-5.985415285538403,8249000000.0,16.52775815793191,196485000000.0,2.564571022905226,11658000000.0,-23.38328075709779,50011000000.0,1.5121990825315634
2025-03-24,24.719999313354492,24.989999771118164,24.1299991607666,24.219999313354492,69169000,0.0,0.0,99270000000.0,-5.985415285538403,8249000000.0,16.52775815793191,196485000000.0,2.564571022905226,11658000000.0,-23.38328075709779,50011000000.0,1.5121990825315634
2025-03-25,24.18000030517578,24.75,24.110000610351562,24.200000762939453,51743300,0.0,0.0,99270000000.0,-5.985415285538403,8249000000.0,16.52775815793191,196485000000.0,2.564571022905226,11658000000.0,-23.38328075709779,50011000000.0,1.5121990825315634
2025-03-26,24.25,24.420000076293945,23.25,23.420000076293945,59496700,0.0,0.0,99270000000.0,-5.985415285538403,8249000000.0,16.52775815793191,196485000000.0,2.564571022905226,11658000000.0,-23.38328075709779,50011000000.0,1.5121990825315634
2025-03-27,23.290000915527344,23.760000228881836,22.860000610351562,23.6200008392334,57720600,0.0,0.0,99270000000.0,-5.985415285538403,8249000000.0,16.52775815793191,196485000000.0,2.564571022905226,11658000000.0,-23.38328075709779,50011000000.0,1.5121990825315634
2025-03-28,23.350000381469727,23.579999923706055,22.559999465942383,22.709999084472656,58365300,0.0,0.0,99270000000.0,-5.985415285538403,8249000000.0,16.52775815793191,196485000000.0,2.564571022905226,11658000000.0,-23.38328075709779,50011000000.0,1.5121990825315634
2025-03-31,22.3799991607666,22.75,21.75,22.709999084472656,65832000,0.0,0.0,99270000000.0,-5.985415285538403,8249000000.0,16.52775815793191,196485000000.0,2.564571022905226,11658000000.0,-23.38328075709779,50011000000.0,1.5121990825315634
2025-04-01,22.559999465942383,22.6200008392334,21.65999984741211,22.049999237060547,64060400,0.0,0.0,99270000000.0,-5.985415285538403,8249000000.0,16.52775815793191,196485000000.0,2.564571022905226,11658000000.0,-23.38328075709779,50011000000.0,1.5121990825315634
2025-04-02,21.889999389648438,22.3799991607666,21.700000762939453,21.979999542236328,58878800,0.0,0.0,99270000000.0,-5.985415285538403,8249000000.0,16.52775815793191,196485000000.0,2.564571022905226,11658000000.0,-23.38328075709779,50011000000.0,1.5121990825315634
2025-04-03,21.399999618530273,23.899999618530273,20.860000610351562,22.43000030517578,242972100,0.0,0.0,99270000000.0,-5.985415285538403,8249000000.0,16.52775815793191,196485000000.0,2.564571022905226,11658000000.0,-23.38328075709779,50011000000.0,1.5121990825315634
2025-04-04,21.700000762939453,22.200000762939453,19.700000762939453,19.850000381469727,175014700,0.0,0.0,99270000000.0,-5.985415285538403,8249000000.0,16.52775815793191,196485000000.0,2.564571022905226,11658000000.0,-23.38328075709779,50011000000.0,1.5121990825315634
2025-04-07,19.139999389648438,20.670000076293945,18.559999465942383,19.56999969482422,142491200,0.0,0.0,99270000000.0,-5.985415285538403,8249000000.0,16.52775815793191,196485000000.0,2.564571022905226,11658000000.0,-23.38328075709779,50011000000.0,1.5121990825315634
2025-04-08,20.059999465942383,20.389999389648438,17.670000076293945,18.1299991607666,163982700,0.0,0.0,99270000000.0,-5.985415285538403,8249000000.0,16.52775815793191,196485000000.0,2.564571022905226,11658000000.0,-23.38328075709779,50011000000.0,1.5121990825315634
2025-04-09,18.06999969482422,21.729999542236328,17.979999542236328,21.530000686645508,224183500,0.0,0.0,99270000000.0,-5.985415285538403,8249000000.0,16.52775815793191,196485000000.0,2.564571022905226,11658000000.0,-23.38328075709779,50011000000.0,1.5121990825315634
2025-04-10,20.68000030517578,20.81999969482422,19.15999984741211,19.8799991607666,129064900,0.0,0.0,99270000000.0,-5.985415285538403,8249000000.0,16.52775815793191,196485000000.0,2.564571022905226,11658000000.0,-23.38328075709779,50011000000.0,1.5121990825315634
2025-04-11,19.25,19.799999237060547,18.18000030517578,19.739999771118164,128425800,0.0,0.0,99270000000.0,-5.985415285538403,8249000000.0,16.52775815793191,196485000000.0,2.564571022905226,11658000000.0,-23.38328075709779,50011000000.0,1.5121990825315634
2025-04-14,20.59000015258789,21.049999237060547,19.979999542236328,20.309999465942383,101964400,0.0,0.0,99270000000.0,-5.985415285538403,8249000000.0,16.52775815793191,196485000000.0,2.564571022905226,11658000000.0,-23.38328075709779,50011000000.0,1.5121990825315634
2025-04-15,20.200000762939453,20.469999313354492,19.809999465942383,19.850000381469727,64056900,0.0,0.0,99270000000.0,-5.985415285538403,8249000000.0,16.52775815793191,196485000000.0,2.564571022905226,11658000000.0,-23.38328075709779,50011000000.0,1.5121990825315634
2025-04-16,19.34000015258789,19.43000030517578,18.719999313354492,19.229999542236328,89469700,0.0,0.0,99270000000.0,-5.985415285538403,8249000000.0,16.52775815793191,196485000000.0,2.564571022905226,11658000000.0,-23.38328075709779,50011000000.0,1.5121990825315634
2025-04-17,18.90999984741211,19.100000381469727,18.559999465942383,18.93000030517578,85646700,0.0,0.0,99270000000.0,-5.985415285538403,8249000000.0,16.52775815793191,196485000000.0,2.564571022905226,11658000000.0,-23.38328075709779,50011000000.0,1.5121990825315634
2025-04-21,18.93000030517578,18.989999771118164,18.25,18.84000015258789,72409900,0.0,0.0,99270000000.0,-5.985415285538403,8249000000.0,16.52775815793191,196485000000.0,2.564571022905226,11658000000.0,-23.38328075709779,50011000000.0,1.5121990825315634
2025-04-22,19.059999465942383,19.739999771118164,19.040000915527344,19.510000228881836,83365600,0.0,0.0,99270000000.0,-5.985415285538403,8249000000.0,16.52775815793191,196485000000.0,2.564571022905226,11658000000.0,-23.38328075709779,50011000000.0,1.5121990825315634
2025-04-23,20.719999313354492,21.030000686645508,20.309999465942383,20.59000015258789,97188100,0.0,0.0,99270000000.0,-5.985415285538403,8249000000.0,16.52775815793191,196485000000.0,2.564571022905226,11658000000.0,-23.38328075709779,50011000000.0,1.5121990825315634
2025-04-24,21.040000915527344,21.549999237060547,20.8799991607666,21.489999771118164,117086200,0.0,0.0,99270000000.0,-5.985415285538403,8249000000.0,16.52775815793191,196485000000.0,2.564571022905226,11658000000.0,-23.38328075709779,50011000000.0,1.5121990825315634
2025-04-25,19.729999542236328,20.18000030517578,19.34000015258789,20.049999237060547,147711200,0.0,0.0,99270000000.0,-5.985415285538403,8249000000.0,16.52775815793191,196485000000.0,2.564571022905226,11658000000.0,-23.38328075709779,50011000000.0,1.5121990825315634
2025-04-28,20.1200008392334,21.079999923706055,20.049999237060547,20.510000228881836,96624400,0.0,0.0,99270000000.0,-5.985415285538403,8249000000.0,16.52775815793191,196485000000.0,2.564571022905226,11658000000.0,-23.38328075709779,50011000000.0,1.5121990825315634
2025-04-29,20.309999465942383,20.850000381469727,20.219999313354492,20.34000015258789,70031900,0.0,0.0,99270000000.0,-5.985415285538403,8249000000.0,16.52775815793191,196485000000.0,2.564571022905226,11658000000.0,-23.38328075709779,50011000000.0,1.5121990825315634
2025-04-30,19.709999084472656,20.18000030517578,19.549999237060547,20.100000381469727,68297300,0.0,0.0,99270000000.0,-5.985415285538403,8249000000.0,16.52775815793191,196485000000.0,2.564571022905226,11658000000.0,-23.38328075709779,50011000000.0,1.5121990825315634
2025-05-01,20.219999313354492,20.649999618530273,19.940000534057617,19.979999542236328,72607500,0.0,0.0,99270000000.0,-5.985415285538403,8249000000.0,16.52775815793191,196485000000.0,2.564571022905226,11658000000.0,-23.38328075709779,50011000000.0,1.5121990825315634
2025-05-02,20.260000228881836,20.780000686645508,20.209999084472656,20.6200008392334,63298500,0.0,0.0,99270000000.0,-5.985415285538403,8249000000.0,16.52775815793191,196485000000.0,2.564571022905226,11658000000.0,-23.38328075709779,50011000000.0,1.5121990825315634
2025-05-05,20.389999389648438,20.579999923706055,20.239999771118164,20.270000457763672,44237000,0.0,0.0,99270000000.0,-5.985415285538403,8249000000.0,16.52775815793191,196485000000.0,2.564571022905226,11658000000.0,-23.38328075709779,50011000000.0,1.5121990825315634
2025-05-06,19.920000076293945,20.1200008392334,19.770000457763672,19.940000534057617,51330800,0.0,0.0,99270000000.0,-5.985415285538403,8249000000.0,16.52775815793191,196485000000.0,2.564571022905226,11658000000.0,-23.38328075709779,50011000000.0,1.5121990825315634
2025-05-07,19.969999313354492,20.3700008392334,19.81999969482422,20.309999465942383,61002600,0.0,0.0,99270000000.0,-5.985415285538403,8249000000.0,16.52775815793191,196485000000.0,2.564571022905226,11658000000.0,-23.38328075709779,50011000000.0,1.5121990825315634
2025-05-08,21.010000228881836,21.239999771118164,20.639999389648438,21.0,71651700,0.0,0.0,99270000000.0,-5.985415285538403,8249000000.0,16.52775815793191,196485000000.0,2.564571022905226,11658000000.0,-23.38328075709779,50011000000.0,1.5121990825315634
2025-05-09,21.200000762939453,21.450000762939453,20.829999923706055,21.420000076293945,51768600,0.0,0.0,99270000000.0,-5.985415285538403,8249000000.0,16.52775815793191,196485000000.0,2.564571022905226,11658000000.0,-23.38328075709779,50011000000.0,1.5121990825315634
2025-05-12,22.18000030517578,22.670000076293945,21.8799991607666,22.18000030517578,94578700,0.0,0.0,99270000000.0,-5.985415285538403,8249000000.0,16.52775815793191,196485000000.0,2.564571022905226,11658000000.0,-23.38328075709779,50011000000.0,1.5121990825315634
2025-05-13,22.360000610351562,22.8799991607666,22.299999237060547,22.559999465942383,76850400,0.0,0.0,99270000000.0,-5.985415285538403,8249000000.0,16.52775815793191,196485000000.0,2.564571022905226,11658000000.0,-23.38328075709779,50011000000.0,1.5121990825315634
2025-05-14,22.350000381469727,22.459999084472656,21.459999084472656,21.520000457763672,91584800,0.0,0.0,99270000000.0,-5.985415285538403,8249000000.0,16.52775815793191,196485000000.0,2.564571022905226,11658000000.0,-23.38328075709779,50011000000.0,1.5121990825315634
2025-05-15,21.229999542236328,21.6299991607666,21.190000534057617,21.549999237060547,66705500,0.0,0.0,99270000000.0,-5.985415285538403,8249000000.0,16.52775815793191,196485000000.0,2.564571022905226,11658000000.0,-23.38328075709779,50011000000.0,1.5121990825315634
2025-05-16,21.530000686645508,21.760000228881836,21.350000381469727,21.65999984741211,55795100,0.0,0.0,99270000000.0,-5.985415285538403,8249000000.0,16.52775815793191,196485000000.0,2.564571022905226,11658000000.0,-23.38328075709779,50011000000.0,1.5121990825315634
2025-05-19,21.18000030517578,21.559999465942383,21.049999237060547,21.3799991607666,64279100,0.0,0.0,99270000000.0,-5.985415285538403,8249000000.0,16.52775815793191,196485000000.0,2.564571022905226,11658000000.0,-23.38328075709779,50011000000.0,1.5121990825315634
2025-05-20,21.329999923706055,21.40999984741211,21.1200008392334,21.270000457763672,48497400,0.0,0.0,99270000000.0,-5.985415285538403,8249000000.0,16.52775815793191,196485000000.0,2.564571022905226,11658000000.0,-23.38328075709779,50011000000.0,1.5121990825315634
2025-05-21,21.190000534057617,21.6299991607666,20.59000015258789,20.690000534057617,62904700,0.0,0.0,99270000000.0,-5.985415285538403,8249000000.0,16.52775815793191,196485000000.0,2.564571022905226,11658000000.0,-23.38328075709779,50011000000.0,1.5121990825315634
2025-05-22,20.729999542236328,20.899999618530273,20.510000228881836,20.549999237060547,56077500,0.0,0.0,99270000000.0,-5.985415285538403,8249000000.0,16.52775815793191,196485000000.0,2.564571022905226,11658000000.0,-23.38328075709779,50011000000.0,1.5121990825315634
2025-05-23,20.15999984741211,20.270000457763672,19.940000534057617,20.049999237060547,68206100,0.0,0.0,99270000000.0,-5.985415285538403,8249000000.0,16.52775815793191,196485000000.0,2.564571022905226,11658000000.0,-23.38328075709779,50011000000.0,1.5121990825315634
2025-05-27,20.440000534057617,20.670000076293945,20.18000030517578,20.549999237060547,69504600,0.0,0.0,99270000000.0,-5.985415285538403,8249000000.0,16.52775815793191,196485000000.0,2.564571022905226,11658000000.0,-23.38328075709779,50011000000.0,1.5121990825315634
2025-05-28,20.56999969482422,20.639999389648438,20.329999923706055,20.3700008392334,46096500,0.0,0.0,99270000000.0,-5.985415285538403,8249000000.0,16.52775815793191,196485000000.0,2.564571022905226,11658000000.0,-23.38328075709779,50011000000.0,1.5121990825315634
2025-05-29,20.540000915527344,20.600000381469727,20.100000381469727,20.25,66372200,0.0,0.0,99270000000.0,-5.985415285538403,8249000000.0,16.52775815793191,196485000000.0,2.564571022905226,11658000000.0,-23.38328075709779,50011000000.0,1.5121990825315634
2025-05-30,20.260000228881836,20.260000228881836,19.309999465942383,19.549999237060547,114281900,0.0,0.0,99270000000.0,-5.985415285538403,8249000000.0,16.52775815793191,196485000000.0,2.564571022905226,11658000000.0,-23.38328075709779,50011000000.0,1.5121990825315634
2025-06-02,19.479999542236328,19.81999969482422,19.3700008392334,19.739999771118164,67885500,0.0,0.0,99270000000.0,-5.985415285538403,8249000000.0,16.52775815793191,196485000000.0,2.564571022905226,11658000000.0,-23.38328075709779,50011000000.0,1.5121990825315634
2025-06-03,19.75,20.40999984741211,19.399999618530273,20.290000915527344,80401900,0.0,0.0,99270000000.0,-5.985415285538403,8249000000.0,16.52775815793191,196485000000.0,2.564571022905226,11658000000.0,-23.38328075709779,50011000000.0,1.5121990825315634
2025-06-04,20.34000015258789,20.5,20.010000228881836,20.25,71166500,0.0,0.0,99270000000.0,-5.985415285538403,8249000000.0,16.52775815793191,196485000000.0,2.564571022905226,11658000000.0,-23.38328075709779,50011000000.0,1.5121990825315634
2025-06-05,20.270000457763672,20.549999237060547,19.850000381469727,19.989999771118164,72458400,0.0,0.0,99270000000.0,-5.985415285538403,8249000000.0,16.52775815793191,196485000000.0,2.564571022905226,11658000000.0,-23.38328075709779,50011000000.0,1.5121990825315634
2025-06-06,20.170000076293945,20.440000534057617,20.030000686645508,20.059999465942383,70072800,0.0,0.0,99270000000.0,-5.985415285538403,8249000000.0,16.52775815793191,196485000000.0,2.564571022905226,11658000000.0,-23.38328075709779,50011000000.0,1.5121990825315634
2025-06-09,20.219999313354492,20.959999084472656,20.219999313354492,20.479999542236328,92893900,0.0,0.0,99270000000.0,-5.985415285538403,8249000000.0,16.52775815793191,196485000000.0,2.564571022905226,11658000000.0,-23.38328075709779,50011000000.0,1.5121990825315634
2025-06-10,20.5,22.440000534057617,20.280000686645508,22.079999923706055,171457000,0.0,0.0,99270000000.0,-5.985415285538403,8249000000.0,16.52775815793191,196485000000.0,2.564571022905226,11658000000.0,-23.38328075709779,50011000000.0,1.5121990825315634
2025-06-11,21.780000686645508,21.829999923706055,20.3799991607666,20.68000030517578,146784500,0.0,0.0,99270000000.0,-5.985415285538403,8249000000.0,16.52775815793191,196485000000.0,2.564571022905226,11658000000.0,-23.38328075709779,50011000000.0,1.5121990825315634
2025-06-12,20.5,20.979999542236328,20.40999984741211,20.770000457763672,78175900,0.0,0.0,99270000000.0,-5.985415285538403,8249000000.0,16.52775815793191,196485000000.0,2.564571022905226,11658000000.0,-23.38328075709779,50011000000.0,1.5121990825315634
2025-06-13,20.329999923706055,20.600000381469727,20.100000381469727,20.139999389648438,87655900,0.0,0.0,99270000000.0,-5.985415285538403,8249000000.0,16.52775815793191,196485000000.0,2.564571022905226,11658000000.0,-23.38328075709779,50011000000.0,1.5121990825315634
2025-06-16,20.40999984741211,20.93000030517578,20.299999237060547,20.739999771118164,86745100,0.0,0.0,99270000000.0,-5.985415285538403,8249000000.0,16.52775815793191,196485000000.0,2.564571022905226,11658000000.0,-23.38328075709779,50011000000.0,1.5121990825315634
2025-06-17,20.6299991607666,21.479999542236328,20.6200008392334,20.799999237060547,87512200,0.0,0.0,99270000000.0,-5.985415285538403,8249000000.0,16.52775815793191,196485000000.0,2.564571022905226,11658000000.0,-23.38328075709779,50011000000.0,1.5121990825315634
2025-06-18,20.809999465942383,21.600000381469727,20.65999984741211,21.489999771118164,94200600,0.0,0.0,99270000000.0,-5.985415285538403,8249000000.0,16.52775815793191,196485000000.0,2.564571022905226,11658000000.0,-23.38328075709779,50011000000.0,1.5121990825315634
2025-06-20,21.700000762939453,21.889999389648438,20.8799991607666,21.079999923706055,133472800,0.0,0.0,99270000000.0,-5.985415285538403,8249000000.0,16.52775815793191,196485000000.0,2.564571022905226,11658000000.0,-23.38328075709779,50011000000.0,1.5121990825315634
2025-06-23,21.06999969482422,21.579999923706055,20.729999542236328,21.190000534057617,81461000,0.0,0.0,99270000000.0,-5.985415285538403,8249000000.0,16.52775815793191,196485000000.0,2.564571022905226,11658000000.0,-23.38328075709779,50011000000.0,1.5121990825315634
2025-06-24,21.34000015258789,22.690000534057617,21.329999923706055,22.549999237060547,130368700,0.0,0.0,99270000000.0,-5.985415285538403,8249000000.0,16.52775815793191,196485000000.0,2.564571022905226,11658000000.0,-23.38328075709779,50011000000.0,1.5121990825315634
2025-06-25,22.579999923706055,22.770000457763672,22.1299991607666,22.200000762939453,64975100,0.0,0.0,99270000000.0,-5.985415285538403,8249000000.0,16.52775815793191,196485000000.0,2.564571022905226,11658000000.0,-23.38328075709779,50011000000.0,1.5121990825315634
2025-06-26,22.399999618530273,22.6200008392334,22.209999084472656,22.5,63229300,0.0,0.0,99270000000.0,-5.985415285538403,8249000000.0,16.52775815793191,196485000000.0,2.564571022905226,11658000000.0,-23.38328075709779,50011000000.0,1.5121990825315634
2025-06-27,22.709999084472656,23.3799991607666,22.420000076293945,22.690000534057617,95542400,0.0,0.0,99270000000.0,-5.985415285538403,8249000000.0,16.52775815793191,196485000000.0,2.564571022905226,11658000000.0,-23.38328075709779,50011000000.0,1.5121990825315634
2025-06-30,22.969999313354492,22.969999313354492,22.270000457763672,22.399999618530273,77102400,0.0,0.0,99270000000.0,-5.985415285538403,8249000000.0,16.52775815793191,196485000000.0,2.564571022905226,11658000000.0,-23.38328075709779,50011000000.0,1.5121990825315634
2025-07-01,22.329999923706055,23.15999984741211,22.280000686645508,22.850000381469727,79094900,0.0,0.0,99270000000.0,-5.985415285538403,8249000000.0,16.52775815793191,196485000000.0,2.564571022905226,11658000000.0,-23.38328075709779,50011000000.0,1.5121990825315634
2025-07-02,22.530000686645508,22.770000457763672,21.520000457763672,21.8799991607666,138245300,0.0,0.0,99270000000.0,-5.985415285538403,8249000000.0,16.52775815793191,196485000000.0,2.564571022905226,11658000000.0,-23.38328075709779,50011000000.0,1.5121990825315634
2025-07-03,22.149999618530273,22.6299991607666,21.989999771118164,22.489999771118164,61176000,0.0,0.0,99270000000.0,-5.985415285538403,8249000000.0,16.52775815793191,196485000000.0,2.564571022905226,11658000000.0,-23.38328075709779,50011000000.0,1.5121990825315634
2025-07-07,22.209999084472656,22.389999389648438,21.860000610351562,22.0,80725200,0.0,0.0,99270000000.0,-5.985415285538403,8249000000.0,16.52775815793191,196485000000.0,2.564571022905226,11658000000.0,-23.38328075709779,50011000000.0,1.5121990825315634
2025-07-08,22.18000030517578,23.790000915527344,22.1299991607666,23.59000015258789,119545500,0.0,0.0,99270000000.0,-5.985415285538403,8249000000.0,16.52775815793191,196485000000.0,2.564571022905226,11658000000.0,-23.38328075709779,50011000000.0,1.5121990825315634
2025-07-09,23.290000915527344,23.530000686645508,23.1299991607666,23.440000534057617,70247700,0.0,0.0,99270000000.0,-5.985415285538403,8249000000.0,16.52775815793191,196485000000.0,2.564571022905226,11658000000.0,-23.38328075709779,50011000000.0,1.5121990825315634
2025-07-10,23.6299991607666,24.040000915527344,23.479999542236328,23.81999969482422,54599800,0.0,0.0,99270000000.0,-5.985415285538403,8249000000.0,16.52775815793191,196485000000.0,2.564571022905226,11658000000.0,-23.38328075709779,50011000000.0,1.5121990825315634
2025-07-11,23.559999465942383,23.65999984741211,23.15999984741211,23.43000030517578,49367900,0.0,0.0,99270000000.0,-5.985415285538403,8249000000.0,16.52775815793191,196485000000.0,2.564571022905226,11658000000.0,-23.38328075709779,50011000000.0,1.5121990825315634
2025-07-14,23.239999771118164,23.399999618530273,22.8799991607666,23.299999237060547,48420500,0.0,0.0,99270000000.0,-5.985415285538403,8249000000.0,16.52775815793191,196485000000.0,2.564571022905226,11658000000.0,-23.38328075709779,50011000000.0,1.5121990825315634
2025-07-15,23.56999969482422,23.780000686645508,22.899999618530273,22.920000076293945,66099400,0.0,0.0,99270000000.0,-5.985415285538403,8249000000.0,16.52775815793191,196485000000.0,2.564571022905226,11658000000.0,-23.38328075709779,50011000000.0,1.5121990825315634
2025-07-16,22.989999771118164,23.1299991607666,22.25,22.690000534057617,58865900,0.0,0.0,99270000000.0,-5.985415285538403,8249000000.0,16.52775815793191,196485000000.0,2.564571022905226,11658000000.0,-23.38328075709779,50011000000.0,1.5121990825315634
2025-07-17,22.65999984741211,23.049999237060547,22.59000015258789,22.799999237060547,49384000,0.0,0.0,99270000000.0,-5.985415285538403,8249000000.0,16.52775815793191,196485000000.0,2.564571022905226,11658000000.0,-23.38328075709779,50011000000.0,1.5121990825315634
2025-07-18,23.219999313354492,23.59000015258789,22.899999618530273,23.100000381469727,60195600,0.0,0.0,99270000000.0,-5.985415285538403,8249000000.0,16.52775815793191,196485000000.0,2.564571022905226,11658000000.0,-23.38328075709779,50011000000.0,1.5121990825315634
2025-07-21,23.399999618530273,23.829999923706055,23.15999984741211,23.260000228881836,61658000,0.0,0.0,99270000000.0,-5.985415285538403,8249000000.0,16.52775815793191,196485000000.0,2.564571022905226,11658000000.0,-23.38328075709779,50011000000.0,1.5121990825315634
2025-07-22,23.34000015258789,23.540000915527344,23.079999923706055,23.239999771118164,53969800,0.0,0.0,99270000000.0,-5.985415285538403,8249000000.0,16.52775815793191,196485000000.0,2.564571022905226,11658000000.0,-23.38328075709779,50011000000.0,1.5121990825315634
2025-07-23,23.260000228881836,23.6200008392334,22.920000076293945,23.489999771118164,68711700,0.0,0.0,99270000000.0,-5.985415285538403,8249000000.0,16.52775815793191,196485000000.0,2.564571022905226,11658000000.0,-23.38328075709779,50011000000.0,1.5121990825315634
2025-07-24,23.489999771118164,23.579999923706055,22.600000381469727,22.6299991607666,131963300,0.0,0.0,99270000000.0,-5.985415285538403,8249000000.0,16.52775815793191,196485000000.0,2.564571022905226,11658000000.0,-23.38328075709779,50011000000.0,1.5121990825315634
2025-07-25,20.68000030517578,21.049999237060547,20.360000610351562,20.700000762939453,245077700,0.0,0.0,99270000000.0,-5.985415285538403,8249000000.0,16.52775815793191,196485000000.0,2.564571022905226,11658000000.0,-23.38328075709779,50011000000.0,1.5121990825315634
2025-07-28,20.81999969482422,21.290000915527344,20.649999618530273,20.68000030517578,86105600,0.0,0.0,99270000000.0,-5.985415285538403,8249000000.0,16.52775815793191,196485000000.0,2.564571022905226,11658000000.0,-23.38328075709779,50011000000.0,1.5121990825315634
2025-07-29,20.690000534057617,20.850000381469727,20.34000015258789,20.40999984741211,100831500,0.0,0.0,99270000000.0,-5.985415285538403,8249000000.0,16.52775815793191,196485000000.0,2.564571022905226,11658000000.0,-23.38328075709779,50011000000.0,1.5121990825315634
2025-07-30,20.43000030517578,20.6200008392334,20.079999923706055,20.34000015258789,67420300,0.0,0.0,99270000000.0,-5.985415285538403,8249000000.0,16.52775815793191,196485000000.0,2.564571022905226,11658000000.0,-23.38328075709779,50011000000.0,1.5121990825315634
2025-07-31,20.170000076293945,20.229999542236328,19.65999984741211,19.799999237060547,90665200,0.0,0.0,99270000000.0,-5.985415285538403,8249000000.0,16.52775815793191,196485000000.0,2.564571022905226,11658000000.0,-23.38328075709779,50011000000.0,1.5121990825315634
2025-08-01,19.5,19.549999237060547,18.969999313354492,19.309999465942383,86496100,0.0,0.0,99270000000.0,-5.985415285538403,8249000000.0,16.52775815793191,196485000000.0,2.564571022905226,11658000000.0,-23.38328075709779,50011000000.0,1.5121990825315634
2025-08-04,19.520000457763672,19.59000015258789,19.350000381469727,19.5,69249400,0.0,0.0,99270000000.0,-5.985415285538403,8249000000.0,16.52775815793191,196485000000.0,2.564571022905226,11658000000.0,-23.38328075709779,50011000000.0,1.5121990825315634
2025-08-05,19.700000762939453,20.540000915527344,19.68000030517578,20.190000534057617,97338200,0.0,0.0,99270000000.0,-5.985415285538403,8249000000.0,16.52775815793191,196485000000.0,2.564571022905226,11658000000.0,-23.38328075709779,50011000000.0,1.5121990825315634
2025-08-06,20.1200008392334,20.479999542236328,19.8700008392334,20.40999984741211,67074200,0.0,0.0,99270000000.0,-5.985415285538403,8249000000.0,16.52775815793191,196485000000.0,2.564571022905226,11658000000.0,-23.38328075709779,50011000000.0,1.5121990825315634
2025-08-07,20.0,20.440000534057617,19.600000381469727,19.770000457763672,131382800,0.0,0.0,99270000000.0,-5.985415285538403,8249000000.0,16.52775815793191,196485000000.0,2.564571022905226,11658000000.0,-23.38328075709779,50011000000.0,1.5121990825315634
2025-08-08,20.0,20.020000457763672,19.610000610351562,19.950000762939453,75415000,0.0,0.0,99270000000.0,-5.985415285538403,8249000000.0,16.52775815793191,196485000000.0,2.564571022905226,11658000000.0,-23.38328075709779,50011000000.0,1.5121990825315634
2025-08-11,20.450000762939453,21.600000381469727,20.440000534057617,20.649999618530273,175545600,0.0,0.0,99270000000.0,-5.985415285538403,8249000000.0,16.52775815793191,196485000000.0,2.564571022905226,11658000000.0,-23.38328075709779,50011000000.0,1.5121990825315634
2025-08-12,21.200000762939453,21.860000610351562,20.760000228881836,21.809999465942383,134153600,0.0,0.0,99270000000.0,-5.985415285538403,8249000000.0,16.52775815793191,196485000000.0,2.564571022905226,11658000000.0,-23.38328075709779,50011000000.0,1.5121990825315634
2025-08-13,21.6200008392334,22.299999237060547,21.360000610351562,22.219999313354492,86024400,0.0,0.0,99270000000.0,-5.985415285538403,8249000000.0,16.52775815793191,196485000000.0,2.564571022905226,11658000000.0,-23.38328075709779,50011000000.0,1.5121990825315634
2025-08-14,21.989999771118164,24.200000762939453,21.899999618530273,23.860000610351562,188052500,0.0,0.0,99270000000.0,-5.985415285538403,8249000000.0,16.52775815793191,196485000000.0,2.564571022905226,11658000000.0,-23.38328075709779,50011000000.0,1.5121990825315634
2025-08-15,25.010000228881836,25.649999618530273,24.110000610351562,24.559999465942383,310161100,0.0,0.0,99270000000.0,-5.985415285538403,8249000000.0,16.52775815793191,196485000000.0,2.564571022905226,11658000000.0,-23.38328075709779,50011000000.0,1.5121990825315634
2025-08-18,24.0,24.899999618530273,23.209999084472656,23.65999984741211,212515600,0.0,0.0,99270000000.0,-5.985415285538403,8249000000.0,16.52775815793191,196485000000.0,2.564571022905226,11658000000.0,-23.38328075709779,50011000000.0,1.5121990825315634
2025-08-19,24.940000534057617,26.530000686645508,24.940000534057617,25.309999465942383,297659200,0.0,0.0,99270000000.0,-5.985415285538403,8249000000.0,16.52775815793191,196485000000.0,2.564571022905226,11658000000.0,-23.38328075709779,50011000000.0,1.5121990825315634
2025-08-20,24.899999618530273,24.93000030517578,23.329999923706055,23.540000915527344,161149400,0.0,0.0,99270000000.0,-5.985415285538403,8249000000.0,16.52775815793191,196485000000.0,2.564571022905226,11658000000.0,-23.38328075709779,50011000000.0,1.5121990825315634
2025-08-21,23.530000686645508,23.56999969482422,22.780000686645508,23.5,97718300,0.0,0.0,99270000000.0,-5.985415285538403,8249000000.0,16.52775815793191,196485000000.0,2.564571022905226,11658000000.0,-23.38328075709779,50011000000.0,1.5121990825315634
2025-08-22,23.649999618530273,25.229999542236328,23.649999618530273,24.799999237060547,200266800,0.0,0.0,99270000000.0,-5.985415285538403,8249000000.0,16.52775815793191,196485000000.0,2.564571022905226,11658000000.0,-23.38328075709779,50011000000.0,1.5121990825315634
2025-08-25,25.5,25.8799991607666,24.440000534057617,24.549999237060547,156825600,0.0,0.0,99270000000.0,-5.985415285538403,8249000000.0,16.52775815793191,196485000000.0,2.564571022905226,11658000000.0,-23.38328075709779,50011000000.0,1.5121990825315634
2025-08-26,24.579999923706055,24.739999771118164,24.100000381469727,24.350000381469727,78558200,0.0,0.0,99270000000.0,-5.985415285538403,8249000000.0,16.52775815793191,196485000000.0,2.564571022905226,11658000000.0,-23.38328075709779,50011000000.0,1.5121990825315634
2025-08-27,24.190000534057617,24.989999771118164,24.049999237060547,24.850000381469727,90934400,0.0,0.0,99270000000.0,-5.985415285538403,8249000000.0,16.52775815793191,196485000000.0,2.564571022905226,11658000000.0,-23.38328075709779,50011000000.0,1.5121990825315634
2025-08-28,24.959999084472656,25.139999389648438,24.610000610351562,24.93000030517578,60035100,0.0,0.0,99270000000.0,-5.985415285538403,8249000000.0,16.52775815793191,196485000000.0,2.564571022905226,11658000000.0,-23.38328075709779,50011000000.0,1.5121990825315634
2025-08-29,24.760000228881836,24.969999313354492,24.280000686645508,24.350000381469727,63734400,0.0,0.0,99270000000.0,-5.985415285538403,8249000000.0,16.52775815793191,196485000000.0,2.564571022905226,11658000000.0,-23.38328075709779,50011000000.0,1.5121990825315634
2025-09-02,23.8799991607666,24.239999771118164,23.68000030517578,24.209999084472656,57661800,0.0,0.0,99270000000.0,-5.985415285538403,8249000000.0,16.52775815793191,196485000000.0,2.564571022905226,11658000000.0,-23.38328075709779,50011000000.0,1.5121990825315634
2025-09-03,24.09000015258789,24.09000015258789,23.719999313354492,24.0,47822900,0.0,0.0,99270000000.0,-5.985415285538403,8249000000.0,16.52775815793191,196485000000.0,2.564571022905226,11658000000.0,-23.38328075709779,50011000000.0,1.5121990825315634
2025-09-04,23.850000381469727,24.639999389648438,23.75,24.610000610351562,59056500,0.0,0.0,99270000000.0,-5.985415285538403,8249000000.0,16.52775815793191,196485000000.0,2.564571022905226,11658000000.0,-23.38328075709779,50011000000.0,1.5121990825315634
2025-09-05,24.600000381469727,24.709999084472656,24.170000076293945,24.489999771118164,55975300,0.0,0.0,99270000000.0,-5.985415285538403,8249000000.0,16.52775815793191,196485000000.0,2.564571022905226,11658000000.0,-23.38328075709779,50011000000.0,1.5121990825315634
2025-09-08,24.479999542236328,24.739999771118164,24.1200008392334,24.479999542236328,51122100,0.0,0.0,99270000000.0,-5.985415285538403,8249000000.0,16.52775815793191,196485000000.0,2.564571022905226,11658000000.0,-23.38328075709779,50011000000.0,1.5121990825315634
2025-09-09,24.530000686645508,24.809999465942383,24.270000457763672,24.440000534057617,42146200,0.0,0.0,99270000000.0,-5.985415285538403,8249000000.0,16.52775815793191,196485000000.0,2.564571022905226,11658000000.0,-23.38328075709779,50011000000.0,1.5121990825315634
2025-09-10,24.420000076293945,24.8700008392334,24.280000686645508,24.770000457763672,61600700,0.0,0.0,99270000000.0,-5.985415285538403,8249000000.0,16.52775815793191,196485000000.0,2.564571022905226,11658000000.0,-23.38328075709779,50011000000.0,1.5121990825315634
2025-09-11,24.760000228881836,24.93000030517578,24.56999969482422,24.610000610351562,55536900,0.0,0.0,99270000000.0,-5.985415285538403,8249000000.0,16.52775815793191,196485000000.0,2.564571022905226,11658000000.0,-23.38328075709779,50011000000.0,1.5121990825315634
2025-09-12,24.610000610351562,24.6299991607666,24.049999237060547,24.079999923706055,52672800,0.0,0.0,99270000000.0,-5.985415285538403,8249000000.0,16.52775815793191,196485000000.0,2.564571022905226,11658000000.0,-23.38328075709779,50011000000.0,1.5121990825315634
2025-09-15,24.329999923706055,25.459999084472656,24.219999313354492,24.770000457763672,83951600,0.0,0.0,99270000000.0,-5.985415285538403,8249000000.0,16.52775815793191,196485000000.0,2.564571022905226,11658000000.0,-23.38328075709779,50011000000.0,1.5121990825315634
2025-09-16,24.81999969482422,25.34000015258789,24.690000534057617,25.270000457763672,60336600,0.0,0.0,99270000000.0,-5.985415285538403,8249000000.0,16.52775815793191,196485000000.0,2.564571022905226,11658000000.0,-23.38328075709779,50011000000.0,1.5121990825315634
2025-09-17,25.079999923706055,25.260000228881836,24.450000762939453,24.899999618530273,63093700,0.0,0.0,99270000000.0,-5.985415285538403,8249000000.0,16.52775815793191,196485000000.0,2.564571022905226,11658000000.0,-23.38328075709779,50011000000.0,1.5121990825315634
2025-09-18,31.780000686645508,32.380001068115234,30.15999984741211,30.56999969482422,523908000,0.0,0.0,99270000000.0,-5.985415285538403,8249000000.0,16.52775815793191,196485000000.0,2.564571022905226,11658000000.0,-23.38328075709779,50011000000.0,1.5121990825315634
2025-09-19,30.3799991607666,30.6299991607666,29.329999923706055,29.579999923706055,225702900,0.0,0.0,99270000000.0,-5.985415285538403,8249000000.0,16.52775815793191,196485000000.0,2.564571022905226,11658000000.0,-23.38328075709779,50011000000.0,1.5121990825315634
2025-09-22,29.670000076293945,30.100000381469727,28.729999542236328,28.760000228881836,130314500,0.0,0.0,99270000000.0,-5.985415285538403,8249000000.0,16.52775815793191,196485000000.0,2.564571022905226,11658000000.0,-23.38328075709779,50011000000.0,1.5121990825315634
2025-09-23,28.989999771118164,30.200000762939453,28.81999969482422,29.34000015258789,126317900,0.0,0.0,99270000000.0,-5.985415285538403,8249000000.0,16.52775815793191,196485000000.0,2.564571022905226,11658000000.0,-23.38328075709779,50011000000.0,1.5121990825315634
2025-09-24,29.3799991607666,31.700000762939453,29.229999542236328,31.219999313354492,164458500,0.0,0.0,99270000000.0,-5.985415285538403,8249000000.0,16.52775815793191,196485000000.0,2.564571022905226,11658000000.0,-23.38328075709779,50011000000.0,1.5121990825315634
2025-09-25,31.610000610351562,34.25,31.209999084472656,33.9900016784668,295709300,0.0,0.0,99270000000.0,-5.985415285538403,8249000000.0,16.52775815793191,196485000000.0,2.564571022905226,11658000000.0,-23.38328075709779,50011000000.0,1.5121990825315634
2025-09-26,35.02000045776367,36.29999923706055,34.4900016784668,35.5,267991500,0.0,0.0,99270000000.0,-5.985415285538403,8249000000.0,16.52775815793191,196485000000.0,2.564571022905226,11658000000.0,-23.38328075709779,50011000000.0,1.5121990825315634
