Date,Open,High,Low,Close,Volume,Dividends,Stock Splits,Stockholders_Equity,Stockholders_Equity_Growth,Cash_And_Equivalents,Cash_And_Equivalents_Growth,Total_Assets,Total_Assets_Growth,Working_Capital,Working_Capital_Growth,Total_Debt,Total_Debt_Growth
2020-09-28,257.8106850794095,258.00947183859324,253.25875946787116,255.2465057373047,18826300,0.0,0.0,,0.0,,0.0,,0.0,,0.0,,0.0
2020-09-29,256.23040948448823,261.71657782053796,255.32598136617338,260.18603515625,20200200,0.0,0.0,,0.0,,0.0,,0.0,,0.0,,0.0
2020-09-30,260.3749064781673,264.44976224953746,258.50642004785584,260.2953796386719,20142500,0.0,0.0,,0.0,,0.0,,0.0,,0.0,,0.0
2020-10-01,263.7242121547099,266.6859343453283,263.17756379487133,264.9963684082031,20009800,0.0,0.0,,0.0,,0.0,,0.0,,0.0,,0.0
2020-10-02,259.60955887022527,263.5254209322513,257.59199788542276,258.34735107421875,16367600,0.0,0.0,,0.0,,0.0,,0.0,,0.0,,0.0
2020-10-05,260.59353258086253,263.2471567078468,259.2418494259985,263.02850341796875,12822300,0.0,0.0,,0.0,,0.0,,0.0,,0.0,,0.0
2020-10-06,260.1760742376112,264.062121329849,256.6577553046133,257.0751953125,18696900,0.0,0.0,,0.0,,0.0,,0.0,,0.0,,0.0
2020-10-07,257.6218311953234,258.5858892909873,253.2587441693883,256.53851318359375,23133400,0.0,0.0,,0.0,,0.0,,0.0,,0.0,,0.0
2020-10-08,258.1585109919277,262.99866763481924,257.5621811275594,262.1439514160156,16312800,0.0,0.0,,0.0,,0.0,,0.0,,0.0,,0.0
2020-10-09,262.8992599688216,263.12786166473063,260.5636828171991,262.8297119140625,14107800,0.0,0.0,,0.0,,0.0,,0.0,,0.0,,0.0
2020-10-12,268.5445326028674,278.463367056186,266.2287912184097,274.0605163574219,31019300,0.0,0.0,,0.0,,0.0,,0.0,,0.0,,0.0
2020-10-13,275.8792387363067,277.38994502433513,271.7149390007735,274.4480895996094,18063300,0.0,0.0,,0.0,,0.0,,0.0,,0.0,,0.0
2020-10-14,275.9190229160564,277.04210428137515,269.83652488750977,270.1545715332031,15577800,0.0,0.0,,0.0,,0.0,,0.0,,0.0,,0.0
2020-10-15,265.9604285478444,267.39160813562887,262.0545148243733,265.0858154296875,15416100,0.0,0.0,,0.0,,0.0,,0.0,,0.0,,0.0
2020-10-16,265.74178726862857,269.70733112644956,263.6745142904317,264.3006591796875,16622700,0.0,0.0,,0.0,,0.0,,0.0,,0.0,,0.0
2020-10-19,263.9031322965135,266.90461824489216,258.28775515045425,259.7984313964844,13587000,0.0,0.0,,0.0,,0.0,,0.0,,0.0,,0.0
2020-10-20,261.44825585427947,268.04758781197927,261.26936597521654,265.9206848144531,18763200,0.0,0.0,,0.0,,0.0,,0.0,,0.0,,0.0
2020-10-21,277.8470873870673,281.31569387618833,274.67663061627485,277.0221862792969,28998600,0.0,0.0,,0.0,,0.0,,0.0,,0.0,,0.0
2020-10-22,278.15526305374203,280.7194726683102,273.3548692673626,276.4159851074219,16720000,0.0,0.0,,0.0,,0.0,,0.0,,0.0,,0.0
2020-10-23,277.0917849843274,283.4923296397231,275.12393582241333,283.04510498046875,17535200,0.0,0.0,,0.0,,0.0,,0.0,,0.0,,0.0
2020-10-26,281.42515227067094,283.4824771713826,272.57968643816247,275.4122009277344,21322900,0.0,0.0,,0.0,,0.0,,0.0,,0.0,,0.0
2020-10-27,277.05207732254803,282.76684769418074,274.6170760754383,281.5543212890625,16287200,0.0,0.0,,0.0,,0.0,,0.0,,0.0,,0.0
2020-10-28,277.0818934520101,277.0818934520101,265.62253768118745,266.030029296875,23121800,0.0,0.0,,0.0,,0.0,,0.0,,0.0,,0.0
2020-10-29,274.85559925877266,281.8624229545354,272.1025816348378,279.109375,32368100,0.0,0.0,,0.0,,0.0,,0.0,,0.0,,0.0
2020-10-30,272.818185292547,275.0047183998101,257.5125445335118,261.4979553222656,47247800,0.0,0.0,,0.0,,0.0,,0.0,,0.0,,0.0
2020-11-02,262.97880566594404,268.8128354073454,255.7632778758947,259.7586364746094,27165700,0.0,0.0,,0.0,,0.0,,0.0,,0.0,,0.0
2020-11-03,261.54765729677786,268.3954274106286,259.2816277669627,263.6745300292969,17961900,0.0,0.0,,0.0,,0.0,,0.0,,0.0,,0.0
2020-11-04,279.2782876429828,287.16964097293663,276.9128652648553,285.61920166015625,35364400,0.0,0.0,,0.0,,0.0,,0.0,,0.0,,0.0
2020-11-05,290.11157600129116,295.558011962204,287.1796683103109,292.8745422363281,23823600,0.0,0.0,,0.0,,0.0,,0.0,,0.0,,0.0
2020-11-06,292.149004644455,292.79501608176406,286.29507763161877,291.6123046875,13891000,0.0,0.0,,0.0,,0.0,,0.0,,0.0,,0.0
2020-11-09,288.093946468079,290.78733366350986,276.8234308819601,277.06195068359375,25117700,0.0,0.0,,0.0,,0.0,,0.0,,0.0,,0.0
2020-11-10,271.42671145134096,272.3211910492522,262.38246144891457,270.76080322265625,29067700,0.0,0.0,,0.0,,0.0,,0.0,,0.0,,0.0
2020-11-11,271.7944735703017,276.6942605964407,270.81054892265985,274.7860412597656,14957000,0.0,0.0,,0.0,,0.0,,0.0,,0.0,,0.0
2020-11-12,275.481762560549,278.0360239292526,272.7486112976162,273.3946228027344,12899500,0.0,0.0,,0.0,,0.0,,0.0,,0.0,,0.0
2020-11-13,276.0184146121756,276.05817802529583,271.42672614120846,275.2531433105469,10391200,0.0,0.0,,0.0,,0.0,,0.0,,0.0,,0.0
2020-11-16,273.36480670901653,277.69810955654475,272.9473969575121,277.2508544921875,12970400,0.0,0.0,,0.0,,0.0,,0.0,,0.0,,0.0
2020-11-17,275.9786665399034,275.9786665399034,271.6155795385993,273.3150939941406,15040300,0.0,0.0,,0.0,,0.0,,0.0,,0.0,,0.0
2020-11-18,272.83795239593434,275.69039283324724,270.1743805492232,270.3035888671875,12152900,0.0,0.0,,0.0,,0.0,,0.0,,0.0,,0.0
2020-11-19,269.3594809846684,271.7944822511571,267.5407065278164,271.2677307128906,12963700,0.0,0.0,,0.0,,0.0,,0.0,,0.0,,0.0
2020-11-20,270.8900393024062,271.3273458760536,267.75934522380226,268.0475769042969,18114700,0.0,0.0,,0.0,,0.0,,0.0,,0.0,,0.0
2020-11-23,269.2302889315383,269.289918888945,262.9092404710399,266.78533935546875,20990800,0.0,0.0,,0.0,,0.0,,0.0,,0.0,,0.0
2020-11-24,266.8449551001431,276.117807280776,266.2287586860281,275.22332763671875,16930400,0.0,0.0,,0.0,,0.0,,0.0,,0.0,,0.0
2020-11-25,276.43585310996593,278.4633322090346,270.97946966914446,273.9014587402344,12467000,0.0,0.0,,0.0,,0.0,,0.0,,0.0,,0.0
2020-11-27,275.69043945617915,277.41976872916064,273.1361786277299,276.10784912109375,7808400,0.0,0.0,,0.0,,0.0,,0.0,,0.0,,0.0
2020-11-30,274.3387976071053,275.9985790720854,269.3495654363195,275.2730407714844,16693300,0.0,0.0,,0.0,,0.0,,0.0,,0.0,,0.0
2020-12-01,277.4496054254641,287.5274624222444,277.2508186824023,284.7943115234375,20738900,0.0,0.0,,0.0,,0.0,,0.0,,0.0,,0.0
2020-12-02,283.6115621500077,289.99223964766236,279.10931903154386,285.7583312988281,17361600,0.0,0.0,,0.0,,0.0,,0.0,,0.0,,0.0
2020-12-03,284.4961739879799,284.8937171606204,279.3479186253754,280.1231384277344,12921700,0.0,0.0,,0.0,,0.0,,0.0,,0.0,,0.0
2020-12-04,278.582627741805,281.72327048958266,277.58875460632856,277.986328125,10880300,0.0,0.0,,0.0,,0.0,,0.0,,0.0,,0.0
2020-12-07,277.47942801246444,286.7224355369099,276.4955033677059,283.83026123046875,13007700,0.0,0.0,,0.0,,0.0,,0.0,,0.0,,0.0
2020-12-08,284.2576290622062,284.6750387409286,279.82493360322025,281.6636047363281,10747700,0.0,0.0,,0.0,,0.0,,0.0,,0.0,,0.0
2020-12-09,281.9220459850057,285.86772338842565,270.08501377474596,276.21722412109375,25189700,0.0,0.0,,0.0,,0.0,,0.0,,0.0,,0.0
2020-12-10,273.8517825845174,277.02223996978546,270.1943067907997,275.4220886230469,20065100,0.0,0.0,,0.0,,0.0,,0.0,,0.0,,0.0
2020-12-11,272.84793828956555,274.7860026639281,268.59416329956224,271.8739318847656,14391400,0.0,0.0,,0.0,,0.0,,0.0,,0.0,,0.0
2020-12-14,271.6950571438995,275.52147425983287,269.89614944043467,272.5100402832031,16376900,0.0,0.0,,0.0,,0.0,,0.0,,0.0,,0.0
2020-12-15,273.1460741214324,274.38841523897275,265.8311841800397,273.8616638183594,23979500,0.0,0.0,,0.0,,0.0,,0.0,,0.0,,0.0
2020-12-16,273.07655946498386,276.15754154878624,270.84034517994166,273.9809875488281,15885000,0.0,0.0,,0.0,,0.0,,0.0,,0.0,,0.0
2020-12-17,275.3723754980125,278.72172236452735,271.9335533783352,272.7982482910156,16377800,0.0,0.0,,0.0,,0.0,,0.0,,0.0,,0.0
2020-12-18,274.0803980077061,276.2967461349277,269.47879062712195,274.70654296875,26693200,0.0,0.0,,0.0,,0.0,,0.0,,0.0,,0.0
2020-12-21,271.3074906598264,272.9871386308636,266.1492868272138,271.11865234375,16553700,0.0,0.0,,0.0,,0.0,,0.0,,0.0,,0.0
2020-12-22,269.8365360851599,269.8365360851599,263.008633008387,265.45355224609375,17312900,0.0,0.0,,0.0,,0.0,,0.0,,0.0,,0.0
2020-12-23,265.2548195482692,270.5024685667698,264.5988596296314,266.4673156738281,14329000,0.0,0.0,,0.0,,0.0,,0.0,,0.0,,0.0
2020-12-24,267.2325701178876,268.74324611944274,264.5689978267525,265.7616271972656,6702000,0.0,0.0,,0.0,,0.0,,0.0,,0.0,,0.0
2020-12-28,267.0934250950006,275.6009757008323,264.03230954567135,275.3028259277344,23299700,0.0,0.0,,0.0,,0.0,,0.0,,0.0,,0.0
2020-12-29,275.2531392357801,278.79132468616433,274.5872309809137,275.08416748046875,16383000,0.0,0.0,,0.0,,0.0,,0.0,,0.0,,0.0
2020-12-30,276.24705032080266,276.3762283507952,270.0452613265151,270.20428466796875,11803800,0.0,0.0,,0.0,,0.0,,0.0,,0.0,,0.0
2020-12-31,270.3334622960556,275.39227234420343,268.1568779489153,271.4863586425781,12900400,0.0,0.0,,0.0,,0.0,,0.0,,0.0,,0.0
2021-01-04,273.0964204640378,273.3150737362507,263.5751305135248,267.2922058105469,15106100,0.0,0.0,,0.0,,0.0,,0.0,,0.0,,0.0
2021-01-05,266.64618120176334,270.73098445154903,266.566654380942,269.30975341796875,9871600,0.0,0.0,,0.0,,0.0,,0.0,,0.0,,0.0
2021-01-06,260.3947753757414,266.1095462093693,258.41697743650474,261.6967468261719,24354100,0.0,0.0,,0.0,,0.0,,0.0,,0.0,,0.0
2021-01-07,264.270848884873,269.94585574307666,263.1577158756211,267.09344482421875,15789800,0.0,0.0,,0.0,,0.0,,0.0,,0.0,,0.0
2021-01-08,266.666089935615,267.3021832804523,261.56751606249094,265.9306335449219,18528300,0.0,0.0,,0.0,,0.0,,0.0,,0.0,,0.0
2021-01-11,258.8840390302622,261.85570946902254,254.33208389728804,255.26632690429688,30412300,0.0,0.0,,0.0,,0.0,,0.0,,0.0,,0.0
2021-01-12,255.05765536457494,258.1287195660793,248.76643689922236,249.5515899658203,26383500,0.0,0.0,,0.0,,0.0,,0.0,,0.0,,0.0
2021-01-13,250.00877588781722,252.39406520969743,247.67316808761396,250.0982208251953,19528900,0.0,0.0,,0.0,,0.0,,0.0,,0.0,,0.0
2021-01-14,251.8474445190765,253.467462570291,243.1113063984232,244.13499450683594,29739400,0.0,0.0,,0.0,,0.0,,0.0,,0.0,,0.0
2021-01-15,246.38110854786808,252.30459825044753,245.64565223988592,249.81991577148438,24942900,0.0,0.0,,0.0,,0.0,,0.0,,0.0,,0.0
2021-01-19,255.32596544418516,260.5935104973684,251.17158361915673,259.500244140625,28028500,0.0,0.0,,0.0,,0.0,,0.0,,0.0,,0.0
2021-01-20,267.28231499667226,268.6638133168004,261.98498413460726,265.8412170410156,25199900,0.0,0.0,,0.0,,0.0,,0.0,,0.0,,0.0
2021-01-21,267.610283266857,271.92368892397997,265.85110845081954,271.1981506347656,20838700,0.0,0.0,,0.0,,0.0,,0.0,,0.0,,0.0
2021-01-22,270.34347210346783,276.7638847979468,270.3335236651867,272.8182067871094,21954000,0.0,0.0,,0.0,,0.0,,0.0,,0.0,,0.0
2021-01-25,276.4358794988977,278.38386228871553,269.84649597140043,276.3066711425781,19087000,0.0,0.0,,0.0,,0.0,,0.0,,0.0,,0.0
2021-01-26,276.4359123273413,283.6414931816691,276.1079171791787,280.3219299316406,19373600,0.0,0.0,,0.0,,0.0,,0.0,,0.0,,0.0
2021-01-27,280.7989509250698,281.7133274743246,266.47723666948883,270.4726257324219,35346200,0.0,0.0,,0.0,,0.0,,0.0,,0.0,,0.0
2021-01-28,275.4816766115222,285.0328107259922,263.0781625251655,263.3763122558594,37758800,0.0,0.0,,0.0,,0.0,,0.0,,0.0,,0.0
2021-01-29,263.67455091633644,264.92684086879825,253.28859405304135,256.74725341796875,30389500,0.0,0.0,,0.0,,0.0,,0.0,,0.0,,0.0
2021-02-01,257.9298987989953,262.55143231204124,253.34815902737898,260.4046630859375,22914300,0.0,0.0,,0.0,,0.0,,0.0,,0.0,,0.0
2021-02-02,262.3824576706842,267.2027475235563,261.6569195012926,265.4435729980469,17320800,0.0,0.0,,0.0,,0.0,,0.0,,0.0,,0.0
2021-02-03,263.99257775143155,267.5506605664134,262.22348478110126,265.0162658691406,14223400,0.0,0.0,,0.0,,0.0,,0.0,,0.0,,0.0
2021-02-04,265.3740416278043,266.5169895211257,262.38247416730263,264.8572082519531,16060000,0.0,0.0,,0.0,,0.0,,0.0,,0.0,,0.0
2021-02-05,265.16531379856116,267.5208183709261,264.0422627458969,266.4573669433594,12454400,0.0,0.0,,0.0,,0.0,,0.0,,0.0,,0.0
2021-02-08,267.10340382972845,268.2065884459274,263.37637959024386,264.9466857910156,13755200,0.0,0.0,,0.0,,0.0,,0.0,,0.0,,0.0
2021-02-09,264.8075352267552,271.71496498758677,264.12176040264853,267.7991027832031,14613400,0.0,0.0,,0.0,,0.0,,0.0,,0.0,,0.0
2021-02-10,270.7807480720633,272.12245254136394,266.0797172191311,270.20428466796875,14687200,0.0,0.0,,0.0,,0.0,,0.0,,0.0,,0.0
2021-02-11,270.2241469155117,271.9037643961982,266.84495442118657,268.73333740234375,12828600,0.0,0.0,,0.0,,0.0,,0.0,,0.0,,0.0
2021-02-12,268.86251790853225,269.51847774007956,266.69588200865024,268.8426513671875,9097600,0.0,0.0,,0.0,,0.0,,0.0,,0.0,,0.0
2021-02-16,269.14082130496485,274.90530343957204,268.3954164856225,272.2914123535156,15417200,0.0,0.0,,0.0,,0.0,,0.0,,0.0,,0.0
2021-02-17,269.57811865209567,272.2914030205178,267.9282857354953,271.89385986328125,12763200,0.0,0.0,,0.0,,0.0,,0.0,,0.0,,0.0
2021-02-18,267.9183307645204,270.2837531709071,264.4000121293656,267.73944091796875,15249100,0.0,0.0,,0.0,,0.0,,0.0,,0.0,,0.0
2021-02-19,268.2065935027777,268.6140851336497,258.5560937159537,259.95745849609375,25622600,0.0,0.0,,0.0,,0.0,,0.0,,0.0,,0.0
2021-02-22,256.3695322408646,261.45815674620235,255.95209226836045,258.73492431640625,17434900,0.0,0.0,,0.0,,0.0,,0.0,,0.0,,0.0
2021-02-23,257.91006095251214,265.82128207528933,253.39788389990903,264.2310791015625,21924600,0.0,0.0,,0.0,,0.0,,0.0,,0.0,,0.0
2021-02-24,260.72267243697917,264.7478760026935,256.8068409960922,262.6905517578125,15736100,0.0,0.0,,0.0,,0.0,,0.0,,0.0,,0.0
2021-02-25,260.6928755670529,265.304460842189,252.4834900528808,253.1295166015625,19053100,0.0,0.0,,0.0,,0.0,,0.0,,0.0,,0.0
2021-02-26,254.89861702389317,263.92297078398195,254.89861702389317,256.04156494140625,26619500,0.0,0.0,,0.0,,0.0,,0.0,,0.0,,0.0
2021-03-01,259.22195888828685,265.0162250378023,256.31983643041696,263.2868957519531,22157300,0.0,0.0,,0.0,,0.0,,0.0,,0.0,,0.0
2021-03-02,264.1515744293655,265.0758690739727,257.0652548261814,257.4131164550781,15191700,0.0,0.0,,0.0,,0.0,,0.0,,0.0,,0.0
2021-03-03,258.69521315306645,259.3909060587166,253.53700982689918,253.84510803222656,15513500,0.0,0.0,,0.0,,0.0,,0.0,,0.0,,0.0
2021-03-04,254.89861760998937,264.85721446691514,251.94681349311827,256.06146240234375,31626500,0.0,0.0,,0.0,,0.0,,0.0,,0.0,,0.0
2021-03-05,259.0728693741557,263.8235807546986,254.0438596218207,262.6607360839844,26820100,0.0,0.0,,0.0,,0.0,,0.0,,0.0,,0.0
2021-03-08,263.9229937990307,263.9528087792841,253.4873412472217,253.74574279785156,18391800,0.0,0.0,,0.0,,0.0,,0.0,,0.0,,0.0
2021-03-09,259.57978768763206,266.8847615652514,258.2181862953919,264.1118469238281,22039700,0.0,0.0,,0.0,,0.0,,0.0,,0.0,,0.0
2021-03-10,266.9941144980577,267.32207931288104,261.259446647482,263.2770080566406,14210300,0.0,0.0,,0.0,,0.0,,0.0,,0.0,,0.0
2021-03-11,266.4672683462111,276.19729324860583,266.1790670219471,272.2019348144531,21834000,0.0,0.0,,0.0,,0.0,,0.0,,0.0,,0.0
2021-03-12,267.4910103720713,268.08730994458426,262.40235481870315,266.7555236816406,20600200,0.0,0.0,,0.0,,0.0,,0.0,,0.0,,0.0
2021-03-15,267.4313533069336,274.2692049064048,266.8549202696918,272.07275390625,16844800,0.0,0.0,,0.0,,0.0,,0.0,,0.0,,0.0
2021-03-16,274.3884419534645,280.41134018183647,273.1162857384696,277.56884765625,22437700,0.0,0.0,,0.0,,0.0,,0.0,,0.0,,0.0
2021-03-17,274.02076249075054,284.47632762336343,273.7226126727719,282.2699279785156,21315000,0.0,0.0,,0.0,,0.0,,0.0,,0.0,,0.0
2021-03-18,278.1552747922665,283.4426872515597,276.5750201168788,276.9129333496094,18728300,0.0,0.0,,0.0,,0.0,,0.0,,0.0,,0.0
2021-03-19,279.49700316687085,291.00604068060295,279.4771366232634,288.33251953125,38930500,0.0,0.0,,0.0,,0.0,,0.0,,0.0,,0.0
2021-03-22,288.6704518966202,297.87369610988486,284.99310932152196,291.74151611328125,28273100,0.0,0.0,,0.0,,0.0,,0.0,,0.0,,0.0
2021-03-23,291.35385314791483,296.17414308641355,288.0343210899064,288.84930419921875,23000900,0.0,0.0,,0.0,,0.0,,0.0,,0.0,,0.0
2021-03-24,289.2170782476114,289.932668108046,279.43737037540546,280.411376953125,18675000,0.0,0.0,,0.0,,0.0,,0.0,,0.0,,0.0
2021-03-25,279.258461794406,286.2950696753565,276.04824090910284,277.03216552734375,24505600,0.0,0.0,,0.0,,0.0,,0.0,,0.0,,0.0
2021-03-26,276.59483752215544,282.7568621152536,276.06808605727355,281.2859191894531,17629200,0.0,0.0,,0.0,,0.0,,0.0,,0.0,,0.0
2021-03-29,284.0190702313811,291.38367264392747,282.9556491953231,289.03814697265625,21718800,0.0,0.0,,0.0,,0.0,,0.0,,0.0,,0.0
2021-03-30,288.05421748123223,290.6780569351427,284.94342026118994,286.2354431152344,17474500,0.0,0.0,,0.0,,0.0,,0.0,,0.0,,0.0
2021-03-31,288.2132411307141,294.6833645057552,286.8416914447055,292.7254333496094,19498200,0.0,0.0,,0.0,,0.0,,0.0,,0.0,,0.0
2021-04-01,296.57172245230413,300.5472147916932,294.78276303181883,296.83013916015625,17616000,0.0,0.0,,0.0,,0.0,,0.0,,0.0,,0.0
2021-04-05,299.0465125997097,308.86595403896786,298.8377773960322,307.0173645019531,28237000,0.0,0.0,,0.0,,0.0,,0.0,,0.0,,0.0
2021-04-06,306.9477546088229,309.4423857147043,303.37975393521896,304.3835754394531,17335200,0.0,0.0,,0.0,,0.0,,0.0,,0.0,,0.0
2021-04-07,304.46307904806224,312.3246188373065,303.6282292913194,311.1717224121094,22855200,0.0,0.0,,0.0,,0.0,,0.0,,0.0,,0.0
2021-04-08,312.9209163697654,313.9446043342857,308.150307828522,311.10211181640625,20894100,0.0,0.0,,0.0,,0.0,,0.0,,0.0,,0.0
2021-04-09,309.492059744259,312.8115920705688,308.42860830814885,310.5455627441406,15988600,0.0,0.0,,0.0,,0.0,,0.0,,0.0,,0.0
2021-04-12,309.1442376250458,310.23750417897526,306.04335818524726,309.6312561035156,10881900,0.0,0.0,,0.0,,0.0,,0.0,,0.0,,0.0
2021-04-13,310.2970923238093,312.5034916787082,307.42481501939557,307.86212158203125,14036900,0.0,0.0,,0.0,,0.0,,0.0,,0.0,,0.0
2021-04-14,305.41719273904334,306.14273102400807,300.0999958969131,300.96466064453125,17421400,0.0,0.0,,0.0,,0.0,,0.0,,0.0,,0.0
2021-04-15,304.46304753710217,308.2397830902676,302.23678174953284,305.9339904785156,14558300,0.0,0.0,,0.0,,0.0,,0.0,,0.0,,0.0
2021-04-16,306.28184393173495,307.0570636285844,302.7436282841753,304.30401611328125,13059200,0.0,0.0,,0.0,,0.0,,0.0,,0.0,,0.0
2021-04-19,303.1412313782809,305.8147523329705,298.71848413426613,300.38818359375,14553500,0.0,0.0,,0.0,,0.0,,0.0,,0.0,,0.0
2021-04-20,300.1397249349623,303.23068601874786,295.38901277495273,300.7956848144531,16796400,0.0,0.0,,0.0,,0.0,,0.0,,0.0,,0.0
2021-04-21,300.0999948119176,300.129809791707,295.5679359003317,299.6229248046875,14863500,0.0,0.0,,0.0,,0.0,,0.0,,0.0,,0.0
2021-04-22,299.4837433456954,301.0640281361763,294.22617691539443,294.7032165527344,16375400,0.0,0.0,,0.0,,0.0,,0.0,,0.0,,0.0
2021-04-23,296.9295293293451,300.73604985775415,295.32937790810325,299.2850036621094,17536800,0.0,0.0,,0.0,,0.0,,0.0,,0.0,,0.0
2021-04-26,301.48143834807956,303.92635748553096,299.7123455851111,301.18328857421875,16172600,0.0,0.0,,0.0,,0.0,,0.0,,0.0,,0.0
2021-04-27,302.41569387117113,303.46919688967347,299.2651029214697,301.7100524902344,15309300,0.0,0.0,,0.0,,0.0,,0.0,,0.0,,0.0
2021-04-28,305.47680067025,309.0150165696337,303.499003041627,305.2184143066406,33907200,0.0,0.0,,0.0,,0.0,,0.0,,0.0,,0.0
2021-04-29,328.09736738838046,329.7770152743211,319.63949800194774,327.4911193847656,56526800,0.0,0.0,,0.0,,0.0,,0.0,,0.0,,0.0
2021-04-30,324.14175961823815,327.79920503350183,322.51179331521564,323.0882263183594,26332400,0.0,0.0,,0.0,,0.0,,0.0,,0.0,,0.0
2021-05-03,324.1715769830547,326.5369692980911,319.86808981197174,320.6035461425781,18719500,0.0,0.0,,0.0,,0.0,,0.0,,0.0,,0.0
2021-05-04,318.05922612807666,320.2159438807395,311.20150850309886,316.4093933105469,24032600,0.0,0.0,,0.0,,0.0,,0.0,,0.0,,0.0
2021-05-05,316.24043432643384,319.09284482145324,312.56309230315594,313.08984375,15577600,0.0,0.0,,0.0,,0.0,,0.0,,0.0,,0.0
2021-05-06,312.592902987216,318.27785735936015,311.3505618248645,318.0592041015625,19012200,0.0,0.0,,0.0,,0.0,,0.0,,0.0,,0.0
2021-05-07,320.40479926906244,320.96136575158243,316.797035238393,317.125,15916700,0.0,0.0,,0.0,,0.0,,0.0,,0.0,,0.0
2021-05-10,312.42399788740477,312.6525692762637,302.96230708362003,304.0953369140625,24239200,0.0,0.0,,0.0,,0.0,,0.0,,0.0,,0.0
2021-05-11,298.90733126750047,304.96001473479134,297.8538282204869,304.65191650390625,18920100,0.0,0.0,,0.0,,0.0,,0.0,,0.0,,0.0
2021-05-12,299.28500627008975,303.09152683166894,296.363016980272,300.6962890625,24645500,0.0,0.0,,0.0,,0.0,,0.0,,0.0,,0.0
2021-05-13,304.20466235604255,306.96762833587326,300.91494485119154,303.38970947265625,18079200,0.0,0.0,,0.0,,0.0,,0.0,,0.0,,0.0
2021-05-14,307.64346073053906,314.9086700242553,307.1862573068352,314.0042419433594,19245700,0.0,0.0,,0.0,,0.0,,0.0,,0.0,,0.0
2021-05-17,311.62888995272834,313.7458444514255,309.6709587854065,313.5271911621094,15401300,0.0,0.0,,0.0,,0.0,,0.0,,0.0,,0.0
2021-05-18,313.65639270152684,314.5608208181165,307.9118076767454,308.0608825683594,14522400,0.0,0.0,,0.0,,0.0,,0.0,,0.0,,0.0
2021-05-19,302.32623971188497,312.7320915591814,301.7100432855901,311.66864013671875,19106200,0.0,0.0,,0.0,,0.0,,0.0,,0.0,,0.0
2021-05-20,311.65868736866054,317.2939607212957,311.2412776865972,316.6578674316406,17320200,0.0,0.0,,0.0,,0.0,,0.0,,0.0,,0.0
2021-05-21,317.3336987135375,317.9697616216413,313.8750099719514,314.2924499511719,13600900,0.0,0.0,,0.0,,0.0,,0.0,,0.0,,0.0
2021-05-24,316.26037314495517,323.9529721107169,316.0814832535799,322.64105224609375,16445400,0.0,0.0,,0.0,,0.0,,0.0,,0.0,,0.0
2021-05-25,325.0760054955717,327.1631451056754,322.8099760038992,325.78167724609375,16437000,0.0,0.0,,0.0,,0.0,,0.0,,0.0,,0.0
2021-05-26,326.3382406904663,327.8091534769758,323.8237429434357,325.6524658203125,9686900,0.0,0.0,,0.0,,0.0,,0.0,,0.0,,0.0
2021-05-27,325.990375980231,331.73496127056114,324.75798304512216,330.7112731933594,20477700,0.0,0.0,,0.0,,0.0,,0.0,,0.0,,0.0
2021-05-28,328.97199286100545,330.8305306868107,326.3183383646688,326.7159118652344,12037400,0.0,0.0,,0.0,,0.0,,0.0,,0.0,,0.0
2021-06-01,328.1271427930486,329.3893808296517,324.6386694227125,327.1134033203125,11765900,0.0,0.0,,0.0,,0.0,,0.0,,0.0,,0.0
2021-06-02,328.35580615513396,329.83666739776584,325.1157700789644,327.1333312988281,11654300,0.0,0.0,,0.0,,0.0,,0.0,,0.0,,0.0
2021-06-03,323.78394171505016,325.37414456637805,321.49804596855154,324.0423583984375,12610800,0.0,0.0,,0.0,,0.0,,0.0,,0.0,,0.0
2021-06-04,323.90318107383763,330.4229850531529,323.18759135266424,328.325927734375,13289400,0.0,0.0,,0.0,,0.0,,0.0,,0.0,,0.0
2021-06-07,327.4613170637955,335.62100665138007,326.91466866518186,334.5177917480469,20136700,0.0,0.0,,0.0,,0.0,,0.0,,0.0,,0.0
2021-06-08,334.63707516830704,336.2272478175721,330.20437943321343,331.63555908203125,14580500,0.0,0.0,,0.0,,0.0,,0.0,,0.0,,0.0
2021-06-09,333.6829776846487,334.73648084774555,327.97815523573524,328.22662353515625,13727900,0.0,0.0,,0.0,,0.0,,0.0,,0.0,,0.0
2021-06-10,328.7632532503242,331.8939470874273,326.53695713878267,330.4230041503906,13240200,0.0,0.0,,0.0,,0.0,,0.0,,0.0,,0.0
2021-06-11,330.5422664960959,330.79073474421784,326.91463613963515,329.2303771972656,13587900,0.0,0.0,,0.0,,0.0,,0.0,,0.0,,0.0
2021-06-14,329.8664472786487,334.7563158529644,327.7892563190719,334.70660400390625,12250800,0.0,0.0,,0.0,,0.0,,0.0,,0.0,,0.0
2021-06-15,334.9252874171548,337.837358661444,332.9773046270112,334.686767578125,15795200,0.0,0.0,,0.0,,0.0,,0.0,,0.0,,0.0
2021-06-16,334.6371063292274,335.4818742538383,326.7059875643777,329.051513671875,17232200,0.0,0.0,,0.0,,0.0,,0.0,,0.0,,0.0
2021-06-17,328.46510679261746,335.9092368385063,328.1271935827343,334.4482421875,17794100,0.0,0.0,,0.0,,0.0,,0.0,,0.0,,0.0
2021-06-18,332.4803547202676,334.09042423024584,326.9842378923227,327.64019775390625,23039500,0.0,0.0,,0.0,,0.0,,0.0,,0.0,,0.0
2021-06-21,329.06139913752077,330.880203664055,325.6424736824297,330.2540588378906,11337500,0.0,0.0,,0.0,,0.0,,0.0,,0.0,,0.0
2021-06-22,330.65163761523286,337.83735090707296,330.5621926776497,336.9527893066406,15345300,0.0,0.0,,0.0,,0.0,,0.0,,0.0,,0.0
2021-06-23,337.2708115208801,341.31588194506173,336.1278636271558,338.5032043457031,14817800,0.0,0.0,,0.0,,0.0,,0.0,,0.0,,0.0
2021-06-24,339.7554937880361,342.7867943296362,339.695863834015,341.07733154296875,12329100,0.0,0.0,,0.0,,0.0,,0.0,,0.0,,0.0
2021-06-25,340.49096873189364,342.01159330380204,337.5987944812838,339.2784423828125,14594400,0.0,0.0,,0.0,,0.0,,0.0,,0.0,,0.0
2021-06-28,340.3617297049979,355.9456809666633,339.6759549274543,353.46099853515625,29156100,0.0,0.0,,0.0,,0.0,,0.0,,0.0,,0.0
2021-06-29,354.08714735332995,354.5542689089571,346.91138258233707,349.7340087890625,21417300,0.0,0.0,,0.0,,0.0,,0.0,,0.0,,0.0
2021-06-30,350.0122854863306,350.75769027409115,345.0429202345932,345.57958984375,15107500,0.0,0.0,,0.0,,0.0,,0.0,,0.0,,0.0
2021-07-01,344.6950924726318,352.497002750641,344.3770457859238,352.2187194824219,17137000,0.0,0.0,,0.0,,0.0,,0.0,,0.0,,0.0
2021-07-02,352.9243681523973,354.25615455833366,350.4595517758363,352.5268249511719,11521300,0.0,0.0,,0.0,,0.0,,0.0,,0.0,,0.0
2021-07-06,354.31577003943374,356.59174799452734,347.0406114650302,350.6185607910156,13488500,0.0,0.0,,0.0,,0.0,,0.0,,0.0,,0.0
2021-07-07,353.0833846649561,354.3058292267984,347.85560219475104,348.34259033203125,14218900,0.0,0.0,,0.0,,0.0,,0.0,,0.0,,0.0
2021-07-08,343.61172286997765,346.1957684029505,340.46113211762366,343.5321960449219,14406500,0.0,0.0,,0.0,,0.0,,0.0,,0.0,,0.0
2021-07-09,343.2042515930914,348.5612116026324,343.15453974184305,348.27301025390625,13018700,0.0,0.0,,0.0,,0.0,,0.0,,0.0,,0.0
2021-07-12,349.07810878283027,352.0199650787954,347.497853971905,350.99627685546875,10018600,0.0,0.0,,0.0,,0.0,,0.0,,0.0,,0.0
2021-07-13,349.34635783028676,356.29352036129154,346.6628886108737,349.9327392578125,11456000,0.0,0.0,,0.0,,0.0,,0.0,,0.0,,0.0
2021-07-14,352.38762447656626,353.02371778417586,344.60561187818195,345.5000915527344,13894200,0.0,0.0,,0.0,,0.0,,0.0,,0.0,,0.0
2021-07-15,347.0903118971537,347.0903118971537,338.1355056051205,342.3495178222656,14781600,0.0,0.0,,0.0,,0.0,,0.0,,0.0,,0.0
2021-07-16,342.79678744871774,343.870157091609,338.05602350249643,339.06976318359375,11026100,0.0,0.0,,0.0,,0.0,,0.0,,0.0,,0.0
2021-07-19,335.5017249882691,337.7081243213313,332.4902909298218,334.8855285644531,14372300,0.0,0.0,,0.0,,0.0,,0.0,,0.0,,0.0
2021-07-20,336.72415785904803,341.345691540466,332.45051612185773,339.566650390625,11024300,0.0,0.0,,0.0,,0.0,,0.0,,0.0,,0.0
2021-07-21,339.4076427038064,344.3968744388851,339.1591744441404,344.1086730957031,9279700,0.0,0.0,,0.0,,0.0,,0.0,,0.0,,0.0
2021-07-22,344.55592213336524,349.38616121480135,343.0949274499766,349.0382995605469,12385400,0.0,0.0,,0.0,,0.0,,0.0,,0.0,,0.0
2021-07-23,358.69872500030067,373.03035735162143,355.00151605256804,367.5243225097656,33694300,0.0,0.0,,0.0,,0.0,,0.0,,0.0,,0.0
2021-07-26,367.31558875892716,372.1458275575913,365.9639359685642,370.1779479980469,14925200,0.0,0.0,,0.0,,0.0,,0.0,,0.0,,0.0
2021-07-27,369.6313432403058,370.8637361617753,362.3164215517457,365.55645751953125,15705400,0.0,0.0,,0.0,,0.0,,0.0,,0.0,,0.0
2021-07-28,372.2650455528134,375.23671593421324,364.6817901764192,370.9928894042969,29676900,0.0,0.0,,0.0,,0.0,,0.0,,0.0,,0.0
2021-07-29,358.7881758014143,363.2804711278901,354.55426684655333,356.1246032714844,33413200,0.0,0.0,,0.0,,0.0,,0.0,,0.0,,0.0
2021-07-30,351.8310778760998,358.51985476716715,350.77757481512225,354.1169738769531,15976200,0.0,0.0,,0.0,,0.0,,0.0,,0.0,,0.0
2021-08-02,355.9059224180432,357.19794516784174,348.59100146783044,349.7936096191406,13180400,0.0,0.0,,0.0,,0.0,,0.0,,0.0,,0.0
2021-08-03,350.5688430924882,351.60244920065014,345.569662989032,349.08795166015625,12406100,0.0,0.0,,0.0,,0.0,,0.0,,0.0,,0.0
2021-08-04,350.26077209990274,358.27138687895035,349.3563439370296,356.720947265625,14180600,0.0,0.0,,0.0,,0.0,,0.0,,0.0,,0.0
2021-08-05,357.436540153828,361.67041898134795,354.7133072052219,360.7461242675781,10247200,0.0,0.0,,0.0,,0.0,,0.0,,0.0,,0.0
2021-08-06,359.1857184641995,362.9127424459059,359.1857184641995,361.2828063964844,8925000,0.0,0.0,,0.0,,0.0,,0.0,,0.0,,0.0
2021-08-09,361.5312604429696,363.53887302980746,358.5396929388528,359.3944091796875,7798900,0.0,0.0,,0.0,,0.0,,0.0,,0.0,,0.0
2021-08-10,359.6130512943721,361.8691623974456,356.84016748514983,358.9173583984375,7469900,0.0,0.0,,0.0,,0.0,,0.0,,0.0,,0.0
2021-08-11,359.88141938033306,360.1398057355373,355.6176957175975,357.7545166015625,8400300,0.0,0.0,,0.0,,0.0,,0.0,,0.0,,0.0
2021-08-12,356.25379112404374,360.775901168992,354.92197460511153,360.42803955078125,7170700,0.0,0.0,,0.0,,0.0,,0.0,,0.0,,0.0
2021-08-13,360.7460986209187,362.4257464853339,359.26523749678626,360.9548034667969,7195700,0.0,0.0,,0.0,,0.0,,0.0,,0.0,,0.0
2021-08-16,360.2988314743771,364.701711945367,355.19033999178566,364.3140869140625,11222100,0.0,0.0,,0.0,,0.0,,0.0,,0.0,,0.0
2021-08-17,360.7560275957702,362.4356753695751,352.89448863207764,356.2537841796875,12328700,0.0,0.0,,0.0,,0.0,,0.0,,0.0,,0.0
2021-08-18,354.06730316999887,357.6551706167664,352.9740366590029,353.272216796875,10042400,0.0,0.0,,0.0,,0.0,,0.0,,0.0,,0.0
2021-08-19,349.1972627753973,355.37915366197166,348.8494011810351,352.94415283203125,12004500,0.0,0.0,,0.0,,0.0,,0.0,,0.0,,0.0
2021-08-20,352.42738834284296,357.7843482913817,351.1452836203347,357.16815185546875,8697700,0.0,0.0,,0.0,,0.0,,0.0,,0.0,,0.0
2021-08-23,357.237762215359,363.4494693116218,356.8998489889944,361.1238098144531,10942000,0.0,0.0,,0.0,,0.0,,0.0,,0.0,,0.0
2021-08-24,361.4318671714716,365.70550903798613,359.6230109903301,363.2705383300781,9235100,0.0,0.0,,0.0,,0.0,,0.0,,0.0,,0.0
2021-08-25,363.3599897763823,368.5877413460941,363.16120303598643,366.1329040527344,9684500,0.0,0.0,,0.0,,0.0,,0.0,,0.0,,0.0
2021-08-26,366.1229839255999,367.1764870038402,361.89902317567055,362.1474914550781,7888700,0.0,0.0,,0.0,,0.0,,0.0,,0.0,,0.0
2021-08-27,362.8630608868701,371.4501083679066,361.84929095236936,370.346923828125,11219100,0.0,0.0,,0.0,,0.0,,0.0,,0.0,,0.0
2021-08-30,370.277320431744,379.1525989939394,368.24981103024754,378.32769775390625,13547300,0.0,0.0,,0.0,,0.0,,0.0,,0.0,,0.0
2021-08-31,377.62208744255565,380.4148683602898,376.47910914042166,377.0555725097656,12345400,0.0,0.0,,0.0,,0.0,,0.0,,0.0,,0.0
2021-09-01,377.26427871435374,381.9752274067233,376.4890589253486,379.7091979980469,11567200,0.0,0.0,,0.0,,0.0,,0.0,,0.0,,0.0
2021-09-02,379.16257404647814,379.41104231256367,371.76815602132564,372.9806823730469,14832900,0.0,0.0,,0.0,,0.0,,0.0,,0.0,,0.0
2021-09-03,372.45392339362985,374.8491610703361,370.823957042106,373.9546813964844,7509600,0.0,0.0,,0.0,,0.0,,0.0,,0.0,,0.0
2021-09-07,373.57699108828416,380.61359863924196,370.8637068575138,379.83837890625,10793800,0.0,0.0,,0.0,,0.0,,0.0,,0.0,,0.0
2021-09-08,377.83081110549836,378.5364525321766,372.4937172733895,375.2566833496094,11067200,0.0,0.0,,0.0,,0.0,,0.0,,0.0,,0.0
2021-09-09,375.32624124907073,377.50279537132553,374.2627897833095,375.68402099609375,9098900,0.0,0.0,,0.0,,0.0,,0.0,,0.0,,0.0
2021-09-10,379.02343624127707,381.43857095983964,375.9424538519922,376.36981201171875,11549600,0.0,0.0,,0.0,,0.0,,0.0,,0.0,,0.0
2021-09-13,379.3414622525218,379.4110406460639,372.05638606835686,374.2031555175781,13026300,0.0,0.0,,0.0,,0.0,,0.0,,0.0,,0.0
2021-09-14,375.0876871711483,376.2703985402362,372.8117093687943,374.2230224609375,8711600,0.0,0.0,,0.0,,0.0,,0.0,,0.0,,0.0
2021-09-15,374.6901440027762,375.2467104904969,365.41732168896675,371.6290283203125,17940300,0.0,0.0,,0.0,,0.0,,0.0,,0.0,,0.0
2021-09-16,370.5059571772918,371.2712285364681,367.4448110793876,370.7742919921875,11934200,0.0,0.0,,0.0,,0.0,,0.0,,0.0,,0.0
2021-09-17,369.13439524901133,369.13439524901133,359.3745545629104,362.4853820800781,26299000,0.0,0.0,,0.0,,0.0,,0.0,,0.0,,0.0
2021-09-20,357.09857916027295,358.81799047710666,347.6567850682082,353.5206604003906,19822800,0.0,0.0,,0.0,,0.0,,0.0,,0.0,,0.0
2021-09-21,356.30353464536375,357.8341078334802,353.0138168495633,355.289794921875,11751900,0.0,0.0,,0.0,,0.0,,0.0,,0.0,,0.0
2021-09-22,345.1025052529308,347.6964990178682,338.60256785749357,341.10711669921875,43692900,0.0,0.0,,0.0,,0.0,,0.0,,0.0,,0.0
2021-09-23,343.24394117088934,347.52756141113366,340.89841561050554,343.84027099609375,21806300,0.0,0.0,,0.0,,0.0,,0.0,,0.0,,0.0
2021-09-24,341.1369770274139,352.17892241885056,340.27231232414516,350.79742431640625,18801900,0.0,0.0,,0.0,,0.0,,0.0,,0.0,,0.0
2021-09-27,347.66671441610913,352.9739926378458,344.9534301859247,351.4136047363281,15205800,0.0,0.0,,0.0,,0.0,,0.0,,0.0,,0.0
2021-09-28,345.83799342530625,347.45801128882255,336.84345479305586,338.5628356933594,21710300,0.0,0.0,,0.0,,0.0,,0.0,,0.0,,0.0
2021-09-29,341.0475551784141,343.1148282538568,336.8037278735802,337.52923583984375,14452200,0.0,0.0,,0.0,,0.0,,0.0,,0.0,,0.0
2021-09-30,338.364110975775,340.69968850974493,336.0781846342511,337.31060791015625,16547100,0.0,0.0,,0.0,,0.0,,0.0,,0.0,,0.0
2021-10-01,339.5169397709108,342.90605032859986,336.5651660887202,340.90838623046875,14905300,0.0,0.0,,0.0,,0.0,,0.0,,0.0,,0.0
2021-10-04,333.4742393688953,333.8817309787597,320.72286086663,324.2312316894531,42885000,0.0,0.0,,0.0,,0.0,,0.0,,0.0,,0.0
2021-10-05,326.5668138262897,333.1263824322283,324.1616578801591,330.91998291015625,35377900,0.0,0.0,,0.0,,0.0,,0.0,,0.0,,0.0
2021-10-06,327.7196959629552,332.33128156034894,323.80383364588175,331.5958251953125,26443000,0.0,0.0,,0.0,,0.0,,0.0,,0.0,,0.0
2021-10-07,334.9352430750765,336.7639659851319,326.9643915327809,327.2029113769531,28307500,0.0,0.0,,0.0,,0.0,,0.0,,0.0,,0.0
2021-10-08,329.47887806439275,331.35728243424967,326.69601521156073,328.0278015136719,15946100,0.0,0.0,,0.0,,0.0,,0.0,,0.0,,0.0
2021-10-11,325.62262960456826,328.43527696797554,323.3168368677761,323.45599365234375,14708200,0.0,0.0,,0.0,,0.0,,0.0,,0.0,,0.0
2021-10-12,321.0508899015954,322.3926249186035,315.42556340116704,321.7863464355469,31658700,0.0,0.0,,0.0,,0.0,,0.0,,0.0,,0.0
2021-10-13,324.9666789883615,324.9964939672446,320.6830884820913,322.55157470703125,14761500,0.0,0.0,,0.0,,0.0,,0.0,,0.0,,0.0
2021-10-14,326.3481180912024,328.4948873738383,325.0958587576121,326.51708984375,14302200,0.0,0.0,,0.0,,0.0,,0.0,,0.0,,0.0
2021-10-15,326.66619866675364,327.0538237290284,320.5340187105257,322.7702331542969,21596400,0.0,0.0,,0.0,,0.0,,0.0,,0.0,,0.0
2021-10-18,326.93456707876044,333.83204879181386,325.49343895724417,333.285400390625,21585000,0.0,0.0,,0.0,,0.0,,0.0,,0.0,,0.0
2021-10-19,337.568977669507,340.36175853261335,335.21350337783207,337.9068908691406,18786300,0.0,0.0,,0.0,,0.0,,0.0,,0.0,,0.0
2021-10-20,341.34567067583896,341.87242211664955,337.37017894727757,338.6920166015625,13639500,0.0,0.0,,0.0,,0.0,,0.0,,0.0,,0.0
2021-10-21,338.1951363336798,340.21269750796085,335.7303201333769,339.78533935546875,16354400,0.0,0.0,,0.0,,0.0,,0.0,,0.0,,0.0
2021-10-22,324.35048404262034,327.61038651489633,319.1425685056117,322.6211242675781,35224500,0.0,0.0,,0.0,,0.0,,0.0,,0.0,,0.0
2021-10-25,318.3375377005722,327.54081219391276,317.76110465545526,326.6761474609375,38409000,0.0,0.0,,0.0,,0.0,,0.0,,0.0,,0.0
2021-10-26,326.24872981125117,328.18676377948725,307.7030577466487,313.875,65654000,0.0,0.0,,0.0,,0.0,,0.0,,0.0,,0.0
2021-10-27,312.264999137857,317.2939947169461,310.14804453164186,310.30706787109375,29971800,0.0,0.0,,0.0,,0.0,,0.0,,0.0,,0.0
2021-10-28,311.072357347704,323.52558709770653,306.22225136946474,314.9783020019531,50806800,0.0,0.0,,0.0,,0.0,,0.0,,0.0,,0.0
2021-10-29,318.2282285023065,324.00262875395816,317.64184701631945,321.5875244140625,37059400,0.0,0.0,,0.0,,0.0,,0.0,,0.0,,0.0
2021-11-01,324.042389566454,331.406992775987,324.0026261504321,327.958251953125,31518900,0.0,0.0,,0.0,,0.0,,0.0,,0.0,,0.0
2021-11-02,329.34965397793843,332.73876469563663,321.81607932375937,326.0698547363281,28353000,0.0,0.0,,0.0,,0.0,,0.0,,0.0,,0.0
2021-11-03,325.48346486712654,330.1149167693705,321.2197714591406,329.5881652832031,20786500,0.0,0.0,,0.0,,0.0,,0.0,,0.0,,0.0
2021-11-04,331.9635744405393,335.2035802252252,330.61189120945113,333.79229736328125,22495300,0.0,0.0,,0.0,,0.0,,0.0,,0.0,,0.0
2021-11-05,338.22496425944655,344.66527309543454,337.5590862439086,339.0399475097656,26872800,0.0,0.0,,0.0,,0.0,,0.0,,0.0,,0.0
2021-11-08,342.30980102740114,342.67752923716773,336.26703533688675,336.5453186035156,18342500,0.0,0.0,,0.0,,0.0,,0.0,,0.0,,0.0
2021-11-09,337.9168224227629,339.2187936356499,332.42070590658125,333.315185546875,17556700,0.0,0.0,,0.0,,0.0,,0.0,,0.0,,0.0
2021-11-10,330.4528282053029,331.14855144626017,323.51561398995074,325.632568359375,21872600,0.0,0.0,,0.0,,0.0,,0.0,,0.0,,0.0
2021-11-11,327.799237169997,330.42304641449175,324.99650771403645,325.7319641113281,12376600,0.0,0.0,,0.0,,0.0,,0.0,,0.0,,0.0
2021-11-12,328.15701917584715,339.76544992726394,327.75947599433846,338.8014221191406,25414300,0.0,0.0,,0.0,,0.0,,0.0,,0.0,,0.0
2021-11-15,342.23023907148615,351.4831946506167,341.09723957740795,345.4305114746094,25076600,0.0,0.0,,0.0,,0.0,,0.0,,0.0,,0.0
2021-11-16,341.7234295314653,344.5261594031175,338.7815731753719,340.8587646484375,18181100,0.0,0.0,,0.0,,0.0,,0.0,,0.0,,0.0
2021-11-17,342.13086981250353,345.1721191038279,338.0162509074294,338.68212890625,13602800,0.0,0.0,,0.0,,0.0,,0.0,,0.0,,0.0
2021-11-18,337.638556199738,340.3617586706303,333.2456239415217,336.6148681640625,17487200,0.0,0.0,,0.0,,0.0,,0.0,,0.0,,0.0
2021-11-19,340.1033744571258,349.94271171951675,337.81744821274884,343.1843566894531,26488500,0.0,0.0,,0.0,,0.0,,0.0,,0.0,,0.0
2021-11-22,346.9113716820704,351.6620835891227,338.42371777801765,338.920654296875,27116800,0.0,0.0,,0.0,,0.0,,0.0,,0.0,,0.0
2021-11-23,336.8533847433569,339.3082523841502,331.4566613742384,335.1836853027344,17225000,0.0,0.0,,0.0,,0.0,,0.0,,0.0,,0.0
2021-11-24,333.94137181820736,339.6859572987608,330.7709141057471,338.9703674316406,13566200,0.0,0.0,,0.0,,0.0,,0.0,,0.0,,0.0
2021-11-26,333.7425519380026,335.68061648220413,329.86645318019737,331.0789794921875,14750700,0.0,0.0,,0.0,,0.0,,0.0,,0.0,,0.0
2021-11-29,334.82589336120736,338.58273213098545,333.25555701809856,335.9588928222656,16650900,0.0,0.0,,0.0,,0.0,,0.0,,0.0,,0.0
2021-11-30,332.947413469176,333.75244807231076,321.4482970141968,322.47198486328125,25390000,0.0,0.0,,0.0,,0.0,,0.0,,0.0,,0.0
2021-12-01,328.26632228263117,328.47502712045826,308.3888622450845,308.69696044921875,30329600,0.0,0.0,,0.0,,0.0,,0.0,,0.0,,0.0
2021-12-02,309.4920418236363,312.6724475115821,305.31779348012856,308.4882507324219,24396200,0.0,0.0,,0.0,,0.0,,0.0,,0.0,,0.0
2021-12-03,311.8078222713683,311.8276888145874,297.6649969720125,304.96002197265625,27471000,0.0,0.0,,0.0,,0.0,,0.0,,0.0,,0.0
2021-12-06,306.2421104304496,318.1387721563251,304.46306916280713,315.92242431640625,21758300,0.0,0.0,,0.0,,0.0,,0.0,,0.0,,0.0
2021-12-07,319.5998212583452,324.5393724155182,319.03330623894976,320.83221435546875,18794000,0.0,0.0,,0.0,,0.0,,0.0,,0.0,,0.0
2021-12-08,323.0087963300618,330.7113137810094,321.0906282958158,328.53472900390625,19937700,0.0,0.0,,0.0,,0.0,,0.0,,0.0,,0.0
2021-12-09,327.52094160575854,334.07056152989054,325.99036857779504,327.7992248535156,16879200,0.0,0.0,,0.0,,0.0,,0.0,,0.0,,0.0
2021-12-10,330.52239489751935,332.9772623646228,324.37031874171345,327.7296142578125,14528000,0.0,0.0,,0.0,,0.0,,0.0,,0.0,,0.0
2021-12-13,328.92229356418693,339.00015038245556,327.5706104626266,332.4405822753906,22948700,0.0,0.0,,0.0,,0.0,,0.0,,0.0,,0.0
2021-12-14,326.0400202077631,333.64317279841316,325.642477080357,331.6951599121094,20461000,0.0,0.0,,0.0,,0.0,,0.0,,0.0,,0.0
2021-12-15,330.452821700357,340.01387503906767,321.99498315566495,339.566650390625,24681300,0.0,0.0,,0.0,,0.0,,0.0,,0.0,,0.0
2021-12-16,336.90310258757086,342.349507573721,331.6951871006973,332.84808349609375,22635000,0.0,0.0,,0.0,,0.0,,0.0,,0.0,,0.0
2021-12-17,330.76094859133923,335.0445391358006,328.72352091142955,331.7449035644531,40012600,0.0,0.0,,0.0,,0.0,,0.0,,0.0,,0.0
2021-12-20,327.75945057875657,327.8787104909013,320.55387102422975,323.45599365234375,17901800,0.0,0.0,,0.0,,0.0,,0.0,,0.0,,0.0
2021-12-21,324.41015458844754,333.9413949290416,321.7664482389203,332.1524353027344,16116800,0.0,0.0,,0.0,,0.0,,0.0,,0.0,,0.0
2021-12-22,331.7548043808869,332.46047606830115,326.2487696476689,328.42535400390625,16764600,0.0,0.0,,0.0,,0.0,,0.0,,0.0,,0.0
2021-12-23,328.0775127333061,334.60726620714684,326.3481529337001,333.1860046386719,13987700,0.0,0.0,,0.0,,0.0,,0.0,,0.0,,0.0
2021-12-27,336.7739437029927,345.7386691495785,335.9390938452032,344.05902099609375,17795000,0.0,0.0,,0.0,,0.0,,0.0,,0.0,,0.0
2021-12-28,344.5062465041279,350.54898176449535,343.0850152133504,344.0987548828125,16637600,0.0,0.0,,0.0,,0.0,,0.0,,0.0,,0.0
2021-12-29,344.7844831420644,347.54744884537985,339.54678339555323,340.83880615234375,10747000,0.0,0.0,,0.0,,0.0,,0.0,,0.0,,0.0
2021-12-30,341.8923728029487,345.102594082877,341.1171529383057,342.2501525878906,10593300,0.0,0.0,,0.0,,0.0,,0.0,,0.0,,0.0
2021-12-31,340.9183626406303,341.335802716009,334.2097187670147,334.28924560546875,12870500,0.0,0.0,124879000000.0,0.0,16601000000.0,0.0,165987000000.0,0.0,45531000000.0,0.0,13873000000.0,0.0
2022-01-03,336.22723963885556,338.9902054960533,335.12405511546797,336.4657897949219,14537900,0.0,0.0,124879000000.0,0.0,16601000000.0,0.0,165987000000.0,0.0,45531000000.0,0.0,13873000000.0,0.0
2022-01-04,337.86713760996855,340.98788305000136,329.83662680556665,334.46807861328125,15998000,0.0,0.0,124879000000.0,0.0,16601000000.0,0.0,165987000000.0,0.0,45531000000.0,0.0,13873000000.0,0.0
2022-01-05,330.97959006204326,333.7028228263255,321.8558428011006,322.183837890625,20564500,0.0,0.0,124879000000.0,0.0,16601000000.0,0.0,165987000000.0,0.0,45531000000.0,0.0,13873000000.0,0.0
2022-01-06,320.84208434545513,337.09191371877637,320.74269098082084,330.4230041503906,27962800,0.0,0.0,124879000000.0,0.0,16601000000.0,0.0,165987000000.0,0.0,45531000000.0,0.0,13873000000.0,0.0
2022-01-07,330.701302293414,334.93521110696696,326.8649669563357,329.75714111328125,14722000,0.0,0.0,124879000000.0,0.0,16601000000.0,0.0,165987000000.0,0.0,45531000000.0,0.0,13873000000.0,0.0
2022-01-10,323.3168372187382,326.32827132605445,313.49736670018683,326.0599365234375,24942400,0.0,0.0,124879000000.0,0.0,16601000000.0,0.0,165987000000.0,0.0,45531000000.0,0.0,13873000000.0,0.0
2022-01-11,324.77782693585397,332.57973627319654,323.28701739358206,332.3213195800781,16226800,0.0,0.0,124879000000.0,0.0,16601000000.0,0.0,165987000000.0,0.0,45531000000.0,0.0,13873000000.0,0.0
2022-01-12,333.12632821034856,334.3090394476821,328.0078885822976,331.2181091308594,14104900,0.0,0.0,124879000000.0,0.0,16601000000.0,0.0,165987000000.0,0.0,45531000000.0,0.0,13873000000.0,0.0
2022-01-13,332.92762729602225,333.57363875526204,323.7641159538473,324.4797058105469,14797100,0.0,0.0,124879000000.0,0.0,16601000000.0,0.0,165987000000.0,0.0,45531000000.0,0.0,13873000000.0,0.0
2022-01-14,319.81838363976414,330.6913560904833,319.24192034621416,329.8664245605469,16868500,0.0,0.0,124879000000.0,0.0,16601000000.0,0.0,165987000000.0,0.0,45531000000.0,0.0,13873000000.0,0.0
2022-01-18,321.309236297588,322.223582545403,315.69385946569565,316.2007141113281,22645600,0.0,0.0,124879000000.0,0.0,16601000000.0,0.0,165987000000.0,0.0,45531000000.0,0.0,13873000000.0,0.0
2022-01-19,317.621918019349,325.09586234445294,317.3734497708941,317.6318664550781,20814700,0.0,0.0,124879000000.0,0.0,16601000000.0,0.0,165987000000.0,0.0,45531000000.0,0.0,13873000000.0,0.0
2022-01-20,321.91553993881996,325.81153642827906,314.0440807758908,314.6205139160156,16925000,0.0,0.0,124879000000.0,0.0,16601000000.0,0.0,165987000000.0,0.0,45531000000.0,0.0,13873000000.0,0.0
2022-01-21,312.8811979923042,316.35975395134494,301.1833221576319,301.3125305175781,28710700,0.0,0.0,124879000000.0,0.0,16601000000.0,0.0,165987000000.0,0.0,45531000000.0,0.0,13873000000.0,0.0
2022-01-24,296.01517666276334,307.6335562639881,287.23929005499645,306.8185729980469,38878100,0.0,0.0,124879000000.0,0.0,16601000000.0,0.0,165987000000.0,0.0,45531000000.0,0.0,13873000000.0,0.0
2022-01-25,298.1122787144503,304.3538012022973,295.75677375083,298.31103515625,25108500,0.0,0.0,124879000000.0,0.0,16601000000.0,0.0,165987000000.0,0.0,45531000000.0,0.0,13873000000.0,0.0
2022-01-26,305.1289826297409,305.62591916751484,289.0679900892156,292.8248291015625,28348800,0.0,0.0,124879000000.0,0.0,16601000000.0,0.0,165987000000.0,0.0,45531000000.0,0.0,13873000000.0,0.0
2022-01-27,295.92570854139984,299.86143743195197,292.4571012100481,292.83477783203125,21629900,0.0,0.0,124879000000.0,0.0,16601000000.0,0.0,165987000000.0,0.0,45531000000.0,0.0,13873000000.0,0.0
2022-01-28,293.8087366396124,300.0502579775452,291.2346091634408,299.8614196777344,21871600,0.0,0.0,124879000000.0,0.0,16601000000.0,0.0,165987000000.0,0.0,45531000000.0,0.0,13873000000.0,0.0
2022-01-31,298.83775760964085,311.8674497740452,297.48610474698717,311.3406982421875,21579500,0.0,0.0,124879000000.0,0.0,16601000000.0,0.0,165987000000.0,0.0,45531000000.0,0.0,13873000000.0,0.0
2022-02-01,312.63270295780956,317.70146155908856,310.2076502988541,317.0455017089844,18023800,0.0,0.0,124879000000.0,0.0,16601000000.0,0.0,165987000000.0,0.0,45531000000.0,0.0,13873000000.0,0.0
2022-02-02,325.8115024611573,325.9903923483456,314.9285793648485,321.0210266113281,58458300,0.0,0.0,124879000000.0,0.0,16601000000.0,0.0,165987000000.0,0.0,45531000000.0,0.0,13873000000.0,0.0
2022-02-03,243.15103794736285,246.48051876290083,234.30557378368496,236.30325317382812,188119900,0.0,0.0,124879000000.0,0.0,16601000000.0,0.0,165987000000.0,0.0,45531000000.0,0.0,13873000000.0,0.0
2022-02-04,233.53035358963444,241.12354314413145,228.70012992242172,235.63735961914062,89342200,0.0,0.0,124879000000.0,0.0,16601000000.0,0.0,165987000000.0,0.0,45531000000.0,0.0,13873000000.0,0.0
2022-02-07,236.24364380593295,236.83997375974104,222.63751800874095,223.53201293945312,88613800,0.0,0.0,124879000000.0,0.0,16601000000.0,0.0,165987000000.0,0.0,45531000000.0,0.0,13873000000.0,0.0
2022-02-08,219.49687143062172,224.38672506740048,214.8256559150308,218.83096313476562,94729700,0.0,0.0,124879000000.0,0.0,16601000000.0,0.0,165987000000.0,0.0,45531000000.0,0.0,13873000000.0,0.0
2022-02-09,222.82635401260683,231.9401688480284,220.84855617816334,230.5785675048828,86563300,0.0,0.0,124879000000.0,0.0,16601000000.0,0.0,165987000000.0,0.0,45531000000.0,0.0,13873000000.0,0.0
2022-02-10,226.8714095200295,233.56017102260577,225.31102152364107,226.67263793945312,49310400,0.0,0.0,124879000000.0,0.0,16601000000.0,0.0,165987000000.0,0.0,45531000000.0,0.0,13873000000.0,0.0
2022-02-11,227.06024661414577,229.0082293247873,217.42961420856673,218.204833984375,46156900,0.0,0.0,124879000000.0,0.0,16601000000.0,0.0,165987000000.0,0.0,45531000000.0,0.0,13873000000.0,0.0
2022-02-14,217.96631678840484,219.6459648282454,213.46407265922187,216.36618041992188,38184000,0.0,0.0,124879000000.0,0.0,16601000000.0,0.0,165987000000.0,0.0,45531000000.0,0.0,13873000000.0,0.0
2022-02-15,219.1191987990764,219.79502521301683,213.74234180548123,219.6459503173828,42685500,0.0,0.0,124879000000.0,0.0,16601000000.0,0.0,165987000000.0,0.0,45531000000.0,0.0,13873000000.0,0.0
2022-02-16,211.1085865481224,216.12764868239077,211.05888986059503,215.21327209472656,45817500,0.0,0.0,124879000000.0,0.0,16601000000.0,0.0,165987000000.0,0.0,45531000000.0,0.0,13873000000.0,0.0
2022-02-17,212.708714449999,216.1673884184098,205.89074471901787,206.4373779296875,38747500,0.0,0.0,124879000000.0,0.0,16601000000.0,0.0,165987000000.0,0.0,45531000000.0,0.0,13873000000.0,0.0
2022-02-18,208.10708695719387,209.4587549743163,203.9228745504554,204.89688110351562,37128400,0.0,0.0,124879000000.0,0.0,16601000000.0,0.0,165987000000.0,0.0,45531000000.0,0.0,13873000000.0,0.0
2022-02-22,201.10025943097085,206.20876605072593,198.83423020137045,200.84185791015625,39852400,0.0,0.0,124879000000.0,0.0,16601000000.0,0.0,165987000000.0,0.0,45531000000.0,0.0,13873000000.0,0.0
2022-02-23,202.90913773009862,205.67210376203226,196.8365724227984,197.23411560058594,44481400,0.0,0.0,124879000000.0,0.0,16601000000.0,0.0,165987000000.0,0.0,45531000000.0,0.0,13873000000.0,0.0
2022-02-24,189.8893801688604,207.07345348437815,189.05453045680989,206.3280487060547,49957200,0.0,0.0,124879000000.0,0.0,16601000000.0,0.0,165987000000.0,0.0,45531000000.0,0.0,13873000000.0,0.0
2022-02-25,203.6843341870944,210.02524875323732,201.93510800868344,209.1903839111328,37627600,0.0,0.0,124879000000.0,0.0,16601000000.0,0.0,165987000000.0,0.0,45531000000.0,0.0,13873000000.0,0.0
2022-02-28,206.40756423841182,211.84405146955828,205.56278117758586,209.73704528808594,34239800,0.0,0.0,124879000000.0,0.0,16601000000.0,0.0,165987000000.0,0.0,45531000000.0,0.0,13873000000.0,0.0
2022-03-01,208.58414035237334,210.45262661274012,200.98101728702946,202.2432403564453,27094900,0.0,0.0,124879000000.0,0.0,16601000000.0,0.0,165987000000.0,0.0,45531000000.0,0.0,13873000000.0,0.0
2022-03-02,203.52533119353012,207.86855176605417,200.78224691066754,206.83493041992188,29452100,0.0,0.0,124879000000.0,0.0,16601000000.0,0.0,165987000000.0,0.0,45531000000.0,0.0,13873000000.0,0.0
2022-03-03,207.73934477070128,207.79897472599427,200.18590368407854,201.72640991210938,27263500,0.0,0.0,124879000000.0,0.0,16601000000.0,0.0,165987000000.0,0.0,45531000000.0,0.0,13873000000.0,0.0
2022-03-04,201.13008813754922,204.62852558700732,197.57202073039406,198.83424377441406,32130900,0.0,0.0,124879000000.0,0.0,16601000000.0,0.0,165987000000.0,0.0,45531000000.0,0.0,13873000000.0,0.0
2022-03-07,199.5597780071735,199.6591713857494,186.13255755390946,186.32139587402344,38560600,0.0,0.0,124879000000.0,0.0,16601000000.0,0.0,165987000000.0,0.0,45531000000.0,0.0,13873000000.0,0.0
2022-03-08,186.69907724373496,195.4948455197043,184.9697325036888,189.12411499023438,37508100,0.0,0.0,124879000000.0,0.0,16601000000.0,0.0,165987000000.0,0.0,45531000000.0,0.0,13873000000.0,0.0
2022-03-09,194.54072913659797,197.88014341213315,192.73187278658716,197.2838134765625,31894700,0.0,0.0,124879000000.0,0.0,16601000000.0,0.0,165987000000.0,0.0,45531000000.0,0.0,13873000000.0,0.0
2022-03-10,193.64621845672053,195.07739805325053,189.89932803461798,194.0139617919922,24853000,0.0,0.0,124879000000.0,0.0,16601000000.0,0.0,165987000000.0,0.0,45531000000.0,0.0,13873000000.0,0.0
2022-03-11,191.4596901265834,192.37405144770767,185.52626722691244,186.46051025390625,34694500,0.0,0.0,124879000000.0,0.0,16601000000.0,0.0,165987000000.0,0.0,45531000000.0,0.0,13873000000.0,0.0
2022-03-14,185.88408492244588,191.11185197576268,184.6815069624439,185.48654174804688,31010500,0.0,0.0,124879000000.0,0.0,16601000000.0,0.0,165987000000.0,0.0,45531000000.0,0.0,13873000000.0,0.0
2022-03-15,189.63099489488027,191.10192287058513,184.77095593019092,190.85345458984375,31721700,0.0,0.0,124879000000.0,0.0,16601000000.0,0.0,165987000000.0,0.0,45531000000.0,0.0,13873000000.0,0.0
2022-03-16,193.50709053899072,202.48176346524087,193.32820065940837,202.38238525390625,40640300,0.0,0.0,124879000000.0,0.0,16601000000.0,0.0,165987000000.0,0.0,45531000000.0,0.0,13873000000.0,0.0
2022-03-17,200.46420889496102,206.7653609500021,199.87782738323241,206.56658935546875,29499700,0.0,0.0,124879000000.0,0.0,16601000000.0,0.0,165987000000.0,0.0,45531000000.0,0.0,13873000000.0,0.0
2022-03-18,205.43356348976806,215.47168770722112,204.73785536382474,215.16358947753906,52128000,0.0,0.0,124879000000.0,0.0,16601000000.0,0.0,165987000000.0,0.0,45531000000.0,0.0,13873000000.0,0.0
2022-03-21,213.185766246382,213.39448625669743,206.35786334117677,210.1942138671875,30142300,0.0,0.0,124879000000.0,0.0,16601000000.0,0.0,165987000000.0,0.0,45531000000.0,0.0,13873000000.0,0.0
2022-03-22,210.0749227831847,218.11536655830668,208.8922115338817,215.32257080078125,31998800,0.0,0.0,124879000000.0,0.0,16601000000.0,0.0,165987000000.0,0.0,45531000000.0,0.0,13873000000.0,0.0
2022-03-23,212.0229522873893,215.47169319086976,210.86012256901202,212.15216064453125,23717300,0.0,0.0,124879000000.0,0.0,16601000000.0,0.0,165987000000.0,0.0,45531000000.0,0.0,13873000000.0,0.0
2022-03-24,213.6826940584055,219.31795212373788,213.4739740565939,218.22470092773438,31502300,0.0,0.0,124879000000.0,0.0,16601000000.0,0.0,165987000000.0,0.0,45531000000.0,0.0,13873000000.0,0.0
2022-03-25,219.15896617367318,224.1183987269622,217.54889649912965,220.46095275878906,40039000,0.0,0.0,124879000000.0,0.0,16601000000.0,0.0,165987000000.0,0.0,45531000000.0,0.0,13873000000.0,0.0
2022-03-28,220.7690161565062,222.66730207647373,218.19487353973287,222.22006225585938,26224100,0.0,0.0,124879000000.0,0.0,16601000000.0,0.0,165987000000.0,0.0,45531000000.0,0.0,13873000000.0,0.0
2022-03-29,224.68491797931648,229.47537884009253,223.90968294374315,228.45169067382812,31417900,0.0,0.0,124879000000.0,0.0,16601000000.0,0.0,165987000000.0,0.0,45531000000.0,0.0,13873000000.0,0.0
2022-03-30,227.5074978237866,229.7337638900115,225.3209800093299,226.45399475097656,25588000,0.0,0.0,124879000000.0,0.0,16601000000.0,0.0,165987000000.0,0.0,45531000000.0,0.0,13873000000.0,0.0
2022-03-31,227.05030307254862,227.090066488488,220.89822625435752,220.99761962890625,24192300,0.0,0.0,124879000000.0,0.0,16601000000.0,0.0,165987000000.0,0.0,45531000000.0,0.0,13873000000.0,0.0
2022-04-01,223.17420137831095,225.88747061892326,221.3355301287633,223.4723663330078,19544800,0.0,0.0,124879000000.0,0.0,16601000000.0,0.0,165987000000.0,0.0,45531000000.0,0.0,13873000000.0,0.0
2022-04-04,224.5954453856528,232.91417378558393,224.47618546310053,232.4569854736328,28054800,0.0,0.0,124879000000.0,0.0,16601000000.0,0.0,165987000000.0,0.0,45531000000.0,0.0,13873000000.0,0.0
2022-04-05,232.64580624643807,235.40877212269618,229.60455712834818,230.41952514648438,29727200,0.0,0.0,124879000000.0,0.0,16601000000.0,0.0,165987000000.0,0.0,45531000000.0,0.0,13873000000.0,0.0
2022-04-06,225.51973655141703,227.5869943073352,220.0534347973533,221.93185424804688,28995100,0.0,0.0,124879000000.0,0.0,16601000000.0,0.0,165987000000.0,0.0,45531000000.0,0.0,13873000000.0,0.0
2022-04-07,222.5579910036232,224.13826072274853,217.22089742942342,221.58399963378906,21037200,0.0,0.0,124879000000.0,0.0,16601000000.0,0.0,165987000000.0,0.0,45531000000.0,0.0,13873000000.0,0.0
2022-04-08,221.01748537997543,223.7506361644411,218.6818777344035,220.96778869628906,18375700,0.0,0.0,124879000000.0,0.0,16601000000.0,0.0,165987000000.0,0.0,45531000000.0,0.0,13873000000.0,0.0
2022-04-11,217.08174115310993,219.2583254727486,213.90135055228345,215.13375854492188,20516600,0.0,0.0,124879000000.0,0.0,16601000000.0,0.0,165987000000.0,0.0,45531000000.0,0.0,13873000000.0,0.0
2022-04-12,218.89061972232165,220.66964592068672,211.82418128693826,212.82798767089844,20128800,0.0,0.0,124879000000.0,0.0,16601000000.0,0.0,165987000000.0,0.0,45531000000.0,0.0,13873000000.0,0.0
2022-04-13,210.52219947875912,215.28284477767878,210.03519621839345,213.6727752685547,19231800,0.0,0.0,124879000000.0,0.0,16601000000.0,0.0,165987000000.0,0.0,45531000000.0,0.0,13873000000.0,0.0
2022-04-14,213.57339144017408,213.672784817033,208.71335255165468,208.89224243164062,18379500,0.0,0.0,124879000000.0,0.0,16601000000.0,0.0,165987000000.0,0.0,45531000000.0,0.0,13873000000.0,0.0
2022-04-18,208.71335116143658,212.07264709493094,207.0237699231897,209.4786376953125,16580800,0.0,0.0,124879000000.0,0.0,16601000000.0,0.0,165987000000.0,0.0,45531000000.0,0.0,13873000000.0,0.0
2022-04-19,209.23016971051322,217.0916944228771,207.71947834896403,215.9785614013672,20089900,0.0,0.0,124879000000.0,0.0,16601000000.0,0.0,165987000000.0,0.0,45531000000.0,0.0,13873000000.0,0.0
2022-04-20,212.30121961881053,212.84785282113538,197.7012223078105,199.19203186035156,43036500,0.0,0.0,124879000000.0,0.0,16601000000.0,0.0,165987000000.0,0.0,45531000000.0,0.0,13873000000.0,0.0
2022-04-21,200.36482668468886,201.72642800365506,184.44297508567922,186.917724609375,49954100,0.0,0.0,124879000000.0,0.0,16601000000.0,0.0,165987000000.0,0.0,45531000000.0,0.0,13873000000.0,0.0
2022-04-22,189.20358804035962,191.53919553159372,182.14709921685022,182.98194885253906,36426800,0.0,0.0,124879000000.0,0.0,16601000000.0,0.0,165987000000.0,0.0,45531000000.0,0.0,13873000000.0,0.0
2022-04-25,181.61043578359198,186.0331682517246,180.54699940296942,185.84434509277344,29281100,0.0,0.0,124879000000.0,0.0,16601000000.0,0.0,165987000000.0,0.0,45531000000.0,0.0,13873000000.0,0.0
2022-04-26,185.4865306150362,186.04309709190935,178.40021097521415,179.84132385253906,31747400,0.0,0.0,124879000000.0,0.0,16601000000.0,0.0,165987000000.0,0.0,45531000000.0,0.0,13873000000.0,0.0
2022-04-27,173.36126405734134,180.09973710282176,167.96454082382462,173.87808227539062,71062900,0.0,0.0,124879000000.0,0.0,16601000000.0,0.0,165987000000.0,0.0,45531000000.0,0.0,13873000000.0,0.0
2022-04-28,201.6767017951096,207.25232977842094,191.7180903626358,204.469482421875,100890600,0.0,0.0,124879000000.0,0.0,16601000000.0,0.0,165987000000.0,0.0,45531000000.0,0.0,13873000000.0,0.0
2022-04-29,203.2073041917917,211.17815567179176,198.675230039035,199.2417449951172,49193400,0.0,0.0,124879000000.0,0.0,16601000000.0,0.0,165987000000.0,0.0,45531000000.0,0.0,13873000000.0,0.0
2022-05-02,199.93744334739281,210.58183058253957,199.75855347442706,209.83642578125,49915300,0.0,0.0,124879000000.0,0.0,16601000000.0,0.0,165987000000.0,0.0,45531000000.0,0.0,13873000000.0,0.0
2022-05-03,209.16057479885507,213.5833067211387,206.8150338563756,210.73089599609375,41556300,0.0,0.0,124879000000.0,0.0,16601000000.0,0.0,165987000000.0,0.0,45531000000.0,0.0,13873000000.0,0.0
2022-05-04,209.3593535489935,222.92572988646552,205.69197470474614,222.0411834716797,41375900,0.0,0.0,124879000000.0,0.0,16601000000.0,0.0,165987000000.0,0.0,45531000000.0,0.0,13873000000.0,0.0
2022-05-05,217.3998104374133,218.82104171123007,204.89688484221818,207.00389099121094,41129200,0.0,0.0,124879000000.0,0.0,16601000000.0,0.0,165987000000.0,0.0,45531000000.0,0.0,13873000000.0,0.0
2022-05-06,206.0696493080628,208.09715896786054,199.78837906809204,202.5215301513672,34747200,0.0,0.0,124879000000.0,0.0,16601000000.0,0.0,165987000000.0,0.0,45531000000.0,0.0,13873000000.0,0.0
2022-05-09,198.61559197295782,201.32887639088509,194.3816981264719,195.00784301757812,36303200,0.0,0.0,124879000000.0,0.0,16601000000.0,0.0,165987000000.0,0.0,45531000000.0,0.0,13873000000.0,0.0
2022-05-10,198.28759977595956,201.71647381017016,193.00020322177312,196.43899536132812,34452500,0.0,0.0,124879000000.0,0.0,16601000000.0,0.0,165987000000.0,0.0,45531000000.0,0.0,13873000000.0,0.0
2022-05-11,195.1270956342218,199.4405009853025,187.11648136355788,187.58360290527344,31153400,0.0,0.0,124879000000.0,0.0,16601000000.0,0.0,165987000000.0,0.0,45531000000.0,0.0,13873000000.0,0.0
2022-05-12,185.91388594359296,196.83655596627145,183.64785665599524,190.0682830810547,38262200,0.0,0.0,124879000000.0,0.0,16601000000.0,0.0,165987000000.0,0.0,45531000000.0,0.0,13873000000.0,0.0
2022-05-13,191.40007434633253,198.66528393654625,190.10803634450932,197.40306091308594,24549800,0.0,0.0,124879000000.0,0.0,16601000000.0,0.0,165987000000.0,0.0,45531000000.0,0.0,13873000000.0,0.0
2022-05-16,195.84266074745537,204.11167550643248,194.72951277131253,198.8143310546875,27112600,0.0,0.0,124879000000.0,0.0,16601000000.0,0.0,165987000000.0,0.0,45531000000.0,0.0,13873000000.0,0.0
2022-05-17,200.88163398717677,204.20118179682382,197.1446764443167,201.37857055664062,24872700,0.0,0.0,124879000000.0,0.0,16601000000.0,0.0,165987000000.0,0.0,45531000000.0,0.0,13873000000.0,0.0
2022-05-18,198.77461386509862,199.76848693442412,190.4559011277401,191.06216430664062,23960000,0.0,0.0,124879000000.0,0.0,16601000000.0,0.0,165987000000.0,0.0,45531000000.0,0.0,13873000000.0,0.0
2022-05-19,190.02855126821694,194.09348898362947,188.43836326027412,190.1179962158203,24446900,0.0,0.0,124879000000.0,0.0,16601000000.0,0.0,165987000000.0,0.0,45531000000.0,0.0,13873000000.0,0.0
2022-05-20,193.7754487572125,196.69743823694742,186.71894334471935,192.3542022705078,31465600,0.0,0.0,124879000000.0,0.0,16601000000.0,0.0,165987000000.0,0.0,45531000000.0,0.0,13873000000.0,0.0
2022-05-23,193.99408863195958,195.7830632064403,190.06829300467948,195.0277099609375,25059200,0.0,0.0,124879000000.0,0.0,16601000000.0,0.0,165987000000.0,0.0,45531000000.0,0.0,13873000000.0,0.0
2022-05-24,179.4438036154665,182.5546163206355,175.03100432063903,180.16932678222656,50406300,0.0,0.0,124879000000.0,0.0,16601000000.0,0.0,165987000000.0,0.0,45531000000.0,0.0,13873000000.0,0.0
2022-05-25,179.29469703493453,184.31375910713152,178.2213274571768,182.7036895751953,28030200,0.0,0.0,124879000000.0,0.0,16601000000.0,0.0,165987000000.0,0.0,45531000000.0,0.0,13873000000.0,0.0
2022-05-26,181.75952726069377,191.64856211016632,181.14331559279472,190.45591735839844,23056500,0.0,0.0,124879000000.0,0.0,16601000000.0,0.0,165987000000.0,0.0,45531000000.0,0.0,13873000000.0,0.0
2022-05-27,190.1875426912473,194.1332198141493,188.6371031985269,193.9344482421875,22562700,0.0,0.0,124879000000.0,0.0,16601000000.0,0.0,165987000000.0,0.0,45531000000.0,0.0,13873000000.0,0.0
2022-05-31,193.6959241146988,196.38932683645706,190.83356478903687,192.45358276367188,26131100,0.0,0.0,124879000000.0,0.0,16601000000.0,0.0,165987000000.0,0.0,45531000000.0,0.0,13873000000.0,0.0
2022-06-01,195.30599891606946,198.3074999473224,183.866524907037,187.48422241210938,36623500,0.0,0.0,124879000000.0,0.0,16601000000.0,0.0,165987000000.0,0.0,45531000000.0,0.0,13873000000.0,0.0
2022-06-02,187.29539360606225,199.70887480991993,186.5798037190246,197.64161682128906,31951600,0.0,0.0,124879000000.0,0.0,16601000000.0,0.0,165987000000.0,0.0,45531000000.0,0.0,13873000000.0,0.0
2022-06-03,194.77922039479748,195.4053652187301,188.6172110144746,189.611083984375,19465000,0.0,0.0,124879000000.0,0.0,16601000000.0,0.0,165987000000.0,0.0,45531000000.0,0.0,13873000000.0,0.0
2022-06-06,192.8014434305076,195.7134842632058,187.2456814112571,193.05984497070312,30574200,0.0,0.0,124879000000.0,0.0,16601000000.0,0.0,165987000000.0,0.0,45531000000.0,0.0,13873000000.0,0.0
2022-06-07,190.7540543304463,195.32587659729063,190.31676291096798,194.45126342773438,18828700,0.0,0.0,124879000000.0,0.0,16601000000.0,0.0,165987000000.0,0.0,45531000000.0,0.0,13873000000.0,0.0
2022-06-08,193.47727990727512,200.79218673216184,193.21887835363768,195.43521118164062,22267200,0.0,0.0,124879000000.0,0.0,16601000000.0,0.0,165987000000.0,0.0,45531000000.0,0.0,13873000000.0,0.0
2022-06-09,193.08966438709655,198.22798648713731,182.55460347558127,182.87265014648438,23501600,0.0,0.0,124879000000.0,0.0,16601000000.0,0.0,165987000000.0,0.0,45531000000.0,0.0,13873000000.0,0.0
2022-06-10,181.91851071222317,181.97815583220992,173.94766001941935,174.49429321289062,27450800,0.0,0.0,124879000000.0,0.0,16601000000.0,0.0,165987000000.0,0.0,45531000000.0,0.0,13873000000.0,0.0
2022-06-13,169.54478835226,171.52260104586048,163.02498401707416,163.25357055664062,31749300,0.0,0.0,124879000000.0,0.0,16601000000.0,0.0,165987000000.0,0.0,45531000000.0,0.0,13873000000.0,0.0
2022-06-14,165.01273283044665,165.72832260303596,160.37134774439835,162.72682189941406,27244300,0.0,0.0,124879000000.0,0.0,16601000000.0,0.0,165987000000.0,0.0,45531000000.0,0.0,13873000000.0,0.0
2022-06-15,166.17558733834247,171.10520482592023,162.97531458806148,168.3124237060547,30008300,0.0,0.0,124879000000.0,0.0,16601000000.0,0.0,165987000000.0,0.0,45531000000.0,0.0,13873000000.0,0.0
2022-06-16,162.7168979129167,164.06856587545087,158.63207904686337,159.8843536376953,26944100,0.0,0.0,124879000000.0,0.0,16601000000.0,0.0,165987000000.0,0.0,45531000000.0,0.0,13873000000.0,0.0
2022-06-17,160.6893945759585,164.8835402463162,158.9203016816711,162.73678588867188,31374200,0.0,0.0,124879000000.0,0.0,16601000000.0,0.0,165987000000.0,0.0,45531000000.0,0.0,13873000000.0,0.0
2022-06-21,164.9133349754347,166.73212433414977,155.01436866623226,156.08775329589844,50724900,0.0,0.0,124879000000.0,0.0,16601000000.0,0.0,165987000000.0,0.0,45531000000.0,0.0,13873000000.0,0.0
2022-06-22,157.4096240342651,159.8048466431688,154.48763473830567,154.89512634277344,47267800,0.0,0.0,124879000000.0,0.0,16601000000.0,0.0,165987000000.0,0.0,45531000000.0,0.0,13873000000.0,0.0
2022-06-23,155.3125578985894,158.77123213640348,153.30492993452418,157.77735900878906,40499200,0.0,0.0,124879000000.0,0.0,16601000000.0,0.0,165987000000.0,0.0,45531000000.0,0.0,13873000000.0,0.0
2022-06-24,160.73908895069596,169.20689183692465,160.31173080572336,169.11744689941406,68736000,0.0,0.0,124879000000.0,0.0,16601000000.0,0.0,165987000000.0,0.0,45531000000.0,0.0,13873000000.0,0.0
2022-06-27,170.27035831970866,170.69771650234966,166.98062539673484,168.45156860351562,29174600,0.0,0.0,124879000000.0,0.0,16601000000.0,0.0,165987000000.0,0.0,45531000000.0,0.0,13873000000.0,0.0
2022-06-28,168.85903753025923,170.25046900162855,159.6259628903936,159.69552612304688,27744500,0.0,0.0,124879000000.0,0.0,16601000000.0,0.0,165987000000.0,0.0,45531000000.0,0.0,13873000000.0,0.0
2022-06-29,162.56781870699797,165.3109028087811,159.3377313612752,162.935546875,28595200,0.0,0.0,124879000000.0,0.0,16601000000.0,0.0,165987000000.0,0.0,45531000000.0,0.0,13873000000.0,0.0
2022-06-30,161.15651891855018,164.2176499209504,157.51895485710526,160.2620391845703,35250600,0.0,0.0,124879000000.0,0.0,16601000000.0,0.0,165987000000.0,0.0,45531000000.0,0.0,13873000000.0,0.0
2022-07-01,159.3277827464295,159.63588095876648,154.05031939240212,159.04949951171875,31423900,0.0,0.0,124879000000.0,0.0,16601000000.0,0.0,165987000000.0,0.0,45531000000.0,0.0,13873000000.0,0.0
2022-07-05,157.1710879159555,167.21914533907915,156.0579549217205,167.15951538085938,28618600,0.0,0.0,124879000000.0,0.0,16601000000.0,0.0,165987000000.0,0.0,45531000000.0,0.0,13873000000.0,0.0
2022-07-06,167.1694399505983,170.53866890233712,164.4462375649792,168.72982788085938,23085900,0.0,0.0,124879000000.0,0.0,16601000000.0,0.0,165987000000.0,0.0,45531000000.0,0.0,13873000000.0,0.0
2022-07-07,168.41177702398065,171.66174598425962,166.752010931776,171.13499450683594,24083400,0.0,0.0,124879000000.0,0.0,16601000000.0,0.0,165987000000.0,0.0,45531000000.0,0.0,13873000000.0,0.0
2022-07-08,168.93852827222378,171.343699112082,167.11973886261936,169.83302307128906,19249200,0.0,0.0,124879000000.0,0.0,16601000000.0,0.0,165987000000.0,0.0,45531000000.0,0.0,13873000000.0,0.0
2022-07-11,166.04639577758283,166.46382068408457,160.9180066429031,161.88206481933594,21885600,0.0,0.0,124879000000.0,0.0,16601000000.0,0.0,165987000000.0,0.0,45531000000.0,0.0,13873000000.0,0.0
2022-07-12,163.79029323976258,164.8934930097814,161.10683884831963,162.26966857910156,16639700,0.0,0.0,124879000000.0,0.0,16601000000.0,0.0,165987000000.0,0.0,45531000000.0,0.0,13873000000.0,0.0
2022-07-13,159.17872761146324,163.969188316566,158.6320943449835,162.4883270263672,16555100,0.0,0.0,124879000000.0,0.0,16601000000.0,0.0,165987000000.0,0.0,45531000000.0,0.0,13873000000.0,0.0
2022-07-14,160.23221018863558,161.59381137901195,156.31634804650037,157.08163452148438,23765200,0.0,0.0,124879000000.0,0.0,16601000000.0,0.0,165987000000.0,0.0,45531000000.0,0.0,13873000000.0,0.0
2022-07-15,159.55637194498883,163.96917069050158,158.84079730478325,163.69088745117188,23342800,0.0,0.0,124879000000.0,0.0,16601000000.0,0.0,165987000000.0,0.0,45531000000.0,0.0,13873000000.0,0.0
2022-07-18,165.72832849054046,170.6380637070529,164.6251288157156,166.20538330078125,23574300,0.0,0.0,124879000000.0,0.0,16601000000.0,0.0,165987000000.0,0.0,45531000000.0,0.0,13873000000.0,0.0
2022-07-19,169.32616089672115,175.4086747859739,168.47142939532327,174.70301818847656,25933700,0.0,0.0,124879000000.0,0.0,16601000000.0,0.0,165987000000.0,0.0,45531000000.0,0.0,13873000000.0,0.0
2022-07-20,176.40253587416117,182.47510091163423,175.61736765976366,181.9682159423828,24784300,0.0,0.0,124879000000.0,0.0,16601000000.0,0.0,165987000000.0,0.0,45531000000.0,0.0,13873000000.0,0.0
2022-07-21,179.52329855214137,182.72357106975315,177.77407223277118,182.0477294921875,27195800,0.0,0.0,124879000000.0,0.0,16601000000.0,0.0,165987000000.0,0.0,45531000000.0,0.0,13873000000.0,0.0
2022-07-22,172.00961550879498,174.52411310426413,167.3781634705027,168.23289489746094,42583900,0.0,0.0,124879000000.0,0.0,16601000000.0,0.0,165987000000.0,0.0,45531000000.0,0.0,13873000000.0,0.0
2022-07-25,167.96454448781833,169.5249324467233,163.80021400572573,165.62893676757812,26166300,0.0,0.0,124879000000.0,0.0,16601000000.0,0.0,165987000000.0,0.0,45531000000.0,0.0,13873000000.0,0.0
2022-07-26,164.923303015304,164.98293297426838,156.98225156504662,158.17489624023438,28468400,0.0,0.0,124879000000.0,0.0,16601000000.0,0.0,165987000000.0,0.0,45531000000.0,0.0,13873000000.0,0.0
2022-07-27,161.59382200990407,169.82308997915436,161.02732223474763,168.54100036621094,43846600,0.0,0.0,124879000000.0,0.0,16601000000.0,0.0,165987000000.0,0.0,45531000000.0,0.0,13873000000.0,0.0
2022-07-28,160.0731731694398,160.5204129590436,153.90123070925304,159.73526000976562,73214300,0.0,0.0,124879000000.0,0.0,16601000000.0,0.0,165987000000.0,0.0,45531000000.0,0.0,13873000000.0,0.0
2022-07-29,156.72383381232743,159.15881959844086,154.21926963775158,158.1251983642578,42065400,0.0,0.0,124879000000.0,0.0,16601000000.0,0.0,165987000000.0,0.0,45531000000.0,0.0,13873000000.0,0.0
2022-08-01,156.28654636618882,164.17790127688193,154.27891844003386,158.9501190185547,40596700,0.0,0.0,124879000000.0,0.0,16601000000.0,0.0,165987000000.0,0.0,45531000000.0,0.0,13873000000.0,0.0
2022-08-02,157.3400404208484,161.245969400796,157.04187547221665,159.20852661132812,27374500,0.0,0.0,124879000000.0,0.0,16601000000.0,0.0,165987000000.0,0.0,45531000000.0,0.0,13873000000.0,0.0
2022-08-03,161.6931978048426,168.50121862970332,160.58006491833302,167.76576232910156,31721900,0.0,0.0,124879000000.0,0.0,16601000000.0,0.0,165987000000.0,0.0,45531000000.0,0.0,13873000000.0,0.0
2022-08-04,167.2688518546705,171.09525432984074,165.77804215037807,169.5249481201172,23938200,0.0,0.0,124879000000.0,0.0,16601000000.0,0.0,165987000000.0,0.0,45531000000.0,0.0,13873000000.0,0.0
2022-08-05,165.96686069623243,170.55854918541522,164.78414937864324,166.08612060546875,25832700,0.0,0.0,124879000000.0,0.0,16601000000.0,0.0,165987000000.0,0.0,45531000000.0,0.0,13873000000.0,0.0
2022-08-08,166.97064934953193,176.42237529070383,166.1059847682955,169.2068634033203,27299100,0.0,0.0,124879000000.0,0.0,16601000000.0,0.0,165987000000.0,0.0,45531000000.0,0.0,13873000000.0,0.0
2022-08-09,167.91484611923673,168.49129429899173,165.57925358770945,167.49742126464844,18655100,0.0,0.0,124879000000.0,0.0,16601000000.0,0.0,165987000000.0,0.0,45531000000.0,0.0,13873000000.0,0.0
2022-08-10,174.91172190647023,179.37420215378333,172.88421241071052,177.247314453125,30262100,0.0,0.0,124879000000.0,0.0,16601000000.0,0.0,165987000000.0,0.0,45531000000.0,0.0,13873000000.0,0.0
2022-08-11,178.60894161117974,181.9781708161605,175.2893939289972,176.4025421142578,24079100,0.0,0.0,124879000000.0,0.0,16601000000.0,0.0,165987000000.0,0.0,45531000000.0,0.0,13873000000.0,0.0
2022-08-12,179.70218696969965,180.34821356297536,177.8138342069235,179.3940887451172,21274000,0.0,0.0,124879000000.0,0.0,16601000000.0,0.0,165987000000.0,0.0,45531000000.0,0.0,13873000000.0,0.0
2022-08-15,177.8635097327133,180.32831040143196,177.10815658522864,179.78167724609375,15878700,0.0,0.0,124879000000.0,0.0,16601000000.0,0.0,165987000000.0,0.0,45531000000.0,0.0,13873000000.0,0.0
2022-08-16,178.34056161213311,179.88106769210418,175.95525747257545,178.37037658691406,21156700,0.0,0.0,124879000000.0,0.0,16601000000.0,0.0,165987000000.0,0.0,45531000000.0,0.0,13873000000.0,0.0
2022-08-17,175.6769877047996,177.04853731084486,173.10286024979172,173.77870178222656,20118100,0.0,0.0,124879000000.0,0.0,16601000000.0,0.0,165987000000.0,0.0,45531000000.0,0.0,13873000000.0,0.0
2022-08-18,173.27181237459584,174.68311019190733,170.8070116207911,173.58985900878906,18844500,0.0,0.0,124879000000.0,0.0,16601000000.0,0.0,165987000000.0,0.0,45531000000.0,0.0,13873000000.0,0.0
2022-08-19,169.15717391664904,171.26419489376,166.02648017435698,166.930908203125,26240800,0.0,0.0,124879000000.0,0.0,16601000000.0,0.0,165987000000.0,0.0,45531000000.0,0.0,13873000000.0,0.0
2022-08-22,164.476047407373,164.476047407373,161.2658267144044,162.05099487304688,19499700,0.0,0.0,124879000000.0,0.0,16601000000.0,0.0,165987000000.0,0.0,45531000000.0,0.0,13873000000.0,0.0
2022-08-23,161.4844801802522,164.03874105989206,159.7153874601967,160.1228790283203,18111800,0.0,0.0,124879000000.0,0.0,16601000000.0,0.0,165987000000.0,0.0,45531000000.0,0.0,13873000000.0,0.0
2022-08-24,159.61601386916882,164.44623737691913,158.79109743864473,162.25970458984375,20891500,0.0,0.0,124879000000.0,0.0,16601000000.0,0.0,165987000000.0,0.0,45531000000.0,0.0,13873000000.0,0.0
2022-08-25,164.167946270942,167.84528875876978,163.01506503643927,167.7458953857422,15550500,0.0,0.0,124879000000.0,0.0,16601000000.0,0.0,165987000000.0,0.0,45531000000.0,0.0,13873000000.0,0.0
2022-08-26,167.4477345347144,169.8727873091303,160.67946119490765,160.78878784179688,24023600,0.0,0.0,124879000000.0,0.0,16601000000.0,0.0,165987000000.0,0.0,45531000000.0,0.0,13873000000.0,0.0
2022-08-29,159.6756548109233,162.05101089732318,158.03575510778117,158.1947784423828,20052700,0.0,0.0,124879000000.0,0.0,16601000000.0,0.0,165987000000.0,0.0,45531000000.0,0.0,13873000000.0,0.0
2022-08-30,159.36755534794904,160.66952666368502,154.95475642127457,156.1970977783203,19567900,0.0,0.0,124879000000.0,0.0,16601000000.0,0.0,165987000000.0,0.0,45531000000.0,0.0,13873000000.0,0.0
2022-08-31,166.04636560382627,166.81163687736478,161.1465639395765,161.9317169189453,40953000,0.0,0.0,124879000000.0,0.0,16601000000.0,0.0,165987000000.0,0.0,45531000000.0,0.0,13873000000.0,0.0
2022-09-01,162.5777396305446,166.33457818333426,159.36753423549905,164.34683227539062,30145700,0.0,0.0,124879000000.0,0.0,16601000000.0,0.0,165987000000.0,0.0,45531000000.0,0.0,13873000000.0,0.0
2022-09-02,166.42404272160482,166.90109754944598,158.2444715927863,159.33773803710938,22634200,0.0,0.0,124879000000.0,0.0,16601000000.0,0.0,165987000000.0,0.0,45531000000.0,0.0,13873000000.0,0.0
2022-09-06,159.11908880246543,160.69934338609633,156.72385100042874,157.56863403320312,19339800,0.0,0.0,124879000000.0,0.0,16601000000.0,0.0,165987000000.0,0.0,45531000000.0,0.0,13873000000.0,0.0
2022-09-07,156.7934268090775,159.9738331049814,155.84925032480027,159.40731811523438,16831200,0.0,0.0,124879000000.0,0.0,16601000000.0,0.0,165987000000.0,0.0,45531000000.0,0.0,13873000000.0,0.0
2022-09-08,157.73759679430853,161.23601897483294,156.7735387326319,161.0670623779297,22530800,0.0,0.0,124879000000.0,0.0,16601000000.0,0.0,165987000000.0,0.0,45531000000.0,0.0,13873000000.0,0.0
2022-09-09,162.2497721330029,168.5012268184128,162.021185582407,168.11361694335938,22086800,0.0,0.0,124879000000.0,0.0,16601000000.0,0.0,165987000000.0,0.0,45531000000.0,0.0,13873000000.0,0.0
2022-09-12,166.36438641608476,170.3398780708478,166.2550597889669,167.92477416992188,23220400,0.0,0.0,124879000000.0,0.0,16601000000.0,0.0,165987000000.0,0.0,45531000000.0,0.0,13873000000.0,0.0
2022-09-13,160.55024869400128,160.63970879572776,151.73459943582296,152.19178771972656,44444100,0.0,0.0,124879000000.0,0.0,16601000000.0,0.0,165987000000.0,0.0,45531000000.0,0.0,13873000000.0,0.0
2022-09-14,152.3905662670895,152.5992711282938,148.1367905558092,150.54196166992188,43064200,0.0,0.0,124879000000.0,0.0,16601000000.0,0.0,165987000000.0,0.0,45531000000.0,0.0,13873000000.0,0.0
2022-09-15,148.8821810228768,153.2552162328267,147.78891463773996,148.6337127685547,34606300,0.0,0.0,124879000000.0,0.0,16601000000.0,0.0,165987000000.0,0.0,45531000000.0,0.0,13873000000.0,0.0
2022-09-16,147.14290297080004,147.66965445576596,143.40593072690754,145.3936767578125,40122800,0.0,0.0,124879000000.0,0.0,16601000000.0,0.0,165987000000.0,0.0,45531000000.0,0.0,13873000000.0,0.0
2022-09-19,144.35013218414943,147.66966464514056,144.2109905589971,147.11309814453125,22169500,0.0,0.0,124879000000.0,0.0,16601000000.0,0.0,165987000000.0,0.0,45531000000.0,0.0,13873000000.0,0.0
2022-09-20,144.88681754068367,147.92806676320646,144.33025103790823,145.19491577148438,23217400,0.0,0.0,124879000000.0,0.0,16601000000.0,0.0,165987000000.0,0.0,45531000000.0,0.0,13873000000.0,0.0
2022-09-21,145.49307935193633,148.68341860658595,141.12997714402528,141.24923706054688,38338600,0.0,0.0,124879000000.0,0.0,16601000000.0,0.0,165987000000.0,0.0,45531000000.0,0.0,13873000000.0,0.0
2022-09-22,140.68273848122732,143.69417272125622,140.00689689619156,141.94496154785156,34418500,0.0,0.0,124879000000.0,0.0,16601000000.0,0.0,165987000000.0,0.0,45531000000.0,0.0,13873000000.0,0.0
2022-09-23,140.55351941651617,141.74616399683237,138.03902191153918,139.54971313476562,31710700,0.0,0.0,124879000000.0,0.0,16601000000.0,0.0,165987000000.0,0.0,45531000000.0,0.0,13873000000.0,0.0
2022-09-26,139.26147804589192,141.3684990901348,135.35556448743722,135.53445434570312,30497000,0.0,0.0,124879000000.0,0.0,16601000000.0,0.0,165987000000.0,0.0,45531000000.0,0.0,13873000000.0,0.0
2022-09-27,137.07497563144204,138.56578527599626,133.29825483217806,133.5765380859375,30826500,0.0,0.0,124879000000.0,0.0,16601000000.0,0.0,165987000000.0,0.0,45531000000.0,0.0,13873000000.0,0.0
2022-09-28,133.79520666736525,141.1598107925906,133.44736014307207,140.7423858642578,32658500,0.0,0.0,124879000000.0,0.0,16601000000.0,0.0,165987000000.0,0.0,45531000000.0,0.0,13873000000.0,0.0
2022-09-29,138.5061722267641,138.98322712498071,134.3716560014155,135.57424926757812,38985400,0.0,0.0,124879000000.0,0.0,16601000000.0,0.0,165987000000.0,0.0,45531000000.0,0.0,13873000000.0,0.0
2022-09-30,135.21642190371125,140.12615684924032,134.6697887318875,134.8486785888672,33166400,0.0,0.0,124879000000.0,0.0,16601000000.0,0.0,165987000000.0,0.0,45531000000.0,0.0,13873000000.0,0.0
2022-10-03,136.29973251374494,138.7645331248227,135.26611134306634,137.76072692871094,27723100,0.0,0.0,124879000000.0,0.0,16601000000.0,0.0,165987000000.0,0.0,45531000000.0,0.0,13873000000.0,0.0
2022-10-04,139.6292217094435,141.51757432276668,138.4862586727072,139.42050170898438,34670700,0.0,0.0,124879000000.0,0.0,16601000000.0,0.0,165987000000.0,0.0,45531000000.0,0.0,13873000000.0,0.0
2022-10-05,137.39302261669823,139.35095383426008,133.9542150226419,138.12847900390625,27979300,0.0,0.0,124879000000.0,0.0,16601000000.0,0.0,165987000000.0,0.0,45531000000.0,0.0,13873000000.0,0.0
2022-10-06,136.876206513763,140.58334898379474,135.76307347865003,138.2179412841797,36231100,0.0,0.0,124879000000.0,0.0,16601000000.0,0.0,165987000000.0,0.0,45531000000.0,0.0,13873000000.0,0.0
2022-10-07,135.9220720867006,137.44269663134227,131.62854842103565,132.63235473632812,33214800,0.0,0.0,124879000000.0,0.0,16601000000.0,0.0,165987000000.0,0.0,45531000000.0,0.0,13873000000.0,0.0
2022-10-10,132.73174080837853,135.27605323557972,131.06202629971628,132.9702606201172,24024000,0.0,0.0,124879000000.0,0.0,16601000000.0,0.0,165987000000.0,0.0,45531000000.0,0.0,13873000000.0,0.0
2022-10-11,130.81356455720737,131.84720101046855,126.2119351157959,127.75243377685547,38481400,0.0,0.0,124879000000.0,0.0,16601000000.0,0.0,165987000000.0,0.0,45531000000.0,0.0,13873000000.0,0.0
2022-10-12,127.53379419723562,128.87551368548736,125.47646975049786,126.71881103515625,34605200,0.0,0.0,124879000000.0,0.0,16601000000.0,0.0,165987000000.0,0.0,45531000000.0,0.0,13873000000.0,0.0
2022-10-13,122.77313804299642,130.33651264572137,121.77926498174635,129.49171447753906,34325700,0.0,0.0,124879000000.0,0.0,16601000000.0,0.0,165987000000.0,0.0,45531000000.0,0.0,13873000000.0,0.0
2022-10-14,130.19737236097194,130.98252541469182,125.7448176644751,125.98335266113281,23559400,0.0,0.0,124879000000.0,0.0,16601000000.0,0.0,165987000000.0,0.0,45531000000.0,0.0,13873000000.0,0.0
2022-10-17,129.5016741346494,133.96415486052337,129.38239904456117,133.21875,29612200,0.0,0.0,124879000000.0,0.0,16601000000.0,0.0,165987000000.0,0.0,45531000000.0,0.0,13873000000.0,0.0
2022-10-18,136.25005207329107,136.99545685689836,130.59491202187598,131.98634338378906,25445000,0.0,0.0,124879000000.0,0.0,16601000000.0,0.0,165987000000.0,0.0,45531000000.0,0.0,13873000000.0,0.0
2022-10-19,132.07579832668145,136.16061745700355,131.4099051560343,132.41371154785156,30691000,0.0,0.0,124879000000.0,0.0,16601000000.0,0.0,165987000000.0,0.0,45531000000.0,0.0,13873000000.0,0.0
2022-10-20,132.11552187685882,135.9320054701883,130.50545257619163,130.72410583496094,26356300,0.0,0.0,124879000000.0,0.0,16601000000.0,0.0,165987000000.0,0.0,45531000000.0,0.0,13873000000.0,0.0
2022-10-21,125.53611240002296,129.32276659212334,124.67144763136078,129.21343994140625,46348600,0.0,0.0,124879000000.0,0.0,16601000000.0,0.0,165987000000.0,0.0,45531000000.0,0.0,13873000000.0,0.0
2022-10-24,126.47036393129076,132.6621896833713,123.80678346817444,128.92523193359375,63563400,0.0,0.0,124879000000.0,0.0,16601000000.0,0.0,165987000000.0,0.0,45531000000.0,0.0,13873000000.0,0.0
2022-10-25,130.07811232355533,137.50234537362087,129.78988064053456,136.66748046875,38433200,0.0,0.0,124879000000.0,0.0,16601000000.0,0.0,165987000000.0,0.0,45531000000.0,0.0,13873000000.0,0.0
2022-10-26,130.8732018241182,134.71950101281618,127.74250764209185,129.0246124267578,82791500,0.0,0.0,124879000000.0,0.0,16601000000.0,0.0,165987000000.0,0.0,45531000000.0,0.0,13873000000.0,0.0
2022-10-27,97.37968350473905,101.87198629575688,95.7894805793686,97.33992767333984,232316600,0.0,0.0,124879000000.0,0.0,16601000000.0,0.0,165987000000.0,0.0,45531000000.0,0.0,13873000000.0,0.0
2022-10-28,98.96988549463859,100.23210100007816,96.91256847311189,98.59220886230469,95928300,0.0,0.0,124879000000.0,0.0,16601000000.0,0.0,165987000000.0,0.0,45531000000.0,0.0,13873000000.0,0.0
2022-10-31,97.61820536552739,98.71146412763262,92.03263648492923,92.5892105102539,121361400,0.0,0.0,124879000000.0,0.0,16601000000.0,0.0,165987000000.0,0.0,45531000000.0,0.0,13873000000.0,0.0
2022-11-01,93.75204974814274,96.89268474774352,92.97682995655298,94.61671447753906,110189600,0.0,0.0,124879000000.0,0.0,16601000000.0,0.0,165987000000.0,0.0,45531000000.0,0.0,13873000000.0,0.0
2022-11-02,93.63277994453209,94.61671214944352,89.92563768208967,89.98526763916016,71821100,0.0,0.0,124879000000.0,0.0,16601000000.0,0.0,165987000000.0,0.0,45531000000.0,0.0,13873000000.0,0.0
2022-11-03,89.5280791918986,89.90574819173403,87.86831314748764,88.36524963378906,60664000,0.0,0.0,124879000000.0,0.0,16601000000.0,0.0,165987000000.0,0.0,45531000000.0,0.0,13873000000.0,0.0
2022-11-04,89.79642756720243,90.83005643779643,87.55027237566836,90.23373413085938,55638100,0.0,0.0,124879000000.0,0.0,16601000000.0,0.0,165987000000.0,0.0,45531000000.0,0.0,13873000000.0,0.0
2022-11-07,94.19927962642603,96.28641136335965,92.52957272034931,96.12739562988281,81987300,0.0,0.0,124879000000.0,0.0,16601000000.0,0.0,165987000000.0,0.0,45531000000.0,0.0,13873000000.0,0.0
2022-11-08,95.33229595731913,97.20078204271098,94.209222201583,95.8789291381836,52088300,0.0,0.0,124879000000.0,0.0,16601000000.0,0.0,165987000000.0,0.0,45531000000.0,0.0,13873000000.0,0.0
2022-11-09,101.09676537553639,104.25728190019662,100.12276647409922,100.84829711914062,107677300,0.0,0.0,124879000000.0,0.0,16601000000.0,0.0,165987000000.0,0.0,45531000000.0,0.0,13873000000.0,0.0
2022-11-10,106.46367377171119,112.05917578398727,103.96905052912108,111.1845703125,80671000,0.0,0.0,124879000000.0,0.0,16601000000.0,0.0,165987000000.0,0.0,45531000000.0,0.0,13873000000.0,0.0
2022-11-11,108.56075030892634,114.19600835665824,108.14331788925611,112.32752227783203,59961700,0.0,0.0,124879000000.0,0.0,16601000000.0,0.0,165987000000.0,0.0,45531000000.0,0.0,13873000000.0,0.0
2022-11-14,110.30996649561311,115.55761492926752,110.1211357743703,113.52017974853516,53395000,0.0,0.0,124879000000.0,0.0,16601000000.0,0.0,165987000000.0,0.0,45531000000.0,0.0,13873000000.0,0.0
2022-11-15,115.35884932437982,118.01248865648596,113.70902393693684,116.36266326904297,50670500,0.0,0.0,124879000000.0,0.0,16601000000.0,0.0,165987000000.0,0.0,45531000000.0,0.0,13873000000.0,0.0
2022-11-16,113.79847038830808,115.36879171219235,111.96974751693652,112.5362548828125,33287800,0.0,0.0,124879000000.0,0.0,16601000000.0,0.0,165987000000.0,0.0,45531000000.0,0.0,13873000000.0,0.0
2022-11-17,109.7335371146085,111.64177172509466,109.12727389211285,110.76715850830078,35093800,0.0,0.0,124879000000.0,0.0,16601000000.0,0.0,165987000000.0,0.0,45531000000.0,0.0,13873000000.0,0.0
2022-11-18,113.10274972395882,113.619560344353,109.9422333004678,111.36347198486328,33357700,0.0,0.0,124879000000.0,0.0,16601000000.0,0.0,165987000000.0,0.0,45531000000.0,0.0,13873000000.0,0.0
2022-11-21,110.83670715985075,111.68150522670312,108.52098896771238,109.18688201904297,24351100,0.0,0.0,124879000000.0,0.0,16601000000.0,0.0,165987000000.0,0.0,45531000000.0,0.0,13873000000.0,0.0
2022-11-22,109.18689613594024,110.93611486322943,107.65633069739341,110.75721740722656,29029000,0.0,0.0,124879000000.0,0.0,16601000000.0,0.0,165987000000.0,0.0,45531000000.0,0.0,13873000000.0,0.0
2022-11-23,111.03548889393339,111.97966517788664,110.0515567814512,111.55229949951172,21343100,0.0,0.0,124879000000.0,0.0,16601000000.0,0.0,165987000000.0,0.0,45531000000.0,0.0,13873000000.0,0.0
2022-11-25,110.61808271157506,112.03932159475777,110.3397918649702,110.72740936279297,12007600,0.0,0.0,124879000000.0,0.0,16601000000.0,0.0,165987000000.0,0.0,45531000000.0,0.0,13873000000.0,0.0
2022-11-28,110.10124847993112,111.3535305688914,107.71595179041364,108.1135025024414,23309400,0.0,0.0,124879000000.0,0.0,16601000000.0,0.0,165987000000.0,0.0,45531000000.0,0.0,13873000000.0,0.0
2022-11-29,108.8688564526355,110.2602802601989,107.8749833876116,108.78934478759766,23899200,0.0,0.0,124879000000.0,0.0,16601000000.0,0.0,165987000000.0,0.0,45531000000.0,0.0,13873000000.0,0.0
2022-11-30,108.83903808549826,117.43604134684036,108.70982973817189,117.37640380859375,43348600,0.0,0.0,124879000000.0,0.0,16601000000.0,0.0,165987000000.0,0.0,45531000000.0,0.0,13873000000.0,0.0
2022-12-01,118.46967165726663,120.45741787690298,117.67457771900213,119.70207977294922,36551400,0.0,0.0,124879000000.0,0.0,16601000000.0,0.0,165987000000.0,0.0,45531000000.0,0.0,13873000000.0,0.0
2022-12-02,117.10805099121946,123.28000107302096,116.88939772997982,122.73336791992188,39950500,0.0,0.0,124879000000.0,0.0,16601000000.0,0.0,165987000000.0,0.0,45531000000.0,0.0,13873000000.0,0.0
2022-12-05,121.00405184224358,123.9061595203899,120.60650107941461,121.67988586425781,35474900,0.0,0.0,124879000000.0,0.0,16601000000.0,0.0,165987000000.0,0.0,45531000000.0,0.0,13873000000.0,0.0
2022-12-06,119.1753253307581,119.81140349891297,113.04312262995735,113.4207992553711,43689200,0.0,0.0,124879000000.0,0.0,16601000000.0,0.0,165987000000.0,0.0,45531000000.0,0.0,13873000000.0,0.0
2022-12-07,113.0629922658676,115.1699981294154,112.18837919105238,113.23194885253906,29461100,0.0,0.0,124879000000.0,0.0,16601000000.0,0.0,165987000000.0,0.0,45531000000.0,0.0,13873000000.0,0.0
2022-12-08,115.67688559230108,116.62106197232622,113.88791103971164,114.62338256835938,30619400,0.0,0.0,124879000000.0,0.0,16601000000.0,0.0,165987000000.0,0.0,45531000000.0,0.0,13873000000.0,0.0
2022-12-09,114.59357327697356,116.81984693307147,113.17233441817062,115.18989562988281,26033400,0.0,0.0,124879000000.0,0.0,16601000000.0,0.0,165987000000.0,0.0,45531000000.0,0.0,13873000000.0,0.0
2022-12-12,114.47429315699551,115.01098549025943,112.44679131443715,114.00717163085938,24747100,0.0,0.0,124879000000.0,0.0,16601000000.0,0.0,165987000000.0,0.0,45531000000.0,0.0,13873000000.0,0.0
2022-12-13,121.38171327630926,122.54455051154657,117.91309844324743,119.41384887695312,44701100,0.0,0.0,124879000000.0,0.0,16601000000.0,0.0,165987000000.0,0.0,45531000000.0,0.0,13873000000.0,0.0
2022-12-14,118.6584988754752,123.37939570552724,118.6584988754752,120.84501647949219,36922000,0.0,0.0,124879000000.0,0.0,16601000000.0,0.0,165987000000.0,0.0,45531000000.0,0.0,13873000000.0,0.0
2022-12-15,117.60499801105038,117.90315537185842,113.31146680462894,115.4383544921875,34531000,0.0,0.0,124879000000.0,0.0,16601000000.0,0.0,165987000000.0,0.0,45531000000.0,0.0,13873000000.0,0.0
2022-12-16,119.49335891118666,122.55448211094848,118.09199428540079,118.69825744628906,67064000,0.0,0.0,124879000000.0,0.0,16601000000.0,0.0,165987000000.0,0.0,45531000000.0,0.0,13873000000.0,0.0
2022-12-19,116.11418743564188,117.07824548398803,113.62950487089383,113.7785873413086,29769900,0.0,0.0,124879000000.0,0.0,16601000000.0,0.0,165987000000.0,0.0,45531000000.0,0.0,13873000000.0,0.0
2022-12-20,112.56606855992989,116.61113174238874,111.7709670530095,116.37259674072266,28742500,0.0,0.0,124879000000.0,0.0,16601000000.0,0.0,165987000000.0,0.0,45531000000.0,0.0,13873000000.0,0.0
2022-12-21,115.98498082678306,119.60267808863577,114.91160370554675,119.02623748779297,20392800,0.0,0.0,124879000000.0,0.0,16601000000.0,0.0,165987000000.0,0.0,45531000000.0,0.0,13873000000.0,0.0
2022-12-22,116.48193176362902,117.89323741903127,113.67920974503518,116.40242767333984,23618100,0.0,0.0,124879000000.0,0.0,16601000000.0,0.0,165987000000.0,0.0,45531000000.0,0.0,13873000000.0,0.0
2022-12-23,115.31909306247444,117.45592171588929,114.83209737302404,117.31678009033203,17796600,0.0,0.0,124879000000.0,0.0,16601000000.0,0.0,165987000000.0,0.0,45531000000.0,0.0,13873000000.0,0.0
2022-12-27,117.20745682838695,117.87334999601642,115.33897810077517,116.16388702392578,21392300,0.0,0.0,124879000000.0,0.0,16601000000.0,0.0,165987000000.0,0.0,45531000000.0,0.0,13873000000.0,0.0
2022-12-28,115.5377431325058,117.426103461524,114.80227919183648,114.91160583496094,19612500,0.0,0.0,124879000000.0,0.0,16601000000.0,0.0,165987000000.0,0.0,45531000000.0,0.0,13873000000.0,0.0
2022-12-29,115.68683480969477,120.28846471007257,115.06068987969641,119.52318572998047,22366200,0.0,0.0,124879000000.0,0.0,16601000000.0,0.0,165987000000.0,0.0,45531000000.0,0.0,13873000000.0,0.0
2022-12-30,117.43604796395763,119.68219568803877,117.01861550330855,119.6026840209961,19583800,0.0,0.0,124879000000.0,0.0,16601000000.0,0.0,165987000000.0,0.0,45531000000.0,0.0,13873000000.0,0.0
2023-01-03,122.06748881300227,125.59574120579911,121.53079645118066,123.97572326660156,35528500,0.0,0.0,125713000000.0,0.6678464753881758,14681000000.0,-11.565568339256671,185727000000.0,11.892497605234146,32523000000.0,-28.569546023588327,26591000000.0,91.67447560008651
2023-01-04,126.59954813929444,128.25932191868313,125.07892356487793,126.58961486816406,32397100,0.0,0.0,125713000000.0,0.6678464753881758,14681000000.0,-11.565568339256671,185727000000.0,11.892497605234146,32523000000.0,-28.569546023588327,26591000000.0,91.67447560008651
2023-01-05,125.35721196250985,127.73257565871367,123.77695736575359,126.1622543334961,25447100,0.0,0.0,125713000000.0,0.6678464753881758,14681000000.0,-11.565568339256671,185727000000.0,11.892497605234146,32523000000.0,-28.569546023588327,26591000000.0,91.67447560008651
2023-01-06,128.17981885180623,129.5314869158771,125.26777027618071,129.223388671875,27584500,0.0,0.0,125713000000.0,0.6678464753881758,14681000000.0,-11.565568339256671,185727000000.0,11.892497605234146,32523000000.0,-28.569546023588327,26591000000.0,91.67447560008651
2023-01-09,130.3563904027696,132.13541645576194,128.48790425134828,128.67674255371094,26649100,0.0,0.0,125713000000.0,0.6678464753881758,14681000000.0,-11.565568339256671,185727000000.0,11.892497605234146,32523000000.0,-28.569546023588327,26591000000.0,91.67447560008651
2023-01-10,126.49022335284873,132.62242600945103,126.37096343633544,132.17518615722656,28684400,0.0,0.0,125713000000.0,0.6678464753881758,14681000000.0,-11.565568339256671,185727000000.0,11.892497605234146,32523000000.0,-28.569546023588327,26591000000.0,91.67447560008651
2023-01-11,130.1576377150046,133.02993058511953,129.54142603389022,132.0758056640625,25423000,0.0,0.0,125713000000.0,0.6678464753881758,14681000000.0,-11.565568339256671,185727000000.0,11.892497605234146,32523000000.0,-28.569546023588327,26591000000.0,91.67447560008651
2023-01-12,132.6224067476168,136.83641828224725,130.95269233243877,135.87237548828125,30757700,0.0,0.0,125713000000.0,0.6678464753881758,14681000000.0,-11.565568339256671,185727000000.0,11.892497605234146,32523000000.0,-28.569546023588327,26591000000.0,91.67447560008651
2023-01-13,134.14302228757484,136.54819280974067,134.01381396176254,136.1407012939453,22423800,0.0,0.0,125713000000.0,0.6678464753881758,14681000000.0,-11.565568339256671,185727000000.0,11.892497605234146,32523000000.0,-28.569546023588327,26591000000.0,91.67447560008651
2023-01-17,135.34563826291023,135.912153237651,133.4274703631053,134.53067016601562,21147600,0.0,0.0,125713000000.0,0.6678464753881758,14681000000.0,-11.565568339256671,185727000000.0,11.892497605234146,32523000000.0,-28.569546023588327,26591000000.0,91.67447560008651
2023-01-18,134.97788548282642,136.40906498452154,131.986333305879,132.20498657226562,20215500,0.0,0.0,125713000000.0,0.6678464753881758,14681000000.0,-11.565568339256671,185727000000.0,11.892497605234146,32523000000.0,-28.569546023588327,26591000000.0,91.67447560008651
2023-01-19,131.67826212905086,136.60786457376756,131.3304004524365,135.31582641601562,28625200,0.0,0.0,125713000000.0,0.6678464753881758,14681000000.0,-11.565568339256671,185727000000.0,11.892497605234146,32523000000.0,-28.569546023588327,26591000000.0,91.67447560008651
2023-01-20,135.05740878002345,139.08259768412512,133.78525248338724,138.51608276367188,28688600,0.0,0.0,125713000000.0,0.6678464753881758,14681000000.0,-11.565568339256671,185727000000.0,11.892497605234146,32523000000.0,-28.569546023588327,26591000000.0,91.67447560008651
2023-01-23,138.4365709823822,142.87918474581332,137.810441270931,142.39219665527344,27470100,0.0,0.0,125713000000.0,0.6678464753881758,14681000000.0,-11.565568339256671,185727000000.0,11.892497605234146,32523000000.0,-28.569546023588327,26591000000.0,91.67447560008651
2023-01-24,140.8218723657911,144.11158967608705,140.4938924453131,142.2629852294922,21970200,0.0,0.0,125713000000.0,0.6678464753881758,14681000000.0,-11.565568339256671,185727000000.0,11.892497605234146,32523000000.0,-28.569546023588327,26591000000.0,91.67447560008651
2023-01-25,140.35477336014327,142.29282305110576,139.450345115927,140.633056640625,26622000,0.0,0.0,125713000000.0,0.6678464753881758,14681000000.0,-11.565568339256671,185727000000.0,11.892497605234146,32523000000.0,-28.569546023588327,26591000000.0,91.67447560008651
2023-01-26,143.51528066081548,146.60622684721127,142.42202926553892,146.39752197265625,25482100,0.0,0.0,125713000000.0,0.6678464753881758,14681000000.0,-11.565568339256671,185727000000.0,11.892497605234146,32523000000.0,-28.569546023588327,26591000000.0,91.67447560008651
2023-01-27,147.33176195080347,152.25143103479613,146.486963702967,150.81031799316406,35771900,0.0,0.0,125713000000.0,0.6678464753881758,14681000000.0,-11.565568339256671,185727000000.0,11.892497605234146,32523000000.0,-28.569546023588327,26591000000.0,91.67447560008651
2023-01-30,148.49455825962107,150.19407247905582,146.04962417664274,146.15895080566406,28040100,0.0,0.0,125713000000.0,0.6678464753881758,14681000000.0,-11.565568339256671,185727000000.0,11.892497605234146,32523000000.0,-28.569546023588327,26591000000.0,91.67447560008651
2023-01-31,147.04351150022737,148.96169433075355,146.6161533774126,148.05726623535156,29842100,0.0,0.0,125713000000.0,0.6678464753881758,14681000000.0,-11.565568339256671,185727000000.0,11.892497605234146,32523000000.0,-28.569546023588327,26591000000.0,91.67447560008651
2023-02-01,147.12304347533797,152.63904257690805,146.15898529158153,152.18185424804688,55661000,0.0,0.0,125713000000.0,0.6678464753881758,14681000000.0,-11.565568339256671,185727000000.0,11.892497605234146,32523000000.0,-28.569546023588327,26591000000.0,91.67447560008651
2023-02-02,182.2564286606797,195.9519968665379,179.0561565091798,187.6134033203125,150475700,0.0,0.0,125713000000.0,0.6678464753881758,14681000000.0,-11.565568339256671,185727000000.0,11.892497605234146,32523000000.0,-28.569546023588327,26591000000.0,91.67447560008651
2023-02-03,182.3458967715445,195.5644118824682,181.76944856034302,185.38714599609375,76809700,0.0,0.0,125713000000.0,0.6678464753881758,14681000000.0,-11.565568339256671,185727000000.0,11.892497605234146,32523000000.0,-28.569546023588327,26591000000.0,91.67447560008651
2023-02-06,185.38715026212031,189.53159931695424,184.38334387908242,184.92002868652344,42483800,0.0,0.0,125713000000.0,0.6678464753881758,14681000000.0,-11.565568339256671,185727000000.0,11.892497605234146,32523000000.0,-28.569546023588327,26591000000.0,91.67447560008651
2023-02-07,184.44293712613583,192.59269198461462,183.27015920213069,190.4459228515625,47080700,0.0,0.0,125713000000.0,0.6678464753881758,14681000000.0,-11.565568339256671,185727000000.0,11.892497605234146,32523000000.0,-28.569546023588327,26591000000.0,91.67447560008651
2023-02-08,188.8358748844132,189.66079131558624,181.79925204256867,182.30612182617188,36139100,0.0,0.0,125713000000.0,0.6678464753881758,14681000000.0,-11.565568339256671,185727000000.0,11.892497605234146,32523000000.0,-28.569546023588327,26591000000.0,91.67447560008651
2023-02-09,184.9895836444477,185.5063866778942,176.18386838628496,176.8298797607422,37118800,0.0,0.0,125713000000.0,0.6678464753881758,14681000000.0,-11.565568339256671,185727000000.0,11.892497605234146,32523000000.0,-28.569546023588327,26591000000.0,91.67447560008651
2023-02-10,175.26952548390446,177.793956459719,172.28790621396766,173.08299255371094,33433600,0.0,0.0,125713000000.0,0.6678464753881758,14681000000.0,-11.565568339256671,185727000000.0,11.892497605234146,32523000000.0,-28.569546023588327,26591000000.0,91.67447560008651
2023-02-13,177.12806474414688,179.89103074344655,174.74277537499464,178.3306427001953,31463200,0.0,0.0,125713000000.0,0.6678464753881758,14681000000.0,-11.565568339256671,185727000000.0,11.892497605234146,32523000000.0,-28.569546023588327,26591000000.0,91.67447560008651
2023-02-14,176.07457792089264,180.39791719675873,174.80242145134432,178.38035583496094,24034600,0.0,0.0,125713000000.0,0.6678464753881758,14681000000.0,-11.565568339256671,185727000000.0,11.892497605234146,32523000000.0,-28.569546023588327,26591000000.0,91.67447560008651
2023-02-15,175.3390829215648,177.09824247899408,174.25576492894933,176.07455444335938,25308900,0.0,0.0,125713000000.0,0.6678464753881758,14681000000.0,-11.565568339256671,185727000000.0,11.892497605234146,32523000000.0,-28.569546023588327,26591000000.0,91.67447560008651
2023-02-16,171.6915668424147,174.77257931786272,170.7374420558266,171.3834686279297,25827500,0.0,0.0,125713000000.0,0.6678464753881758,14681000000.0,-11.565568339256671,185727000000.0,11.892497605234146,32523000000.0,-28.569546023588327,26591000000.0,91.67447560008651
2023-02-17,169.17707944999717,172.11893531873136,168.66026119429526,171.82078552246094,24171300,0.0,0.0,125713000000.0,0.6678464753881758,14681000000.0,-11.565568339256671,185727000000.0,11.892497605234146,32523000000.0,-28.569546023588327,26591000000.0,91.67447560008651
2023-02-21,173.24201325264931,177.07836392822645,170.82690896007983,171.0256805419922,34592600,0.0,0.0,125713000000.0,0.6678464753881758,14681000000.0,-11.565568339256671,185727000000.0,11.892497605234146,32523000000.0,-28.569546023588327,26591000000.0,91.67447560008651
2023-02-22,170.02189745119344,171.70153043859492,168.65034756739055,170.0715789794922,22433200,0.0,0.0,125713000000.0,0.6678464753881758,14681000000.0,-11.565568339256671,185727000000.0,11.892497605234146,32523000000.0,-28.569546023588327,26591000000.0,91.67447560008651
2023-02-23,170.94616788766254,172.62581580091364,168.34222529947886,170.9859161376953,20017800,0.0,0.0,125713000000.0,0.6678464753881758,14681000000.0,-11.565568339256671,185727000000.0,11.892497605234146,32523000000.0,-28.569546023588327,26591000000.0,91.67447560008651
2023-02-24,167.60673066953564,169.67398818822323,166.6327394423214,169.34600830078125,19791300,0.0,0.0,125713000000.0,0.6678464753881758,14681000000.0,-11.565568339256671,185727000000.0,11.892497605234146,32523000000.0,-28.569546023588327,26591000000.0,91.67447560008651
2023-02-27,170.82689503434042,172.0592878409127,168.0241659123647,168.501220703125,19277000,0.0,0.0,125713000000.0,0.6678464753881758,14681000000.0,-11.565568339256671,185727000000.0,11.892497605234146,32523000000.0,-28.569546023588327,26591000000.0,91.67447560008651
2023-02-28,170.84678131948266,176.4621734828201,170.81696633944566,173.8681640625,46051100,0.0,0.0,125713000000.0,0.6678464753881758,14681000000.0,-11.565568339256671,185727000000.0,11.892497605234146,32523000000.0,-28.569546023588327,26591000000.0,91.67447560008651
2023-03-01,173.52029733471028,176.76033328012912,171.98973946479623,172.3574676513672,30998400,0.0,0.0,125713000000.0,0.6678464753881758,14681000000.0,-11.565568339256671,185727000000.0,11.892497605234146,32523000000.0,-28.569546023588327,26591000000.0,91.67447560008651
2023-03-02,171.32385691337043,173.93773296202326,170.37966529709786,173.46067810058594,17352000,0.0,0.0,125713000000.0,0.6678464753881758,14681000000.0,-11.565568339256671,185727000000.0,11.892497605234146,32523000000.0,-28.569546023588327,26591000000.0,91.67447560008651
2023-03-03,177.82375700678676,185.47657614545182,175.96521933226344,184.11497497558594,45877700,0.0,0.0,125713000000.0,0.6678464753881758,14681000000.0,-11.565568339256671,185727000000.0,11.892497605234146,32523000000.0,-28.569546023588327,26591000000.0,91.67447560008651
2023-03-06,186.84814838838628,188.49798142340265,183.50873406589673,183.7671356201172,33209400,0.0,0.0,125713000000.0,0.6678464753881758,14681000000.0,-11.565568339256671,185727000000.0,11.892497605234146,32523000000.0,-28.569546023588327,26591000000.0,91.67447560008651
2023-03-07,187.8420121919804,189.19368018791033,182.88258006137207,183.3795166015625,36701500,0.0,0.0,125713000000.0,0.6678464753881758,14681000000.0,-11.565568339256671,185727000000.0,11.892497605234146,32523000000.0,-28.569546023588327,26591000000.0,91.67447560008651
2023-03-08,181.74956095507594,184.1249169530522,180.22893639214087,183.83670043945312,19432400,0.0,0.0,125713000000.0,0.6678464753881758,14681000000.0,-11.565568339256671,185727000000.0,11.892497605234146,32523000000.0,-28.569546023588327,26591000000.0,91.67447560008651
2023-03-09,185.20824955352518,187.77242868564437,179.19531454783962,180.57679748535156,26582800,0.0,0.0,125713000000.0,0.6678464753881758,14681000000.0,-11.565568339256671,185727000000.0,11.892497605234146,32523000000.0,-28.569546023588327,26591000000.0,91.67447560008651
2023-03-10,179.9009505264796,183.63792280067761,177.70449963708444,178.41014099121094,25665000,0.0,0.0,125713000000.0,0.6678464753881758,14681000000.0,-11.565568339256671,185727000000.0,11.892497605234146,32523000000.0,-28.569546023588327,26591000000.0,91.67447560008651
2023-03-13,176.8696670031351,182.65400067215168,173.7489060147962,179.79164123535156,24728000,0.0,0.0,125713000000.0,0.6678464753881758,14681000000.0,-11.565568339256671,185727000000.0,11.892497605234146,32523000000.0,-28.569546023588327,26591000000.0,91.67447560008651
2023-03-14,186.43072294742294,193.12943328165085,185.41696811178954,192.83126831054688,41642600,0.0,0.0,125713000000.0,0.6678464753881758,14681000000.0,-11.565568339256671,185727000000.0,11.892497605234146,32523000000.0,-28.569546023588327,26591000000.0,91.67447560008651
2023-03-15,191.76779755003815,196.56820609087097,189.6707248561998,196.53839111328125,42123600,0.0,0.0,125713000000.0,0.6678464753881758,14681000000.0,-11.565568339256671,185727000000.0,11.892497605234146,32523000000.0,-28.569546023588327,26591000000.0,91.67447560008651
2023-03-16,197.04526141183072,204.4993091346948,194.88855875718457,203.6743927001953,50447100,0.0,0.0,125713000000.0,0.6678464753881758,14681000000.0,-11.565568339256671,185727000000.0,11.892497605234146,32523000000.0,-28.569546023588327,26591000000.0,91.67447560008651
2023-03-17,199.33118300773873,200.66296929867016,194.23260924141354,194.41151428222656,50141100,0.0,0.0,125713000000.0,0.6678464753881758,14681000000.0,-11.565568339256671,185727000000.0,11.892497605234146,32523000000.0,-28.569546023588327,26591000000.0,91.67447560008651
2023-03-20,197.26393088446127,198.13854407530098,192.45358866544325,196.59803771972656,25186300,0.0,0.0,125713000000.0,0.6678464753881758,14681000000.0,-11.565568339256671,185727000000.0,11.892497605234146,32523000000.0,-28.569546023588327,26591000000.0,91.67447560008651
2023-03-21,201.9550080555266,202.30286970176957,196.73717435368076,200.92138671875,31827000,0.0,0.0,125713000000.0,0.6678464753881758,14681000000.0,-11.565568339256671,185727000000.0,11.892497605234146,32523000000.0,-28.569546023588327,26591000000.0,91.67447560008651
2023-03-22,201.25927509257912,206.09943157153987,198.44661278626435,198.58575439453125,28477800,0.0,0.0,125713000000.0,0.6678464753881758,14681000000.0,-11.565568339256671,185727000000.0,11.892497605234146,32523000000.0,-28.569546023588327,26591000000.0,91.67447560008651
2023-03-23,201.59721690928885,206.60634584933646,200.91144204062635,203.0283966064453,27389700,0.0,0.0,125713000000.0,0.6678464753881758,14681000000.0,-11.565568339256671,185727000000.0,11.892497605234146,32523000000.0,-28.569546023588327,26591000000.0,91.67447560008651
2023-03-24,203.92285580314848,206.30816011335196,202.3028531180641,204.74777221679688,27716400,0.0,0.0,125713000000.0,0.6678464753881758,14681000000.0,-11.565568339256671,185727000000.0,11.892497605234146,32523000000.0,-28.569546023588327,26591000000.0,91.67447560008651
2023-03-27,203.55516035077187,204.59873020633137,200.12630096704865,201.59722900390625,18527200,0.0,0.0,125713000000.0,0.6678464753881758,14681000000.0,-11.565568339256671,185727000000.0,11.892497605234146,32523000000.0,-28.569546023588327,26591000000.0,91.67447560008651
2023-03-28,198.92368794177148,199.79830109207896,196.6874735449803,199.450439453125,19127300,0.0,0.0,125713000000.0,0.6678464753881758,14681000000.0,-11.565568339256671,185727000000.0,11.892497605234146,32523000000.0,-28.569546023588327,26591000000.0,91.67447560008651
2023-03-29,202.31280134902292,204.45957083736363,201.2990465630899,204.0918426513672,18851100,0.0,0.0,125713000000.0,0.6678464753881758,14681000000.0,-11.565568339256671,185727000000.0,11.892497605234146,32523000000.0,-28.569546023588327,26591000000.0,91.67447560008651
2023-03-30,202.13392365270252,206.8150576399606,201.5773571218889,206.56658935546875,22608300,0.0,0.0,125713000000.0,0.6678464753881758,14681000000.0,-11.565568339256671,185727000000.0,11.892497605234146,32523000000.0,-28.569546023588327,26591000000.0,91.67447560008651
2023-03-31,205.970278683552,210.870066072199,205.50315708615838,210.6414794921875,25440300,0.0,0.0,125713000000.0,0.6678464753881758,14681000000.0,-11.565568339256671,185727000000.0,11.892497605234146,32523000000.0,-28.569546023588327,26591000000.0,91.67447560008651
2023-04-03,207.56043267846516,212.18195120533684,206.92435456814735,211.7645263671875,17924600,0.0,0.0,125713000000.0,0.6678464753881758,14681000000.0,-11.565568339256671,185727000000.0,11.892497605234146,32523000000.0,-28.569546023588327,26591000000.0,91.67447560008651
2023-04-04,212.0825659910519,214.91511020236734,211.23776784654058,213.4044189453125,21026400,0.0,0.0,125713000000.0,0.6678464753881758,14681000000.0,-11.565568339256671,185727000000.0,11.892497605234146,32523000000.0,-28.569546023588327,26591000000.0,91.67447560008651
2023-04-05,212.83790431959054,213.87154076826883,208.65370733597848,210.18426513671875,19396600,0.0,0.0,125713000000.0,0.6678464753881758,14681000000.0,-11.565568339256671,185727000000.0,11.892497605234146,32523000000.0,-28.569546023588327,26591000000.0,91.67447560008651
2023-04-06,207.96791927952532,215.61080485655629,207.37158943052575,214.7759552001953,26104400,0.0,0.0,125713000000.0,0.6678464753881758,14681000000.0,-11.565568339256671,185727000000.0,11.892497605234146,32523000000.0,-28.569546023588327,26591000000.0,91.67447560008651
2023-04-10,213.39450162635387,214.338678045606,209.369312507121,213.4342498779297,16106100,0.0,0.0,125713000000.0,0.6678464753881758,14681000000.0,-11.565568339256671,185727000000.0,11.892497605234146,32523000000.0,-28.569546023588327,26591000000.0,91.67447560008651
2023-04-11,214.1597672136664,214.69646716988922,212.1024578222782,212.53976440429688,16710100,0.0,0.0,125713000000.0,0.6678464753881758,14681000000.0,-11.565568339256671,185727000000.0,11.892497605234146,32523000000.0,-28.569546023588327,26591000000.0,91.67447560008651
2023-04-12,213.5236925353061,215.5114387294504,211.27754479543106,212.6888427734375,18972200,0.0,0.0,125713000000.0,0.6678464753881758,14681000000.0,-11.565568339256671,185727000000.0,11.892497605234146,32523000000.0,-28.569546023588327,26591000000.0,91.67447560008651
2023-04-13,214.40822008983272,219.7950099814035,214.36847184218473,218.9999237060547,23310400,0.0,0.0,125713000000.0,0.6678464753881758,14681000000.0,-11.565568339256671,185727000000.0,11.892497605234146,32523000000.0,-28.569546023588327,26591000000.0,91.67447560008651
2023-04-14,216.5450524607433,220.74913097277258,216.21707255337955,220.1329345703125,21591200,0.0,0.0,125713000000.0,0.6678464753881758,14681000000.0,-11.565568339256671,185727000000.0,11.892497605234146,32523000000.0,-28.569546023588327,26591000000.0,91.67447560008651
2023-04-17,218.4433528927602,219.62606425902763,215.79966208232054,217.51905822753906,15481900,0.0,0.0,125713000000.0,0.6678464753881758,14681000000.0,-11.565568339256671,185727000000.0,11.892497605234146,32523000000.0,-28.569546023588327,26591000000.0,91.67447560008651
2023-04-18,218.56263583156422,219.089387358378,214.88530841530402,216.5550079345703,12281000,0.0,0.0,125713000000.0,0.6678464753881758,14681000000.0,-11.565568339256671,185727000000.0,11.892497605234146,32523000000.0,-28.569546023588327,26591000000.0,91.67447560008651
2023-04-19,212.1620852709725,215.99843592425572,211.62538532109843,214.37841796875,15898100,0.0,0.0,125713000000.0,0.6678464753881758,14681000000.0,-11.565568339256671,185727000000.0,11.892497605234146,32523000000.0,-28.569546023588327,26591000000.0,91.67447560008651
2023-04-20,212.17200276959386,215.4219717101903,211.46636143556702,211.7645263671875,16475400,0.0,0.0,125713000000.0,0.6678464753881758,14681000000.0,-11.565568339256671,185727000000.0,11.892497605234146,32523000000.0,-28.569546023588327,26591000000.0,91.67447560008651
2023-04-21,208.92205983816885,212.10245055483261,208.29591496579627,211.58563232421875,17717200,0.0,0.0,125713000000.0,0.6678464753881758,14681000000.0,-11.565568339256671,185727000000.0,11.892497605234146,32523000000.0,-28.569546023588327,26591000000.0,91.67447560008651
2023-04-24,212.3707829673363,212.60931795538758,209.41899400368396,211.48623657226562,15750900,0.0,0.0,125713000000.0,0.6678464753881758,14681000000.0,-11.565568339256671,185727000000.0,11.892497605234146,32523000000.0,-28.569546023588327,26591000000.0,91.67447560008651
2023-04-25,209.52830439189196,209.96559575478508,205.86091074855167,206.27833557128906,19198200,0.0,0.0,125713000000.0,0.6678464753881758,14681000000.0,-11.565568339256671,185727000000.0,11.892497605234146,32523000000.0,-28.569546023588327,26591000000.0,91.67447560008651
2023-04-26,211.19801682372628,212.79815299309683,207.60020134296596,208.11700439453125,41992700,0.0,0.0,125713000000.0,0.6678464753881758,14681000000.0,-11.565568339256671,185727000000.0,11.892497605234146,32523000000.0,-28.569546023588327,26591000000.0,91.67447560008651
2023-04-27,238.42019581895784,240.20917027044277,235.31931687991633,237.0983428955078,71196500,0.0,0.0,125713000000.0,0.6678464753881758,14681000000.0,-11.565568339256671,185727000000.0,11.892497605234146,32523000000.0,-28.569546023588327,26591000000.0,91.67447560008651
2023-04-28,237.545593514613,238.95689143346272,234.3055728134763,238.8475799560547,39554000,0.0,0.0,125713000000.0,0.6678464753881758,14681000000.0,-11.565568339256671,185727000000.0,11.892497605234146,32523000000.0,-28.569546023588327,26591000000.0,91.67447560008651
2023-05-01,237.1579744285822,242.50501611214727,235.0112202378066,241.69003295898438,29143900,0.0,0.0,125713000000.0,0.6678464753881758,14681000000.0,-11.565568339256671,185727000000.0,11.892497605234146,32523000000.0,-28.569546023588327,26591000000.0,91.67447560008651
2023-05-02,241.69003211453244,243.4193766173221,237.52571692731894,237.77418518066406,24350100,0.0,0.0,125713000000.0,0.6678464753881758,14681000000.0,-11.565568339256671,185727000000.0,11.892497605234146,32523000000.0,-28.569546023588327,26591000000.0,91.67447560008651
2023-05-03,238.00281177622276,240.26884141481156,231.3239827892343,235.5777587890625,34463900,0.0,0.0,125713000000.0,0.6678464753881758,14681000000.0,-11.565568339256671,185727000000.0,11.892497605234146,32523000000.0,-28.569546023588327,26591000000.0,91.67447560008651
2023-05-04,234.6136796378168,236.74056744778332,231.5028520074018,232.08924865722656,17889400,0.0,0.0,125713000000.0,0.6678464753881758,14681000000.0,-11.565568339256671,185727000000.0,11.892497605234146,32523000000.0,-28.569546023588327,26591000000.0,91.67447560008651
2023-05-05,230.8171054557719,233.24214319913975,228.441749237586,231.35379028320312,27000500,0.0,0.0,125713000000.0,0.6678464753881758,14681000000.0,-11.565568339256671,185727000000.0,11.892497605234146,32523000000.0,-28.569546023588327,26591000000.0,91.67447560008651
2023-05-08,230.00210329645353,234.17636714390704,228.85915533576608,231.8407745361328,16400500,0.0,0.0,125713000000.0,0.6678464753881758,14681000000.0,-11.565568339256671,185727000000.0,11.892497605234146,32523000000.0,-28.569546023588327,26591000000.0,91.67447560008651
2023-05-09,230.0418689786509,234.43478615731217,229.66419235665347,231.94015502929688,16865600,0.0,0.0,125713000000.0,0.6678464753881758,14681000000.0,-11.565568339256671,185727000000.0,11.892497605234146,32523000000.0,-28.569546023588327,26591000000.0,91.67447560008651
2023-05-10,234.7229958402169,235.29944402768135,229.30639076366379,231.6519317626953,19119000,0.0,0.0,125713000000.0,0.6678464753881758,14681000000.0,-11.565568339256671,185727000000.0,11.892497605234146,32523000000.0,-28.569546023588327,26591000000.0,91.67447560008651
2023-05-11,231.62211918235204,236.75050780091402,230.8767143889087,234.34532165527344,20449000,0.0,0.0,125713000000.0,0.6678464753881758,14681000000.0,-11.565568339256671,185727000000.0,11.892497605234146,32523000000.0,-28.569546023588327,26591000000.0,91.67447560008651
2023-05-12,235.28951260342214,235.508165888842,230.03191564759817,232.37745666503906,16161400,0.0,0.0,125713000000.0,0.6678464753881758,14681000000.0,-11.565568339256671,185727000000.0,11.892497605234146,32523000000.0,-28.569546023588327,26591000000.0,91.67447560008651
2023-05-15,235.46839876892366,238.78793108217462,233.88814427531784,237.39651489257812,20653200,0.0,0.0,125713000000.0,0.6678464753881758,14681000000.0,-11.565568339256671,185727000000.0,11.892497605234146,32523000000.0,-28.569546023588327,26591000000.0,91.67447560008651
2023-05-16,234.34533156097984,238.1717490618502,234.07699674301332,237.35678100585938,18163800,0.0,0.0,125713000000.0,0.6678464753881758,14681000000.0,-11.565568339256671,185727000000.0,11.892497605234146,32523000000.0,-28.569546023588327,26591000000.0,91.67447560008651
2023-05-17,236.98904700367262,242.3460226172241,236.68094875697588,241.00430297851562,21193100,0.0,0.0,125713000000.0,0.6678464753881758,14681000000.0,-11.565568339256671,185727000000.0,11.892497605234146,32523000000.0,-28.569546023588327,26591000000.0,91.67447560008651
2023-05-18,239.82157169093304,245.57609001832188,239.71224504804934,245.3375701904297,22943300,0.0,0.0,125713000000.0,0.6678464753881758,14681000000.0,-11.565568339256671,185727000000.0,11.892497605234146,32523000000.0,-28.569546023588327,26591000000.0,91.67447560008651
2023-05-19,245.95378415055086,247.16631057969414,241.9186616781201,244.13499450683594,21733600,0.0,0.0,125713000000.0,0.6678464753881758,14681000000.0,-11.565568339256671,185727000000.0,11.892497605234146,32523000000.0,-28.569546023588327,26591000000.0,91.67447560008651
2023-05-22,243.90637936399096,252.0163867765751,243.6181476981217,246.79855346679688,27738500,0.0,0.0,125713000000.0,0.6678464753881758,14681000000.0,-11.565568339256671,185727000000.0,11.892497605234146,32523000000.0,-28.569546023588327,26591000000.0,91.67447560008651
2023-05-23,245.29778893098276,250.06838229067287,245.13876561375682,245.2282257080078,17748100,0.0,0.0,125713000000.0,0.6678464753881758,14681000000.0,-11.565568339256671,185727000000.0,11.892497605234146,32523000000.0,-28.569546023588327,26591000000.0,91.67447560008651
2023-05-24,243.77719157744687,248.06078219131115,243.44921163619486,247.68312072753906,17724300,0.0,0.0,125713000000.0,0.6678464753881758,14681000000.0,-11.565568339256671,185727000000.0,11.892497605234146,32523000000.0,-28.569546023588327,26591000000.0,91.67447560008651
2023-05-25,251.8474260443769,254.05382543946865,247.6433472684531,251.14178466796875,22371400,0.0,0.0,125713000000.0,0.6678464753881758,14681000000.0,-11.565568339256671,185727000000.0,11.892497605234146,32523000000.0,-28.569546023588327,26591000000.0,91.67447560008651
2023-05-26,251.38030978481962,260.70284408879627,251.16167166021748,260.43450927734375,25727200,0.0,0.0,125713000000.0,0.6678464753881758,14681000000.0,-11.565568339256671,185727000000.0,11.892497605234146,32523000000.0,-28.569546023588327,26591000000.0,91.67447560008651
2023-05-30,263.6248445901685,267.0040071257697,259.6891155348495,260.91156005859375,23816500,0.0,0.0,125713000000.0,0.6678464753881758,14681000000.0,-11.565568339256671,185727000000.0,11.892497605234146,32523000000.0,-28.569546023588327,26591000000.0,91.67447560008651
2023-05-31,258.40697136210287,263.37633619598944,256.86648039583633,263.0980529785156,25473700,0.0,0.0,125713000000.0,0.6678464753881758,14681000000.0,-11.565568339256671,185727000000.0,11.892497605234146,32523000000.0,-28.569546023588327,26591000000.0,91.67447560008651
2023-06-01,264.2708478596671,272.3212259333044,264.2609297536013,270.9397277832031,25609500,0.0,0.0,125713000000.0,0.6678464753881758,14681000000.0,-11.565568339256671,185727000000.0,11.892497605234146,32523000000.0,-28.569546023588327,26591000000.0,91.67447560008651
2023-06-02,270.9894396359303,273.6629606673439,269.4588665888467,270.9397277832031,19416900,0.0,0.0,125713000000.0,0.6678464753881758,14681000000.0,-11.565568339256671,185727000000.0,11.892497605234146,32523000000.0,-28.569546023588327,26591000000.0,91.67447560008651
2023-06-05,268.6438551269302,273.8815851580303,267.9083988254263,269.7272033691406,20742900,0.0,0.0,125713000000.0,0.6678464753881758,14681000000.0,-11.565568339256671,185727000000.0,11.892497605234146,32523000000.0,-28.569546023588327,26591000000.0,91.67447560008651
2023-06-06,268.4849165134261,274.87551380789125,268.03766144833685,269.4588928222656,19419000,0.0,0.0,125713000000.0,0.6678464753881758,14681000000.0,-11.565568339256671,185727000000.0,11.892497605234146,32523000000.0,-28.569546023588327,26591000000.0,91.67447560008651
2023-06-07,270.0054865664619,272.5696655164689,261.1898077318564,261.98492431640625,26163600,0.0,0.0,125713000000.0,0.6678464753881758,14681000000.0,-11.565568339256671,185727000000.0,11.892497605234146,32523000000.0,-28.569546023588327,26591000000.0,91.67447560008651
2023-06-08,259.023224538654,266.010151813737,257.293894903102,262.9589538574219,20899400,0.0,0.0,125713000000.0,0.6678464753881758,14681000000.0,-11.565568339256671,185727000000.0,11.892497605234146,32523000000.0,-28.569546023588327,26591000000.0,91.67447560008651
2023-06-09,260.87179266403274,266.3082791185902,260.0965729470481,263.32666015625,16949800,0.0,0.0,125713000000.0,0.6678464753881758,14681000000.0,-11.565568339256671,185727000000.0,11.892497605234146,32523000000.0,-28.569546023588327,26591000000.0,91.67447560008651
2023-06-12,265.53308021076936,270.0850055045359,263.7043270796276,269.3892822265625,15442500,0.0,0.0,125713000000.0,0.6678464753881758,14681000000.0,-11.565568339256671,185727000000.0,11.892497605234146,32523000000.0,-28.569546023588327,26591000000.0,91.67447560008651
2023-06-13,273.1958086612713,274.03065832194545,267.4412756341784,269.6576232910156,16164000,0.0,0.0,125713000000.0,0.6678464753881758,14681000000.0,-11.565568339256671,185727000000.0,11.892497605234146,32523000000.0,-28.569546023588327,26591000000.0,91.67447560008651
2023-06-14,270.22418562547983,273.3051681295707,266.6760511965219,271.67523193359375,19175100,0.0,0.0,125713000000.0,0.6678464753881758,14681000000.0,-11.565568339256671,185727000000.0,11.892497605234146,32523000000.0,-28.569546023588327,26591000000.0,91.67447560008651
2023-06-15,270.6316315864153,282.2500104912735,269.75704874068026,280.1032409667969,25973500,0.0,0.0,125713000000.0,0.6678464753881758,14681000000.0,-11.565568339256671,185727000000.0,11.892497605234146,32523000000.0,-28.569546023588327,26591000000.0,91.67447560008651
2023-06-16,283.00534416008674,286.086356606878,278.4136556327555,279.2783203125,43127700,0.0,0.0,125713000000.0,0.6678464753881758,14681000000.0,-11.565568339256671,185727000000.0,11.892497605234146,32523000000.0,-28.569546023588327,26591000000.0,91.67447560008651
2023-06-20,277.02225612652796,283.05504270613227,274.5276249753558,282.5879211425781,20701600,0.0,0.0,125713000000.0,0.6678464753881758,14681000000.0,-11.565568339256671,185727000000.0,11.892497605234146,32523000000.0,-28.569546023588327,26591000000.0,91.67447560008651
2023-06-21,281.7928330595618,282.2599546202207,276.6544958923145,279.9144287109375,20556200,0.0,0.0,125713000000.0,0.6678464753881758,14681000000.0,-11.565568339256671,185727000000.0,11.892497605234146,32523000000.0,-28.569546023588327,26591000000.0,91.67447560008651
2023-06-22,277.3700702629299,283.5122286040647,276.08799589967447,283.1345520019531,17563100,0.0,0.0,125713000000.0,0.6678464753881758,14681000000.0,-11.565568339256671,185727000000.0,11.892497605234146,32523000000.0,-28.569546023588327,26591000000.0,91.67447560008651
2023-06-23,279.78523335355857,287.895241699869,277.240920577924,286.96099853515625,51092000,0.0,0.0,125713000000.0,0.6678464753881758,14681000000.0,-11.565568339256671,185727000000.0,11.892497605234146,32523000000.0,-28.569546023588327,26591000000.0,91.67447560008651
2023-06-26,286.9311565003175,288.0144744656378,275.8991597778569,276.7638244628906,24232700,0.0,0.0,125713000000.0,0.6678464753881758,14681000000.0,-11.565568339256671,185727000000.0,11.892497605234146,32523000000.0,-28.569546023588327,26591000000.0,91.67447560008651
2023-06-27,280.2821612052411,287.57718608230954,278.9304780242329,285.291259765625,26108300,0.0,0.0,125713000000.0,0.6678464753881758,14681000000.0,-11.565568339256671,185727000000.0,11.892497605234146,32523000000.0,-28.569546023588327,26591000000.0,91.67447560008651
2023-06-28,283.0749012048485,287.77590085185756,282.3195480562401,283.5420227050781,16722100,0.0,0.0,125713000000.0,0.6678464753881758,14681000000.0,-11.565568339256671,185727000000.0,11.892497605234146,32523000000.0,-28.569546023588327,26591000000.0,91.67447560008651
2023-06-29,282.75685762058714,284.81418193077235,278.970204062731,279.8050537109375,15395700,0.0,0.0,125713000000.0,0.6678464753881758,14681000000.0,-11.565568339256671,185727000000.0,11.892497605234146,32523000000.0,-28.569546023588327,26591000000.0,91.67447560008651
2023-06-30,283.0153107326895,287.2790044495299,282.6773975218588,285.2217102050781,19694900,0.0,0.0,125713000000.0,0.6678464753881758,14681000000.0,-11.565568339256671,185727000000.0,11.892497605234146,32523000000.0,-28.569546023588327,26591000000.0,91.67447560008651
2023-07-03,284.9434043059661,287.62684323655463,283.1047331700127,284.2675476074219,8629300,0.0,0.0,125713000000.0,0.6678464753881758,14681000000.0,-11.565568339256671,185727000000.0,11.892497605234146,32523000000.0,-28.569546023588327,26591000000.0,91.67447560008651
2023-07-05,285.8876079303109,296.2934611113522,284.6055030634841,292.5664367675781,33865500,0.0,0.0,125713000000.0,0.6678464753881758,14681000000.0,-11.565568339256671,185727000000.0,11.892497605234146,32523000000.0,-28.569546023588327,26591000000.0,91.67447560008651
2023-07-06,294.07708709204957,296.29340439934816,289.52513191298294,290.2009582519531,47600500,0.0,0.0,125713000000.0,0.6678464753881758,14681000000.0,-11.565568339256671,185727000000.0,11.892497605234146,32523000000.0,-28.569546023588327,26591000000.0,91.67447560008651
2023-07-07,290.3898541389388,294.38524367476765,286.89143151632925,288.7499694824219,25586000,0.0,0.0,125713000000.0,0.6678464753881758,14681000000.0,-11.565568339256671,185727000000.0,11.892497605234146,32523000000.0,-28.569546023588327,26591000000.0,91.67447560008651
2023-07-10,293.7392242216746,296.3034341683867,285.2913016738543,292.2981262207031,37058300,0.0,0.0,125713000000.0,0.6678464753881758,14681000000.0,-11.565568339256671,185727000000.0,11.892497605234146,32523000000.0,-28.569546023588327,26591000000.0,91.67447560008651
2023-07-11,292.09928506956203,298.34080664753265,290.1115389577166,296.46240234375,27585900,0.0,0.0,125713000000.0,0.6678464753881758,14681000000.0,-11.565568339256671,185727000000.0,11.892497605234146,32523000000.0,-28.569546023588327,26591000000.0,91.67447560008651
2023-07-12,299.9012089337365,307.5540439617173,298.26132437934064,307.4447021484375,36677100,0.0,0.0,125713000000.0,0.6678464753881758,14681000000.0,-11.565568339256671,185727000000.0,11.892497605234146,32523000000.0,-28.569546023588327,26591000000.0,91.67447560008651
2023-07-13,311.6984814729097,314.30242418130945,308.3888973454291,311.4897766113281,30281000,0.0,0.0,125713000000.0,0.6678464753881758,14681000000.0,-11.565568339256671,185727000000.0,11.892497605234146,32523000000.0,-28.569546023588327,26591000000.0,91.67447560008651
2023-07-14,309.8797230894306,312.9507875343804,305.4768419103816,306.97760009765625,23054100,0.0,0.0,125713000000.0,0.6678464753881758,14681000000.0,-11.565568339256671,185727000000.0,11.892497605234146,32523000000.0,-28.569546023588327,26591000000.0,91.67447560008651
2023-07-17,305.65574210324695,309.8001759510319,302.8430642410926,308.71685791015625,25323100,0.0,0.0,125713000000.0,0.6678464753881758,14681000000.0,-11.565568339256671,185727000000.0,11.892497605234146,32523000000.0,-28.569546023588327,26591000000.0,91.67447560008651
2023-07-18,308.97527748671035,312.27494349335836,305.73524144025225,310.1380920410156,20731900,0.0,0.0,125713000000.0,0.6678464753881758,14681000000.0,-11.565568339256671,185727000000.0,11.892497605234146,32523000000.0,-28.569546023588327,26591000000.0,91.67447560008651
2023-07-19,311.11206950979573,316.7274459935439,308.6174385296386,314.0738220214844,21763700,0.0,0.0,125713000000.0,0.6678464753881758,14681000000.0,-11.565568339256671,185727000000.0,11.892497605234146,32523000000.0,-28.569546023588327,26591000000.0,91.67447560008651
2023-07-20,311.5792423566084,313.60675213915306,300.36835408408274,300.66650390625,23836900,0.0,0.0,125713000000.0,0.6678464753881758,14681000000.0,-11.565568339256671,185727000000.0,11.892497605234146,32523000000.0,-28.569546023588327,26591000000.0,91.67447560008651
2023-07-21,302.7039209651899,303.58845220441054,289.4158431901848,292.45709228515625,42139300,0.0,0.0,125713000000.0,0.6678464753881758,14681000000.0,-11.565568339256671,185727000000.0,11.892497605234146,32523000000.0,-28.569546023588327,26591000000.0,91.67447560008651
2023-07-24,293.96779810729123,295.6971276766955,286.533616051222,289.8233337402344,24915700,0.0,0.0,125713000000.0,0.6678464753881758,14681000000.0,-11.565568339256671,185727000000.0,11.892497605234146,32523000000.0,-28.569546023588327,26591000000.0,91.67447560008651
2023-07-25,293.3813918203589,296.47232248683173,290.0717775362577,292.6658020019531,19585600,0.0,0.0,125713000000.0,0.6678464753881758,14681000000.0,-11.565568339256671,185727000000.0,11.892497605234146,32523000000.0,-28.569546023588327,26591000000.0,91.67447560008651
2023-07-26,299.3446347497926,299.9210677894929,290.1115453638224,296.7406921386719,47256900,0.0,0.0,125713000000.0,0.6678464753881758,14681000000.0,-11.565568339256671,185727000000.0,11.892497605234146,32523000000.0,-28.569546023588327,26591000000.0,91.67447560008651
2023-07-27,323.1280444412518,323.356646192385,307.94166341648815,309.8002014160156,64229200,0.0,0.0,125713000000.0,0.6678464753881758,14681000000.0,-11.565568339256671,185727000000.0,11.892497605234146,32523000000.0,-28.569546023588327,26591000000.0,91.67447560008651
2023-07-28,314.93852479166225,324.2014297162644,312.32463358608067,323.48583984375,39220300,0.0,0.0,125713000000.0,0.6678464753881758,14681000000.0,-11.565568339256671,185727000000.0,11.892497605234146,32523000000.0,-28.569546023588327,26591000000.0,91.67447560008651
2023-07-31,321.7067592345927,323.66469029091354,315.64412776599033,316.64794921875,25799600,0.0,0.0,125713000000.0,0.6678464753881758,14681000000.0,-11.565568339256671,185727000000.0,11.892497605234146,32523000000.0,-28.569546023588327,26591000000.0,91.67447560008651
2023-08-01,315.5944209509183,322.15398840213874,312.7320620390697,320.73272705078125,22817900,0.0,0.0,125713000000.0,0.6678464753881758,14681000000.0,-11.565568339256671,185727000000.0,11.892497605234146,32523000000.0,-28.569546023588327,26591000000.0,91.67447560008651
2023-08-02,316.05161005931467,316.4392350831681,308.7466375342772,312.38421630859375,20461100,0.0,0.0,125713000000.0,0.6678464753881758,14681000000.0,-11.565568339256671,185727000000.0,11.892497605234146,32523000000.0,-28.569546023588327,26591000000.0,91.67447560008651
2023-08-03,308.03111235688823,314.01424840839314,308.03111235688823,311.2711486816406,15180200,0.0,0.0,125713000000.0,0.6678464753881758,14681000000.0,-11.565568339256671,185727000000.0,11.892497605234146,32523000000.0,-28.569546023588327,26591000000.0,91.67447560008651
2023-08-04,313.0302353033232,316.4591093262651,308.29942039197095,308.826171875,17612800,0.0,0.0,125713000000.0,0.6678464753881758,14681000000.0,-11.565568339256671,185727000000.0,11.892497605234146,32523000000.0,-28.569546023588327,26591000000.0,91.67447560008651
2023-08-07,311.31092933558955,315.12739897982857,308.5578810186809,314.6205139160156,16236500,0.0,0.0,125713000000.0,0.6678464753881758,14681000000.0,-11.565568339256671,185727000000.0,11.892497605234146,32523000000.0,-28.569546023588327,26591000000.0,91.67447560008651
2023-08-08,312.4737139507315,315.94235188743255,308.2099896220552,310.7245178222656,15183500,0.0,0.0,125713000000.0,0.6678464753881758,14681000000.0,-11.565568339256671,185727000000.0,11.892497605234146,32523000000.0,-28.569546023588327,26591000000.0,91.67447560008651
2023-08-09,310.9630475438108,311.7084524339226,300.9945006932728,303.34002685546875,19955800,0.0,0.0,125713000000.0,0.6678464753881758,14681000000.0,-11.565568339256671,185727000000.0,11.892497605234146,32523000000.0,-28.569546023588327,26591000000.0,91.67447560008651
2023-08-10,306.0532625291699,310.4262977842557,302.0081920277115,303.8667297363281,14358900,0.0,0.0,125713000000.0,0.6678464753881758,14681000000.0,-11.565568339256671,185727000000.0,11.892497605234146,32523000000.0,-28.569546023588327,26591000000.0,91.67447560008651
2023-08-11,300.71613412801133,302.85295482173194,298.5196531554508,299.7918395996094,14046300,0.0,0.0,125713000000.0,0.6678464753881758,14681000000.0,-11.565568339256671,185727000000.0,11.892497605234146,32523000000.0,-28.569546023588327,26591000000.0,91.67447560008651
2023-08-14,299.13595519780057,304.33389242312825,296.4226705467051,304.31402587890625,15641900,0.0,0.0,125713000000.0,0.6678464753881758,14681000000.0,-11.565568339256671,185727000000.0,11.892497605234146,32523000000.0,-28.569546023588327,26591000000.0,91.67447560008651
2023-08-15,304.2642750954109,305.34759295565794,298.191695686344,300.0999450683594,11623600,0.0,0.0,125713000000.0,0.6678464753881758,14681000000.0,-11.565568339256671,185727000000.0,11.892497605234146,32523000000.0,-28.569546023588327,26591000000.0,91.67447560008651
2023-08-16,298.36073244619973,299.23531534249935,292.4769900392472,292.4869384765625,18547700,0.0,0.0,125713000000.0,0.6678464753881758,14681000000.0,-11.565568339256671,185727000000.0,11.892497605234146,32523000000.0,-28.569546023588327,26591000000.0,91.67447560008651
2023-08-17,291.2545140049859,294.2361334501716,283.20416576746555,283.3432922363281,23950100,0.0,0.0,125713000000.0,0.6678464753881758,14681000000.0,-11.565568339256671,185727000000.0,11.892497605234146,32523000000.0,-28.569546023588327,26591000000.0,91.67447560008651
2023-08-18,277.3204111700281,283.93960968649634,272.6989072996462,281.5145568847656,35347900,0.0,0.0,125713000000.0,0.6678464753881758,14681000000.0,-11.565568339256671,185727000000.0,11.892497605234146,32523000000.0,-28.569546023588327,26591000000.0,91.67447560008651
2023-08-21,281.7133165859842,288.720109168506,280.1231137051673,288.123779296875,20181500,0.0,0.0,125713000000.0,0.6678464753881758,14681000000.0,-11.565568339256671,185727000000.0,11.892497605234146,32523000000.0,-28.569546023588327,26591000000.0,91.67447560008651
2023-08-22,290.75757498743184,291.1054366525672,284.9931229074211,285.8379211425781,12980200,0.0,0.0,125713000000.0,0.6678464753881758,14681000000.0,-11.565568339256671,185727000000.0,11.892497605234146,32523000000.0,-28.569546023588327,26591000000.0,91.67447560008651
2023-08-23,286.7323732562124,295.577837283612,285.90747197497666,292.43719482421875,18287000,0.0,0.0,125713000000.0,0.6678464753881758,14681000000.0,-11.565568339256671,185727000000.0,11.892497605234146,32523000000.0,-28.569546023588327,26591000000.0,91.67447560008651
2023-08-24,296.67111160823754,297.6252212635556,284.88379154825276,284.99310302734375,18360900,0.0,0.0,125713000000.0,0.6678464753881758,14681000000.0,-11.565568339256671,185727000000.0,11.892497605234146,32523000000.0,-28.569546023588327,26591000000.0,91.67447560008651
2023-08-25,284.3769078296585,286.62307068516355,274.3387837050851,283.7507629394531,23701400,0.0,0.0,125713000000.0,0.6678464753881758,14681000000.0,-11.565568339256671,185727000000.0,11.892497605234146,32523000000.0,-28.569546023588327,26591000000.0,91.67447560008651
2023-08-28,286.2354654072445,289.66433988550926,284.0489323586986,288.48162841796875,14239300,0.0,0.0,125713000000.0,0.6678464753881758,14681000000.0,-11.565568339256671,185727000000.0,11.892497605234146,32523000000.0,-28.569546023588327,26591000000.0,91.67447560008651
2023-08-29,286.81186621747776,297.31711144463566,286.41432307081345,296.1642150878906,20844500,0.0,0.0,125713000000.0,0.6678464753881758,14681000000.0,-11.565568339256671,185727000000.0,11.892497605234146,32523000000.0,-28.569546023588327,26591000000.0,91.67447560008651
2023-08-30,295.3492862928779,296.4624193263805,291.63218022598824,293.2919616699219,17717000,0.0,0.0,125713000000.0,0.6678464753881758,14681000000.0,-11.565568339256671,185727000000.0,11.892497605234146,32523000000.0,-28.569546023588327,26591000000.0,91.67447560008651
2023-08-31,293.98767316078107,299.2552191889363,293.84854668813364,294.0771484375,17229900,0.0,0.0,125713000000.0,0.6678464753881758,14681000000.0,-11.565568339256671,185727000000.0,11.892497605234146,32523000000.0,-28.569546023588327,26591000000.0,91.67447560008651
2023-09-01,297.5357575016883,299.8912316773539,292.66578582943225,294.5640869140625,12842300,0.0,0.0,125713000000.0,0.6678464753881758,14681000000.0,-11.565568339256671,185727000000.0,11.892497605234146,32523000000.0,-28.569546023588327,26591000000.0,91.67447560008651
2023-09-05,295.20020718482607,299.54345855006136,293.6994792764168,298.31103515625,14956000,0.0,0.0,125713000000.0,0.6678464753881758,14681000000.0,-11.565568339256671,185727000000.0,11.892497605234146,32523000000.0,-28.569546023588327,26591000000.0,91.67447560008651
2023-09-06,299.8614212554446,301.44167572223057,293.84850159896115,297.3370056152344,15418100,0.0,0.0,125713000000.0,0.6678464753881758,14681000000.0,-11.565568339256671,185727000000.0,11.892497605234146,32523000000.0,-28.569546023588327,26591000000.0,91.67447560008651
2023-09-07,296.17421002677173,305.16875024601484,290.4296242133021,296.8401184082031,33748700,0.0,0.0,125713000000.0,0.6678464753881758,14681000000.0,-11.565568339256671,185727000000.0,11.892497605234146,32523000000.0,-28.569546023588327,26591000000.0,91.67447560008651
2023-09-08,297.38668763075606,303.37974075580405,294.961635024311,296.0648498535156,17548000,0.0,0.0,125713000000.0,0.6678464753881758,14681000000.0,-11.565568339256671,185727000000.0,11.892497605234146,32523000000.0,-28.569546023588327,26591000000.0,91.67447560008651
2023-09-11,299.56328484691215,307.1465412031133,299.43407649527063,305.67559814453125,19489300,0.0,0.0,125713000000.0,0.6678464753881758,14681000000.0,-11.565568339256671,185727000000.0,11.892497605234146,32523000000.0,-28.569546023588327,26591000000.0,91.67447560008651
2023-09-12,304.4531690311037,306.76891061042903,298.3905666756111,299.8117980957031,13480400,0.0,0.0,125713000000.0,0.6678464753881758,14681000000.0,-11.565568339256671,185727000000.0,11.892497605234146,32523000000.0,-28.569546023588327,26591000000.0,91.67447560008651
2023-09-13,300.5074485328093,305.29792403579717,299.4738423723781,303.19091796875,13210900,0.0,0.0,125713000000.0,0.6678464753881758,14681000000.0,-11.565568339256671,185727000000.0,11.892497605234146,32523000000.0,-28.569546023588327,26591000000.0,91.67447560008651
2023-09-14,304.86059071081536,310.9530369816993,303.1610763934704,309.8100891113281,19343100,0.0,0.0,125713000000.0,0.6678464753881758,14681000000.0,-11.565568339256671,185727000000.0,11.892497605234146,32523000000.0,-28.569546023588327,26591000000.0,91.67447560008651
2023-09-15,309.7007857678787,310.088410840117,296.9195921105287,298.47003173828125,28131100,0.0,0.0,125713000000.0,0.6678464753881758,14681000000.0,-11.565568339256671,185727000000.0,11.892497605234146,32523000000.0,-28.569546023588327,26591000000.0,91.67447560008651
2023-09-18,296.363016980272,301.73987399777747,295.9753919193005,300.6962890625,14234200,0.0,0.0,125713000000.0,0.6678464753881758,14681000000.0,-11.565568339256671,185727000000.0,11.892497605234146,32523000000.0,-28.569546023588327,26591000000.0,91.67447560008651
2023-09-19,300.6267088125045,304.2941025217708,297.9730546201246,303.2008361816406,15924400,0.0,0.0,125713000000.0,0.6678464753881758,14681000000.0,-11.565568339256671,185727000000.0,11.892497605234146,32523000000.0,-28.569546023588327,26591000000.0,91.67447560008651
2023-09-20,303.1809965191414,306.1725644483094,297.5954341908518,297.833984375,19379500,0.0,0.0,125713000000.0,0.6678464753881758,14681000000.0,-11.565568339256671,185727000000.0,11.892497605234146,32523000000.0,-28.569546023588327,26591000000.0,91.67447560008651
2023-09-21,293.8883063562323,298.4203655519059,291.4731715195021,293.9181213378906,21319600,0.0,0.0,125713000000.0,0.6678464753881758,14681000000.0,-11.565568339256671,185727000000.0,11.892497605234146,32523000000.0,-28.569546023588327,26591000000.0,91.67447560008651
2023-09-22,297.4662118927926,303.5089774314611,296.44252379513864,297.24755859375,25369600,0.0,0.0,125713000000.0,0.6678464753881758,14681000000.0,-11.565568339256671,185727000000.0,11.892497605234146,32523000000.0,-28.569546023588327,26591000000.0,91.67447560008651
2023-09-25,293.82867316991013,299.10613717975474,291.90055682888425,298.9868469238281,18987000,0.0,0.0,125713000000.0,0.6678464753881758,14681000000.0,-11.565568339256671,185727000000.0,11.892497605234146,32523000000.0,-28.569546023588327,26591000000.0,91.67447560008651
2023-09-26,295.8362426052997,298.46005156922627,294.19635821152093,297.1282653808594,19417200,0.0,0.0,125713000000.0,0.6678464753881758,14681000000.0,-11.565568339256671,185727000000.0,11.892497605234146,32523000000.0,-28.569546023588327,26591000000.0,91.67447560008651
2023-09-27,298.6091894634208,299.4539573464908,285.0328790760572,295.915771484375,36429800,0.0,0.0,125713000000.0,0.6678464753881758,14681000000.0,-11.565568339256671,185727000000.0,11.892497605234146,32523000000.0,-28.569546023588327,26591000000.0,91.67447560008651
2023-09-28,297.1084242521594,304.45313062279126,294.8821582340951,302.09765625,22167100,0.0,0.0,125713000000.0,0.6678464753881758,14681000000.0,-11.565568339256671,185727000000.0,11.892497605234146,32523000000.0,-28.569546023588327,26591000000.0,91.67447560008651
2023-09-29,305.49675073216946,308.73678708760275,297.52586821318613,298.37066650390625,25373700,0.0,0.0,125713000000.0,0.6678464753881758,14681000000.0,-11.565568339256671,185727000000.0,11.892497605234146,32523000000.0,-28.569546023588327,26591000000.0,91.67447560008651
2023-10-02,300.8850755299766,305.2978736836052,299.78189115686655,304.9400939941406,16265600,0.0,0.0,125713000000.0,0.6678464753881758,14681000000.0,-11.565568339256671,185727000000.0,11.892497605234146,32523000000.0,-28.569546023588327,26591000000.0,91.67447560008651
2023-10-03,302.3958575791046,304.89045858764183,297.8041684295861,299.09619140625,17362300,0.0,0.0,125713000000.0,0.6678464753881758,14681000000.0,-11.565568339256671,185727000000.0,11.892497605234146,32523000000.0,-28.569546023588327,26591000000.0,91.67447560008651
2023-10-04,296.89969674713575,305.01962229611473,296.67109503462666,303.70770263671875,16880500,0.0,0.0,125713000000.0,0.6678464753881758,14681000000.0,-11.565568339256671,185727000000.0,11.892497605234146,32523000000.0,-28.569546023588327,26591000000.0,91.67447560008651
2023-10-05,302.76355357583645,304.3338596571605,297.6649799511563,302.9225769042969,19130000,0.0,0.0,125713000000.0,0.6678464753881758,14681000000.0,-11.565568339256671,185727000000.0,11.892497605234146,32523000000.0,-28.569546023588327,26591000000.0,91.67447560008651
2023-10-06,299.5930717675184,314.3719580408893,299.0663203044193,313.4973449707031,21803900,0.0,0.0,125713000000.0,0.6678464753881758,14681000000.0,-11.565568339256671,185727000000.0,11.892497605234146,32523000000.0,-28.569546023588327,26591000000.0,91.67447560008651
2023-10-09,310.5853120967943,318.36732433122893,309.9094857370149,316.4093933105469,22503700,0.0,0.0,125713000000.0,0.6678464753881758,14681000000.0,-11.565568339256671,185727000000.0,11.892497605234146,32523000000.0,-28.569546023588327,26591000000.0,91.67447560008651
2023-10-10,317.16473682249733,322.670801559993,316.21062726540146,319.8680725097656,19038000,0.0,0.0,125713000000.0,0.6678464753881758,14681000000.0,-11.565568339256671,185727000000.0,11.892497605234146,32523000000.0,-28.569546023588327,26591000000.0,91.67447560008651
2023-10-11,321.03096564735466,326.82523258157005,320.9713356867048,325.8114929199219,22036300,0.0,0.0,125713000000.0,0.6678464753881758,14681000000.0,-11.565568339256671,185727000000.0,11.892497605234146,32523000000.0,-28.569546023588327,26591000000.0,91.67447560008651
2023-10-12,325.99035800443886,328.51480402545536,320.7128945741685,322.17388916015625,20530500,0.0,0.0,125713000000.0,0.6678464753881758,14681000000.0,-11.565568339256671,185727000000.0,11.892497605234146,32523000000.0,-28.569546023588327,26591000000.0,91.67447560008651
2023-10-13,321.54776705276197,323.05844326558616,310.4561394714202,312.7619323730469,21341000,0.0,0.0,125713000000.0,0.6678464753881758,14681000000.0,-11.565568339256671,185727000000.0,11.892497605234146,32523000000.0,-28.569546023588327,26591000000.0,91.67447560008651
2023-10-16,316.68771137426313,319.84822027579327,313.5868020964591,319.18231201171875,16536100,0.0,0.0,125713000000.0,0.6678464753881758,14681000000.0,-11.565568339256671,185727000000.0,11.892497605234146,32523000000.0,-28.569546023588327,26591000000.0,91.67447560008651
2023-10-17,316.2305137404862,322.4124052068477,315.3559006202656,322.0148620605469,16387800,0.0,0.0,125713000000.0,0.6678464753881758,14681000000.0,-11.565568339256671,185727000000.0,11.892497605234146,32523000000.0,-28.569546023588327,26591000000.0,91.67447560008651
2023-10-18,319.4208864985658,323.94299691938124,313.6265894069877,315.0279541015625,16851000,0.0,0.0,125713000000.0,0.6678464753881758,14681000000.0,-11.565568339256671,185727000000.0,11.892497605234146,32523000000.0,-28.569546023588327,26591000000.0,91.67447560008651
2023-10-19,317.92015370913833,319.91784848183437,309.83996000354335,310.8934631347656,18709200,0.0,0.0,125713000000.0,0.6678464753881758,14681000000.0,-11.565568339256671,185727000000.0,11.892497605234146,32523000000.0,-28.569546023588327,26591000000.0,91.67447560008651
2023-10-20,312.21529480774785,313.36816085601043,304.59227516092113,306.7589111328125,22312300,0.0,0.0,125713000000.0,0.6678464753881758,14681000000.0,-11.565568339256671,185727000000.0,11.892497605234146,32523000000.0,-28.569546023588327,26591000000.0,91.67447560008651
2023-10-23,307.6037128698438,315.415540583069,305.3774469154465,312.0860900878906,17796800,0.0,0.0,125713000000.0,0.6678464753881758,14681000000.0,-11.565568339256671,185727000000.0,11.892497605234146,32523000000.0,-28.569546023588327,26591000000.0,91.67447560008651
2023-10-24,314.83907275717036,316.3994605723221,308.72676016391097,310.6349792480469,19525500,0.0,0.0,125713000000.0,0.6678464753881758,14681000000.0,-11.565568339256671,185727000000.0,11.892497605234146,32523000000.0,-28.569546023588327,26591000000.0,91.67447560008651
2023-10-25,308.1006773408739,308.97529056815716,297.00904931693026,297.69482421875,42192500,0.0,0.0,125713000000.0,0.6678464753881758,14681000000.0,-11.565568339256671,185727000000.0,11.892497605234146,32523000000.0,-28.569546023588327,26591000000.0,91.67447560008651
2023-10-26,293.19256300342494,293.19256300342494,277.68813665644586,286.58331298828125,66684100,0.0,0.0,125713000000.0,0.6678464753881758,14681000000.0,-11.565568339256671,185727000000.0,11.892497605234146,32523000000.0,-28.569546023588327,26591000000.0,91.67447560008651
2023-10-27,292.67577274307337,297.4761666565405,291.17501459815327,294.9119873046875,29596300,0.0,0.0,125713000000.0,0.6678464753881758,14681000000.0,-11.565568339256671,185727000000.0,11.892497605234146,32523000000.0,-28.569546023588327,26591000000.0,91.67447560008651
2023-10-30,297.25749932854717,307.50432847654946,297.21773591231505,300.8056335449219,28435100,0.0,0.0,125713000000.0,0.6678464753881758,14681000000.0,-11.565568339256671,185727000000.0,11.892497605234146,32523000000.0,-28.569546023588327,26591000000.0,91.67447560008651
2023-10-31,301.4516121618608,301.8193403128151,295.0411192868356,299.4241027832031,19434200,0.0,0.0,125713000000.0,0.6678464753881758,14681000000.0,-11.565568339256671,185727000000.0,11.892497605234146,32523000000.0,-28.569546023588327,26591000000.0,91.67447560008651
2023-11-01,300.0006000946565,310.82386233821836,300.0006000946565,309.9393310546875,20434600,0.0,0.0,125713000000.0,0.6678464753881758,14681000000.0,-11.565568339256671,185727000000.0,11.892497605234146,32523000000.0,-28.569546023588327,26591000000.0,91.67447560008651
2023-11-02,315.3558977661489,316.8666041712566,306.4408555450822,308.9653015136719,21631800,0.0,0.0,125713000000.0,0.6678464753881758,14681000000.0,-11.565568339256671,185727000000.0,11.892497605234146,32523000000.0,-28.569546023588327,26591000000.0,91.67447560008651
2023-11-03,310.6350272850042,313.61664660431865,309.1144026453778,312.6724853515625,16764300,0.0,0.0,125713000000.0,0.6678464753881758,14681000000.0,-11.565568339256671,185727000000.0,11.892497605234146,32523000000.0,-28.569546023588327,26591000000.0,91.67447560008651
2023-11-06,314.0440325136339,316.37961003011276,312.523407886489,313.8651123046875,12887700,0.0,0.0,125713000000.0,0.6678464753881758,14681000000.0,-11.565568339256671,185727000000.0,11.892497605234146,32523000000.0,-28.569546023588327,26591000000.0,91.67447560008651
2023-11-07,315.1174117712226,319.03327432489834,313.1892954750228,316.86663818359375,14055600,0.0,0.0,125713000000.0,0.6678464753881758,14681000000.0,-11.565568339256671,185727000000.0,11.892497605234146,32523000000.0,-28.569546023588327,26591000000.0,91.67447560008651
2023-11-08,316.1908339897348,319.36126158939925,312.95079765621443,317.8207702636719,13609700,0.0,0.0,125713000000.0,0.6678464753881758,14681000000.0,-11.565568339256671,185727000000.0,11.892497605234146,32523000000.0,-28.569546023588327,26591000000.0,91.67447560008651
2023-11-09,317.4629170405313,322.1937317472285,316.8466903221728,318.5859680175781,16103100,0.0,0.0,125713000000.0,0.6678464753881758,14681000000.0,-11.565568339256671,185727000000.0,11.892497605234146,32523000000.0,-28.569546023588327,26591000000.0,91.67447560008651
2023-11-10,317.97978938725396,327.0836714058754,317.50271933920914,326.75567626953125,19096200,0.0,0.0,125713000000.0,0.6678464753881758,14681000000.0,-11.565568339256671,185727000000.0,11.892497605234146,32523000000.0,-28.569546023588327,26591000000.0,91.67447560008651
2023-11-13,324.2013945315165,330.2938107279638,323.7044580164961,327.1730651855469,16908900,0.0,0.0,125713000000.0,0.6678464753881758,14681000000.0,-11.565568339256671,185727000000.0,11.892497605234146,32523000000.0,-28.569546023588327,26591000000.0,91.67447560008651
2023-11-14,332.49030626377095,336.0284919764558,331.28769800766355,334.24945068359375,17179400,0.0,0.0,125713000000.0,0.6678464753881758,14681000000.0,-11.565568339256671,185727000000.0,11.892497605234146,32523000000.0,-28.569546023588327,26591000000.0,91.67447560008651
2023-11-15,335.85949655936287,336.3266180839063,327.9979574674847,330.6714782714844,14531200,0.0,0.0,125713000000.0,0.6678464753881758,14681000000.0,-11.565568339256671,185727000000.0,11.892497605234146,32523000000.0,-28.569546023588327,26591000000.0,91.67447560008651
2023-11-16,327.3519503221803,332.5300202413146,324.38027971108323,332.1424255371094,18932600,0.0,0.0,125713000000.0,0.6678464753881758,14681000000.0,-11.565568339256671,185727000000.0,11.892497605234146,32523000000.0,-28.569546023588327,26591000000.0,91.67447560008651
2023-11-17,328.236531565473,333.44441677442944,327.33210342724755,332.98724365234375,14494400,0.0,0.0,125713000000.0,0.6678464753881758,14681000000.0,-11.565568339256671,185727000000.0,11.892497605234146,32523000000.0,-28.569546023588327,26591000000.0,91.67447560008651
2023-11-20,332.8381621487933,339.7753766653028,332.14243887763337,337.88702392578125,16960500,0.0,0.0,125713000000.0,0.6678464753881758,14681000000.0,-11.565568339256671,185727000000.0,11.892497605234146,32523000000.0,-28.569546023588327,26591000000.0,91.67447560008651
2023-11-21,336.2570485629804,337.8174364978858,333.8419443818045,334.91534423828125,12027900,0.0,0.0,125713000000.0,0.6678464753881758,14681000000.0,-11.565568339256671,185727000000.0,11.892497605234146,32523000000.0,-28.569546023588327,26591000000.0,91.67447560008651
2023-11-22,337.1316453771932,340.8189359745658,336.5055005462961,339.3976745605469,10702700,0.0,0.0,125713000000.0,0.6678464753881758,14681000000.0,-11.565568339256671,185727000000.0,11.892497605234146,32523000000.0,-28.569546023588327,26591000000.0,91.67447560008651
2023-11-24,338.04603700845905,339.7654179309521,334.7066078709448,336.1576843261719,5467500,0.0,0.0,125713000000.0,0.6678464753881758,14681000000.0,-11.565568339256671,185727000000.0,11.892497605234146,32523000000.0,-28.569546023588327,26591000000.0,91.67447560008651
2023-11-27,334.12020456206045,337.8174131881287,332.1523555119665,332.6492919921875,15684500,0.0,0.0,125713000000.0,0.6678464753881758,14681000000.0,-11.565568339256671,185727000000.0,11.892497605234146,32523000000.0,-28.569546023588327,26591000000.0,91.67447560008651
2023-11-28,331.35721800901825,337.3005888559544,331.35721800901825,336.9129638671875,12637200,0.0,0.0,125713000000.0,0.6678464753881758,14681000000.0,-11.565568339256671,185727000000.0,11.892497605234146,32523000000.0,-28.569546023588327,26591000000.0,91.67447560008651
2023-11-29,337.6087106345,337.81741546503275,328.75329885760414,330.16461181640625,16024500,0.0,0.0,125713000000.0,0.6678464753881758,14681000000.0,-11.565568339256671,185727000000.0,11.892497605234146,32523000000.0,-28.569546023588327,26591000000.0,91.67447560008651
2023-11-30,329.8565478251804,331.4566689095043,320.42467176423753,325.14556884765625,23146400,0.0,0.0,125713000000.0,0.6678464753881758,14681000000.0,-11.565568339256671,185727000000.0,11.892497605234146,32523000000.0,-28.569546023588327,26591000000.0,91.67447560008651
2023-12-01,323.48579380169986,324.8573130590916,318.79471204525896,322.829833984375,15276400,0.0,0.0,125713000000.0,0.6678464753881758,14681000000.0,-11.565568339256671,185727000000.0,11.892497605234146,32523000000.0,-28.569546023588327,26591000000.0,91.67447560008651
2023-12-04,315.34595041456754,318.8940537229913,311.7381868262037,318.0592041015625,19037100,0.0,0.0,125713000000.0,0.6678464753881758,14681000000.0,-11.565568339256671,185727000000.0,11.892497605234146,32523000000.0,-28.569546023588327,26591000000.0,91.67447560008651
2023-12-05,317.0256185423016,319.90784415875646,313.4576181335451,316.33984375,16952100,0.0,0.0,125713000000.0,0.6678464753881758,14681000000.0,-11.565568339256671,185727000000.0,11.892497605234146,32523000000.0,-28.569546023588327,26591000000.0,91.67447560008651
2023-12-06,319.9575366368389,320.2755832851544,315.0975133016453,315.5050048828125,11294300,0.0,0.0,125713000000.0,0.6678464753881758,14681000000.0,-11.565568339256671,185727000000.0,11.892497605234146,32523000000.0,-28.569546023588327,26591000000.0,91.67447560008651
2023-12-07,315.82299215965526,326.22884301958476,315.82299215965526,324.5889587402344,15905100,0.0,0.0,125713000000.0,0.6678464753881758,14681000000.0,-11.565568339256671,185727000000.0,11.892497605234146,32523000000.0,-28.569546023588327,26591000000.0,91.67447560008651
2023-12-08,321.1104554318306,331.1287132397736,321.0210104927275,330.7112731933594,14087400,0.0,0.0,125713000000.0,0.6678464753881758,14681000000.0,-11.565568339256671,185727000000.0,11.892497605234146,32523000000.0,-28.569546023588327,26591000000.0,91.67447560008651
2023-12-11,327.3818007550202,327.86881921025474,318.03939946194566,323.28704833984375,25802500,0.0,0.0,125713000000.0,0.6678464753881758,14681000000.0,-11.565568339256671,185727000000.0,11.892497605234146,32523000000.0,-28.569546023588327,26591000000.0,91.67447560008651
2023-12-12,322.6111876329253,332.420709465379,322.5714242196474,332.1722412109375,18485500,0.0,0.0,125713000000.0,0.6678464753881758,14681000000.0,-11.565568339256671,185727000000.0,11.892497605234146,32523000000.0,-28.569546023588327,26591000000.0,91.67447560008651
2023-12-13,331.8839912054447,336.29678958695024,330.6019169213961,332.68902587890625,16353300,0.0,0.0,125713000000.0,0.6678464753881758,14681000000.0,-11.565568339256671,185727000000.0,11.892497605234146,32523000000.0,-28.569546023588327,26591000000.0,91.67447560008651
2023-12-14,331.80458017156695,332.6493784736908,326.6265091940465,331.1287536621094,19607300,0.0,0.0,125713000000.0,0.6678464753881758,14681000000.0,-11.565568339256671,185727000000.0,11.892497605234146,32523000000.0,-28.569546023588327,26591000000.0,91.67447560008651
2023-12-15,329.9559098193617,336.58505652195277,329.1906384767599,332.86798095703125,31776900,0.0,0.0,125713000000.0,0.6678464753881758,14681000000.0,-11.565568339256671,185727000000.0,11.892497605234146,32523000000.0,-28.569546023588327,26591000000.0,91.67447560008651
2023-12-18,335.4123067172568,345.43053427983546,334.9551032504846,342.508544921875,18993900,0.0,0.0,125713000000.0,0.6678464753881758,14681000000.0,-11.565568339256671,185727000000.0,11.892497605234146,32523000000.0,-28.569546023588327,26591000000.0,91.67447560008651
2023-12-19,343.462636407215,351.43351770610775,343.00546329527356,348.2133483886719,17729400,0.0,0.0,125713000000.0,0.6678464753881758,14681000000.0,-11.565568339256671,185727000000.0,11.892497605234146,32523000000.0,-28.569546023588327,26591000000.0,91.67447560008651
2023-12-20,346.5138392448475,352.7851758802444,345.6591229646782,347.1399841308594,16369900,0.0,0.0,125713000000.0,0.6678464753881758,14681000000.0,-11.565568339256671,185727000000.0,11.892497605234146,32523000000.0,-28.569546023588327,26591000000.0,91.67447560008651
2023-12-21,350.8173171913434,354.2262944451578,347.0703964124121,351.9205017089844,15289600,0.0,0.0,125713000000.0,0.6678464753881758,14681000000.0,-11.565568339256671,185727000000.0,11.892497605234146,32523000000.0,-28.569546023588327,26591000000.0,91.67447560008651
2023-12-22,353.401377143422,355.01147701392597,349.06810506469606,351.2248229980469,11772800,0.0,0.0,125713000000.0,0.6678464753881758,14681000000.0,-11.565568339256671,185727000000.0,11.892497605234146,32523000000.0,-28.569546023588327,26591000000.0,91.67447560008651
2023-12-26,352.81502920728155,354.7928574532552,351.28448635356017,352.656005859375,9898600,0.0,0.0,125713000000.0,0.6678464753881758,14681000000.0,-11.565568339256671,185727000000.0,11.892497605234146,32523000000.0,-28.569546023588327,26591000000.0,91.67447560008651
2023-12-27,353.8883773329017,356.8004180336097,353.1330241237523,355.6375732421875,13207900,0.0,0.0,125713000000.0,0.6678464753881758,14681000000.0,-11.565568339256671,185727000000.0,11.892497605234146,32523000000.0,-28.569546023588327,26591000000.0,91.67447560008651
2023-12-28,357.4961529515435,359.68265549214016,355.6177183034802,356.1246032714844,11798800,0.0,0.0,125713000000.0,0.6678464753881758,14681000000.0,-11.565568339256671,185727000000.0,11.892497605234146,32523000000.0,-28.569546023588327,26591000000.0,91.67447560008651
2023-12-29,356.79043947493113,357.79426085701493,349.664387431329,351.791259765625,14987100,0.0,0.0,125713000000.0,0.6678464753881758,14681000000.0,-11.565568339256671,185727000000.0,11.892497605234146,32523000000.0,-28.569546023588327,26591000000.0,91.67447560008651
2024-01-02,349.1675155956903,350.9962385167095,337.92681291267155,344.1683349609375,19042200,0.0,0.0,153168000000.0,21.83942790323992,41862000000.0,185.14406375587492,229623000000.0,23.6346896250949,53405000000.0,64.20686898502598,37234000000.0,40.02482042796435
2024-01-03,342.866382100189,345.8181866713124,341.07739216976734,342.3594970703125,15451100,0.0,0.0,153168000000.0,21.83942790323992,41862000000.0,185.14406375587492,229623000000.0,23.6346896250949,53405000000.0,64.20686898502598,37234000000.0,40.02482042796435
2024-01-04,342.38925214525074,346.01688256775293,341.29598576749186,344.9931945800781,12099900,0.0,0.0,153168000000.0,21.83942790323992,41862000000.0,185.14406375587492,229623000000.0,23.6346896250949,53405000000.0,64.20686898502598,37234000000.0,40.02482042796435
2024-01-05,344.86397776964634,351.3341006154848,344.138469901315,349.7936096191406,13920700,0.0,0.0,153168000000.0,21.83942790323992,41862000000.0,185.14406375587492,229623000000.0,23.6346896250949,53405000000.0,64.20686898502598,37234000000.0,40.02482042796435
2024-01-08,352.52676530820344,356.7805405358962,349.8929775931583,356.4624938964844,13890200,0.0,0.0,153168000000.0,21.83942790323992,41862000000.0,185.14406375587492,229623000000.0,23.6346896250949,53405000000.0,64.20686898502598,37234000000.0,40.02482042796435
2024-01-09,354.21630234081107,358.43034414307147,353.1826660122648,355.239990234375,13463900,0.0,0.0,153168000000.0,21.83942790323992,41862000000.0,185.14406375587492,229623000000.0,23.6346896250949,53405000000.0,64.20686898502598,37234000000.0,40.02482042796435
2024-01-10,357.9632544330111,370.6550018189299,356.87990616398247,368.20013427734375,22117200,0.0,0.0,153168000000.0,21.83942790323992,41862000000.0,185.14406375587492,229623000000.0,23.6346896250949,53405000000.0,64.20686898502598,37234000000.0,40.02482042796435
2024-01-11,369.84997899876964,370.49599040824944,360.70633490419993,367.4050598144531,17205400,0.0,0.0,153168000000.0,21.83942790323992,41862000000.0,185.14406375587492,229623000000.0,23.6346896250949,53405000000.0,64.20686898502598,37234000000.0,40.02482042796435
2024-01-12,367.89203879686136,374.74975653283997,367.27584238058296,372.19549560546875,19310000,0.0,0.0,153168000000.0,21.83942790323992,41862000000.0,185.14406375587492,229623000000.0,23.6346896250949,53405000000.0,64.20686898502598,37234000000.0,40.02482042796435
2024-01-16,371.36066433979323,373.3086470528875,364.9800162533216,365.2085876464844,15306900,0.0,0.0,153168000000.0,21.83942790323992,41862000000.0,185.14406375587492,229623000000.0,23.6346896250949,53405000000.0,64.20686898502598,37234000000.0,40.02482042796435
2024-01-17,364.0557124674283,366.2820088855844,356.41282573256785,366.113037109375,12724800,0.0,0.0,153168000000.0,21.83942790323992,41862000000.0,185.14406375587492,229623000000.0,23.6346896250949,53405000000.0,64.20686898502598,37234000000.0,40.02482042796435
2024-01-18,369.21388452390124,374.5410597700138,368.6772149223667,373.8254699707031,16354300,0.0,0.0,153168000000.0,21.83942790323992,41862000000.0,185.14406375587492,229623000000.0,23.6346896250949,53405000000.0,64.20686898502598,37234000000.0,40.02482042796435
2024-01-19,376.6779297709729,382.0050753800212,375.6542416236057,381.1006774902344,21670800,0.0,0.0,153168000000.0,21.83942790323992,41862000000.0,185.14406375587492,229623000000.0,23.6346896250949,53405000000.0,64.20686898502598,37234000000.0,40.02482042796435
2024-01-22,385.5730980910451,387.95838756894113,378.8246909551972,379.4408874511719,17680500,0.0,0.0,153168000000.0,21.83942790323992,41862000000.0,185.14406375587492,229623000000.0,23.6346896250949,53405000000.0,64.20686898502598,37234000000.0,40.02482042796435
2024-01-23,382.26344144036744,386.00041375357046,379.7389954417294,382.83990478515625,15506100,0.0,0.0,153168000000.0,21.83942790323992,41862000000.0,185.14406375587492,229623000000.0,23.6346896250949,53405000000.0,64.20686898502598,37234000000.0,40.02482042796435
2024-01-24,387.6105205734711,393.7228342548557,385.4339359930336,388.3062438964844,15698500,0.0,0.0,153168000000.0,21.83942790323992,41862000000.0,185.14406375587492,229623000000.0,23.6346896250949,53405000000.0,64.20686898502598,37234000000.0,40.02482042796435
2024-01-25,387.7794588566284,393.0668403985495,383.2970817231635,390.77099609375,15091100,0.0,0.0,153168000000.0,21.83942790323992,41862000000.0,185.14406375587492,229623000000.0,23.6346896250949,53405000000.0,64.20686898502598,37234000000.0,40.02482042796435
2024-01-26,391.93389408394137,394.358947066402,389.1907944049543,391.7251892089844,13163700,0.0,0.0,153168000000.0,21.83942790323992,41862000000.0,185.14406375587492,229623000000.0,23.6346896250949,53405000000.0,64.20686898502598,37234000000.0,40.02482042796435
2024-01-29,392.56996463027923,400.46132024599405,390.691560058652,398.5630187988281,18742400,0.0,0.0,153168000000.0,21.83942790323992,41862000000.0,185.14406375587492,229623000000.0,23.6346896250949,53405000000.0,64.20686898502598,37234000000.0,40.02482042796435
2024-01-30,401.11722690954844,403.8702443822703,397.121868104815,397.6088562011719,18614700,0.0,0.0,153168000000.0,21.83942790323992,41862000000.0,185.14406375587492,229623000000.0,23.6346896250949,53405000000.0,64.20686898502598,37234000000.0,40.02482042796435
2024-01-31,386.6166039898912,395.561461151611,384.72825132186983,387.7496337890625,20180800,0.0,0.0,153168000000.0,21.83942790323992,41862000000.0,185.14406375587492,229623000000.0,23.6346896250949,53405000000.0,64.20686898502598,37234000000.0,40.02482042796435
2024-02-01,391.5263867752393,398.0461921401505,390.64182512290597,392.3612365722656,29727100,0.0,0.0,153168000000.0,21.83942790323992,41862000000.0,185.14406375587492,229623000000.0,23.6346896250949,53405000000.0,64.20686898502598,37234000000.0,40.02482042796435
2024-02-02,456.7840522194359,482.9825308213264,450.2344325689633,472.0797424316406,84707600,0.0,0.0,153168000000.0,21.83942790323992,41862000000.0,185.14406375587492,229623000000.0,23.6346896250949,53405000000.0,64.20686898502598,37234000000.0,40.02482042796435
2024-02-05,467.0010979509387,469.00871069766293,456.40640704552834,456.5952453613281,40832400,0.0,0.0,153168000000.0,21.83942790323992,41862000000.0,185.14406375587492,229623000000.0,23.6346896250949,53405000000.0,64.20686898502598,37234000000.0,40.02482042796435
2024-02-06,461.15710076297296,464.2579798634834,450.2244970810922,451.9339599609375,21655200,0.0,0.0,153168000000.0,21.83942790323992,41862000000.0,185.14406375587492,229623000000.0,23.6346896250949,53405000000.0,64.20686898502598,37234000000.0,40.02482042796435
2024-02-07,455.19384488408633,468.63099724636555,453.3849887014917,466.71282958984375,23066000,0.0,0.0,153168000000.0,21.83942790323992,41862000000.0,185.14406375587492,229623000000.0,23.6346896250949,53405000000.0,64.20686898502598,37234000000.0,40.02482042796435
2024-02-08,465.45063137550386,467.706712266999,462.1807805672625,467.1203308105469,18815100,0.0,0.0,153168000000.0,21.83942790323992,41862000000.0,185.14406375587492,229623000000.0,23.6346896250949,53405000000.0,64.20686898502598,37234000000.0,40.02482042796435
2024-02-09,470.0522235728848,470.6882864886209,464.6057888909046,465.2418518066406,18413100,0.0,0.0,153168000000.0,21.83942790323992,41862000000.0,185.14406375587492,229623000000.0,23.6346896250949,53405000000.0,64.20686898502598,37234000000.0,40.02482042796435
2024-02-12,465.3214277158165,476.21426789829854,463.7212763264938,466.0270690917969,19382000,0.0,0.0,153168000000.0,21.83942790323992,41862000000.0,185.14406375587492,229623000000.0,23.6346896250949,53405000000.0,64.20686898502598,37234000000.0,40.02482042796435
2024-02-13,454.07081562240126,465.0233170127497,452.30172265030774,457.3009033203125,20916600,0.0,0.0,153168000000.0,21.83942790323992,41862000000.0,185.14406375587492,229623000000.0,23.6346896250949,53405000000.0,64.20686898502598,37234000000.0,40.02482042796435
2024-02-14,465.0630521639691,471.2051809036013,463.2343292219395,470.3802795410156,16858400,0.0,0.0,153168000000.0,21.83942790323992,41862000000.0,185.14406375587492,229623000000.0,23.6346896250949,53405000000.0,64.20686898502598,37234000000.0,40.02482042796435
2024-02-15,472.36803249021705,485.6262967549463,469.32678305853415,481.0644226074219,24212300,0.0,0.0,153168000000.0,21.83942790323992,41862000000.0,185.14406375587492,229623000000.0,23.6346896250949,53405000000.0,64.20686898502598,37234000000.0,40.02482042796435
2024-02-16,475.1806744685362,476.025472707322,466.3352095502757,470.4200439453125,23324600,0.0,0.0,153168000000.0,21.83942790323992,41862000000.0,185.14406375587492,229623000000.0,23.6346896250949,53405000000.0,64.20686898502598,37234000000.0,40.02482042796435
2024-02-20,466.8420276425139,473.26243874190203,463.7013853169942,468.8595886230469,18015500,0.0,0.0,153168000000.0,21.83942790323992,41862000000.0,185.14406375587492,229623000000.0,23.6346896250949,53405000000.0,64.20686898502598,37234000000.0,40.02482042796435
2024-02-21,464.13370687149865,466.6210257722033,459.4476065641492,465.65594482421875,12921800,0.5,0.0,153168000000.0,21.83942790323992,41862000000.0,185.14406375587492,229623000000.0,23.6346896250949,53405000000.0,64.20686898502598,37234000000.0,40.02482042796435
2024-02-22,477.8040159750992,487.5045599749516,473.6452259371016,483.6641540527344,21625800,0.0,0.0,153168000000.0,21.83942790323992,41862000000.0,185.14406375587492,229623000000.0,23.6346896250949,53405000000.0,64.20686898502598,37234000000.0,40.02482042796435
2024-02-23,485.5744273230188,491.8524183640176,479.90335793702394,481.5748291015625,18374300,0.0,0.0,153168000000.0,21.83942790323992,41862000000.0,185.14406375587492,229623000000.0,23.6346896250949,53405000000.0,64.20686898502598,37234000000.0,40.02482042796435
2024-02-26,481.01762230545603,483.67409221525327,478.1621851039499,479.29638671875,12101400,0.0,0.0,153168000000.0,21.83942790323992,41862000000.0,185.14406375587492,229623000000.0,23.6346896250949,53405000000.0,64.20686898502598,37234000000.0,40.02482042796435
2024-02-27,477.5453528283639,484.79835305648805,477.4856596023301,484.5794677734375,10809600,0.0,0.0,153168000000.0,21.83942790323992,41862000000.0,185.14406375587492,229623000000.0,23.6346896250949,53405000000.0,64.20686898502598,37234000000.0,40.02482042796435
2024-02-28,482.53988983987574,488.5591897226628,480.30130272206185,481.5648498535156,12715500,0.0,0.0,153168000000.0,21.83942790323992,41862000000.0,185.14406375587492,229623000000.0,23.6346896250949,53405000000.0,64.20686898502598,37234000000.0,40.02482042796435
2024-02-29,485.96242982330085,489.2059034516527,480.16198502612906,487.64385986328125,17732000,0.0,0.0,153168000000.0,21.83942790323992,41862000000.0,185.14406375587492,229623000000.0,23.6346896250949,53405000000.0,64.20686898502598,37234000000.0,40.02482042796435
2024-03-01,489.6138212552643,501.6922572534082,489.3551607182456,499.75213623046875,16273600,0.0,0.0,153168000000.0,21.83942790323992,41862000000.0,185.14406375587492,229623000000.0,23.6346896250949,53405000000.0,64.20686898502598,37234000000.0,40.02482042796435
2024-03-04,500.4485321926481,501.8613426014026,493.9019226062909,495.6629333496094,12324100,0.0,0.0,153168000000.0,21.83942790323992,41862000000.0,185.14406375587492,229623000000.0,23.6346896250949,53405000000.0,64.20686898502598,37234000000.0,40.02482042796435
2024-03-05,492.4891202300566,493.0661648294916,485.4152001681584,487.7333679199219,15325300,0.0,0.0,153168000000.0,21.83942790323992,41862000000.0,185.14406375587492,229623000000.0,23.6346896250949,53405000000.0,64.20686898502598,37234000000.0,40.02482042796435
2024-03-06,495.10580533869546,500.4187148526618,491.7827509398976,493.5736083984375,11757900,0.0,0.0,153168000000.0,21.83942790323992,41862000000.0,185.14406375587492,229623000000.0,23.6346896250949,53405000000.0,64.20686898502598,37234000000.0,40.02482042796435
2024-03-07,500.72714125840946,517.2130678544032,498.83678496667795,509.5919494628906,18586400,0.0,0.0,153168000000.0,21.83942790323992,41862000000.0,185.14406375587492,229623000000.0,23.6346896250949,53405000000.0,64.20686898502598,37234000000.0,40.02482042796435
2024-03-08,511.5818302657337,520.9142561065056,496.81710817540096,503.3836364746094,18597100,0.0,0.0,153168000000.0,21.83942790323992,41862000000.0,185.14406375587492,229623000000.0,23.6346896250949,53405000000.0,64.20686898502598,37234000000.0,40.02482042796435
2024-03-11,494.48896538561377,494.797390505851,473.585527250344,481.13702392578125,20428300,0.0,0.0,153168000000.0,21.83942790323992,41862000000.0,185.14406375587492,229623000000.0,23.6346896250949,53405000000.0,64.20686898502598,37234000000.0,40.02482042796435
2024-03-12,490.75801722570446,499.7621002189812,482.2712856744188,497.215087890625,15448200,0.0,0.0,153168000000.0,21.83942790323992,41862000000.0,185.14406375587492,229623000000.0,23.6346896250949,53405000000.0,64.20686898502598,37234000000.0,40.02482042796435
2024-03-13,492.87719473443923,498.43883633424133,488.53929464151,493.0562744140625,12090700,0.0,0.0,153168000000.0,21.83942790323992,41862000000.0,185.14406375587492,229623000000.0,23.6346896250949,53405000000.0,64.20686898502598,37234000000.0,40.02482042796435
2024-03-14,497.7224363857586,498.8069037074633,485.6838076715708,489.3351745605469,12620000,0.0,0.0,153168000000.0,21.83942790323992,41862000000.0,185.14406375587492,229623000000.0,23.6346896250949,53405000000.0,64.20686898502598,37234000000.0,40.02482042796435
2024-03-15,486.5295685060508,489.3352413379618,478.85865464208615,481.64447021484375,29153600,0.0,0.0,153168000000.0,21.83942790323992,41862000000.0,185.14406375587492,229623000000.0,23.6346896250949,53405000000.0,64.20686898502598,37234000000.0,40.02482042796435
2024-03-18,489.4147862559934,494.8968464532569,484.34064997400213,494.4590759277344,11755300,0.0,0.0,153168000000.0,21.83942790323992,41862000000.0,185.14406375587492,229623000000.0,23.6346896250949,53405000000.0,64.20686898502598,37234000000.0,40.02482042796435
2024-03-19,485.6937970756928,494.1108756754071,478.8387316590168,493.72283935546875,10903100,0.0,0.0,153168000000.0,21.83942790323992,41862000000.0,185.14406375587492,229623000000.0,23.6346896250949,53405000000.0,64.20686898502598,37234000000.0,40.02482042796435
2024-03-20,496.9663269197439,505.62220902321786,492.6583038518146,502.9557800292969,11711100,0.0,0.0,153168000000.0,21.83942790323992,41862000000.0,185.14406375587492,229623000000.0,23.6346896250949,53405000000.0,64.20686898502598,37234000000.0,40.02482042796435
2024-03-21,512.0992072120919,512.427489597915,503.4433249409809,505.1844482421875,9712500,0.0,0.0,153168000000.0,21.83942790323992,41862000000.0,185.14406375587492,229623000000.0,23.6346896250949,53405000000.0,64.20686898502598,37234000000.0,40.02482042796435
2024-03-22,504.42824808627324,507.3831840085087,501.78173726343124,506.9951477050781,8120600,0.0,0.0,153168000000.0,21.83942790323992,41862000000.0,185.14406375587492,229623000000.0,23.6346896250949,53405000000.0,64.20686898502598,37234000000.0,40.02482042796435
2024-03-25,503.22444425307214,504.6471834479925,497.70257780111496,500.4684753417969,8380600,0.0,0.0,153168000000.0,21.83942790323992,41862000000.0,185.14406375587492,229623000000.0,23.6346896250949,53405000000.0,64.20686898502598,37234000000.0,40.02482042796435
2024-03-26,502.5677856549569,507.41307823020827,492.69809045995356,493.3746643066406,11205400,0.0,0.0,153168000000.0,21.83942790323992,41862000000.0,185.14406375587492,229623000000.0,23.6346896250949,53405000000.0,64.20686898502598,37234000000.0,40.02482042796435
2024-03-27,496.7673278906444,497.3543618813131,485.59431061422856,491.35491943359375,9989700,0.0,0.0,153168000000.0,21.83942790323992,41862000000.0,185.14406375587492,229623000000.0,23.6346896250949,53405000000.0,64.20686898502598,37234000000.0,40.02482042796435
2024-03-28,490.3401276415097,490.3898922404875,482.6891317671865,483.116943359375,15212800,0.0,0.0,153168000000.0,21.83942790323992,41862000000.0,185.14406375587492,229623000000.0,23.6346896250949,53405000000.0,64.20686898502598,37234000000.0,40.02482042796435
2024-04-01,484.7287226859957,494.90681226209506,479.33620191436194,488.857666015625,9247000,0.0,0.0,153168000000.0,21.83942790323992,41862000000.0,185.14406375587492,229623000000.0,23.6346896250949,53405000000.0,64.20686898502598,37234000000.0,40.02482042796435
2024-04-02,482.6393866829691,495.00632951131587,482.1916571161402,494.8471374511719,11081000,0.0,0.0,153168000000.0,21.83942790323992,41862000000.0,185.14406375587492,229623000000.0,23.6346896250949,53405000000.0,64.20686898502598,37234000000.0,40.02482042796435
2024-04-03,496.399204303205,504.66704996572884,496.2201246280004,504.1695861816406,12099200,0.0,0.0,153168000000.0,21.83942790323992,41862000000.0,185.14406375587492,229623000000.0,23.6346896250949,53405000000.0,64.20686898502598,37234000000.0,40.02482042796435
2024-04-04,513.8004708468255,527.3116040441703,507.99009757032513,508.3283996582031,26476300,0.0,0.0,153168000000.0,21.83942790323992,41862000000.0,185.14406375587492,229623000000.0,23.6346896250949,53405000000.0,64.20686898502598,37234000000.0,40.02482042796435
2024-04-05,514.2382184944101,528.0080419587476,511.80063394861423,524.6651000976562,19263300,0.0,0.0,153168000000.0,21.83942790323992,41862000000.0,185.14406375587492,229623000000.0,23.6346896250949,53405000000.0,64.20686898502598,37234000000.0,40.02482042796435
2024-04-08,526.5953027550338,528.7940538594455,516.2579905449139,516.6161499023438,13260600,0.0,0.0,153168000000.0,21.83942790323992,41862000000.0,185.14406375587492,229623000000.0,23.6346896250949,53405000000.0,64.20686898502598,37234000000.0,40.02482042796435
2024-04-09,519.5810579687534,523.2026092637582,504.16963806773947,514.2781372070312,10863800,0.0,0.0,153168000000.0,21.83942790323992,41862000000.0,185.14406375587492,229623000000.0,23.6346896250949,53405000000.0,64.20686898502598,37234000000.0,40.02482042796435
2024-04-10,506.70663197996976,519.9093088962906,503.23431437881584,517.1931762695312,11418500,0.0,0.0,153168000000.0,21.83942790323992,41862000000.0,185.14406375587492,229623000000.0,23.6346896250949,53405000000.0,64.20686898502598,37234000000.0,40.02482042796435
2024-04-11,518.4666364289119,521.2026869561679,514.6660062276208,520.5062255859375,10369500,0.0,0.0,153168000000.0,21.83942790323992,41862000000.0,185.14406375587492,229623000000.0,23.6346896250949,53405000000.0,64.20686898502598,37234000000.0,40.02482042796435
2024-04-12,515.1237688565577,517.5513946482263,506.7464650405899,509.3034362792969,11984500,0.0,0.0,153168000000.0,21.83942790323992,41862000000.0,185.14406375587492,229623000000.0,23.6346896250949,53405000000.0,64.20686898502598,37234000000.0,40.02482042796435
2024-04-15,514.0989424271244,515.899819616972,494.7575784901864,497.692626953125,13512900,0.0,0.0,153168000000.0,21.83942790323992,41862000000.0,185.14406375587492,229623000000.0,23.6346896250949,53405000000.0,64.20686898502598,37234000000.0,40.02482042796435
2024-04-16,495.58338175940787,502.2096033459289,494.5884541403407,497.22503662109375,9847900,0.0,0.0,153168000000.0,21.83942790323992,41862000000.0,185.14406375587492,229623000000.0,23.6346896250949,53405000000.0,64.20686898502598,37234000000.0,40.02482042796435
2024-04-17,500.5480563274721,500.60774955143194,484.6690211358115,491.6633605957031,12193700,0.0,0.0,153168000000.0,21.83942790323992,41862000000.0,185.14406375587492,229623000000.0,23.6346896250949,53405000000.0,64.20686898502598,37234000000.0,40.02482042796435
2024-04-18,497.28467113332033,509.61183745219193,496.50862889658885,499.2546081542969,14808700,0.0,0.0,153168000000.0,21.83942790323992,41862000000.0,185.14406375587492,229623000000.0,23.6346896250949,53405000000.0,64.20686898502598,37234000000.0,40.02482042796435
2024-04-19,500.2495788202588,500.2495788202588,473.31691210394206,478.62982177734375,25215400,0.0,0.0,153168000000.0,21.83942790323992,41862000000.0,185.14406375587492,229623000000.0,23.6346896250949,53405000000.0,64.20686898502598,37234000000.0,40.02482042796435
2024-04-22,487.2358990383702,489.5142915267499,470.99867486719546,479.28643798828125,17271100,0.0,0.0,153168000000.0,21.83942790323992,41862000000.0,185.14406375587492,229623000000.0,23.6346896250949,53405000000.0,64.20686898502598,37234000000.0,40.02482042796435
2024-04-23,488.7581525023829,496.2300680205951,486.48971893276087,493.58355712890625,15079200,0.0,0.0,153168000000.0,21.83942790323992,41862000000.0,185.14406375587492,229623000000.0,23.6346896250949,53405000000.0,64.20686898502598,37234000000.0,40.02482042796435
2024-04-24,505.48290840251013,507.41307035405583,482.12199768384403,490.99676513671875,37772700,0.0,0.0,153168000000.0,21.83942790323992,41862000000.0,185.14406375587492,229623000000.0,23.6346896250949,53405000000.0,64.20686898502598,37234000000.0,40.02482042796435
2024-04-25,419.2624213809576,443.5087984807732,412.39742804812784,439.1410827636719,82890700,0.0,0.0,153168000000.0,21.83942790323992,41862000000.0,185.14406375587492,229623000000.0,23.6346896250949,53405000000.0,64.20686898502598,37234000000.0,40.02482042796435
2024-04-26,439.2207084484237,444.1754585862253,429.76889670777894,441.04144287109375,32691400,0.0,0.0,153168000000.0,21.83942790323992,41862000000.0,185.14406375587492,229623000000.0,23.6346896250949,53405000000.0,64.20686898502598,37234000000.0,40.02482042796435
2024-04-29,437.3303364993651,437.52933414767426,426.3861338234795,430.425537109375,21502600,0.0,0.0,153168000000.0,21.83942790323992,41862000000.0,185.14406375587492,229623000000.0,23.6346896250949,53405000000.0,64.20686898502598,37234000000.0,40.02482042796435
2024-04-30,428.8635173495727,437.39005392041076,427.5402770397191,427.9880065917969,18429500,0.0,0.0,153168000000.0,21.83942790323992,41862000000.0,185.14406375587492,229623000000.0,23.6346896250949,53405000000.0,64.20686898502598,37234000000.0,40.02482042796435
2024-05-01,426.42594046188236,447.6775776809266,424.9434778127664,436.96221923828125,20344900,0.0,0.0,153168000000.0,21.83942790323992,41862000000.0,185.14406375587492,229623000000.0,23.6346896250949,53405000000.0,64.20686898502598,37234000000.0,40.02482042796435
2024-05-02,436.6140150326607,441.7080393780206,430.08729254482085,439.4396057128906,15221300,0.0,0.0,153168000000.0,21.83942790323992,41862000000.0,185.14406375587492,229623000000.0,23.6346896250949,53405000000.0,64.20686898502598,37234000000.0,40.02482042796435
2024-05-03,443.6680379997611,451.86626171232126,441.59860204178574,449.6674499511719,16489100,0.0,0.0,153168000000.0,21.83942790323992,41862000000.0,185.14406375587492,229623000000.0,23.6346896250949,53405000000.0,64.20686898502598,37234000000.0,40.02482042796435
2024-05-06,453.2690963997237,463.79544726576734,451.04046832253687,463.31787109375,15094600,0.0,0.0,153168000000.0,21.83942790323992,41862000000.0,185.14406375587492,229623000000.0,23.6346896250949,53405000000.0,64.20686898502598,37234000000.0,40.02482042796435
2024-05-07,463.92477765145014,469.13818831826694,458.9700275019807,465.8648681640625,13406800,0.0,0.0,153168000000.0,21.83942790323992,41862000000.0,185.14406375587492,229623000000.0,23.6346896250949,53405000000.0,64.20686898502598,37234000000.0,40.02482042796435
2024-05-08,461.1489420842111,473.1676541191448,460.6514782847675,470.2027893066406,11683900,0.0,0.0,153168000000.0,21.83942790323992,41862000000.0,185.14406375587492,229623000000.0,23.6346896250949,53405000000.0,64.20686898502598,37234000000.0,40.02482042796435
2024-05-09,467.6159932081027,473.66513993083015,465.25801954720487,473.0085144042969,9437700,0.0,0.0,153168000000.0,21.83942790323992,41862000000.0,185.14406375587492,229623000000.0,23.6346896250949,53405000000.0,64.20686898502598,37234000000.0,40.02482042796435
2024-05-10,474.6699851190511,475.07790906146465,467.2179874238937,473.7845153808594,10750000,0.0,0.0,153168000000.0,21.83942790323992,41862000000.0,185.14406375587492,229623000000.0,23.6346896250949,53405000000.0,64.20686898502598,37234000000.0,40.02482042796435
2024-05-13,470.3519941832654,470.9489567793747,460.50221761718694,465.63604736328125,14668800,0.0,0.0,153168000000.0,21.83942790323992,41862000000.0,185.14406375587492,229623000000.0,23.6346896250949,53405000000.0,64.20686898502598,37234000000.0,40.02482042796435
2024-05-14,461.0195768787777,470.1430759291589,457.7462567171564,469.4565734863281,10478600,0.0,0.0,153168000000.0,21.83942790323992,41862000000.0,185.14406375587492,229623000000.0,23.6346896250949,53405000000.0,64.20686898502598,37234000000.0,40.02482042796435
2024-05-15,472.57068993054094,480.05253403821496,468.80986507528115,479.097412109375,13100500,0.0,0.0,153168000000.0,21.83942790323992,41862000000.0,185.14406375587492,229623000000.0,23.6346896250949,53405000000.0,64.20686898502598,37234000000.0,40.02482042796435
2024-05-16,472.59060073060846,475.26695835113685,470.3520136745161,470.82958984375,16608200,0.0,0.0,153168000000.0,21.83942790323992,41862000000.0,185.14406375587492,229623000000.0,23.6346896250949,53405000000.0,64.20686898502598,37234000000.0,40.02482042796435
2024-05-17,468.4417271071665,470.4017356039655,466.04397842016175,469.5162658691406,10807300,0.0,0.0,153168000000.0,21.83942790323992,41862000000.0,185.14406375587492,229623000000.0,23.6346896250949,53405000000.0,64.20686898502598,37234000000.0,40.02482042796435
2024-05-20,467.5662078637851,470.7997223569986,464.67096508940506,466.4618225097656,11745100,0.0,0.0,153168000000.0,21.83942790323992,41862000000.0,185.14406375587492,229623000000.0,23.6346896250949,53405000000.0,64.20686898502598,37234000000.0,40.02482042796435
2024-05-21,464.7505532478491,468.31241088728547,459.9251485479307,462.273193359375,11742200,0.0,0.0,153168000000.0,21.83942790323992,41862000000.0,185.14406375587492,229623000000.0,23.6346896250949,53405000000.0,64.20686898502598,37234000000.0,40.02482042796435
2024-05-22,465.4967664020138,471.31709887265345,463.2880259389991,465.4072265625,10078600,0.0,0.0,153168000000.0,21.83942790323992,41862000000.0,185.14406375587492,229623000000.0,23.6346896250949,53405000000.0,64.20686898502598,37234000000.0,40.02482042796435
2024-05-23,470.48135015790984,471.95382351680644,459.19887525360787,463.4173583984375,11747900,0.0,0.0,153168000000.0,21.83942790323992,41862000000.0,185.14406375587492,229623000000.0,23.6346896250949,53405000000.0,64.20686898502598,37234000000.0,40.02482042796435
2024-05-24,465.2480423085943,477.4160178618548,463.9347305814687,475.7942810058594,12024300,0.0,0.0,153168000000.0,21.83942790323992,41862000000.0,185.14406375587492,229623000000.0,23.6346896250949,53405000000.0,64.20686898502598,37234000000.0,40.02482042796435
2024-05-28,474.16257190750633,478.42086072812737,472.4314076373506,477.48565673828125,10175800,0.0,0.0,153168000000.0,21.83942790323992,41862000000.0,185.14406375587492,229623000000.0,23.6346896250949,53405000000.0,64.20686898502598,37234000000.0,40.02482042796435
2024-05-29,472.25232339256837,477.41599990303325,471.29720142821515,471.9538269042969,9226200,0.0,0.0,153168000000.0,21.83942790323992,41862000000.0,185.14406375587492,229623000000.0,23.6346896250949,53405000000.0,64.20686898502598,37234000000.0,40.02482042796435
2024-05-30,469.27749906918933,469.3371922942102,462.3527813389723,464.680908203125,10719600,0.0,0.0,153168000000.0,21.83942790323992,41862000000.0,185.14406375587492,229623000000.0,23.6346896250949,53405000000.0,64.20686898502598,37234000000.0,40.02482042796435
2024-05-31,463.4372314735257,466.7403981612235,452.1547569233379,464.4620056152344,16919800,0.0,0.0,153168000000.0,21.83942790323992,41862000000.0,185.14406375587492,229623000000.0,23.6346896250949,53405000000.0,64.20686898502598,37234000000.0,40.02482042796435
2024-06-03,468.4715578088158,477.16724498616594,465.8648525627034,475.06793212890625,11279400,0.0,0.0,153168000000.0,21.83942790323992,41862000000.0,185.14406375587492,229623000000.0,23.6346896250949,53405000000.0,64.20686898502598,37234000000.0,40.02482042796435
2024-06-04,474.5804545973361,476.46088229346,470.8295885597358,474.57049560546875,7088700,0.0,0.0,153168000000.0,21.83942790323992,41862000000.0,185.14406375587492,229623000000.0,23.6346896250949,53405000000.0,64.20686898502598,37234000000.0,40.02482042796435
2024-06-05,481.9926913075107,494.1307898940144,481.4554218982064,492.5488586425781,15690500,0.0,0.0,153168000000.0,21.83942790323992,41862000000.0,185.14406375587492,229623000000.0,23.6346896250949,53405000000.0,64.20686898502598,37234000000.0,40.02482042796435
2024-06-06,490.4793898618029,500.26947321709906,488.39999494562556,491.25543212890625,10667300,0.0,0.0,153168000000.0,21.83942790323992,41862000000.0,185.14406375587492,229623000000.0,23.6346896250949,53405000000.0,64.20686898502598,37234000000.0,40.02482042796435
2024-06-07,493.3945210505818,496.3793036769074,487.68364667496803,490.45947265625,9380700,0.0,0.0,153168000000.0,21.83942790323992,41862000000.0,185.14406375587492,229623000000.0,23.6346896250949,53405000000.0,64.20686898502598,37234000000.0,40.02482042796435
2024-06-10,491.3549106162075,500.1102913691585,490.9072114315028,500.05059814453125,11220900,0.0,0.0,153168000000.0,21.83942790323992,41862000000.0,185.14406375587492,229623000000.0,23.6346896250949,53405000000.0,64.20686898502598,37234000000.0,40.02482042796435
2024-06-11,497.62298629824124,505.02524998556305,495.74255858187735,504.8959045410156,9673700,0.0,0.0,153168000000.0,21.83942790323992,41862000000.0,185.14406375587492,229623000000.0,23.6346896250949,53405000000.0,64.20686898502598,37234000000.0,40.02482042796435
2024-06-12,511.3828125691555,511.40273055275725,501.9111130225961,506.2589416503906,11983200,0.0,0.0,153168000000.0,21.83942790323992,41862000000.0,185.14406375587492,229623000000.0,23.6346896250949,53405000000.0,64.20686898502598,37234000000.0,40.02482042796435
2024-06-13,503.144848712662,506.7763285289193,498.8169074027523,501.54302978515625,9954600,0.0,0.0,153168000000.0,21.83942790323992,41862000000.0,185.14406375587492,229623000000.0,23.6346896250949,53405000000.0,64.20686898502598,37234000000.0,40.02482042796435
2024-06-14,500.59686603916805,505.078485306113,498.70463287170975,502.1007080078125,10243300,0.5,0.0,153168000000.0,21.83942790323992,41862000000.0,185.14406375587492,229623000000.0,23.6346896250949,53405000000.0,64.20686898502598,37234000000.0,40.02482042796435
2024-06-17,499.6209064121598,508.6638051304805,493.98402143943144,504.5606384277344,11266600,0.0,0.0,153168000000.0,21.83942790323992,41862000000.0,185.14406375587492,229623000000.0,23.6346896250949,53405000000.0,64.20686898502598,37234000000.0,40.02482042796435
2024-06-18,502.4990663843649,503.9331869763641,492.9980250606016,497.44976806640625,13060400,0.0,0.0,153168000000.0,21.83942790323992,41862000000.0,185.14406375587492,229623000000.0,23.6346896250949,53405000000.0,64.20686898502598,37234000000.0,40.02482042796435
2024-06-20,499.9495498277159,501.61274198190324,494.7409011460252,499.6507873535156,11801200,0.0,0.0,153168000000.0,21.83942790323992,41862000000.0,185.14406375587492,229623000000.0,23.6346896250949,53405000000.0,64.20686898502598,37234000000.0,40.02482042796435
2024-06-21,501.3936022660897,501.3936022660897,490.3787807694183,492.7590026855469,22359200,0.0,0.0,153168000000.0,21.83942790323992,41862000000.0,185.14406375587492,229623000000.0,23.6346896250949,53405000000.0,64.20686898502598,37234000000.0,40.02482042796435
2024-06-24,497.1609858447437,505.72583407389845,492.27103752450364,496.8721618652344,13525300,0.0,0.0,153168000000.0,21.83942790323992,41862000000.0,185.14406375587492,229623000000.0,23.6346896250949,53405000000.0,64.20686898502598,37234000000.0,40.02482042796435
2024-06-25,495.0197622321024,508.62397092534053,493.476105441877,508.5144348144531,12063200,0.0,0.0,153168000000.0,21.83942790323992,41862000000.0,185.14406375587492,229623000000.0,23.6346896250949,53405000000.0,64.20686898502598,37234000000.0,40.02482042796435
2024-06-26,504.58053498632785,511.71129294913044,502.61858041839946,511.02410888671875,8882300,0.0,0.0,153168000000.0,21.83942790323992,41862000000.0,185.14406375587492,229623000000.0,23.6346896250949,53405000000.0,64.20686898502598,37234000000.0,40.02482042796435
2024-06-27,512.1494968088584,520.7442516133123,511.8009507315939,517.4378051757812,10121200,0.0,0.0,153168000000.0,21.83942790323992,41862000000.0,185.14406375587492,229623000000.0,23.6346896250949,53405000000.0,64.20686898502598,37234000000.0,40.02482042796435
2024-06-28,515.0376705751687,519.7483309396368,501.78200871300663,502.16046142578125,15855100,0.0,0.0,153168000000.0,21.83942790323992,41862000000.0,185.14406375587492,229623000000.0,23.6346896250949,53405000000.0,64.20686898502598,37234000000.0,40.02482042796435
2024-07-01,502.8875079258409,504.5108245447137,491.1556253903847,502.61859130859375,10328200,0.0,0.0,153168000000.0,21.83942790323992,41862000000.0,185.14406375587492,229623000000.0,23.6346896250949,53405000000.0,64.20686898502598,37234000000.0,40.02482042796435
2024-07-02,498.7145936133174,508.4147996537468,497.40994690166343,507.41888427734375,7739500,0.0,0.0,153168000000.0,21.83942790323992,41862000000.0,185.14406375587492,229623000000.0,23.6346896250949,53405000000.0,64.20686898502598,37234000000.0,40.02482042796435
2024-07-03,504.301681484094,509.1916297961415,503.95310501188067,507.87701416015625,6005600,0.0,0.0,153168000000.0,21.83942790323992,41862000000.0,185.14406375587492,229623000000.0,23.6346896250949,53405000000.0,64.20686898502598,37234000000.0,40.02482042796435
2024-07-05,509.5103768781158,538.660812678847,509.5103768781158,537.7047119140625,21354100,0.0,0.0,153168000000.0,21.83942790323992,41862000000.0,185.14406375587492,229623000000.0,23.6346896250949,53405000000.0,64.20686898502598,37234000000.0,40.02482042796435
2024-07-08,540.1346427994949,540.592785723927,524.4988210977817,527.1578979492188,14917500,0.0,0.0,153168000000.0,21.83942790323992,41862000000.0,185.14406375587492,229623000000.0,23.6346896250949,53405000000.0,64.20686898502598,37234000000.0,40.02482042796435
2024-07-09,531.5698266659143,535.2845715300655,526.0325396617277,527.8351440429688,8753200,0.0,0.0,153168000000.0,21.83942790323992,41862000000.0,185.14406375587492,229623000000.0,23.6346896250949,53405000000.0,64.20686898502598,37234000000.0,40.02482042796435
2024-07-10,528.621947852129,536.6789307107873,526.2018805661719,532.5060424804688,10983300,0.0,0.0,153168000000.0,21.83942790323992,41862000000.0,185.14406375587492,229623000000.0,23.6346896250949,53405000000.0,64.20686898502598,37234000000.0,40.02482042796435
2024-07-11,528.721538419874,533.27287906743,506.2935042823457,510.6058349609375,16458300,0.0,0.0,153168000000.0,21.83942790323992,41862000000.0,185.14406375587492,229623000000.0,23.6346896250949,53405000000.0,64.20686898502598,37234000000.0,40.02482042796435
2024-07-12,495.7268544135475,506.01464702271,492.21127430141985,496.8323059082031,19750500,0.0,0.0,153168000000.0,21.83942790323992,41862000000.0,185.14406375587492,229623000000.0,23.6346896250949,53405000000.0,64.20686898502598,37234000000.0,40.02482042796435
2024-07-15,496.5933046067324,504.61041148158586,491.35477983646854,494.1333923339844,12539200,0.0,0.0,153168000000.0,21.83942790323992,41862000000.0,185.14406375587492,229623000000.0,23.6346896250949,53405000000.0,64.20686898502598,37234000000.0,40.02482042796435
2024-07-16,499.4515899278473,501.89159489722795,483.8057669767174,487.7894287109375,14075800,0.0,0.0,153168000000.0,21.83942790323992,41862000000.0,185.14406375587492,229623000000.0,23.6346896250949,53405000000.0,64.20686898502598,37234000000.0,40.02482042796435
2024-07-17,477.212785084963,477.212785084963,457.24466351880915,460.1029357910156,28076600,0.0,0.0,153168000000.0,21.83942790323992,41862000000.0,185.14406375587492,229623000000.0,23.6346896250949,53405000000.0,64.20686898502598,37234000000.0,40.02482042796435
2024-07-18,473.05980739775333,477.28247890015706,462.64254099118193,473.9063415527344,19267200,0.0,0.0,153168000000.0,21.83942790323992,41862000000.0,185.14406375587492,229623000000.0,23.6346896250949,53405000000.0,64.20686898502598,37234000000.0,40.02482042796435
2024-07-19,474.11550008705484,484.72199340312955,473.766923605828,474.842529296875,15149400,0.0,0.0,153168000000.0,21.83942790323992,41862000000.0,185.14406375587492,229623000000.0,23.6346896250949,53405000000.0,64.20686898502598,37234000000.0,40.02482042796435
2024-07-22,484.59252173187576,490.050149288016,481.92347564527324,485.4091796875,12023100,0.0,0.0,153168000000.0,21.83942790323992,41862000000.0,185.14406375587492,229623000000.0,23.6346896250949,53405000000.0,64.20686898502598,37234000000.0,40.02482042796435
2024-07-23,487.8392053450212,493.1972351637483,485.7278695189637,486.69390869140625,9455500,0.0,0.0,153168000000.0,21.83942790323992,41862000000.0,185.14406375587492,229623000000.0,23.6346896250949,53405000000.0,64.20686898502598,37234000000.0,40.02482042796435
2024-07-24,470.38080952061716,474.3545023201049,458.69871070425603,459.3858947753906,17649700,0.0,0.0,153168000000.0,21.83942790323992,41862000000.0,185.14406375587492,229623000000.0,23.6346896250949,53405000000.0,64.20686898502598,37234000000.0,40.02482042796435
2024-07-25,461.367786874794,461.65658046348636,440.84195427851495,451.5580139160156,18240500,0.0,0.0,153168000000.0,21.83942790323992,41862000000.0,185.14406375587492,229623000000.0,23.6346896250949,53405000000.0,64.20686898502598,37234000000.0,40.02482042796435
2024-07-26,462.3039479220281,467.8511736864162,457.54347345279035,463.7978210449219,14222400,0.0,0.0,153168000000.0,21.83942790323992,41862000000.0,185.14406375587492,229623000000.0,23.6346896250949,53405000000.0,64.20686898502598,37234000000.0,40.02482042796435
2024-07-29,467.96071973080876,472.0240410745753,463.1205552198856,463.8077392578125,11339600,0.0,0.0,153168000000.0,21.83942790323992,41862000000.0,185.14406375587492,229623000000.0,23.6346896250949,53405000000.0,64.20686898502598,37234000000.0,40.02482042796435
2024-07-30,465.0925004990839,470.79910678927354,454.83458384439035,461.2980651855469,11390400,0.0,0.0,153168000000.0,21.83942790323992,41862000000.0,185.14406375587492,229623000000.0,23.6346896250949,53405000000.0,64.20686898502598,37234000000.0,40.02482042796435
2024-07-31,469.09606763159144,474.5536950449151,464.8435197528104,472.8905029296875,24285800,0.0,0.0,153168000000.0,21.83942790323992,41862000000.0,185.14406375587492,229623000000.0,23.6346896250949,53405000000.0,64.20686898502598,37234000000.0,40.02482042796435
2024-08-01,518.8719105350699,525.0166913806773,490.08996226727584,495.7069091796875,43083100,0.0,0.0,153168000000.0,21.83942790323992,41862000000.0,185.14406375587492,229623000000.0,23.6346896250949,53405000000.0,64.20686898502598,37234000000.0,40.02482042796435
2024-08-02,487.002621320717,499.10298712157305,474.20510259597404,486.1461486816406,24044700,0.0,0.0,153168000000.0,21.83942790323992,41862000000.0,185.14406375587492,229623000000.0,23.6346896250949,53405000000.0,64.20686898502598,37234000000.0,40.02482042796435
2024-08-05,449.5064128870718,481.50517891257795,448.95864119226115,473.7868347167969,21396200,0.0,0.0,153168000000.0,21.83942790323992,41862000000.0,185.14406375587492,229623000000.0,23.6346896250949,53405000000.0,64.20686898502598,37234000000.0,40.02482042796435
2024-08-06,477.0435081632932,500.5072741083249,476.6949316716446,492.0718688964844,20955000,0.0,0.0,153168000000.0,21.83942790323992,41862000000.0,185.14406375587492,229623000000.0,23.6346896250949,53405000000.0,64.20686898502598,37234000000.0,40.02482042796435
2024-08-07,501.0749544453865,508.0662700916319,484.8713903241302,486.9230041503906,20105300,0.0,0.0,153168000000.0,21.83942790323992,41862000000.0,185.14406375587492,229623000000.0,23.6346896250949,53405000000.0,64.20686898502598,37234000000.0,40.02482042796435
2024-08-08,495.4679116917839,507.8770090705679,492.69926809442927,507.5483703613281,16156800,0.0,0.0,153168000000.0,21.83942790323992,41862000000.0,185.14406375587492,229623000000.0,23.6346896250949,53405000000.0,64.20686898502598,37234000000.0,40.02482042796435
2024-08-09,505.6360944867016,516.2227082515884,503.634325614537,515.655029296875,13696600,0.0,0.0,153168000000.0,21.83942790323992,41862000000.0,185.14406375587492,229623000000.0,23.6346896250949,53405000000.0,64.20686898502598,37234000000.0,40.02482042796435
2024-08-12,514.7487855060338,515.9040813348131,507.0205031729234,513.842529296875,9767400,0.0,0.0,153168000000.0,21.83942790323992,41862000000.0,185.14406375587492,229623000000.0,23.6346896250949,53405000000.0,64.20686898502598,37234000000.0,40.02482042796435
2024-08-13,517.8859767641638,529.3290349818739,516.0335887091818,526.381103515625,13743800,0.0,0.0,153168000000.0,21.83942790323992,41862000000.0,185.14406375587492,229623000000.0,23.6346896250949,53405000000.0,64.20686898502598,37234000000.0,40.02482042796435
2024-08-14,525.9030762820863,531.818816106162,520.9932207235731,524.6083984375,11444200,0.0,0.0,153168000000.0,21.83942790323992,41862000000.0,185.14406375587492,229623000000.0,23.6346896250949,53405000000.0,64.20686898502598,37234000000.0,40.02482042796435
2024-08-15,529.6178435326066,537.5652899818178,524.5486680445534,535.13525390625,13482100,0.0,0.0,153168000000.0,21.83942790323992,41862000000.0,185.14406375587492,229623000000.0,23.6346896250949,53405000000.0,64.20686898502598,37234000000.0,40.02482042796435
2024-08-16,529.7274283852108,531.4801884383957,522.5169497908345,525.2656860351562,14776700,0.0,0.0,153168000000.0,21.83942790323992,41862000000.0,185.14406375587492,229623000000.0,23.6346896250949,53405000000.0,64.20686898502598,37234000000.0,40.02482042796435
2024-08-19,524.7179737628351,529.4883869352861,520.6247758091592,527.1181640625,9879700,0.0,0.0,153168000000.0,21.83942790323992,41862000000.0,185.14406375587492,229623000000.0,23.6346896250949,53405000000.0,64.20686898502598,37234000000.0,40.02482042796435
2024-08-20,526.1918692715275,528.9207284861334,523.7319874481549,524.5784912109375,7944400,0.0,0.0,153168000000.0,21.83942790323992,41862000000.0,185.14406375587492,229623000000.0,23.6346896250949,53405000000.0,64.20686898502598,37234000000.0,40.02482042796435
2024-08-21,524.9968287446477,537.1967924253291,524.7776957474535,532.9740600585938,13423300,0.0,0.0,153168000000.0,21.83942790323992,41862000000.0,185.14406375587492,229623000000.0,23.6346896250949,53405000000.0,64.20686898502598,37234000000.0,40.02482042796435
2024-08-22,534.8065614773186,542.0070102557922,526.4309398394353,529.7572631835938,15708300,0.0,0.0,153168000000.0,21.83942790323992,41862000000.0,185.14406375587492,229623000000.0,23.6346896250949,53405000000.0,64.20686898502598,37234000000.0,40.02482042796435
2024-08-23,534.7268709591801,537.664833499161,522.9153290935016,525.8433227539062,11323900,0.0,0.0,153168000000.0,21.83942790323992,41862000000.0,185.14406375587492,229623000000.0,23.6346896250949,53405000000.0,64.20686898502598,37234000000.0,40.02482042796435
2024-08-26,525.444905956461,525.8432964044399,512.8466134516134,518.9913940429688,9584000,0.0,0.0,153168000000.0,21.83942790323992,41862000000.0,185.14406375587492,229623000000.0,23.6346896250949,53405000000.0,64.20686898502598,37234000000.0,40.02482042796435
2024-08-27,516.8602313253089,521.8697157058194,513.2052382864829,516.979736328125,6282700,0.0,0.0,153168000000.0,21.83942790323992,41862000000.0,185.14406375587492,229623000000.0,23.6346896250949,53405000000.0,64.20686898502598,37234000000.0,40.02482042796435
2024-08-28,515.5555691019088,518.9616439387515,510.35691927597907,514.6692504882812,9106100,0.0,0.0,153168000000.0,21.83942790323992,41862000000.0,185.14406375587492,229623000000.0,23.6346896250949,53405000000.0,64.20686898502598,37234000000.0,40.02482042796435
2024-08-29,516.9298983217682,525.0466334932593,513.5736681430914,516.103271484375,8317400,0.0,0.0,153168000000.0,21.83942790323992,41862000000.0,185.14406375587492,229623000000.0,23.6346896250949,53405000000.0,64.20686898502598,37234000000.0,40.02482042796435
2024-08-30,519.2204787963079,521.4015359928948,513.0956354478707,519.1806640625,9157500,0.0,0.0,153168000000.0,21.83942790323992,41862000000.0,185.14406375587492,229623000000.0,23.6346896250949,53405000000.0,64.20686898502598,37234000000.0,40.02482042796435
2024-09-03,517.5174959939684,523.3435768028307,506.54248877194846,509.669677734375,12459100,0.0,0.0,153168000000.0,21.83942790323992,41862000000.0,185.14406375587492,229623000000.0,23.6346896250949,53405000000.0,64.20686898502598,37234000000.0,40.02482042796435
2024-09-04,504.00295171986,514.4800019681742,502.0111207698904,510.64569091796875,8335200,0.0,0.0,153168000000.0,21.83942790323992,41862000000.0,185.14406375587492,229623000000.0,23.6346896250949,53405000000.0,64.20686898502598,37234000000.0,40.02482042796435
2024-09-05,509.62979034058054,519.4993148394226,509.06211131212507,514.748779296875,8640900,0.0,0.0,153168000000.0,21.83942790323992,41862000000.0,185.14406375587492,229623000000.0,23.6346896250949,53405000000.0,64.20686898502598,37234000000.0,40.02482042796435
2024-09-06,519.7483090738448,522.4372926830144,496.214824429216,498.2265625,14744500,0.0,0.0,153168000000.0,21.83942790323992,41862000000.0,185.14406375587492,229623000000.0,23.6346896250949,53405000000.0,64.20686898502598,37234000000.0,40.02482042796435
2024-09-09,504.0925486658529,509.24141432667926,500.02919676420294,502.7281494140625,11047800,0.0,0.0,153168000000.0,21.83942790323992,41862000000.0,185.14406375587492,229623000000.0,23.6346896250949,53405000000.0,64.20686898502598,37234000000.0,40.02482042796435
2024-09-10,506.08437949017207,512.0797793299193,497.98758232644633,502.7281494140625,9899000,0.0,0.0,153168000000.0,21.83942790323992,41862000000.0,185.14406375587492,229623000000.0,23.6346896250949,53405000000.0,64.20686898502598,37234000000.0,40.02482042796435
2024-09-11,504.9390906209022,511.0241192943029,493.57569194601217,509.7393798828125,10782500,0.0,0.0,153168000000.0,21.83942790323992,41862000000.0,185.14406375587492,229623000000.0,23.6346896250949,53405000000.0,64.20686898502598,37234000000.0,40.02482042796435
2024-09-12,514.9380001996634,524.5585761590239,513.1154581576496,523.4530639648438,11970500,0.0,0.0,153168000000.0,21.83942790323992,41862000000.0,185.14406375587492,229623000000.0,23.6346896250949,53405000000.0,64.20686898502598,37234000000.0,40.02482042796435
2024-09-13,518.2146862172555,525.4251045473541,514.997837891112,522.4771728515625,10321400,0.0,0.0,153168000000.0,21.83942790323992,41862000000.0,185.14406375587492,229623000000.0,23.6346896250949,53405000000.0,64.20686898502598,37234000000.0,40.02482042796435
2024-09-16,522.8958039523781,532.4258356345829,515.7782305715274,531.6084594726562,9527600,0.5,0.0,153168000000.0,21.83942790323992,41862000000.0,185.14406375587492,229623000000.0,23.6346896250949,53405000000.0,64.20686898502598,37234000000.0,40.02482042796435
2024-09-17,535.9148722257875,540.4007670072886,528.9069393503737,534.638916015625,11690800,0.0,0.0,153168000000.0,21.83942790323992,41862000000.0,185.14406375587492,229623000000.0,23.6346896250949,53405000000.0,64.20686898502598,37234000000.0,40.02482042796435
2024-09-18,535.3866083959347,542.4942649025305,532.2265615197421,536.2638549804688,10323500,0.0,0.0,153168000000.0,21.83942790323992,41862000000.0,185.14406375587492,229623000000.0,23.6346896250949,53405000000.0,64.20686898502598,37234000000.0,40.02482042796435
2024-09-19,548.276081531881,560.3082566587606,544.8070087042197,557.3475341796875,15647000,0.0,0.0,153168000000.0,21.83942790323992,41862000000.0,185.14406375587492,229623000000.0,23.6346896250949,53405000000.0,64.20686898502598,37234000000.0,40.02482042796435
2024-09-20,558.244709941919,562.7306049325238,554.5562952253196,559.5904541015625,22066800,0.0,0.0,153168000000.0,21.83942790323992,41862000000.0,185.14406375587492,229623000000.0,23.6346896250949,53405000000.0,64.20686898502598,37234000000.0,40.02482042796435
2024-09-23,567.7148800735523,572.1808178690717,560.6470771833491,562.6408081054688,12830700,0.0,0.0,153168000000.0,21.83942790323992,41862000000.0,185.14406375587492,229623000000.0,23.6346896250949,53405000000.0,64.20686898502598,37234000000.0,40.02482042796435
2024-09-24,564.9037451716252,565.9703985785299,552.4529045706721,561.5642700195312,12993000,0.0,0.0,153168000000.0,21.83942790323992,41862000000.0,185.14406375587492,229623000000.0,23.6346896250949,53405000000.0,64.20686898502598,37234000000.0,40.02482042796435
2024-09-25,562.2819081784797,575.071708102893,561.9529255651923,566.528564453125,16543400,0.0,0.0,153168000000.0,21.83942790323992,41862000000.0,185.14406375587492,229623000000.0,23.6346896250949,53405000000.0,64.20686898502598,37234000000.0,40.02482042796435
2024-09-26,573.9253420066469,575.5901511619721,560.5872770475031,566.0601196289062,14400800,0.0,0.0,153168000000.0,21.83942790323992,41862000000.0,185.14406375587492,229623000000.0,23.6346896250949,53405000000.0,64.20686898502598,37234000000.0,40.02482042796435
2024-09-27,568.3130057800689,569.0507373700175,562.7405616236127,565.5816040039062,9398400,0.0,0.0,153168000000.0,21.83942790323992,41862000000.0,185.14406375587492,229623000000.0,23.6346896250949,53405000000.0,64.20686898502598,37234000000.0,40.02482042796435
2024-09-30,565.9205581692032,572.8786599094663,563.0296238732356,570.6456909179688,12792300,0.0,0.0,153168000000.0,21.83942790323992,41862000000.0,185.14406375587492,229623000000.0,23.6346896250949,53405000000.0,64.20686898502598,37234000000.0,40.02482042796435
2024-10-01,576.1683627356156,581.2125002616536,568.3130569030562,574.6630859375,15259300,0.0,0.0,153168000000.0,21.83942790323992,41862000000.0,185.14406375587492,229623000000.0,23.6346896250949,53405000000.0,64.20686898502598,37234000000.0,40.02482042796435
2024-10-02,573.0581497332581,574.194591130728,567.5554929420721,571.0145874023438,6524700,0.0,0.0,153168000000.0,21.83942790323992,41862000000.0,185.14406375587492,229623000000.0,23.6346896250949,53405000000.0,64.20686898502598,37234000000.0,40.02482042796435
2024-10-03,568.362920929364,581.5314759803197,566.947328032678,580.943359375,11581000,0.0,0.0,153168000000.0,21.83942790323992,41862000000.0,185.14406375587492,229623000000.0,23.6346896250949,53405000000.0,64.20686898502598,37234000000.0,40.02482042796435
2024-10-04,581.9002719694098,594.9791423073664,579.6074935152689,594.072021484375,14169500,0.0,0.0,153168000000.0,21.83942790323992,41862000000.0,185.14406375587492,229623000000.0,23.6346896250949,53405000000.0,64.20686898502598,37234000000.0,40.02482042796435
2024-10-07,596.3448350538949,601.06005012291,582.2092899242913,582.947021484375,12014200,0.0,0.0,153168000000.0,21.83942790323992,41862000000.0,185.14406375587492,229623000000.0,23.6346896250949,53405000000.0,64.20686898502598,37234000000.0,40.02482042796435
2024-10-08,587.8415736537875,591.6994379728387,584.1332026418665,591.0315551757812,7857400,0.0,0.0,153168000000.0,21.83942790323992,41862000000.0,185.14406375587492,229623000000.0,23.6346896250949,53405000000.0,64.20686898502598,37234000000.0,40.02482042796435
2024-10-09,592.1280687010161,592.5268391982069,579.7868701921382,588.6589965820312,9529700,0.0,0.0,153168000000.0,21.83942790323992,41862000000.0,185.14406375587492,229623000000.0,23.6346896250949,53405000000.0,64.20686898502598,37234000000.0,40.02482042796435
2024-10-10,585.7282672228058,588.3799026728532,580.6941086330197,582.0,7740400,0.0,0.0,153168000000.0,21.83942790323992,41862000000.0,185.14406375587492,229623000000.0,23.6346896250949,53405000000.0,64.20686898502598,37234000000.0,40.02482042796435
2024-10-11,582.9968229397224,589.3568292121914,580.8834731084019,588.1007690429688,8587100,0.0,0.0,153168000000.0,21.83942790323992,41862000000.0,185.14406375587492,229623000000.0,23.6346896250949,53405000000.0,64.20686898502598,37234000000.0,40.02482042796435
2024-10-14,592.3573513981993,598.2189250414914,588.1107557408928,588.5692749023438,8252000,0.0,0.0,153168000000.0,21.83942790323992,41862000000.0,185.14406375587492,229623000000.0,23.6346896250949,53405000000.0,64.20686898502598,37234000000.0,40.02482042796435
2024-10-15,588.3100722725044,588.758673882389,578.3215220907713,584.4323120117188,9564200,0.0,0.0,153168000000.0,21.83942790323992,41862000000.0,185.14406375587492,229623000000.0,23.6346896250949,53405000000.0,64.20686898502598,37234000000.0,40.02482042796435
2024-10-16,579.5776520667735,580.2555133359557,572.2307578693267,574.9820556640625,11268400,0.0,0.0,153168000000.0,21.83942790323992,41862000000.0,185.14406375587492,229623000000.0,23.6346896250949,53405000000.0,64.20686898502598,37234000000.0,40.02482042796435
2024-10-17,581.5016070194145,583.1364203045559,573.3970851091301,575.1216430664062,8701200,0.0,0.0,153168000000.0,21.83942790323992,41862000000.0,185.14406375587492,229623000000.0,23.6346896250949,53405000000.0,64.20686898502598,37234000000.0,40.02482042796435
2024-10-18,579.2785785547779,582.1395779727648,573.4469391048106,574.6630859375,7694300,0.0,0.0,153168000000.0,21.83942790323992,41862000000.0,185.14406375587492,229623000000.0,23.6346896250949,53405000000.0,64.20686898502598,37234000000.0,40.02482042796435
2024-10-21,574.2245067615513,575.4306751680575,567.3261531703059,573.357177734375,8171900,0.0,0.0,153168000000.0,21.83942790323992,41862000000.0,185.14406375587492,229623000000.0,23.6346896250949,53405000000.0,64.20686898502598,37234000000.0,40.02482042796435
2024-10-22,572.4898962759062,581.7009850903903,570.3267150631275,580.1857299804688,8544500,0.0,0.0,153168000000.0,21.83942790323992,41862000000.0,185.14406375587492,229623000000.0,23.6346896250949,53405000000.0,64.20686898502598,37234000000.0,40.02482042796435
2024-10-23,578.1520338144135,583.1662963021914,560.7368233674918,561.923095703125,14248400,0.0,0.0,153168000000.0,21.83942790323992,41862000000.0,185.14406375587492,229623000000.0,23.6346896250949,53405000000.0,64.20686898502598,37234000000.0,40.02482042796435
2024-10-24,565.3523182834161,567.0968328541104,559.7599176050263,566.0003051757812,7184700,0.0,0.0,153168000000.0,21.83942790323992,41862000000.0,185.14406375587492,229623000000.0,23.6346896250949,53405000000.0,64.20686898502598,37234000000.0,40.02482042796435
2024-10-25,572.1309862116045,579.4679013953893,569.9278916410104,571.453125,11337900,0.0,0.0,153168000000.0,21.83942790323992,41862000000.0,185.14406375587492,229623000000.0,23.6346896250949,53405000000.0,64.20686898502598,37234000000.0,40.02482042796435
2024-10-28,580.1757074872899,581.9202220716588,572.3204026627383,576.3477172851562,10925100,0.0,0.0,153168000000.0,21.83942790323992,41862000000.0,185.14406375587492,229623000000.0,23.6346896250949,53405000000.0,64.20686898502598,37234000000.0,40.02482042796435
2024-10-29,578.331560895051,591.8091414711773,573.5964496330529,591.42041015625,13019100,0.0,0.0,153168000000.0,21.83942790323992,41862000000.0,185.14406375587492,229623000000.0,23.6346896250949,53405000000.0,64.20686898502598,37234000000.0,40.02482042796435
2024-10-30,599.0961635884153,599.3155056206892,587.5325489970706,589.9449462890625,26864900,0.0,0.0,153168000000.0,21.83942790323992,41862000000.0,185.14406375587492,229623000000.0,23.6346896250949,53405000000.0,64.20686898502598,37234000000.0,40.02482042796435
2024-10-31,583.1662822441984,588.0509472364286,561.2452209594691,565.8009033203125,26838400,0.0,0.0,153168000000.0,21.83942790323992,41862000000.0,185.14406375587492,229623000000.0,23.6346896250949,53405000000.0,64.20686898502598,37234000000.0,40.02482042796435
2024-11-01,565.8308037858104,571.8718061959343,560.7966452513473,565.3822021484375,15303200,0.0,0.0,153168000000.0,21.83942790323992,41862000000.0,185.14406375587492,229623000000.0,23.6346896250949,53405000000.0,64.20686898502598,37234000000.0,40.02482042796435
2024-11-04,562.331870799297,566.9075107573979,556.1413742513266,558.922607421875,12064600,0.0,0.0,153168000000.0,21.83942790323992,41862000000.0,185.14406375587492,229623000000.0,23.6346896250949,53405000000.0,64.20686898502598,37234000000.0,40.02482042796435
2024-11-05,565.5217565361041,571.6823777040769,564.8937264362966,570.6356811523438,9775400,0.0,0.0,153168000000.0,21.83942790323992,41862000000.0,185.14406375587492,229623000000.0,23.6346896250949,53405000000.0,64.20686898502598,37234000000.0,40.02482042796435
2024-11-06,560.9860599935962,571.2039313662027,553.4298024690905,570.2568969726562,18305400,0.0,0.0,153168000000.0,21.83942790323992,41862000000.0,185.14406375587492,229623000000.0,23.6346896250949,53405000000.0,64.20686898502598,37234000000.0,40.02482042796435
2024-11-07,575.0817610826855,592.9355956705097,573.40703432011,589.8453369140625,14653700,0.0,0.0,153168000000.0,21.83942790323992,41862000000.0,185.14406375587492,229623000000.0,23.6346896250949,53405000000.0,64.20686898502598,37234000000.0,40.02482042796435
2024-11-08,589.6857922274284,591.2408999638149,582.6878378356098,587.4927368164062,9415700,0.0,0.0,153168000000.0,21.83942790323992,41862000000.0,185.14406375587492,229623000000.0,23.6346896250949,53405000000.0,64.20686898502598,37234000000.0,40.02482042796435
2024-11-11,584.5219830495145,585.1599915098993,574.7028831683562,581.3419799804688,10209100,0.0,0.0,153168000000.0,21.83942790323992,41862000000.0,185.14406375587492,229623000000.0,23.6346896250949,53405000000.0,64.20686898502598,37234000000.0,40.02482042796435
2024-11-12,586.6951878227678,597.7803270952668,578.560792275492,582.9868774414062,16287700,0.0,0.0,153168000000.0,21.83942790323992,41862000000.0,185.14406375587492,229623000000.0,23.6346896250949,53405000000.0,64.20686898502598,37234000000.0,40.02482042796435
2024-11-13,580.7837499543639,583.8042813935028,573.3670687675797,578.1819458007812,10757600,0.0,0.0,153168000000.0,21.83942790323992,41862000000.0,185.14406375587492,229623000000.0,23.6346896250949,53405000000.0,64.20686898502598,37234000000.0,40.02482042796435
2024-11-14,575.1914193973914,578.939643581166,571.213935608324,575.3508911132812,11053700,0.0,0.0,153168000000.0,21.83942790323992,41862000000.0,185.14406375587492,229623000000.0,23.6346896250949,53405000000.0,64.20686898502598,37234000000.0,40.02482042796435
2024-11-15,569.4294904085906,570.775295360466,549.7713316531629,552.34326171875,17712900,0.0,0.0,153168000000.0,21.83942790323992,41862000000.0,185.14406375587492,229623000000.0,23.6346896250949,53405000000.0,64.20686898502598,37234000000.0,40.02482042796435
2024-11-18,555.2939713255412,558.1450530771248,548.3658043375702,552.6622924804688,14327300,0.0,0.0,153168000000.0,21.83942790323992,41862000000.0,185.14406375587492,229623000000.0,23.6346896250949,53405000000.0,64.20686898502598,37234000000.0,40.02482042796435
2024-11-19,550.1301887468238,559.670199030822,548.8741284623578,559.331298828125,9522400,0.0,0.0,153168000000.0,21.83942790323992,41862000000.0,185.14406375587492,229623000000.0,23.6346896250949,53405000000.0,64.20686898502598,37234000000.0,40.02482042796435
2024-11-20,561.1654671706501,564.5747300141007,552.4628511582212,563.7473754882812,9797300,0.0,0.0,153168000000.0,21.83942790323992,41862000000.0,185.14406375587492,229623000000.0,23.6346896250949,53405000000.0,64.20686898502598,37234000000.0,40.02482042796435
2024-11-21,567.7348499684634,568.2133259307972,547.3289818703621,561.3250122070312,11154700,0.0,0.0,153168000000.0,21.83942790323992,41862000000.0,185.14406375587492,229623000000.0,23.6346896250949,53405000000.0,64.20686898502598,37234000000.0,40.02482042796435
2024-11-22,561.7835402193574,562.0626917643333,552.8516642815921,557.3873901367188,9164000,0.0,0.0,153168000000.0,21.83942790323992,41862000000.0,185.14406375587492,229623000000.0,23.6346896250949,53405000000.0,64.20686898502598,37234000000.0,40.02482042796435
2024-11-25,560.3380482903169,570.7952180290404,554.6459854785412,563.338623046875,13599800,0.0,0.0,153168000000.0,21.83942790323992,41862000000.0,185.14406375587492,229623000000.0,23.6346896250949,53405000000.0,64.20686898502598,37234000000.0,40.02482042796435
2024-11-26,564.2258439211572,575.6897965803327,563.4283637310257,571.7421875,10356600,0.0,0.0,153168000000.0,21.83942790323992,41862000000.0,185.14406375587492,229623000000.0,23.6346896250949,53405000000.0,64.20686898502598,37234000000.0,40.02482042796435
2024-11-27,573.087937780577,573.1776215898622,562.3317216742989,567.415771484375,7200200,0.0,0.0,153168000000.0,21.83942790323992,41862000000.0,185.14406375587492,229623000000.0,23.6346896250949,53405000000.0,64.20686898502598,37234000000.0,40.02482042796435
2024-11-29,567.2165043387864,576.6468744517884,565.1231109977455,572.5198364257812,7130500,0.0,0.0,153168000000.0,21.83942790323992,41862000000.0,185.14406375587492,229623000000.0,23.6346896250949,53405000000.0,64.20686898502598,37234000000.0,40.02482042796435
2024-12-02,575.6898363387268,592.6365501357109,573.7658931912714,590.9718017578125,12522400,0.0,0.0,153168000000.0,21.83942790323992,41862000000.0,185.14406375587492,229623000000.0,23.6346896250949,53405000000.0,64.20686898502598,37234000000.0,40.02482042796435
2024-12-03,593.1349366752197,612.2747652879608,589.3966912760062,611.7265014648438,14907200,0.0,0.0,153168000000.0,21.83942790323992,41862000000.0,185.14406375587492,229623000000.0,23.6346896250949,53405000000.0,64.20686898502598,37234000000.0,40.02482042796435
2024-12-04,611.0387031196573,615.8436021650134,603.2032939927384,611.8561401367188,14697000,0.0,0.0,153168000000.0,21.83942790323992,41862000000.0,185.14406375587492,229623000000.0,23.6346896250949,53405000000.0,64.20686898502598,37234000000.0,40.02482042796435
2024-12-05,615.1458412795223,617.9570095718483,605.1472501098035,607.0213623046875,8081200,0.0,0.0,153168000000.0,21.83942790323992,41862000000.0,185.14406375587492,229623000000.0,23.6346896250949,53405000000.0,64.20686898502598,37234000000.0,40.02482042796435
2024-12-06,608.1876239914793,627.8159083390149,606.6225986816157,621.8148193359375,16935500,0.0,0.0,153168000000.0,21.83942790323992,41862000000.0,185.14406375587492,229623000000.0,23.6346896250949,53405000000.0,64.20686898502598,37234000000.0,40.02482042796435
2024-12-09,621.9642613672759,624.4365290047741,604.2699000041796,611.646728515625,11426000,0.0,0.0,153168000000.0,21.83942790323992,41862000000.0,185.14406375587492,229623000000.0,23.6346896250949,53405000000.0,64.20686898502598,37234000000.0,40.02482042796435
2024-12-10,615.6242910640193,623.6291506932943,610.8193917771058,617.3787841796875,10938900,0.0,0.0,153168000000.0,21.83942790323992,41862000000.0,185.14406375587492,229623000000.0,23.6346896250949,53405000000.0,64.20686898502598,37234000000.0,40.02482042796435
2024-12-11,621.4160232851857,636.398940507193,619.5818248925854,630.6968383789062,10837200,0.0,0.0,153168000000.0,21.83942790323992,41862000000.0,185.14406375587492,229623000000.0,23.6346896250949,53405000000.0,64.20686898502598,37234000000.0,40.02482042796435
2024-12-12,629.520540523856,634.6643395468709,625.2440095870248,628.812744140625,7474700,0.0,0.0,153168000000.0,21.83942790323992,41862000000.0,185.14406375587492,229623000000.0,23.6346896250949,53405000000.0,64.20686898502598,37234000000.0,40.02482042796435
2024-12-13,625.2539790166715,629.1019262683816,614.9564017264901,618.405517578125,8453300,0.0,0.0,153168000000.0,21.83942790323992,41862000000.0,185.14406375587492,229623000000.0,23.6346896250949,53405000000.0,64.20686898502598,37234000000.0,40.02482042796435
2024-12-16,628.5118922373878,629.6792095440776,617.1384950234287,622.7852783203125,10885600,0.5,0.0,153168000000.0,21.83942790323992,41862000000.0,185.14406375587492,229623000000.0,23.6346896250949,53405000000.0,64.20686898502598,37234000000.0,40.02482042796435
2024-12-17,624.7107568886487,630.8963205922495,615.103193761423,617.9964599609375,12897800,0.0,0.0,153168000000.0,21.83942790323992,41862000000.0,185.14406375587492,229623000000.0,23.6346896250949,53405000000.0,64.20686898502598,37234000000.0,40.02482042796435
2024-12-18,619.552788270997,625.8979519713565,594.9303111747199,595.7982788085938,17075500,0.0,0.0,153168000000.0,21.83942790323992,41862000000.0,185.14406375587492,229623000000.0,23.6346896250949,53405000000.0,64.20686898502598,37234000000.0,40.02482042796435
2024-12-19,608.9675380752294,610.0949095508189,593.6133889140597,594.1820678710938,14958100,0.0,0.0,153168000000.0,21.83942790323992,41862000000.0,185.14406375587492,229623000000.0,23.6346896250949,53405000000.0,64.20686898502598,37234000000.0,40.02482042796435
2024-12-20,589.2037041887596,601.7044720771678,578.6483432227146,583.8861083984375,48989400,0.0,0.0,153168000000.0,21.83942790323992,41862000000.0,185.14406375587492,229623000000.0,23.6346896250949,53405000000.0,64.20686898502598,37234000000.0,40.02482042796435
2024-12-23,588.2259739647594,599.6892488609435,584.8838051496438,598.4520874023438,10205800,0.0,0.0,153168000000.0,21.83942790323992,41862000000.0,185.14406375587492,229623000000.0,23.6346896250949,53405000000.0,64.20686898502598,37234000000.0,40.02482042796435
2024-12-24,601.3153720498085,606.5731101523746,597.8834471973506,606.3336791992188,4726100,0.0,0.0,153168000000.0,21.83942790323992,41862000000.0,185.14406375587492,229623000000.0,23.6346896250949,53405000000.0,64.20686898502598,37234000000.0,40.02482042796435
2024-12-26,604.0689497398405,604.8870460916577,597.5442126952884,601.9439086914062,6081400,0.0,0.0,153168000000.0,21.83942790323992,41862000000.0,185.14406375587492,229623000000.0,23.6346896250949,53405000000.0,64.20686898502598,37234000000.0,40.02482042796435
2024-12-27,598.0131392274001,600.4474556136508,588.4255484873448,598.4122314453125,8084200,0.0,0.0,153168000000.0,21.83942790323992,41862000000.0,185.14406375587492,229623000000.0,23.6346896250949,53405000000.0,64.20686898502598,37234000000.0,40.02482042796435
2024-12-30,587.3779342019037,595.5488500662633,584.2153388503573,589.8621215820312,7025900,0.0,0.0,153168000000.0,21.83942790323992,41862000000.0,185.14406375587492,229623000000.0,23.6346896250949,53405000000.0,64.20686898502598,37234000000.0,40.02482042796435
2024-12-31,590.8897637116248,592.5857532318533,582.4893422598942,584.1455078125,6019500,0.0,0.0,182637000000.0,19.239658414290194,43889000000.0,4.842100234102528,276054000000.0,20.220535399328465,66449000000.0,24.424679337140716,49060000000.0,31.761293441478216
2025-01-02,588.3456720279144,603.5002752946805,586.4501363728165,597.843505859375,12682300,0.0,0.0,182637000000.0,19.239658414290194,43889000000.0,4.842100234102528,276054000000.0,20.220535399328465,66449000000.0,24.424679337140716,49060000000.0,31.761293441478216
2025-01-03,603.3506491790696,608.0795931218428,595.0200718679831,603.220947265625,11436800,0.0,0.0,182637000000.0,19.239658414290194,43889000000.0,4.842100234102528,276054000000.0,20.220535399328465,66449000000.0,24.424679337140716,49060000000.0,31.761293441478216
2025-01-06,610.4041988830613,629.5195213275813,604.2086488423892,628.7313842773438,14560800,0.0,0.0,182637000000.0,19.239658414290194,43889000000.0,4.842100234102528,276054000000.0,20.220535399328465,66449000000.0,24.424679337140716,49060000000.0,31.761293441478216
2025-01-07,630.2278877474329,630.6269190448738,606.8125509705602,616.4500732421875,12071500,0.0,0.0,182637000000.0,19.239658414290194,43889000000.0,4.842100234102528,276054000000.0,20.220535399328465,66449000000.0,24.424679337140716,49060000000.0,31.761293441478216
2025-01-08,611.9705610612136,615.0034547439036,601.3852402562982,609.2967529296875,10085800,0.0,0.0,182637000000.0,19.239658414290194,43889000000.0,4.842100234102528,276054000000.0,20.220535399328465,66449000000.0,24.424679337140716,49060000000.0,31.761293441478216
2025-01-10,608.6083741209461,628.4419884049565,595.9479453181921,614.4247436523438,19256600,0.0,0.0,182637000000.0,19.239658414290194,43889000000.0,4.842100234102528,276054000000.0,20.220535399328465,66449000000.0,24.424679337140716,49060000000.0,31.761293441478216
2025-01-13,605.6851785232928,607.550815769116,597.0553731797557,606.912353515625,10785000,0.0,0.0,182637000000.0,19.239658414290194,43889000000.0,4.842100234102528,276054000000.0,20.220535399328465,66449000000.0,24.424679337140716,49060000000.0,31.761293441478216
2025-01-14,603.6599659655254,604.078970157077,587.1784443113863,592.8651733398438,13598000,0.0,0.0,182637000000.0,19.239658414290194,43889000000.0,4.842100234102528,276054000000.0,20.220535399328465,66449000000.0,24.424679337140716,49060000000.0,31.761293441478216
2025-01-15,608.7879539786943,621.0094058849253,605.0865780513573,615.6818237304688,15524300,0.0,0.0,182637000000.0,19.239658414290194,43889000000.0,4.842100234102528,276054000000.0,20.220535399328465,66449000000.0,24.424679337140716,49060000000.0,31.761293441478216
2025-01-16,610.0749733489131,614.8139040494975,608.2891666484603,609.8754272460938,8355300,0.0,0.0,182637000000.0,19.239658414290194,43889000000.0,4.842100234102528,276054000000.0,20.220535399328465,66449000000.0,24.424679337140716,49060000000.0,31.761293441478216
2025-01-17,622.595660662352,623.513499583834,602.2631506831576,611.3419799804688,17280600,0.0,0.0,182637000000.0,19.239658414290194,43889000000.0,4.842100234102528,276054000000.0,20.220535399328465,66449000000.0,24.424679337140716,49060000000.0,31.761293441478216
2025-01-21,616.3902400115962,620.0516704767022,607.5907866326766,615.0234375,11674000,0.0,0.0,182637000000.0,19.239658414290194,43889000000.0,4.842100234102528,276054000000.0,20.220535399328465,66449000000.0,24.424679337140716,49060000000.0,31.761293441478216
2025-01-22,621.8474509712569,632.2232391929498,617.9864744815644,622.0469970703125,12274000,0.0,0.0,182637000000.0,19.239658414290194,43889000000.0,4.842100234102528,276054000000.0,20.220535399328465,66449000000.0,24.424679337140716,49060000000.0,31.761293441478216
2025-01-23,625.897953878345,635.1164107716554,619.7024649482253,634.966796875,9910200,0.0,0.0,182637000000.0,19.239658414290194,43889000000.0,4.842100234102528,276054000000.0,20.220535399328465,66449000000.0,24.424679337140716,49060000000.0,31.761293441478216
2025-01-24,634.916957345469,650.4805787372286,632.7220720484465,645.9810791015625,19065300,0.0,0.0,182637000000.0,19.239658414290194,43889000000.0,4.842100234102528,276054000000.0,20.220535399328465,66449000000.0,24.424679337140716,49060000000.0,31.761293441478216
2025-01-27,625.1497368617698,662.3229161040041,623.6432460146609,658.3422241210938,28399200,0.0,0.0,182637000000.0,19.239658414290194,43889000000.0,4.842100234102528,276054000000.0,20.220535399328465,66449000000.0,24.424679337140716,49060000000.0,31.761293441478216
2025-01-28,664.4479402705756,680.9893189567582,657.933128684667,672.758544921875,20950100,0.0,0.0,182637000000.0,19.239658414290194,43889000000.0,4.842100234102528,276054000000.0,20.220535399328465,66449000000.0,24.424679337140716,49060000000.0,31.761293441478216
2025-01-29,673.426995188933,679.4628842264866,664.1187205609702,674.9135131835938,21377800,0.0,0.0,182637000000.0,19.239658414290194,43889000000.0,4.842100234102528,276054000000.0,20.220535399328465,66449000000.0,24.424679337140716,49060000000.0,31.761293441478216
2025-01-30,695.1961710974357,709.1335868447954,674.5244243363409,685.3990478515625,29322900,0.0,0.0,182637000000.0,19.239658414290194,43889000000.0,4.842100234102528,276054000000.0,20.220535399328465,66449000000.0,24.424679337140716,49060000000.0,31.761293441478216
2025-01-31,689.3896795162744,703.656342326233,683.9823274447602,687.5739135742188,19303900,0.0,0.0,182637000000.0,19.239658414290194,43889000000.0,4.842100234102528,276054000000.0,20.220535399328465,66449000000.0,24.424679337140716,49060000000.0,31.761293441478216
2025-02-03,674.3348273334816,702.35939297386,673.6763921954532,695.8346557617188,21415700,0.0,0.0,182637000000.0,19.239658414290194,43889000000.0,4.842100234102528,276054000000.0,20.220535399328465,66449000000.0,24.424679337140716,49060000000.0,31.761293441478216
2025-02-04,700.8628861544697,706.0607666337353,689.9982497177888,702.5489501953125,13826300,0.0,0.0,182637000000.0,19.239658414290194,43889000000.0,4.842100234102528,276054000000.0,20.220535399328465,66449000000.0,24.424679337140716,49060000000.0,31.761293441478216
2025-02-05,701.9104857176951,716.4665130283939,697.381087327231,703.2274169921875,17778200,0.0,0.0,182637000000.0,19.239658414290194,43889000000.0,4.842100234102528,276054000000.0,20.220535399328465,66449000000.0,24.424679337140716,49060000000.0,31.761293441478216
2025-02-06,704.2350030352095,717.2246803609337,701.860544580122,710.3307495117188,13080700,0.0,0.0,182637000000.0,19.239658414290194,43889000000.0,4.842100234102528,276054000000.0,20.220535399328465,66449000000.0,24.424679337140716,49060000000.0,31.761293441478216
2025-02-07,715.1295132827424,723.3204021183071,710.091294290037,712.8548583984375,16427100,0.0,0.0,182637000000.0,19.239658414290194,43889000000.0,4.842100234102528,276054000000.0,20.220535399328465,66449000000.0,24.424679337140716,49060000000.0,31.761293441478216
2025-02-10,716.885419282827,719.5192814719111,709.6722880239806,715.7281494140625,12904300,0.0,0.0,182637000000.0,19.239658414290194,43889000000.0,4.842100234102528,276054000000.0,20.220535399328465,66449000000.0,24.424679337140716,49060000000.0,31.761293441478216
2025-02-11,711.6576791372714,721.9735485962613,708.3852936539699,718.12255859375,12998000,0.0,0.0,182637000000.0,19.239658414290194,43889000000.0,4.842100234102528,276054000000.0,20.220535399328465,66449000000.0,24.424679337140716,49060000000.0,31.761293441478216
2025-02-12,713.6330486346045,725.4055376689322,710.9393285513713,723.6895751953125,12016500,0.0,0.0,182637000000.0,19.239658414290194,43889000000.0,4.842100234102528,276054000000.0,20.220535399328465,66449000000.0,24.424679337140716,49060000000.0,31.761293441478216
2025-02-13,719.8386103490428,727.3011596897542,716.3666786322259,726.8621826171875,12569100,0.0,0.0,182637000000.0,19.239658414290194,43889000000.0,4.842100234102528,276054000000.0,20.220535399328465,66449000000.0,24.424679337140716,49060000000.0,31.761293441478216
2025-02-14,724.447817848227,739.1833564308025,723.9290101705715,734.9532470703125,16901200,0.0,0.0,182637000000.0,19.239658414290194,43889000000.0,4.842100234102528,276054000000.0,20.220535399328465,66449000000.0,24.424679337140716,49060000000.0,31.761293441478216
2025-02-18,734.2848205070356,735.2824901001159,704.7937097713013,714.7005615234375,21938700,0.0,0.0,182637000000.0,19.239658414290194,43889000000.0,4.842100234102528,276054000000.0,20.220535399328465,66449000000.0,24.424679337140716,49060000000.0,31.761293441478216
2025-02-19,702.4591920318235,705.352458439168,693.7695281560459,702.1300048828125,17535500,0.0,0.0,182637000000.0,19.239658414290194,43889000000.0,4.842100234102528,276054000000.0,20.220535399328465,66449000000.0,24.424679337140716,49060000000.0,31.761293441478216
2025-02-20,695.6550803935475,703.9855971062905,692.0235484745193,693.2207641601562,12587400,0.0,0.0,182637000000.0,19.239658414290194,43889000000.0,4.842100234102528,276054000000.0,20.220535399328465,66449000000.0,24.424679337140716,49060000000.0,31.761293441478216
2025-02-21,694.9566951444989,702.2296844827868,680.7698020105673,681.95703125,15660400,0.0,0.0,182637000000.0,19.239658414290194,43889000000.0,4.842100234102528,276054000000.0,20.220535399328465,66449000000.0,24.424679337140716,49060000000.0,31.761293441478216
2025-02-24,684.6807257344343,685.6684089004975,660.9062419977378,666.572998046875,15677000,0.0,0.0,182637000000.0,19.239658414290194,43889000000.0,4.842100234102528,276054000000.0,20.220535399328465,66449000000.0,24.424679337140716,49060000000.0,31.761293441478216
2025-02-25,664.4180676896536,666.4433664300143,640.3642655904416,655.9678344726562,20579700,0.0,0.0,182637000000.0,19.239658414290194,43889000000.0,4.842100234102528,276054000000.0,20.220535399328465,66449000000.0,24.424679337140716,49060000000.0,31.761293441478216
2025-02-26,658.1128192943592,681.4183680693286,656.4666399888893,672.1300659179688,14488700,0.0,0.0,182637000000.0,19.239658414290194,43889000000.0,4.842100234102528,276054000000.0,20.220535399328465,66449000000.0,24.424679337140716,49060000000.0,31.761293441478216
2025-02-27,680.859595335276,687.0451587125867,656.0375721050787,656.7059936523438,12500000,0.0,0.0,182637000000.0,19.239658414290194,43889000000.0,4.842100234102528,276054000000.0,20.220535399328465,66449000000.0,24.424679337140716,49060000000.0,31.761293441478216
2025-02-28,656.5064652824952,668.0694824508789,641.1024446071139,666.642822265625,17534200,0.0,0.0,182637000000.0,19.239658414290194,43889000000.0,4.842100234102528,276054000000.0,20.220535399328465,66449000000.0,24.424679337140716,49060000000.0,31.761293441478216
2025-03-03,672.1100263993885,679.6623923265935,649.3232875955849,653.5234375,10843800,0.0,0.0,182637000000.0,19.239658414290194,43889000000.0,4.842100234102528,276054000000.0,20.220535399328465,66449000000.0,24.424679337140716,49060000000.0,31.761293441478216
2025-03-04,644.005714168679,648.2358235359192,622.196671295492,638.508544921875,21495200,0.0,0.0,182637000000.0,19.239658414290194,43889000000.0,4.842100234102528,276054000000.0,20.220535399328465,66449000000.0,24.424679337140716,49060000000.0,31.761293441478216
2025-03-05,639.5062648271543,657.9631539056292,636.1740213033428,654.940185546875,13770000,0.0,0.0,182637000000.0,19.239658414290194,43889000000.0,4.842100234102528,276054000000.0,20.220535399328465,66449000000.0,24.424679337140716,49060000000.0,31.761293441478216
2025-03-06,646.4899113093355,649.0439430911371,622.6555695635839,626.4666748046875,13446500,0.0,0.0,182637000000.0,19.239658414290194,43889000000.0,4.842100234102528,276054000000.0,20.220535399328465,66449000000.0,24.424679337140716,49060000000.0,31.761293441478216
2025-03-07,623.9126020486227,633.3106321661818,599.2102942304716,624.201904296875,21375700,0.0,0.0,182637000000.0,19.239658414290194,43889000000.0,4.842100234102528,276054000000.0,20.220535399328465,66449000000.0,24.424679337140716,49060000000.0,31.761293441478216
2025-03-10,606.65296218488,608.6881862514739,585.502354444259,596.596435546875,21999900,0.0,0.0,182637000000.0,19.239658414290194,43889000000.0,4.842100234102528,276054000000.0,20.220535399328465,66449000000.0,24.424679337140716,49060000000.0,31.761293441478216
2025-03-11,593.6632701142687,613.4969461931333,591.9473076689873,604.2984619140625,17401500,0.0,0.0,182637000000.0,19.239658414290194,43889000000.0,4.842100234102528,276054000000.0,20.220535399328465,66449000000.0,24.424679337140716,49060000000.0,31.761293441478216
2025-03-12,628.4320799413626,631.8540792235979,607.9299217775047,618.1161499023438,15747000,0.0,0.0,182637000000.0,19.239658414290194,43889000000.0,4.842100234102528,276054000000.0,20.220535399328465,66449000000.0,24.424679337140716,49060000000.0,31.761293441478216
2025-03-13,618.8045942687469,619.0540116787705,585.1432303548188,589.2636108398438,16480300,0.0,0.0,182637000000.0,19.239658414290194,43889000000.0,4.842100234102528,276054000000.0,20.220535399328465,66449000000.0,24.424679337140716,49060000000.0,31.761293441478216
2025-03-14,601.9302652875026,607.9815194546456,593.921878023224,606.7233276367188,12364500,0.525,0.0,182637000000.0,19.239658414290194,43889000000.0,4.842100234102528,276054000000.0,20.220535399328465,66449000000.0,24.424679337140716,49060000000.0,31.761293441478216
2025-03-17,606.5835254495906,612.2153412438328,597.1371532251766,604.0272216796875,15473900,0.0,0.0,182637000000.0,19.239658414290194,43889000000.0,4.842100234102528,276054000000.0,20.220535399328465,66449000000.0,24.424679337140716,49060000000.0,31.761293441478216
2025-03-18,599.1841923852631,599.383916000254,573.8308122814993,581.5197143554688,20297700,0.0,0.0,182637000000.0,19.239658414290194,43889000000.0,4.842100234102528,276054000000.0,20.220535399328465,66449000000.0,24.424679337140716,49060000000.0,31.761293441478216
2025-03-19,583.437060479347,591.465438844832,573.9407712608652,583.2173461914062,20537500,0.0,0.0,182637000000.0,19.239658414290194,43889000000.0,4.842100234102528,276054000000.0,20.220535399328465,66449000000.0,24.424679337140716,49060000000.0,31.761293441478216
2025-03-20,581.9191646208485,609.3195747902407,578.6738539383629,585.1544799804688,24336500,0.0,0.0,182637000000.0,19.239658414290194,43889000000.0,4.842100234102528,276054000000.0,20.220535399328465,66449000000.0,24.424679337140716,49060000000.0,31.761293441478216
2025-03-21,582.5782039839329,596.6778262742098,580.1117970416443,595.3897094726562,25015900,0.0,0.0,182637000000.0,19.239658414290194,43889000000.0,4.842100234102528,276054000000.0,20.220535399328465,66449000000.0,24.424679337140716,49060000000.0,31.761293441478216
2025-03-24,614.0826855144928,621.6417707519487,611.3167235438618,617.9570922851562,15741300,0.0,0.0,182637000000.0,19.239658414290194,43889000000.0,4.842100234102528,276054000000.0,20.220535399328465,66449000000.0,24.424679337140716,49060000000.0,31.761293441478216
2025-03-25,625.8557350102046,632.9654575641416,620.2837686391537,625.4063720703125,15312500,0.0,0.0,182637000000.0,19.239658414290194,43889000000.0,4.842100234102528,276054000000.0,20.220535399328465,66449000000.0,24.424679337140716,49060000000.0,31.761293441478216
2025-03-26,623.9884142880119,625.8457160257799,605.7347596820686,610.0984497070312,12609800,0.0,0.0,182637000000.0,19.239658414290194,43889000000.0,4.842100234102528,276054000000.0,20.220535399328465,66449000000.0,24.424679337140716,49060000000.0,31.761293441478216
2025-03-27,601.1314520660113,613.363778125494,599.2341689514162,601.7106323242188,10436500,0.0,0.0,182637000000.0,19.239658414290194,43889000000.0,4.842100234102528,276054000000.0,20.220535399328465,66449000000.0,24.424679337140716,49060000000.0,31.761293441478216
2025-03-28,599.4438996182243,600.8818244944498,573.0919591938149,575.9078979492188,17602800,0.0,0.0,182637000000.0,19.239658414290194,43889000000.0,4.842100234102528,276054000000.0,20.220535399328465,66449000000.0,24.424679337140716,49060000000.0,31.761293441478216
2025-03-31,562.6870107661883,577.86509316616,552.5017146196878,575.5284423828125,21124700,0.0,0.0,182637000000.0,19.239658414290194,43889000000.0,4.842100234102528,276054000000.0,20.220535399328465,66449000000.0,24.424679337140716,49060000000.0,31.761293441478216
2025-04-01,570.01638065981,589.0588115540622,569.1775658513092,585.1544799804688,12836600,0.0,0.0,182637000000.0,19.239658414290194,43889000000.0,4.842100234102528,276054000000.0,20.220535399328465,66449000000.0,24.424679337140716,49060000000.0,31.761293441478216
2025-04-02,574.080458474082,591.8048477070258,572.5327070966798,583.0874633789062,13470800,0.0,0.0,182637000000.0,19.239658414290194,43889000000.0,4.842100234102528,276054000000.0,20.220535399328465,66449000000.0,24.424679337140716,49060000000.0,31.761293441478216
2025-04-03,545.4318768443412,551.7627562198618,529.5348635095143,530.8529663085938,34777500,0.0,0.0,182637000000.0,19.239658414290194,43889000000.0,4.842100234102528,276054000000.0,20.220535399328465,66449000000.0,24.424679337140716,49060000000.0,31.761293441478216
2025-04-04,505.8890578513282,517.2526439789896,493.48699414775257,504.0018005371094,38589800,0.0,0.0,182637000000.0,19.239658414290194,43889000000.0,4.842100234102528,276054000000.0,20.220535399328465,66449000000.0,24.424679337140716,49060000000.0,31.761293441478216
2025-04-07,484.40007792998455,538.5917633076846,481.2046828713169,515.505126953125,36606100,0.0,0.0,182637000000.0,19.239658414290194,43889000000.0,4.842100234102528,276054000000.0,20.220535399328465,66449000000.0,24.424679337140716,49060000000.0,31.761293441478216
2025-04-08,542.466195243981,546.6401569981987,502.1344555804991,509.7135314941406,28034200,0.0,0.0,182637000000.0,19.239658414290194,43889000000.0,4.842100234102528,276054000000.0,20.220535399328465,66449000000.0,24.424679337140716,49060000000.0,31.761293441478216
2025-04-09,508.5352100791647,587.0418020934284,501.38553692930896,584.9248657226562,39216600,0.0,0.0,182637000000.0,19.239658414290194,43889000000.0,4.842100234102528,276054000000.0,20.220535399328465,66449000000.0,24.424679337140716,49060000000.0,31.761293441478216
2025-04-10,574.6596513356885,580.4612660082963,534.527636562064,545.5017700195312,28173500,0.0,0.0,182637000000.0,19.239658414290194,43889000000.0,4.842100234102528,276054000000.0,20.220535399328465,66449000000.0,24.424679337140716,49060000000.0,31.761293441478216
2025-04-11,534.7373375498549,546.6101964331407,527.8273392869149,542.7857055664062,17642300,0.0,0.0,182637000000.0,19.239658414290194,43889000000.0,4.842100234102528,276054000000.0,20.220535399328465,66449000000.0,24.424679337140716,49060000000.0,31.761293441478216
2025-04-14,555.3675771162375,556.9653053088027,527.5178613098482,530.7131958007812,14130900,0.0,0.0,182637000000.0,19.239658414290194,43889000000.0,4.842100234102528,276054000000.0,20.220535399328465,66449000000.0,24.424679337140716,49060000000.0,31.761293441478216
2025-04-15,531.3422648985347,537.163870525552,516.7533586187461,520.767578125,15558700,0.0,0.0,182637000000.0,19.239658414290194,43889000000.0,4.842100234102528,276054000000.0,20.220535399328465,66449000000.0,24.424679337140716,49060000000.0,31.761293441478216
2025-04-16,507.7763329602169,512.629306338645,494.91491131205976,501.58526611328125,18735100,0.0,0.0,182637000000.0,19.239658414290194,43889000000.0,4.842100234102528,276054000000.0,20.220535399328465,66449000000.0,24.424679337140716,49060000000.0,31.761293441478216
2025-04-17,504.52105010273243,506.56808027394743,497.2915053708563,500.7565002441406,14593500,0.0,0.0,182637000000.0,19.239658414290194,43889000000.0,4.842100234102528,276054000000.0,20.220535399328465,66449000000.0,24.424679337140716,49060000000.0,31.761293441478216
2025-04-21,490.62108316605304,492.78796564319924,479.1077201623686,483.9607238769531,16166000,0.0,0.0,182637000000.0,19.239658414290194,43889000000.0,4.842100234102528,276054000000.0,20.220535399328465,66449000000.0,24.424679337140716,49060000000.0,31.761293441478216
2025-04-22,491.16032727526476,506.1486806655398,485.6582673272301,499.5581970214844,17399400,0.0,0.0,182637000000.0,19.239658414290194,43889000000.0,4.842100234102528,276054000000.0,20.220535399328465,66449000000.0,24.424679337140716,49060000000.0,31.761293441478216
2025-04-23,527.7675019625894,534.5676745178778,515.774819425738,519.5194091796875,18173900,0.0,0.0,182637000000.0,19.239658414290194,43889000000.0,4.842100234102528,276054000000.0,20.220535399328465,66449000000.0,24.424679337140716,49060000000.0,31.761293441478216
2025-04-24,517.981559558718,533.1297162437559,516.7533536993726,532.3807983398438,13910000,0.0,0.0,182637000000.0,19.239658414290194,43889000000.0,4.842100234102528,276054000000.0,20.220535399328465,66449000000.0,24.424679337140716,49060000000.0,31.761293441478216
2025-04-25,546.0110541474862,549.0666366821536,535.4762880818677,546.4804077148438,17098900,0.0,0.0,182637000000.0,19.239658414290194,43889000000.0,4.842100234102528,276054000000.0,20.220535399328465,66449000000.0,24.424679337140716,49060000000.0,31.761293441478216
2025-04-28,554.8383503772915,557.6842140858612,539.8100763507483,548.9468383789062,15179000,0.0,0.0,182637000000.0,19.239658414290194,43889000000.0,4.842100234102528,276054000000.0,20.220535399328465,66449000000.0,24.424679337140716,49060000000.0,31.761293441478216
2025-04-29,545.2122501842537,555.767007469421,543.3349577071189,553.6400756835938,11835000,0.0,0.0,182637000000.0,19.239658414290194,43889000000.0,4.842100234102528,276054000000.0,20.220535399328465,66449000000.0,24.424679337140716,49060000000.0,31.761293441478216
2025-04-30,537.623204130374,548.3077170802433,528.7360209480661,548.2078857421875,29244000,0.0,0.0,182637000000.0,19.239658414290194,43889000000.0,4.842100234102528,276054000000.0,20.220535399328465,66449000000.0,24.424679337140716,49060000000.0,31.761293441478216
2025-05-01,591.225787939469,592.0945278628172,569.6769056272426,571.3844604492188,31159000,0.0,0.0,182637000000.0,19.239658414290194,43889000000.0,4.842100234102528,276054000000.0,20.220535399328465,66449000000.0,24.424679337140716,49060000000.0,31.761293441478216
2025-05-02,582.6181973740332,603.4680762823698,577.4955941368156,596.1586303710938,24739300,0.0,0.0,182637000000.0,19.239658414290194,43889000000.0,4.842100234102528,276054000000.0,20.220535399328465,66449000000.0,24.424679337140716,49060000000.0,31.761293441478216
2025-05-05,590.3669612530514,602.3397133318473,587.2015519796344,598.4053955078125,13887700,0.0,0.0,182637000000.0,19.239658414290194,43889000000.0,4.842100234102528,276054000000.0,20.220535399328465,66449000000.0,24.424679337140716,49060000000.0,31.761293441478216
2025-05-06,591.6751469367607,595.1700972546984,585.7337192068476,586.462646484375,10600700,0.0,0.0,182637000000.0,19.239658414290194,43889000000.0,4.842100234102528,276054000000.0,20.220535399328465,66449000000.0,24.424679337140716,49060000000.0,31.761293441478216
2025-05-07,589.5082075152634,602.2098866527917,585.8235290496914,595.9489135742188,13139100,0.0,0.0,182637000000.0,19.239658414290194,43889000000.0,4.842100234102528,276054000000.0,20.220535399328465,66449000000.0,24.424679337140716,49060000000.0,31.761293441478216
2025-05-08,605.4152389401659,610.4180203966848,595.7592076246763,597.147216796875,14622800,0.0,0.0,182637000000.0,19.239658414290194,43889000000.0,4.842100234102528,276054000000.0,20.220535399328465,66449000000.0,24.424679337140716,49060000000.0,31.761293441478216
2025-05-09,602.8489716185445,606.0942827774223,590.8563498854548,591.6351928710938,10427300,0.0,0.0,182637000000.0,19.239658414290194,43889000000.0,4.842100234102528,276054000000.0,20.220535399328465,66449000000.0,24.424679337140716,49060000000.0,31.761293441478216
2025-05-12,630.0097144566752,639.4660831768585,620.1340297095329,638.5074462890625,21965100,0.0,0.0,182637000000.0,19.239658414290194,43889000000.0,4.842100234102528,276054000000.0,20.220535399328465,66449000000.0,24.424679337140716,49060000000.0,31.761293441478216
2025-05-13,644.608580079292,659.966394384485,641.9025291274511,655.08349609375,18570800,0.0,0.0,182637000000.0,19.239658414290194,43889000000.0,4.842100234102528,276054000000.0,20.220535399328465,66449000000.0,24.424679337140716,49060000000.0,31.761293441478216
2025-05-14,660.2560588804812,661.7139134541873,653.3659895009877,658.40869140625,12348200,0.0,0.0,182637000000.0,19.239658414290194,43889000000.0,4.842100234102528,276054000000.0,20.220535399328465,66449000000.0,24.424679337140716,49060000000.0,31.761293441478216
2025-05-15,653.3360696287351,656.3616664169153,637.6587085460682,642.9510498046875,14341800,0.0,0.0,182637000000.0,19.239658414290194,43889000000.0,4.842100234102528,276054000000.0,20.220535399328465,66449000000.0,24.424679337140716,49060000000.0,31.761293441478216
2025-05-16,637.039566707962,639.515969035449,625.2466087350075,639.4161376953125,18519000,0.0,0.0,182637000000.0,19.239658414290194,43889000000.0,4.842100234102528,276054000000.0,20.220535399328465,66449000000.0,24.424679337140716,49060000000.0,31.761293441478216
2025-05-19,627.3435620408461,642.0722807676308,626.89419911061,639.5059814453125,9592400,0.0,0.0,182637000000.0,19.239658414290194,43889000000.0,4.842100234102528,276054000000.0,20.220535399328465,66449000000.0,24.424679337140716,49060000000.0,31.761293441478216
2025-05-20,635.0923928837207,638.427539897765,631.3478032754666,636.1807861328125,6743500,0.0,0.0,182637000000.0,19.239658414290194,43889000000.0,4.842100234102528,276054000000.0,20.220535399328465,66449000000.0,24.424679337140716,49060000000.0,31.761293441478216
2025-05-21,630.878399880071,645.6770241572503,629.2607421727805,634.5830688476562,11464600,0.0,0.0,182637000000.0,19.239658414290194,43889000000.0,4.842100234102528,276054000000.0,20.220535399328465,66449000000.0,24.424679337140716,49060000000.0,31.761293441478216
2025-05-22,633.1351667006269,642.321904930245,629.8000198555354,635.6515502929688,8228400,0.0,0.0,182637000000.0,19.239658414290194,43889000000.0,4.842100234102528,276054000000.0,20.220535399328465,66449000000.0,24.424679337140716,49060000000.0,31.761293441478216
2025-05-23,623.0996301156218,631.5374497961886,621.7516024100725,626.1552124023438,8454100,0.0,0.0,182637000000.0,19.239658414290194,43889000000.0,4.842100234102528,276054000000.0,20.220535399328465,66449000000.0,24.424679337140716,49060000000.0,31.761293441478216
2025-05-27,634.4931853284312,642.1521627133571,631.8370500697896,641.3932495117188,9508400,0.0,0.0,182637000000.0,19.239658414290194,43889000000.0,4.842100234102528,276054000000.0,20.220535399328465,66449000000.0,24.424679337140716,49060000000.0,31.761293441478216
2025-05-28,641.6728007707804,649.9408832345952,641.6228851026552,642.6514282226562,9042900,0.0,0.0,182637000000.0,19.239658414290194,43889000000.0,4.842100234102528,276054000000.0,20.220535399328465,66449000000.0,24.424679337140716,49060000000.0,31.761293441478216
2025-05-29,650.7098379625838,652.3774114577973,638.5773433389169,644.1193237304688,8858800,0.0,0.0,182637000000.0,19.239658414290194,43889000000.0,4.842100234102528,276054000000.0,20.220535399328465,66449000000.0,24.424679337140716,49060000000.0,31.761293441478216
2025-05-30,641.5729954990708,648.4729988751875,631.8670488528962,646.5557861328125,16241000,0.0,0.0,182637000000.0,19.239658414290194,43889000000.0,4.842100234102528,276054000000.0,20.220535399328465,66449000000.0,24.424679337140716,49060000000.0,31.761293441478216
2025-06-02,643.4603060358205,672.2886482991516,643.3304887205626,669.9320678710938,15766300,0.0,0.0,182637000000.0,19.239658414290194,43889000000.0,4.842100234102528,276054000000.0,20.220535399328465,66449000000.0,24.424679337140716,49060000000.0,31.761293441478216
2025-06-03,670.481278340603,674.6053246627993,664.0705578546837,665.8878784179688,11585000,0.0,0.0,182637000000.0,19.239658414290194,43889000000.0,4.842100234102528,276054000000.0,20.220535399328465,66449000000.0,24.424679337140716,49060000000.0,31.761293441478216
2025-06-04,668.3543324273711,688.0059313980648,667.6054145049494,686.9574584960938,14031900,0.0,0.0,182637000000.0,19.239658414290194,43889000000.0,4.842100234102528,276054000000.0,20.220535399328465,66449000000.0,24.424679337140716,49060000000.0,31.761293441478216
2025-06-05,690.6620226565076,693.3781298406639,681.2656265406558,683.6322021484375,13083100,0.0,0.0,182637000000.0,19.239658414290194,43889000000.0,4.842100234102528,276054000000.0,20.220535399328465,66449000000.0,24.424679337140716,49060000000.0,31.761293441478216
2025-06-06,695.1655520394484,701.7959865050877,690.8717682492216,696.703369140625,11728000,0.0,0.0,182637000000.0,19.239658414290194,43889000000.0,4.842100234102528,276054000000.0,20.220535399328465,66449000000.0,24.424679337140716,49060000000.0,31.761293441478216
2025-06-09,697.4522697198046,704.1725400365549,692.9387717641956,693.05859375,12773200,0.0,0.0,182637000000.0,19.239658414290194,43889000000.0,4.842100234102528,276054000000.0,20.220535399328465,66449000000.0,24.424679337140716,49060000000.0,31.761293441478216
2025-06-10,700.3380628694553,702.2153552678959,690.5622098918083,701.3865966796875,10850100,0.0,0.0,182637000000.0,19.239658414290194,43889000000.0,4.842100234102528,276054000000.0,20.220535399328465,66449000000.0,24.424679337140716,49060000000.0,31.761293441478216
2025-06-11,702.6946882022667,707.8472163839234,690.9915664747034,693.1384887695312,9582500,0.0,0.0,182637000000.0,19.239658414290194,43889000000.0,4.842100234102528,276054000000.0,20.220535399328465,66449000000.0,24.424679337140716,49060000000.0,31.761293441478216
2025-06-12,692.2997081453341,694.3767242272471,686.0088098513999,692.359619140625,7322700,0.0,0.0,182637000000.0,19.239658414290194,43889000000.0,4.842100234102528,276054000000.0,20.220535399328465,66449000000.0,24.424679337140716,49060000000.0,31.761293441478216
2025-06-13,686.9574533802801,693.5678973171928,680.0274638185289,681.884765625,9274400,0.0,0.0,182637000000.0,19.239658414290194,43889000000.0,4.842100234102528,276054000000.0,20.220535399328465,66449000000.0,24.424679337140716,49060000000.0,31.761293441478216
2025-06-16,698.8583271202571,706.6730599404123,693.042245323344,701.6464233398438,13720300,0.525,0.0,182637000000.0,19.239658414290194,43889000000.0,4.842100234102528,276054000000.0,20.220535399328465,66449000000.0,24.424679337140716,49060000000.0,31.761293441478216
2025-06-17,701.5265067822095,705.4937997727949,695.5905108235235,696.7597045898438,10066100,0.0,0.0,182637000000.0,19.239658414290194,43889000000.0,4.842100234102528,276054000000.0,20.220535399328465,66449000000.0,24.424679337140716,49060000000.0,31.761293441478216
2025-06-18,697.7090678240436,701.1168019237268,694.4313119124115,695.3007202148438,10068300,0.0,0.0,182637000000.0,19.239658414290194,43889000000.0,4.842100234102528,276054000000.0,20.220535399328465,66449000000.0,24.424679337140716,49060000000.0,31.761293441478216
2025-06-20,700.2773225024961,701.3466080737581,678.2121990654855,681.8897094726562,22538600,0.0,0.0,182637000000.0,19.239658414290194,43889000000.0,4.842100234102528,276054000000.0,20.220535399328465,66449000000.0,24.424679337140716,49060000000.0,31.761293441478216
2025-06-23,683.2288810707365,698.578506730811,678.2922104620159,698.0588989257812,11080100,0.0,0.0,182637000000.0,19.239658414290194,43889000000.0,4.842100234102528,276054000000.0,20.220535399328465,66449000000.0,24.424679337140716,49060000000.0,31.761293441478216
2025-06-24,704.4145982313105,712.7089880581048,701.6364439383941,711.7196655273438,13823200,0.0,0.0,182637000000.0,19.239658414290194,43889000000.0,4.842100234102528,276054000000.0,20.220535399328465,66449000000.0,24.424679337140716,49060000000.0,31.761293441478216
2025-06-25,712.8389115768144,716.0967226422507,704.9042642374237,708.2020263671875,9320400,0.0,0.0,182637000000.0,19.239658414290194,43889000000.0,4.842100234102528,276054000000.0,20.220535399328465,66449000000.0,24.424679337140716,49060000000.0,31.761293441478216
2025-06-26,713.8781511444844,727.7287879670295,710.5703861718163,725.6002807617188,13964800,0.0,0.0,182637000000.0,19.239658414290194,43889000000.0,4.842100234102528,276054000000.0,20.220535399328465,66449000000.0,24.424679337140716,49060000000.0,31.761293441478216
2025-06-27,726.0300029969949,734.933966624867,725.3704139910845,733.1351928710938,18775700,0.0,0.0,182637000000.0,19.239658414290194,43889000000.0,4.842100234102528,276054000000.0,20.220535399328465,66449000000.0,24.424679337140716,49060000000.0,31.761293441478216
2025-06-30,744.0478281561813,747.3956053545359,733.7547871608941,737.5922241210938,15402100,0.0,0.0,182637000000.0,19.239658414290194,43889000000.0,4.842100234102528,276054000000.0,20.220535399328465,66449000000.0,24.424679337140716,49060000000.0,31.761293441478216
2025-07-01,736.3829859262192,737.2523942395003,714.8874844693272,718.73486328125,13431200,0.0,0.0,182637000000.0,19.239658414290194,43889000000.0,4.842100234102528,276054000000.0,20.220535399328465,66449000000.0,24.424679337140716,49060000000.0,31.761293441478216
2025-07-02,714.8475066710681,719.814124987759,712.3191839508311,713.0886840820312,9336700,0.0,0.0,182637000000.0,19.239658414290194,43889000000.0,4.842100234102528,276054000000.0,20.220535399328465,66449000000.0,24.424679337140716,49060000000.0,31.761293441478216
2025-07-03,726.1198736779997,728.5382852595793,713.9380936153356,718.5250244140625,8601700,0.0,0.0,182637000000.0,19.239658414290194,43889000000.0,4.842100234102528,276054000000.0,20.220535399328465,66449000000.0,24.424679337140716,49060000000.0,31.761293441478216
2025-07-07,717.1159843593155,726.5096688493239,713.0287770502092,717.865478515625,9457100,0.0,0.0,182637000000.0,19.239658414290194,43889000000.0,4.842100234102528,276054000000.0,20.220535399328465,66449000000.0,24.424679337140716,49060000000.0,31.761293441478216
2025-07-08,721.0833162832664,722.4223783113574,714.3278660699458,720.1838989257812,7770700,0.0,0.0,182637000000.0,19.239658414290194,43889000000.0,4.842100234102528,276054000000.0,20.220535399328465,66449000000.0,24.424679337140716,49060000000.0,31.761293441478216
2025-07-09,722.2324935525554,737.0325627099321,722.2324935525554,732.2857666015625,11418000,0.0,0.0,182637000000.0,19.239658414290194,43889000000.0,4.842100234102528,276054000000.0,20.220535399328465,66449000000.0,24.424679337140716,49060000000.0,31.761293441478216
2025-07-10,731.0565410529589,735.3036743334181,719.1145893949879,726.7494506835938,9913600,0.0,0.0,182637000000.0,19.239658414290194,43889000000.0,4.842100234102528,276054000000.0,20.220535399328465,66449000000.0,24.424679337140716,49060000000.0,31.761293441478216
2025-07-11,722.0126865863356,724.6708656262394,709.2213321577215,717.0260620117188,10873900,0.0,0.0,182637000000.0,19.239658414290194,43889000000.0,4.842100234102528,276054000000.0,20.220535399328465,66449000000.0,24.424679337140716,49060000000.0,31.761293441478216
2025-07-14,717.1159478712506,727.5089573741911,716.0666683046045,720.4337158203125,8939400,0.0,0.0,182637000000.0,19.239658414290194,43889000000.0,4.842100234102528,276054000000.0,20.220535399328465,66449000000.0,24.424679337140716,49060000000.0,31.761293441478216
2025-07-15,723.4117865461602,723.9813484321952,709.3412657918492,709.910888671875,11529500,0.0,0.0,182637000000.0,19.239658414290194,43889000000.0,4.842100234102528,276054000000.0,20.220535399328465,66449000000.0,24.424679337140716,49060000000.0,31.761293441478216
2025-07-16,712.8888186148534,713.4883895101593,698.7983536292803,702.4358520507812,13067600,0.0,0.0,182637000000.0,19.239658414290194,43889000000.0,4.842100234102528,276054000000.0,20.220535399328465,66449000000.0,24.424679337140716,49060000000.0,31.761293441478216
2025-07-17,703.9149211888315,705.4239124906103,696.6398020897627,700.9368896484375,11803300,0.0,0.0,182637000000.0,19.239658414290194,43889000000.0,4.842100234102528,276054000000.0,20.220535399328465,66449000000.0,24.424679337140716,49060000000.0,31.761293441478216
2025-07-18,701.7163755426589,704.2346953216606,691.1835067266235,703.8049926757812,12779800,0.0,0.0,182637000000.0,19.239658414290194,43889000000.0,4.842100234102528,276054000000.0,20.220535399328465,66449000000.0,24.424679337140716,49060000000.0,31.761293441478216
2025-07-21,706.323253430884,716.5163857618587,705.283976865439,712.4890747070312,9404400,0.0,0.0,182637000000.0,19.239658414290194,43889000000.0,4.842100234102528,276054000000.0,20.220535399328465,66449000000.0,24.424679337140716,49060000000.0,31.761293441478216
2025-07-22,715.7069236590216,716.1166202717292,700.936863669917,704.3345947265625,8921100,0.0,0.0,182637000000.0,19.239658414290194,43889000000.0,4.842100234102528,276054000000.0,20.220535399328465,66449000000.0,24.424679337140716,49060000000.0,31.761293441478216
2025-07-23,705.8935351714335,714.1479734039639,704.4545040389586,713.0986938476562,8771600,0.0,0.0,182637000000.0,19.239658414290194,43889000000.0,4.842100234102528,276054000000.0,20.220535399328465,66449000000.0,24.424679337140716,49060000000.0,31.761293441478216
2025-07-24,716.5663535187755,723.1319295191287,713.518422874761,714.31787109375,10920800,0.0,0.0,182637000000.0,19.239658414290194,43889000000.0,4.842100234102528,276054000000.0,20.220535399328465,66449000000.0,24.424679337140716,49060000000.0,31.761293441478216
2025-07-25,716.4364100852231,720.1639356225638,711.4198376232321,712.1992797851562,8271700,0.0,0.0,182637000000.0,19.239658414290194,43889000000.0,4.842100234102528,276054000000.0,20.220535399328465,66449000000.0,24.424679337140716,49060000000.0,31.761293441478216
2025-07-28,714.7176423374738,724.2511860836681,712.199322444747,717.14599609375,8715700,0.0,0.0,182637000000.0,19.239658414290194,43889000000.0,4.842100234102528,276054000000.0,20.220535399328465,66449000000.0,24.424679337140716,49060000000.0,31.761293441478216
2025-07-29,719.5143415178571,723.9812971110003,699.4378659012062,699.52783203125,13267000,0.0,0.0,182637000000.0,19.239658414290194,43889000000.0,4.842100234102528,276054000000.0,20.220535399328465,66449000000.0,24.424679337140716,49060000000.0,31.761293441478216
2025-07-30,707.6124059283386,708.0221025377599,690.7337839335887,694.7410888671875,27077300,0.0,0.0,182637000000.0,19.239658414290194,43889000000.0,4.842100234102528,276054000000.0,20.220535399328465,66449000000.0,24.424679337140716,49060000000.0,31.761293441478216
2025-07-31,774.6771576404832,784.2207041864842,764.9936908827026,772.9183349609375,38831100,0.0,0.0,182637000000.0,19.239658414290194,43889000000.0,4.842100234102528,276054000000.0,20.220535399328465,66449000000.0,24.424679337140716,49060000000.0,31.761293441478216
2025-08-01,760.2168907933417,765.4833558536491,744.8073082016023,749.504150390625,19028700,0.0,0.0,182637000000.0,19.239658414290194,43889000000.0,4.842100234102528,276054000000.0,20.220535399328465,66449000000.0,24.424679337140716,49060000000.0,31.761293441478216
2025-08-04,759.4874200926632,776.3260312589632,757.898465626429,775.8463745117188,15801700,0.0,0.0,182637000000.0,19.239658414290194,43889000000.0,4.842100234102528,276054000000.0,20.220535399328465,66449000000.0,24.424679337140716,49060000000.0,31.761293441478216
2025-08-05,775.9262968482556,782.6017838704779,762.485356671436,762.945068359375,11640300,0.0,0.0,182637000000.0,19.239658414290194,43889000000.0,4.842100234102528,276054000000.0,20.220535399328465,66449000000.0,24.424679337140716,49060000000.0,31.761293441478216
2025-08-06,769.4806512883487,773.1182108239055,759.9471077743785,771.4692993164062,9733900,0.0,0.0,182637000000.0,19.239658414290194,43889000000.0,4.842100234102528,276054000000.0,20.220535399328465,66449000000.0,24.424679337140716,49060000000.0,31.761293441478216
2025-08-07,772.9682705923176,774.4772618550992,759.037670694158,761.316162109375,9019700,0.0,0.0,182637000000.0,19.239658414290194,43889000000.0,4.842100234102528,276054000000.0,20.220535399328465,66449000000.0,24.424679337140716,49060000000.0,31.761293441478216
2025-08-08,762.2355578226991,769.3807598518028,758.0683873872562,768.7811279296875,7320800,0.0,0.0,182637000000.0,19.239658414290194,43889000000.0,4.842100234102528,276054000000.0,20.220535399328465,66449000000.0,24.424679337140716,49060000000.0,31.761293441478216
2025-08-11,769.5606371158788,772.9383623565644,764.1542517302764,765.3534545898438,7612000,0.0,0.0,182637000000.0,19.239658414290194,43889000000.0,4.842100234102528,276054000000.0,20.220535399328465,66449000000.0,24.424679337140716,49060000000.0,31.761293441478216
2025-08-12,772.4786291967464,793.13467067664,771.9090063294184,789.4671630859375,14563100,0.0,0.0,182637000000.0,19.239658414290194,43889000000.0,4.842100234102528,276054000000.0,20.220535399328465,66449000000.0,24.424679337140716,49060000000.0,31.761293441478216
2025-08-13,790.6164352280034,794.9235259193555,777.7051051745191,779.5538940429688,8811800,0.0,0.0,182637000000.0,19.239658414290194,43889000000.0,4.842100234102528,276054000000.0,20.220535399328465,66449000000.0,24.424679337140716,49060000000.0,31.761293441478216
2025-08-14,777.3553445445746,787.2786396920953,771.9889713529242,781.6024780273438,8116200,0.0,0.0,182637000000.0,19.239658414290194,43889000000.0,4.842100234102528,276054000000.0,20.220535399328465,66449000000.0,24.424679337140716,49060000000.0,31.761293441478216
2025-08-15,783.621150744718,795.7129654452535,780.293379600551,784.7003784179688,13375400,0.0,0.0,182637000000.0,19.239658414290194,43889000000.0,4.842100234102528,276054000000.0,20.220535399328465,66449000000.0,24.424679337140716,49060000000.0,31.761293441478216
2025-08-18,774.5672416992095,775.2867267942328,756.0497105947067,766.8524169921875,16513700,0.0,0.0,182637000000.0,19.239658414290194,43889000000.0,4.842100234102528,276054000000.0,20.220535399328465,66449000000.0,24.424679337140716,49060000000.0,31.761293441478216
2025-08-19,766.6026107662994,766.6525648449835,748.854579245516,750.97314453125,12286700,0.0,0.0,182637000000.0,19.239658414290194,43889000000.0,4.842100234102528,276054000000.0,20.220535399328465,66449000000.0,24.424679337140716,49060000000.0,31.761293441478216
2025-08-20,747.0657749776972,749.6940059349637,730.506944043105,747.2156372070312,11898200,0.0,0.0,182637000000.0,19.239658414290194,43889000000.0,4.842100234102528,276054000000.0,20.220535399328465,66449000000.0,24.424679337140716,49060000000.0,31.761293441478216
2025-08-21,744.2077027473434,744.9971479214436,732.6154905427838,738.6014404296875,8876300,0.0,0.0,182637000000.0,19.239658414290194,43889000000.0,4.842100234102528,276054000000.0,20.220535399328465,66449000000.0,24.424679337140716,49060000000.0,31.761293441478216
2025-08-22,738.7313812096488,756.389506981927,733.8946798718869,754.2808837890625,10612700,0.0,0.0,182637000000.0,19.239658414290194,43889000000.0,4.842100234102528,276054000000.0,20.220535399328465,66449000000.0,24.424679337140716,49060000000.0,31.761293441478216
2025-08-25,754.3108643612958,758.3681233608074,749.6240254313439,752.7918701171875,6861200,0.0,0.0,182637000000.0,19.239658414290194,43889000000.0,4.842100234102528,276054000000.0,20.220535399328465,66449000000.0,24.424679337140716,49060000000.0,31.761293441478216
2025-08-26,750.2936075268326,754.3608698171868,747.4355511046348,753.5913696289062,7601800,0.0,0.0,182637000000.0,19.239658414290194,43889000000.0,4.842100234102528,276054000000.0,20.220535399328465,66449000000.0,24.424679337140716,49060000000.0,31.761293441478216
2025-08-27,751.7925800305345,753.6413688476172,742.338999603057,746.8759155273438,8315400,0.0,0.0,182637000000.0,19.239658414290194,43889000000.0,4.842100234102528,276054000000.0,20.220535399328465,66449000000.0,24.424679337140716,49060000000.0,31.761293441478216
2025-08-28,743.4982035863915,752.5420875468095,740.3003496517379,750.6033935546875,7468000,0.0,0.0,182637000000.0,19.239658414290194,43889000000.0,4.842100234102528,276054000000.0,20.220535399328465,66449000000.0,24.424679337140716,49060000000.0,31.761293441478216
2025-08-29,744.7773613013366,746.6360921511391,734.8540051000575,738.2017822265625,9070500,0.0,0.0,182637000000.0,19.239658414290194,43889000000.0,4.842100234102528,276054000000.0,20.220535399328465,66449000000.0,24.424679337140716,49060000000.0,31.761293441478216
2025-09-02,725.5502463590637,735.5035500540433,721.2431559989143,734.6141357421875,9350900,0.0,0.0,182637000000.0,19.239658414290194,43889000000.0,4.842100234102528,276054000000.0,20.220535399328465,66449000000.0,24.424679337140716,49060000000.0,31.761293441478216
2025-09-03,735.5035768564753,739.7507102826166,733.4949228182503,736.5528564453125,7699300,0.0,0.0,182637000000.0,19.239658414290194,43889000000.0,4.842100234102528,276054000000.0,20.220535399328465,66449000000.0,24.424679337140716,49060000000.0,31.761293441478216
2025-09-04,748.0651174458885,760.6465916805791,745.3169722452417,748.1450805664062,11439100,0.0,0.0,182637000000.0,19.239658414290194,43889000000.0,4.842100234102528,276054000000.0,20.220535399328465,66449000000.0,24.424679337140716,49060000000.0,31.761293441478216
2025-09-05,752.1123731440612,757.4387952805295,744.5275265518461,751.9425048828125,9663400,0.0,0.0,182637000000.0,19.239658414290194,43889000000.0,4.842100234102528,276054000000.0,20.220535399328465,66449000000.0,24.424679337140716,49060000000.0,31.761293441478216
2025-09-08,755.4900579545978,765.992978439962,751.5127620882034,751.7925415039062,13087800,0.0,0.0,182637000000.0,19.239658414290194,43889000000.0,4.842100234102528,276054000000.0,20.220535399328465,66449000000.0,24.424679337140716,49060000000.0,31.761293441478216
2025-09-09,756.9790485610613,765.7831036056251,752.9217895494754,765.1835327148438,10999000,0.0,0.0,182637000000.0,19.239658414290194,43889000000.0,4.842100234102528,276054000000.0,20.220535399328465,66449000000.0,24.424679337140716,49060000000.0,31.761293441478216
2025-09-10,764.6139331888977,765.1835560495044,750.4934588375091,751.4727783203125,12478300,0.0,0.0,182637000000.0,19.239658414290194,43889000000.0,4.842100234102528,276054000000.0,20.220535399328465,66449000000.0,24.424679337140716,49060000000.0,31.761293441478216
2025-09-11,754.1410253741255,756.5893240941964,747.8652318538085,750.3935546875,7923300,0.0,0.0,182637000000.0,19.239658414290194,43889000000.0,4.842100234102528,276054000000.0,20.220535399328465,66449000000.0,24.424679337140716,49060000000.0,31.761293441478216
2025-09-12,748.2249639979328,757.0590282777322,743.2583455274284,755.0803833007812,8248600,0.0,0.0,182637000000.0,19.239658414290194,43889000000.0,4.842100234102528,276054000000.0,20.220535399328465,66449000000.0,24.424679337140716,49060000000.0,31.761293441478216
2025-09-15,756.9590394303372,773.547878937133,751.4827553370264,764.1842041015625,10533800,0.0,0.0,182637000000.0,19.239658414290194,43889000000.0,4.842100234102528,276054000000.0,20.220535399328465,66449000000.0,24.424679337140716,49060000000.0,31.761293441478216
2025-09-16,766.4826425887807,780.8329418323293,764.583899780601,778.4745483398438,11782500,0.0,0.0,182637000000.0,19.239658414290194,43889000000.0,4.842100234102528,276054000000.0,20.220535399328465,66449000000.0,24.424679337140716,49060000000.0,31.761293441478216
2025-09-17,779.4639169106475,782.7616789884555,765.7931508650867,775.19677734375,9400900,0.0,0.0,182637000000.0,19.239658414290194,43889000000.0,4.842100234102528,276054000000.0,20.220535399328465,66449000000.0,24.424679337140716,49060000000.0,31.761293441478216
2025-09-18,780.223417654285,788.2480310412486,772.8383872533639,779.7237548828125,10955000,0.0,0.0,182637000000.0,19.239658414290194,43889000000.0,4.842100234102528,276054000000.0,20.220535399328465,66449000000.0,24.424679337140716,49060000000.0,31.761293441478216
2025-09-19,785.8895354575697,790.2665859871321,768.6711767678263,777.85498046875,23696800,0.0,0.0,182637000000.0,19.239658414290194,43889000000.0,4.842100234102528,276054000000.0,20.220535399328465,66449000000.0,24.424679337140716,49060000000.0,31.761293441478216
2025-09-22,781.8499755859375,785.72998046875,764.469970703125,765.1599731445312,11706900,0.525,0.0,182637000000.0,19.239658414290194,43889000000.0,4.842100234102528,276054000000.0,20.220535399328465,66449000000.0,24.424679337140716,49060000000.0,31.761293441478216
2025-09-23,769.25,770.5999755859375,751.0700073242188,755.4000244140625,10872600,0.0,0.0,182637000000.0,19.239658414290194,43889000000.0,4.842100234102528,276054000000.0,20.220535399328465,66449000000.0,24.424679337140716,49060000000.0,31.761293441478216
2025-09-24,757.5,761.1099853515625,752.530029296875,760.6599731445312,8828200,0.0,0.0,182637000000.0,19.239658414290194,43889000000.0,4.842100234102528,276054000000.0,20.220535399328465,66449000000.0,24.424679337140716,49060000000.0,31.761293441478216
2025-09-25,753.4500122070312,756.77001953125,744.5499877929688,748.9099731445312,10591100,0.0,0.0,182637000000.0,19.239658414290194,43889000000.0,4.842100234102528,276054000000.0,20.220535399328465,66449000000.0,24.424679337140716,49060000000.0,31.761293441478216
2025-09-26,750.0,751.9299926757812,737.3499755859375,743.75,9684800,0.0,0.0,182637000000.0,19.239658414290194,43889000000.0,4.842100234102528,276054000000.0,20.220535399328465,66449000000.0,24.424679337140716,49060000000.0,31.761293441478216
