Date,Open,High,Low,Close,Volume,Dividends,Stock Splits,Stockholders_Equity,Stockholders_Equity_Growth,Cash_And_Equivalents,Cash_And_Equivalents_Growth,Total_Assets,Total_Assets_Growth,Working_Capital,Working_Capital_Growth,Total_Debt,Total_Debt_Growth
2020-09-28,202.19710188660275,203.81751912826357,199.4932072780414,200.81639099121094,32004900,0.0,0.0,,0.0,,0.0,,0.0,,0.0,,0.0
2020-09-29,200.73009133926791,201.4204467564283,198.29466677580942,198.72613525390625,24221900,0.0,0.0,,0.0,,0.0,,0.0,,0.0,,0.0
2020-09-30,199.1767719229634,203.25177937534346,198.03576749541497,201.6697235107422,33829100,0.0,0.0,,0.0,,0.0,,0.0,,0.0,,0.0
2020-10-01,204.69964038543978,205.17905308654628,202.6189910182993,203.71205139160156,27158400,0.0,0.0,,0.0,,0.0,,0.0,,0.0,,0.0
2020-10-02,199.43566680293182,202.30255978020878,197.07695007543285,197.7001953125,33154800,0.0,0.0,,0.0,,0.0,,0.0,,0.0,,0.0
2020-10-05,198.68782032558104,201.74647599676422,198.4576969397012,201.71771240234375,21331600,0.0,0.0,,0.0,,0.0,,0.0,,0.0,,0.0
2020-10-06,200.2219174695407,201.52590590584774,196.38661605306922,197.43173217773438,28554300,0.0,0.0,,0.0,,0.0,,0.0,,0.0,,0.0
2020-10-07,198.5343725872616,201.458792800773,198.20837548293932,201.19032287597656,25681100,0.0,0.0,,0.0,,0.0,,0.0,,0.0,,0.0
2020-10-08,201.84234479881962,202.49435372750264,199.74252930524,201.9094696044922,19925800,0.0,0.0,,0.0,,0.0,,0.0,,0.0,,0.0
2020-10-09,202.5326658550179,206.97203171595046,202.5326658550179,206.92408752441406,26458000,0.0,0.0,,0.0,,0.0,,0.0,,0.0,,0.0
2020-10-12,209.78140069312866,214.64265244429112,207.882930516998,212.283935546875,40461400,0.0,0.0,,0.0,,0.0,,0.0,,0.0,,0.0
2020-10-13,213.54958766520096,215.93706810447387,211.35386937390456,213.68382263183594,28950800,0.0,0.0,,0.0,,0.0,,0.0,,0.0,,0.0
2020-10-14,213.81807545397245,214.9878436739825,210.107425642433,211.7661895751953,23421700,0.0,0.0,,0.0,,0.0,,0.0,,0.0,,0.0
2020-10-15,208.16097962773364,211.2867448559503,207.1158489257923,210.61557006835938,22733100,0.0,0.0,,0.0,,0.0,,0.0,,0.0,,0.0
2020-10-16,211.08538510441647,213.1372706724877,210.2895729758885,210.61557006835938,26057900,0.0,0.0,,0.0,,0.0,,0.0,,0.0,,0.0
2020-10-19,211.34428086543105,213.14687719644527,204.92015397771777,205.39956665039062,27625800,0.0,0.0,,0.0,,0.0,,0.0,,0.0,,0.0
2020-10-20,206.91451708098484,208.41986529898946,204.31609389953766,205.81185913085938,22753500,0.0,0.0,,0.0,,0.0,,0.0,,0.0,,0.0
2020-10-21,204.3448694172439,207.98840894984195,204.3448694172439,205.95570373535156,22724900,0.0,0.0,,0.0,,0.0,,0.0,,0.0,,0.0
2020-10-22,205.1214981639855,207.16380082194547,202.98332175024004,206.04197692871094,22351500,0.0,0.0,,0.0,,0.0,,0.0,,0.0,,0.0
2020-10-23,206.17622518692104,207.37475694038199,204.38322636550816,207.32681274414062,18879600,0.0,0.0,,0.0,,0.0,,0.0,,0.0,,0.0
2020-10-26,205.0447987142182,207.4322643762984,199.531553173154,201.43002319335938,37111600,0.0,0.0,,0.0,,0.0,,0.0,,0.0,,0.0
2020-10-27,202.87785929223526,205.83104322774932,201.6697445765535,204.46951293945312,36700300,0.0,0.0,,0.0,,0.0,,0.0,,0.0,,0.0
2020-10-28,199.1192762411455,200.24110024392866,193.77862617846768,194.33473205566406,51195600,0.0,0.0,,0.0,,0.0,,0.0,,0.0,,0.0
2020-10-29,195.6675255069353,198.82205494353832,194.99633595698424,196.29075622558594,31432600,0.0,0.0,,0.0,,0.0,,0.0,,0.0,,0.0
2020-10-30,195.1210120615802,195.87847785770836,191.40076400488118,194.1334228515625,36953700,0.0,0.0,,0.0,,0.0,,0.0,,0.0,,0.0
2020-11-02,195.87840429104244,196.8276465574942,191.88010474591724,193.99911499023438,30842200,0.0,0.0,,0.0,,0.0,,0.0,,0.0,,0.0
2020-11-03,195.49490312023417,199.55073031837892,194.75660349250577,197.93031311035156,27512000,0.0,0.0,,0.0,,0.0,,0.0,,0.0,,0.0
2020-11-04,205.20781312721707,209.33076521149155,203.67368665801723,207.480224609375,42311800,0.0,0.0,,0.0,,0.0,,0.0,,0.0,,0.0
2020-11-05,212.8976137203296,214.89197257348812,212.04425958594837,214.0961456298828,36080100,0.0,0.0,,0.0,,0.0,,0.0,,0.0,,0.0
2020-11-06,213.10851615008812,215.1220552290364,209.05268903276433,214.50840759277344,25231900,0.0,0.0,,0.0,,0.0,,0.0,,0.0,,0.0
2020-11-09,215.19880072888262,218.7272715981785,208.90890769716995,209.3979034423828,44395000,0.0,0.0,,0.0,,0.0,,0.0,,0.0,,0.0
2020-11-10,205.66805281257865,207.585703654654,201.08486847045984,202.32174682617188,44045100,0.0,0.0,,0.0,,0.0,,0.0,,0.0,,0.0
2020-11-11,203.64493439599147,209.06229227392265,203.4627552217062,207.63365173339844,29440800,0.0,0.0,,0.0,,0.0,,0.0,,0.0,,0.0
2020-11-12,208.2665224417331,210.0882852945034,205.62975194768657,206.56939697265625,21593900,0.0,0.0,,0.0,,0.0,,0.0,,0.0,,0.0
2020-11-13,207.45148842184906,208.4678411239819,205.34207522093908,207.59530639648438,18621100,0.0,0.0,,0.0,,0.0,,0.0,,0.0,,0.0
2020-11-16,206.0227857401021,208.77462427595356,205.68720566632413,208.28561401367188,24953300,0.0,0.0,,0.0,,0.0,,0.0,,0.0,,0.0
2020-11-17,207.20218813788108,208.71711949260344,205.26535660858772,205.6297149658203,24154100,0.0,0.0,,0.0,,0.0,,0.0,,0.0,,0.0
2020-11-18,205.3893875825999,206.8506221043053,202.77455303589352,202.91876220703125,28372800,0.56,0.0,,0.0,,0.0,,0.0,,0.0,,0.0
2020-11-19,203.20714178040058,204.79333979305358,201.81319330215703,204.20692443847656,24792700,0.0,0.0,,0.0,,0.0,,0.0,,0.0,,0.0
2020-11-20,203.99543213609604,205.04328452616463,201.880496534734,202.2554168701172,22843100,0.0,0.0,,0.0,,0.0,,0.0,,0.0,,0.0
2020-11-23,202.79377032779195,204.08195669194225,200.11165008190773,201.9862518310547,25683500,0.0,0.0,,0.0,,0.0,,0.0,,0.0,,0.0
2020-11-24,201.48632517460484,205.96615259759372,200.7845542928597,205.5912322998047,33979700,0.0,0.0,,0.0,,0.0,,0.0,,0.0,,0.0
2020-11-25,206.79293748669645,206.96597088377368,204.2454035709281,205.6008758544922,21012900,0.0,0.0,,0.0,,0.0,,0.0,,0.0,,0.0
2020-11-27,206.54299705815234,207.9080920979437,205.76430275885053,206.90829467773438,14512200,0.0,0.0,,0.0,,0.0,,0.0,,0.0,,0.0
2020-11-30,205.82194497179492,206.4564152798646,202.6879817235007,205.79310607910156,33064800,0.0,0.0,,0.0,,0.0,,0.0,,0.0,,0.0
2020-12-01,206.21609009254752,208.91745539556217,205.1009519674669,207.85037231445312,30904500,0.0,0.0,,0.0,,0.0,,0.0,,0.0,,0.0
2020-12-02,206.57180161644624,207.13898610870106,204.5722217772667,207.0428466796875,23724500,0.0,0.0,,0.0,,0.0,,0.0,,0.0,,0.0
2020-12-03,206.31223244455936,208.01380055345115,205.38934381990802,205.95654296875,25120900,0.0,0.0,,0.0,,0.0,,0.0,,0.0,,0.0
2020-12-04,205.93732826589252,207.0524811628778,204.93753095520978,206.07191467285156,24666000,0.0,0.0,,0.0,,0.0,,0.0,,0.0,,0.0
2020-12-07,206.08153203035755,207.2062930539194,204.75489872167418,206.00462341308594,24620000,0.0,0.0,,0.0,,0.0,,0.0,,0.0,,0.0
2020-12-08,205.69699327130186,208.5617694437516,204.6587489935617,207.65811157226562,23284100,0.0,0.0,,0.0,,0.0,,0.0,,0.0,,0.0
2020-12-09,206.840989365072,206.90827523519087,203.0437163456567,203.61090087890625,32440600,0.0,0.0,,0.0,,0.0,,0.0,,0.0,,0.0
2020-12-10,203.5820405728166,204.8413878398677,202.2265538799134,202.38037109375,26733300,0.0,0.0,,0.0,,0.0,,0.0,,0.0,,0.0
2020-12-11,201.92854057276654,205.07211201200164,201.02488278476247,205.01441955566406,30979400,0.0,0.0,,0.0,,0.0,,0.0,,0.0,,0.0
2020-12-14,204.86061523888804,207.85036943964792,204.64912024059765,205.91807556152344,28798400,0.0,0.0,,0.0,,0.0,,0.0,,0.0,,0.0
2020-12-15,206.850597476952,207.0909313980809,204.0338909623543,205.85081481933594,27000600,0.0,0.0,,0.0,,0.0,,0.0,,0.0,,0.0
2020-12-16,206.44681722589814,211.59957655691537,206.417978331805,210.80166625976562,35023300,0.0,0.0,,0.0,,0.0,,0.0,,0.0,,0.0
2020-12-17,211.36887743172719,212.34944396119258,209.49427573482185,210.936279296875,32515800,0.0,0.0,,0.0,,0.0,,0.0,,0.0,,0.0
2020-12-18,210.1383514404297,211.19582649894002,207.66772650382657,210.1383514404297,63354900,0.0,0.0,,0.0,,0.0,,0.0,,0.0,,0.0
2020-12-21,209.1385782828704,215.33919043070517,208.87901354427856,213.98370361328125,37181900,0.0,0.0,,0.0,,0.0,,0.0,,0.0,,0.0
2020-12-22,214.07982465441432,216.90615363299253,213.27230628019683,215.281494140625,22612200,0.0,0.0,,0.0,,0.0,,0.0,,0.0,,0.0
2020-12-23,214.4835990132928,214.91619712516564,212.26291599270337,212.4744110107422,18699600,0.0,0.0,,0.0,,0.0,,0.0,,0.0,,0.0
2020-12-24,212.85891888746272,214.96424612029446,212.64742388981097,214.1374969482422,10550600,0.0,0.0,,0.0,,0.0,,0.0,,0.0,,0.0
2020-12-28,215.77174869458827,217.2906605353665,214.3970459791994,216.2620391845703,17933500,0.0,0.0,,0.0,,0.0,,0.0,,0.0,,0.0
2020-12-29,217.55987173308796,218.3962290665934,214.93542947811645,215.48338317871094,17403200,0.0,0.0,,0.0,,0.0,,0.0,,0.0,,0.0
2020-12-30,216.5216158168502,216.90615886299983,212.90699919594755,213.10887145996094,20272300,0.0,0.0,,0.0,,0.0,,0.0,,0.0,,0.0
2020-12-31,213.12814953228795,214.37788903892474,211.18624705793914,213.8203125,20942100,0.0,0.0,,0.0,,0.0,,0.0,,0.0,,0.0
2021-01-04,213.92600833251893,214.3778372347253,206.50449638120156,209.2731475830078,37130100,0.0,0.0,,0.0,,0.0,,0.0,,0.0,,0.0
2021-01-05,208.85979759303143,210.07109001348394,207.36011618563242,209.4750518798828,23823000,0.0,0.0,,0.0,,0.0,,0.0,,0.0,,0.0
2021-01-06,203.96656368510168,208.1195403388213,203.745460613917,204.04347229003906,35930700,0.0,0.0,,0.0,,0.0,,0.0,,0.0,,0.0
2021-01-07,205.7642836638974,210.8593657306565,205.44705579625224,209.84996032714844,27694500,0.0,0.0,,0.0,,0.0,,0.0,,0.0,,0.0
2021-01-08,210.22485175437276,212.05139810693055,208.63865395895616,211.12850952148438,22956200,0.0,0.0,,0.0,,0.0,,0.0,,0.0,,0.0
2021-01-11,210.02300695772928,210.4459970034863,208.35027759554967,209.08090209960938,23031300,0.0,0.0,,0.0,,0.0,,0.0,,0.0,,0.0
2021-01-12,208.12916175268282,208.70596899227266,205.072121521782,206.61985778808594,23249300,0.0,0.0,,0.0,,0.0,,0.0,,0.0,,0.0
2021-01-13,205.74509610082765,208.37914685698567,205.6585647288094,207.9753875732422,20087100,0.0,0.0,,0.0,,0.0,,0.0,,0.0,,0.0
2021-01-14,207.5619813337417,209.0520545079318,204.51454911841776,204.78372192382812,29480800,0.0,0.0,,0.0,,0.0,,0.0,,0.0,,0.0
2021-01-15,205.26439629941862,206.21610922436778,203.83200087080638,204.4280242919922,31746500,0.0,0.0,,0.0,,0.0,,0.0,,0.0,,0.0
2021-01-19,205.4854771494631,208.59058691911966,204.4087860099995,208.07147216796875,30480900,0.0,0.0,,0.0,,0.0,,0.0,,0.0,,0.0
2021-01-20,209.28274810474443,217.05994925074904,208.8885970053319,215.666015625,37777300,0.0,0.0,,0.0,,0.0,,0.0,,0.0,,0.0
2021-01-21,216.01213324650223,217.55027626529116,213.82028897946032,216.27169799804688,30709400,0.0,0.0,,0.0,,0.0,,0.0,,0.0,,0.0
2021-01-22,218.30012022572993,221.17451935101673,217.06961165977887,217.21380615234375,30172700,0.0,0.0,,0.0,,0.0,,0.0,,0.0,,0.0
2021-01-25,220.26118340012152,220.8956683458386,215.55064535327404,220.65533447265625,33152100,0.0,0.0,,0.0,,0.0,,0.0,,0.0,,0.0
2021-01-26,222.89529324543827,225.12558441420293,221.1841168940043,223.3471221923828,49169600,0.0,0.0,,0.0,,0.0,,0.0,,0.0,,0.0
2021-01-27,228.7979141385493,231.14357577336744,221.24181437058223,223.8950958251953,69870600,0.0,0.0,,0.0,,0.0,,0.0,,0.0,,0.0
2021-01-28,226.50028319910243,233.25847135017926,226.00038457564827,229.69190979003906,49111200,0.0,0.0,,0.0,,0.0,,0.0,,0.0,,0.0
2021-01-29,226.8656060692636,228.8171162716666,222.40500922536845,222.99142456054688,42503100,0.0,0.0,,0.0,,0.0,,0.0,,0.0,,0.0
2021-02-01,225.9715669034434,233.1239068460614,223.4432493228023,230.38409423828125,33314200,0.0,0.0,,0.0,,0.0,,0.0,,0.0,,0.0
2021-02-02,231.9703108623903,232.94125465334326,229.46122406057862,230.24951171875,25916300,0.0,0.0,,0.0,,0.0,,0.0,,0.0,,0.0
2021-02-03,230.30717912149223,235.61374112697695,230.00915276059507,233.60455322265625,27158100,0.0,0.0,,0.0,,0.0,,0.0,,0.0,,0.0
2021-02-04,233.2777089960579,233.83528542530067,231.07624217466682,232.65283203125,25296100,0.0,0.0,,0.0,,0.0,,0.0,,0.0,,0.0
2021-02-05,232.8643338915451,233.8737392729773,231.1243186859083,232.8354949951172,18054800,0.0,0.0,,0.0,,0.0,,0.0,,0.0,,0.0
2021-02-08,233.7487481721473,234.2582548729624,231.4992263607579,233.0950469970703,22211900,0.0,0.0,,0.0,,0.0,,0.0,,0.0,,0.0
2021-02-09,232.5182108433032,235.2964698294735,232.04716584008827,234.34475708007812,23565000,0.0,0.0,,0.0,,0.0,,0.0,,0.0,,0.0
2021-02-10,235.52725392328455,236.41168103490142,231.57616348500238,233.43154907226562,22186700,0.0,0.0,,0.0,,0.0,,0.0,,0.0,,0.0
2021-02-11,235.31576822325206,235.67145776354957,232.7874504582539,235.0369873046875,15751100,0.0,0.0,,0.0,,0.0,,0.0,,0.0,,0.0
2021-02-12,234.49858060762654,235.81562032488358,233.34498084726292,235.51760864257812,16561100,0.0,0.0,,0.0,,0.0,,0.0,,0.0,,0.0
2021-02-16,235.5560591780429,236.6135341978641,233.5276404900709,234.27748107910156,26728500,0.0,0.0,,0.0,,0.0,,0.0,,0.0,,0.0
2021-02-17,232.52383013252495,235.4048344432104,232.15767652677806,235.29884338378906,21653500,0.56,0.0,,0.0,,0.0,,0.0,,0.0,,0.0
2021-02-18,232.98633869109634,235.0386897154469,232.08059954957508,234.90379333496094,16925600,0.0,0.0,,0.0,,0.0,,0.0,,0.0,,0.0
2021-02-19,234.8652824715477,234.97127354610058,231.42540235409896,232.18661499023438,25262600,0.0,0.0,,0.0,,0.0,,0.0,,0.0,,0.0
2021-02-22,228.7659847524381,229.2573898424661,223.92896078770121,225.96205139160156,36446900,0.0,0.0,,0.0,,0.0,,0.0,,0.0,,0.0
2021-02-23,221.9344039637966,226.27037760985954,220.39271856415579,224.76724243164062,30228700,0.0,0.0,,0.0,,0.0,,0.0,,0.0,,0.0
2021-02-24,221.6261009542923,226.62692714664257,220.65292087568207,226.00062561035156,26339700,0.0,0.0,,0.0,,0.0,,0.0,,0.0,,0.0
2021-02-25,223.6206299994084,226.03913460336088,219.57372394911798,220.6432647705078,39542200,0.0,0.0,,0.0,,0.0,,0.0,,0.0,,0.0
2021-02-26,223.0906601042904,226.79068741105286,221.17319091489034,223.90968322753906,37819200,0.0,0.0,,0.0,,0.0,,0.0,,0.0,,0.0
2021-03-01,227.30141245732543,228.81419283713274,224.65165026813293,228.3035125732422,25324000,0.0,0.0,,0.0,,0.0,,0.0,,0.0,,0.0
2021-03-02,228.37092841617996,228.65036608626744,224.94069354651947,225.3453826904297,22812500,0.0,0.0,,0.0,,0.0,,0.0,,0.0,,0.0
2021-03-03,223.69773120014005,225.0659701891596,218.97632822975632,219.26539611816406,34029500,0.0,0.0,,0.0,,0.0,,0.0,,0.0,,0.0
2021-03-04,218.47528211448403,224.01569334198643,216.08566807744373,218.46563720703125,44727800,0.0,0.0,,0.0,,0.0,,0.0,,0.0,,0.0
2021-03-05,221.15395671882018,224.7672685097658,218.20549664982508,223.15814208984375,41872800,0.0,0.0,,0.0,,0.0,,0.0,,0.0,,0.0
2021-03-08,222.9365171850772,224.8636168253928,218.85107535727434,219.10159301757812,35267400,0.0,0.0,,0.0,,0.0,,0.0,,0.0,,0.0
2021-03-09,224.39147806891881,226.80035252533506,223.22557636286808,225.2586669921875,33080500,0.0,0.0,,0.0,,0.0,,0.0,,0.0,,0.0
2021-03-10,228.36128646522027,228.36128646522027,223.58207332574838,223.94822692871094,29746800,0.0,0.0,,0.0,,0.0,,0.0,,0.0,,0.0
2021-03-11,226.39565581287494,230.45219202841787,225.76933965358188,228.48655700683594,29907600,0.0,0.0,,0.0,,0.0,,0.0,,0.0,,0.0
2021-03-12,225.4802632973493,227.22430063000746,224.72869569658027,227.15684509277344,22653700,0.0,0.0,,0.0,,0.0,,0.0,,0.0,,0.0
2021-03-15,226.3956551753094,226.6172675005386,223.360464648673,226.25111389160156,26034900,0.0,0.0,,0.0,,0.0,,0.0,,0.0,,0.0
2021-03-16,227.66754157982132,231.30975858381365,227.33993818218457,229.04542541503906,28092200,0.0,0.0,,0.0,,0.0,,0.0,,0.0,,0.0
2021-03-17,227.5422977642344,229.8548262925455,224.72873388533623,228.3998565673828,29562100,0.0,0.0,,0.0,,0.0,,0.0,,0.0,,0.0
2021-03-18,224.08317004716397,225.65376114265518,221.93445781348467,222.31024169921875,34833000,0.0,0.0,,0.0,,0.0,,0.0,,0.0,,0.0
2021-03-19,222.59929674618115,223.9964411275922,220.990170215579,221.95372009277344,46430700,0.0,0.0,,0.0,,0.0,,0.0,,0.0,,0.0
2021-03-22,221.87660163832476,228.26492638484754,221.7513354679177,227.3881072998047,30127000,0.0,0.0,,0.0,,0.0,,0.0,,0.0,,0.0
2021-03-23,228.8334500612015,232.26368503825154,228.42876090462175,228.920166015625,31638400,0.0,0.0,,0.0,,0.0,,0.0,,0.0,,0.0
2021-03-24,229.18032483029094,229.3248514186312,226.7425450229314,226.87744140625,25620100,0.0,0.0,,0.0,,0.0,,0.0,,0.0,,0.0
2021-03-25,226.72328408722728,228.3035052631716,223.12924724060233,223.8711700439453,34061900,0.0,0.0,,0.0,,0.0,,0.0,,0.0,,0.0
2021-03-26,223.1099365169094,228.08185650959845,223.1099365169094,227.8602294921875,25479900,0.0,0.0,,0.0,,0.0,,0.0,,0.0,,0.0
2021-03-29,227.9662037127621,228.1685556044546,223.42789318335048,226.66542053222656,25227500,0.0,0.0,,0.0,,0.0,,0.0,,0.0,,0.0
2021-03-30,225.0177738706146,225.3261168505075,222.6763550152882,223.39901733398438,24792000,0.0,0.0,,0.0,,0.0,,0.0,,0.0,,0.0
2021-03-31,224.4203943599418,230.38477015809215,223.91934433177798,227.1761474609375,43623500,0.0,0.0,,0.0,,0.0,,0.0,,0.0,,0.0
2021-04-01,229.77771851430987,233.98842637192715,229.37302936873,233.51629638671875,30338000,0.0,0.0,,0.0,,0.0,,0.0,,0.0,,0.0
2021-04-05,233.91135174004893,240.84892228709435,233.85354110259084,239.99136352539062,36910600,0.0,0.0,,0.0,,0.0,,0.0,,0.0,,0.0
2021-04-06,238.58461299140785,240.30936099987483,237.88122561726715,238.82550048828125,22931900,0.0,0.0,,0.0,,0.0,,0.0,,0.0,,0.0
2021-04-07,238.7772460799706,241.78351640483447,238.17984997761982,240.7910614013672,22719800,0.0,0.0,,0.0,,0.0,,0.0,,0.0,,0.0
2021-04-08,243.55649738550932,244.87655596262505,242.8145598913345,244.0189971923828,23625200,0.0,0.0,,0.0,,0.0,,0.0,,0.0,,0.0
2021-04-09,243.65285694635057,246.65914261285144,243.23853754925662,246.5242462158203,24326800,0.0,0.0,,0.0,,0.0,,0.0,,0.0,,0.0
2021-04-12,245.42580481248447,248.27791902414674,245.33907414633367,246.58206176757812,27148700,0.0,0.0,,0.0,,0.0,,0.0,,0.0,,0.0
2021-04-13,247.88284565910578,249.74248982614807,247.4684968725748,249.0679931640625,23837500,0.0,0.0,,0.0,,0.0,,0.0,,0.0,,0.0
2021-04-14,248.0948048163931,249.39557347884994,245.85936229769126,246.273681640625,23070900,0.0,0.0,,0.0,,0.0,,0.0,,0.0,,0.0
2021-04-15,248.52838799920875,250.45548756154315,248.33569568609872,250.04116821289062,25627500,0.0,0.0,,0.0,,0.0,,0.0,,0.0,,0.0
2021-04-16,250.01229464005777,251.48652481622034,248.2104610253268,251.23599243164062,24878600,0.0,0.0,,0.0,,0.0,,0.0,,0.0,,0.0
2021-04-19,250.7060427389664,251.94903030329314,248.4224342545299,249.3088836669922,23209300,0.0,0.0,,0.0,,0.0,,0.0,,0.0,,0.0
2021-04-20,248.4224102579436,250.71566342921685,247.47812089177063,248.84637451171875,19722900,0.0,0.0,,0.0,,0.0,,0.0,,0.0,,0.0
2021-04-21,249.50153528283795,251.1781021738572,247.87313410964333,251.0817413330078,24030400,0.0,0.0,,0.0,,0.0,,0.0,,0.0,,0.0
2021-04-22,250.72525136767766,252.23803140664782,246.32183702164951,247.79608154296875,25606200,0.0,0.0,,0.0,,0.0,,0.0,,0.0,,0.0
2021-04-23,248.4802449938102,251.97793572411658,247.8924642828433,251.63104248046875,21462600,0.0,0.0,,0.0,,0.0,,0.0,,0.0,,0.0
2021-04-26,252.12239368692343,252.87396120414763,250.68671418221064,252.01638793945312,19763300,0.0,0.0,,0.0,,0.0,,0.0,,0.0,,0.0
2021-04-27,252.04528309689684,253.59661319231276,250.63850896086194,252.42108154296875,31014200,0.0,0.0,,0.0,,0.0,,0.0,,0.0,,0.0
2021-04-28,246.74577380167037,247.1890277987054,243.72987348822312,245.28118896484375,46903100,0.0,0.0,,0.0,,0.0,,0.0,,0.0,,0.0
2021-04-29,246.1483913319368,246.76506249797114,239.9238543444585,243.305908203125,40589000,0.0,0.0,,0.0,,0.0,,0.0,,0.0,,0.0
2021-04-30,240.63691185381683,243.855164383146,240.50201548140788,242.9879608154297,30945100,0.0,0.0,,0.0,,0.0,,0.0,,0.0,,0.0
2021-05-03,244.16354793248286,245.07893213388374,241.96665525433124,242.6796875,19626600,0.0,0.0,,0.0,,0.0,,0.0,,0.0,,0.0
2021-05-04,241.82209157802384,242.0533488201837,236.80199071116783,238.75799560546875,32756100,0.0,0.0,,0.0,,0.0,,0.0,,0.0,,0.0
2021-05-05,239.98168947440254,240.40565370108126,236.85979780995348,237.48609924316406,21901300,0.0,0.0,,0.0,,0.0,,0.0,,0.0,,0.0
2021-05-06,237.46686169080553,240.75257026464385,235.77101921847165,240.62730407714844,26491100,0.0,0.0,,0.0,,0.0,,0.0,,0.0,,0.0
2021-05-07,242.95909968292804,245.0307407748161,242.01482490434623,243.2578125,27032900,0.0,0.0,,0.0,,0.0,,0.0,,0.0,,0.0
2021-05-10,241.72572808374886,242.55438148087032,238.11241641652208,238.17022705078125,29299900,0.0,0.0,,0.0,,0.0,,0.0,,0.0,,0.0
2021-05-11,235.6360806074667,237.6113604206807,233.72825633008125,237.2548370361328,33641600,0.0,0.0,,0.0,,0.0,,0.0,,0.0,,0.0
2021-05-12,233.34287299026997,235.4723246970904,229.39232729849988,230.28842163085938,36684400,0.0,0.0,,0.0,,0.0,,0.0,,0.0,,0.0
2021-05-13,232.98631627818247,236.64780801391828,232.6201626938285,234.17147827148438,29624300,0.0,0.0,,0.0,,0.0,,0.0,,0.0,,0.0
2021-05-14,236.6285734518454,240.09734408331312,236.54185749414458,239.10488891601562,23901100,0.0,0.0,,0.0,,0.0,,0.0,,0.0,,0.0
2021-05-17,237.56320677225798,237.6017422952167,234.64365204657955,236.24313354492188,24970200,0.0,0.0,,0.0,,0.0,,0.0,,0.0,,0.0
2021-05-18,237.29340691705676,237.4283032972884,234.04623418149055,234.2196807861328,20168000,0.0,0.0,,0.0,,0.0,,0.0,,0.0,,0.0
2021-05-19,231.11959424073143,234.9054301668265,230.4339022985389,234.7991943359375,25739800,0.56,0.0,,0.0,,0.0,,0.0,,0.0,,0.0
2021-05-20,235.6103869428777,239.46381831338093,235.51380358455043,238.04412841796875,21800700,0.0,0.0,,0.0,,0.0,,0.0,,0.0,,0.0
2021-05-21,239.0968445135114,239.8308279648836,236.3637004017269,236.7789764404297,21863100,0.0,0.0,,0.0,,0.0,,0.0,,0.0,,0.0
2021-05-24,239.3092739244917,242.56394424227844,239.03885822414537,242.1969451904297,21411500,0.0,0.0,,0.0,,0.0,,0.0,,0.0,,0.0
2021-05-25,243.1531195669874,244.09957472157194,242.23563647676897,243.10482788085938,17704300,0.0,0.0,,0.0,,0.0,,0.0,,0.0,,0.0
2021-05-26,242.82470105729854,244.28303013741075,242.16798140161825,242.88265991210938,17771600,0.0,0.0,,0.0,,0.0,,0.0,,0.0,,0.0
2021-05-27,242.57362420613572,242.87301199859237,240.7193385919879,240.77728271484375,24426200,0.0,0.0,,0.0,,0.0,,0.0,,0.0,,0.0
2021-05-28,242.40942733826526,243.45246568643358,241.01870954070753,241.1345977783203,18270200,0.0,0.0,,0.0,,0.0,,0.0,,0.0,,0.0
2021-06-01,242.6316129483377,242.68955708184936,238.5077649235084,238.9326934814453,23213300,0.0,0.0,,0.0,,0.0,,0.0,,0.0,,0.0
2021-06-02,239.63766956013188,240.73865207598823,237.42603735048823,238.83607482910156,19406700,0.0,0.0,,0.0,,0.0,,0.0,,0.0,,0.0
2021-06-03,236.82731737156632,237.90898052201237,234.68329595796422,237.30055236816406,25307700,0.0,0.0,,0.0,,0.0,,0.0,,0.0,,0.0
2021-06-04,239.28030816230077,243.03717074440968,239.03886451374223,242.20660400390625,25281100,0.0,0.0,,0.0,,0.0,,0.0,,0.0,,0.0
2021-06-07,241.42438692176543,245.3937220468196,241.26020696970167,245.12330627441406,23079200,0.0,0.0,,0.0,,0.0,,0.0,,0.0,,0.0
2021-06-08,246.4270577067104,247.24797203542894,243.86774609965053,243.9257049560547,22455000,0.0,0.0,,0.0,,0.0,,0.0,,0.0,,0.0
2021-06-09,245.1232687272785,246.78440235278245,244.54381276226331,244.91079711914062,17937600,0.0,0.0,,0.0,,0.0,,0.0,,0.0,,0.0
2021-06-10,245.58688022456346,248.64838473195024,244.9881045330119,248.4359130859375,24563600,0.0,0.0,,0.0,,0.0,,0.0,,0.0,,0.0
2021-06-11,249.16021356263965,249.64310092841745,247.82743971739598,249.06365966796875,18999700,0.0,0.0,,0.0,,0.0,,0.0,,0.0,,0.0
2021-06-14,249.0732818437695,251.05313760387736,248.01092381067556,250.9951934814453,19150500,0.0,0.0,,0.0,,0.0,,0.0,,0.0,,0.0
2021-06-15,250.8792935272023,251.0917651488653,248.86082785795654,249.51754760742188,18038900,0.0,0.0,,0.0,,0.0,,0.0,,0.0,,0.0
2021-06-16,250.5218987968205,251.66150563050851,245.71234592473755,248.571044921875,27220000,0.0,0.0,,0.0,,0.0,,0.0,,0.0,,0.0
2021-06-17,247.30594774837823,252.79154126464425,247.2480036211231,251.9706268310547,27565500,0.0,0.0,,0.0,,0.0,,0.0,,0.0,,0.0
2021-06-18,250.74408530466727,253.32268719965396,249.89419886914507,250.55091857910156,37202200,0.0,0.0,,0.0,,0.0,,0.0,,0.0,,0.0
2021-06-21,250.9275938620824,254.50094262852164,249.09262779573734,253.64141845703125,26696100,0.0,0.0,,0.0,,0.0,,0.0,,0.0,,0.0
2021-06-22,253.72833188091008,256.69326730119366,253.41927690151593,256.4228515625,24694100,0.0,0.0,,0.0,,0.0,,0.0,,0.0,,0.0
2021-06-23,256.88636839066703,257.6976154925299,255.37976241962147,256.1910095214844,19518700,0.0,0.0,,0.0,,0.0,,0.0,,0.0,,0.0
2021-06-24,257.0506405026698,258.68280237536817,256.38425349082917,257.5625,21446900,0.0,0.0,,0.0,,0.0,,0.0,,0.0,,0.0
2021-06-25,257.1182548119853,258.1033345712172,255.69856457106022,255.94964599609375,25611100,0.0,0.0,,0.0,,0.0,,0.0,,0.0,,0.0
2021-06-28,257.0795406829496,259.69678157154965,256.8091249764496,259.52294921875,19590000,0.0,0.0,,0.0,,0.0,,0.0,,0.0,,0.0
2021-06-29,259.6677976306942,262.3526496913394,258.80827361022557,262.1112060546875,19937800,0.0,0.0,,0.0,,0.0,,0.0,,0.0,,0.0
2021-06-30,261.4255829956221,262.07263560674545,260.3728920002913,261.6283874511719,21656500,0.0,0.0,,0.0,,0.0,,0.0,,0.0,,0.0
2021-07-01,260.38259204053463,262.5362809706454,260.37295433193987,262.30450439453125,16725300,0.0,0.0,,0.0,,0.0,,0.0,,0.0,,0.0
2021-07-02,263.4826900331081,268.48539646198327,263.17363502118866,268.1473693847656,26458000,0.0,0.0,,0.0,,0.0,,0.0,,0.0,,0.0
2021-07-06,268.5142837545306,269.808418051125,264.91193424984465,268.1569519042969,31565600,0.0,0.0,,0.0,,0.0,,0.0,,0.0,,0.0
2021-07-07,269.83744478808626,271.0833024012596,267.66445171709097,270.34930419921875,23260000,0.0,0.0,,0.0,,0.0,,0.0,,0.0,,0.0
2021-07-08,267.4230711443829,269.19045576410116,265.4625492233103,267.92529296875,24618600,0.0,0.0,,0.0,,0.0,,0.0,,0.0,,0.0
2021-07-09,266.28337785876886,268.53361974213453,265.89707390763294,268.4273986816406,23916700,0.0,0.0,,0.0,,0.0,,0.0,,0.0,,0.0
2021-07-12,269.6057271297482,270.19483567713723,267.1140113596179,267.8287048339844,18931700,0.0,0.0,,0.0,,0.0,,0.0,,0.0,,0.0
2021-07-13,268.02177128034975,273.16936668942884,267.8962453327776,271.3633728027344,26120100,0.0,0.0,,0.0,,0.0,,0.0,,0.0,,0.0
2021-07-14,272.68647593854706,273.95163836113994,270.94806389988065,272.84100341796875,23113700,0.0,0.0,,0.0,,0.0,,0.0,,0.0,,0.0
2021-07-15,272.3484848336769,272.8410393972171,270.25274061696695,271.41168212890625,22604200,0.0,0.0,,0.0,,0.0,,0.0,,0.0,,0.0
2021-07-16,272.4160649742224,274.37658635189194,269.895377789731,271.1412353515625,26186800,0.0,0.0,,0.0,,0.0,,0.0,,0.0,,0.0
2021-07-19,269.3835065978364,270.77422440288206,265.056855180452,267.52923583984375,32935600,0.0,0.0,,0.0,,0.0,,0.0,,0.0,,0.0
2021-07-20,268.51427451808456,271.3536538156483,266.8048643177545,269.7601318359375,26259700,0.0,0.0,,0.0,,0.0,,0.0,,0.0,,0.0
2021-07-21,269.3545150504272,271.8848396458678,267.7996321780763,271.7689514160156,24364300,0.0,0.0,,0.0,,0.0,,0.0,,0.0,,0.0
2021-07-22,274.1255021437583,276.6172175095201,273.7198932527501,276.3468017578125,23384100,0.0,0.0,,0.0,,0.0,,0.0,,0.0,,0.0
2021-07-23,277.5346818630906,280.06500696204523,276.6944625563651,279.7559814453125,22768100,0.0,0.0,,0.0,,0.0,,0.0,,0.0,,0.0
2021-07-26,279.10891909383747,279.7753060682077,276.8297046974641,279.1571960449219,23176100,0.0,0.0,,0.0,,0.0,,0.0,,0.0,,0.0
2021-07-27,279.52416684362873,279.66902715530136,273.2659655945296,276.73309326171875,33604100,0.0,0.0,,0.0,,0.0,,0.0,,0.0,,0.0
2021-07-28,279.09919630124614,280.21949839038996,274.1157957556486,276.42401123046875,33566900,0.0,0.0,,0.0,,0.0,,0.0,,0.0,,0.0
2021-07-29,276.4433776384405,278.7419264472982,276.288850129018,276.6944885253906,18168300,0.0,0.0,,0.0,,0.0,,0.0,,0.0,,0.0
2021-07-30,275.4100159116341,276.8490109491029,274.1931302179792,275.1589050292969,20944800,0.0,0.0,,0.0,,0.0,,0.0,,0.0,,0.0
2021-08-02,276.55923228454304,276.9552034530972,274.0289072556845,275.07196044921875,16267400,0.0,0.0,,0.0,,0.0,,0.0,,0.0,,0.0
2021-08-03,275.6514743426838,277.3995244867195,274.2800610691696,277.29327392578125,17879000,0.0,0.0,,0.0,,0.0,,0.0,,0.0,,0.0
2021-08-04,276.42401866440616,277.7471252056278,274.90774540592605,276.7041015625,16191300,0.0,0.0,,0.0,,0.0,,0.0,,0.0,,0.0
2021-08-05,277.0614540709244,279.71733452870075,276.30815097455206,279.611083984375,13900200,0.0,0.0,,0.0,,0.0,,0.0,,0.0,,0.0
2021-08-06,278.6356628397924,279.5917703432516,277.7761092260167,279.5531311035156,16589300,0.0,0.0,,0.0,,0.0,,0.0,,0.0,,0.0
2021-08-09,279.8332049639728,281.57158754551716,277.9595997842777,278.4617919921875,16117600,0.0,0.0,,0.0,,0.0,,0.0,,0.0,,0.0
2021-08-10,278.91575002193525,279.3503604705102,275.43898432576697,276.63653564453125,18616600,0.0,0.0,,0.0,,0.0,,0.0,,0.0,,0.0
2021-08-11,277.38010967012855,278.78049460441196,276.07630808874427,277.1290283203125,13955900,0.0,0.0,,0.0,,0.0,,0.0,,0.0,,0.0
2021-08-12,276.82004790742695,280.0457323456055,276.5399649505444,279.8912048339844,14561300,0.0,0.0,,0.0,,0.0,,0.0,,0.0,,0.0
2021-08-13,279.57249216508205,282.8754253869532,279.3986303062148,282.8271484375,18249000,0.0,0.0,,0.0,,0.0,,0.0,,0.0,,0.0
2021-08-16,283.15546614888757,284.7296835116026,280.09394760339165,284.5172119140625,22507600,0.0,0.0,,0.0,,0.0,,0.0,,0.0,,0.0
2021-08-17,282.38289789800046,283.3872824337196,281.1177058396398,283.04925537109375,20075300,0.0,0.0,,0.0,,0.0,,0.0,,0.0,,0.0
2021-08-18,282.5847535147811,285.2747454570945,280.8720411523662,281.3171691894531,21813000,0.56,0.0,,0.0,,0.0,,0.0,,0.0,,0.0
2021-08-19,279.34323605347345,287.8389693688387,279.29486668933555,287.16162109375,29850500,0.0,0.0,,0.0,,0.0,,0.0,,0.0,,0.0
2021-08-20,290.01610191766974,295.9379527131224,288.4098434454515,294.505859375,40817600,0.0,0.0,,0.0,,0.0,,0.0,,0.0,,0.0
2021-08-23,293.4318927580328,295.51227784777274,292.0772254574719,294.78656005859375,22830200,0.0,0.0,,0.0,,0.0,,0.0,,0.0,,0.0
2021-08-24,295.1445872496961,295.7541949403405,292.2223741389388,292.8222961425781,18175800,0.0,0.0,,0.0,,0.0,,0.0,,0.0,,0.0
2021-08-25,294.4478620221924,294.7284811462343,290.693507101477,292.2320251464844,20006100,0.0,0.0,,0.0,,0.0,,0.0,,0.0,,0.0
2021-08-26,291.2450342127576,292.6384146370942,289.27110321955627,289.40655517578125,17666100,0.0,0.0,,0.0,,0.0,,0.0,,0.0,,0.0
2021-08-27,289.3097679469551,291.1289050222775,287.2196974474057,290.0161437988281,22605700,0.0,0.0,,0.0,,0.0,,0.0,,0.0,,0.0
2021-08-30,291.37077209084276,294.37041072831073,291.3127170454971,293.76080322265625,16348100,0.0,0.0,,0.0,,0.0,,0.0,,0.0,,0.0
2021-08-31,294.5639424758335,294.64133935853647,291.73846902002873,292.1061706542969,26285300,0.0,0.0,,0.0,,0.0,,0.0,,0.0,,0.0
2021-09-01,293.0641370435522,295.3090307450356,291.72881183267793,292.05780029296875,18983800,0.0,0.0,,0.0,,0.0,,0.0,,0.0,,0.0
2021-09-02,292.41586380657077,293.5382811968724,290.4612452351726,291.39984130859375,16285600,0.0,0.0,,0.0,,0.0,,0.0,,0.0,,0.0
2021-09-03,291.2450305839683,292.8029200030928,290.53868422414,291.39019775390625,14747900,0.0,0.0,,0.0,,0.0,,0.0,,0.0,,0.0
2021-09-07,291.264417395407,291.34181429788396,288.5453971793564,290.4612731933594,17180400,0.0,0.0,,0.0,,0.0,,0.0,,0.0,,0.0
2021-09-08,290.07416336896245,290.8772778580471,287.83895551012614,290.490234375,15046800,0.0,0.0,,0.0,,0.0,,0.0,,0.0,,0.0
2021-09-09,291.0805835423222,292.35785397932347,287.38425373048517,287.62615966796875,19927000,0.0,0.0,,0.0,,0.0,,0.0,,0.0,,0.0
2021-09-10,288.7582061327018,290.2096413237398,285.8166225439312,286.13592529296875,19633400,0.0,0.0,,0.0,,0.0,,0.0,,0.0,,0.0
2021-09-13,287.9163785501458,288.8743459549039,284.5587236147856,287.37451171875,23652900,0.0,0.0,,0.0,,0.0,,0.0,,0.0,,0.0
2021-09-14,289.86135925357155,291.63212719803187,288.4486368903836,290.08392333984375,21853400,0.0,0.0,,0.0,,0.0,,0.0,,0.0,,0.0
2021-09-15,293.4415592642238,295.4348616325164,292.0481788377142,294.9510498046875,28356300,0.0,0.0,,0.0,,0.0,,0.0,,0.0,,0.0
2021-09-16,293.925351555378,295.42515631014606,291.0224807813531,295.33807373046875,19550800,0.0,0.0,,0.0,,0.0,,0.0,,0.0,,0.0
2021-09-17,294.322115570405,294.64141840030777,289.83232740155825,290.16131591796875,41372500,0.0,0.0,,0.0,,0.0,,0.0,,0.0,,0.0
2021-09-20,286.73585039423017,289.0484846659132,280.1463369138932,284.7715759277344,38278700,0.0,0.0,,0.0,,0.0,,0.0,,0.0,,0.0
2021-09-21,286.1165701077649,287.90667933244595,284.5490248992898,285.25537109375,22364100,0.0,0.0,,0.0,,0.0,,0.0,,0.0,,0.0
2021-09-22,287.1229449687735,290.49994168937883,284.9748195189621,288.91302490234375,26626300,0.0,0.0,,0.0,,0.0,,0.0,,0.0,,0.0
2021-09-23,289.17429318047436,291.1579095731574,287.8970230543972,289.8612976074219,18604600,0.0,0.0,,0.0,,0.0,,0.0,,0.0,,0.0
2021-09-24,288.5744083394524,290.0935550094492,287.3164798916889,289.65814208984375,14999000,0.0,0.0,,0.0,,0.0,,0.0,,0.0,,0.0
2021-09-27,286.552124596826,286.87142745592587,283.4557166434828,284.6459045410156,23571700,0.0,0.0,,0.0,,0.0,,0.0,,0.0,,0.0
2021-09-28,280.41731233941005,281.3655941145133,273.59557765271893,274.34063720703125,43186200,0.0,0.0,,0.0,,0.0,,0.0,,0.0,,0.0
2021-09-29,275.8695679313805,277.4854832383424,273.8472376109009,274.80517578125,26353700,0.0,0.0,,0.0,,0.0,,0.0,,0.0,,0.0
2021-09-30,276.4597220216069,278.5110792660629,272.5021451623447,272.7924499511719,32343600,0.0,0.0,,0.0,,0.0,,0.0,,0.0,,0.0
2021-10-01,272.9860263994032,280.5915649528179,272.1829116246651,279.74005126953125,30086300,0.0,0.0,,0.0,,0.0,,0.0,,0.0,,0.0
2021-10-04,278.0948983664932,278.43357238824666,271.1763984771716,273.94378662109375,31350700,0.0,0.0,,0.0,,0.0,,0.0,,0.0,,0.0
2021-10-05,274.85345213293385,280.99786745988877,274.85345213293385,279.4109802246094,24993000,0.0,0.0,,0.0,,0.0,,0.0,,0.0,,0.0
2021-10-06,276.52744974351896,284.12330031930634,276.26620202244555,283.6201171875,28002600,0.0,0.0,,0.0,,0.0,,0.0,,0.0,,0.0
2021-10-07,285.62313581249157,287.0358875725448,284.40395011964176,285.3038330078125,20430500,0.0,0.0,,0.0,,0.0,,0.0,,0.0,,0.0
2021-10-08,286.6294726552418,287.0358875725448,284.2491267954087,285.3038330078125,17685700,0.0,0.0,,0.0,,0.0,,0.0,,0.0,,0.0
2021-10-11,283.43630345045904,288.322790569449,283.2717944538559,284.7038879394531,19298600,0.0,0.0,,0.0,,0.0,,0.0,,0.0,,0.0
2021-10-12,285.7778978395012,285.874666087582,282.88471325788174,283.3975524902344,17974100,0.0,0.0,,0.0,,0.0,,0.0,,0.0,,0.0
2021-10-13,285.361946317858,287.65521006275054,283.987907490745,286.71661376953125,23416300,0.0,0.0,,0.0,,0.0,,0.0,,0.0,,0.0
2021-10-14,289.5226631039349,293.45121274775926,288.18733774656533,292.94805908203125,27262900,0.0,0.0,,0.0,,0.0,,0.0,,0.0,,0.0
2021-10-15,292.55129699928466,294.5929980202647,290.7902150726535,294.3607482910156,25384800,0.0,0.0,,0.0,,0.0,,0.0,,0.0,,0.0
2021-10-18,293.7414733301012,298.2312310200671,292.88995992436827,297.3410339355469,22729300,0.0,0.0,,0.0,,0.0,,0.0,,0.0,,0.0
2021-10-19,298.3667509795345,299.28597570650606,297.27333155744253,298.2506408691406,17682100,0.0,0.0,,0.0,,0.0,,0.0,,0.0,,0.0
2021-10-20,299.1989252574953,299.67308096523396,296.1992857888648,297.45721435546875,16537100,0.0,0.0,,0.0,,0.0,,0.0,,0.0,,0.0
2021-10-21,297.2249349952262,300.9502619908337,296.44113276271713,300.6986999511719,16918100,0.0,0.0,,0.0,,0.0,,0.0,,0.0,,0.0
2021-10-22,300.35041777769186,301.01808055352654,297.83459002391976,299.15057373046875,17449300,0.0,0.0,,0.0,,0.0,,0.0,,0.0,,0.0
2021-10-25,299.3439971387141,299.3827103476736,296.53789484444036,298.1538391113281,17554500,0.0,0.0,,0.0,,0.0,,0.0,,0.0,,0.0
2021-10-26,300.9308706116033,302.2855374351402,298.6085804098941,300.0696716308594,28107300,0.0,0.0,,0.0,,0.0,,0.0,,0.0,,0.0
2021-10-27,305.7690056361716,315.54200824120716,305.7690056361716,312.7068786621094,52588700,0.0,0.0,,0.0,,0.0,,0.0,,0.0,,0.0
2021-10-28,313.82932247840694,314.3518474461919,310.95547944987885,313.84869384765625,26297900,0.0,0.0,,0.0,,0.0,,0.0,,0.0,,0.0
2021-10-29,313.6358102058513,321.2510024364737,313.41324616991966,320.88330078125,34766000,0.0,0.0,,0.0,,0.0,,0.0,,0.0,,0.0
2021-11-01,320.6317689522734,320.7575647556031,315.8033362306678,318.7062072753906,27073200,0.0,0.0,,0.0,,0.0,,0.0,,0.0,,0.0
2021-11-02,319.6157765472091,322.6541290876948,319.31581556767475,322.344482421875,26487100,0.0,0.0,,0.0,,0.0,,0.0,,0.0,,0.0
2021-11-03,323.08945001501723,324.0570734229865,319.9446739391173,323.18621826171875,21500100,0.0,0.0,,0.0,,0.0,,0.0,,0.0,,0.0
2021-11-04,322.1122501101373,325.64407051672566,318.8416774576779,325.54730224609375,23992200,0.0,0.0,,0.0,,0.0,,0.0,,0.0,,0.0
2021-11-05,327.55034714153925,327.821280628621,323.59276928080993,325.1796569824219,22570100,0.0,0.0,,0.0,,0.0,,0.0,,0.0,,0.0
2021-11-08,326.3794592729646,326.7181334708356,323.61206968994304,326.0794982910156,20897000,0.0,0.0,,0.0,,0.0,,0.0,,0.0,,0.0
2021-11-09,326.1955986145931,327.7534880662082,323.6991425589229,325.07318115234375,21307400,0.0,0.0,,0.0,,0.0,,0.0,,0.0,,0.0
2021-11-10,323.7378958601063,323.7959509246688,319.23845117930625,320.0899353027344,25500900,0.0,0.0,,0.0,,0.0,,0.0,,0.0,,0.0
2021-11-11,320.5252950592606,322.963695729912,319.80926309484096,321.6670837402344,16849800,0.0,0.0,,0.0,,0.0,,0.0,,0.0,,0.0
2021-11-12,323.10890289071614,326.31173481669066,322.9831070912228,325.8182373046875,23831000,0.0,0.0,,0.0,,0.0,,0.0,,0.0,,0.0
2021-11-15,326.61161658918496,326.94060500757,323.21524894454166,325.189208984375,16723000,0.0,0.0,,0.0,,0.0,,0.0,,0.0,,0.0
2021-11-16,324.811868540775,329.6403301704933,324.64738907261324,328.51788330078125,20886800,0.0,0.0,,0.0,,0.0,,0.0,,0.0,,0.0
2021-11-17,328.5664219326353,331.71695259761833,327.6551891582324,328.74090576171875,19053400,0.62,0.0,,0.0,,0.0,,0.0,,0.0,,0.0
2021-11-18,327.8296191496973,331.96895000015803,326.80206399132175,330.8250427246094,22463500,0.0,0.0,,0.0,,0.0,,0.0,,0.0,,0.0
2021-11-19,332.1531473880695,334.53784815102716,331.72661169602117,332.6087341308594,21963400,0.0,0.0,,0.0,,0.0,,0.0,,0.0,,0.0
2021-11-22,334.07251261265543,338.96796943364063,329.15767856424117,329.4291076660156,31031100,0.0,0.0,,0.0,,0.0,,0.0,,0.0,,0.0
2021-11-23,326.73415634565987,329.0607250462627,323.3509815757989,327.3448791503906,30427600,0.0,0.0,,0.0,,0.0,,0.0,,0.0,,0.0
2021-11-24,325.98775442496617,327.8102195501021,323.69029579211673,327.56787109375,21661300,0.0,0.0,,0.0,,0.0,,0.0,,0.0,,0.0
2021-11-26,324.11677252054744,327.58718876785684,318.07743943606994,319.5896911621094,24217200,0.0,0.0,,0.0,,0.0,,0.0,,0.0,,0.0
2021-11-29,324.6888396381813,328.65365768139617,324.4949489982426,326.3271179199219,28563500,0.0,0.0,,0.0,,0.0,,0.0,,0.0,,0.0
2021-11-30,325.0571366420449,327.4418371105094,318.92085731132687,320.4718933105469,42885600,0.0,0.0,,0.0,,0.0,,0.0,,0.0,,0.0
2021-12-01,324.8729652307251,328.89594378590317,319.30865400622315,319.9775085449219,33337600,0.0,0.0,,0.0,,0.0,,0.0,,0.0,,0.0
2021-12-02,320.1907852858541,323.28315411578535,317.76730059678897,319.40557861328125,30766000,0.0,0.0,,0.0,,0.0,,0.0,,0.0,,0.0
2021-12-03,321.82907013934687,322.5173611058219,308.2963396315105,313.1239318847656,41779300,0.0,0.0,,0.0,,0.0,,0.0,,0.0,,0.0
2021-12-06,314.03514078957716,317.4280191700264,309.45960076174345,316.2065734863281,30032600,0.0,0.0,,0.0,,0.0,,0.0,,0.0,,0.0
2021-12-07,321.4897924137154,325.52244481876284,319.996917592964,324.6694030761719,31021900,0.0,0.0,,0.0,,0.0,,0.0,,0.0,,0.0
2021-12-08,325.04751645227583,325.23170368841147,320.675539821201,324.7179260253906,24761000,0.0,0.0,,0.0,,0.0,,0.0,,0.0,,0.0
2021-12-09,324.17502451883644,326.191350856802,321.9551041573975,322.9051208496094,22214200,0.0,0.0,,0.0,,0.0,,0.0,,0.0,,0.0
2021-12-10,324.7275079191843,332.50203463879564,324.5433207519717,332.0561218261719,38095700,0.0,0.0,,0.0,,0.0,,0.0,,0.0,,0.0
2021-12-13,330.253091015941,333.26792128473744,328.70205493313443,329.01226806640625,28899400,0.0,0.0,,0.0,,0.0,,0.0,,0.0,,0.0
2021-12-14,323.0214801231553,324.39803266364254,314.190285119209,318.29083251953125,44438700,0.0,0.0,,0.0,,0.0,,0.0,,0.0,,0.0
2021-12-15,318.55250653000735,324.93113478361175,314.5683119105372,324.40765380859375,35381100,0.0,0.0,,0.0,,0.0,,0.0,,0.0,,0.0
2021-12-16,325.43526286327096,326.4531443490825,313.1336502054088,314.95611572265625,35034800,0.0,0.0,,0.0,,0.0,,0.0,,0.0,,0.0
2021-12-17,311.0590960634918,314.97545540950694,307.54019173672924,313.88970947265625,47750300,0.0,0.0,,0.0,,0.0,,0.0,,0.0,,0.0
2021-12-20,310.25450469368167,312.9203379086466,307.850426764206,310.1188049316406,28326500,0.0,0.0,,0.0,,0.0,,0.0,,0.0,,0.0
2021-12-21,313.39534333476564,317.6994543581608,310.01213871076055,317.2729187011719,24740600,0.0,0.0,,0.0,,0.0,,0.0,,0.0,,0.0
2021-12-22,318.2519911161229,323.3994701251989,315.78004861655177,323.0020446777344,24831500,0.0,0.0,,0.0,,0.0,,0.0,,0.0,,0.0
2021-12-23,322.5658454879959,326.09445376045846,322.54646825855775,324.44647216796875,19617800,0.0,0.0,,0.0,,0.0,,0.0,,0.0,,0.0
2021-12-27,325.1928500314576,331.9980137373936,325.1637693995328,331.96893310546875,19947000,0.0,0.0,,0.0,,0.0,,0.0,,0.0,,0.0
2021-12-28,332.6475065317783,333.287310047464,329.9041348473056,330.8056640625,15661500,0.0,0.0,,0.0,,0.0,,0.0,,0.0,,0.0
2021-12-29,330.8540927739974,333.762274179864,329.28367954819765,331.4842224121094,15042000,0.0,0.0,,0.0,,0.0,,0.0,,0.0,,0.0
2021-12-30,331.4454801313024,332.62814190201897,328.4500564559301,328.93475341796875,15994500,0.0,0.0,,0.0,,0.0,,0.0,,0.0,,0.0
2021-12-31,328.14955593063877,328.97351712242266,325.5709644700807,326.0265808105469,18000800,0.0,0.0,,0.0,,0.0,,0.0,,0.0,,0.0
2022-01-03,325.0862198389616,327.6551075166869,319.68668922154853,324.50457763671875,28865100,0.0,0.0,,0.0,,0.0,,0.0,,0.0,,0.0
2022-01-04,324.5821578282409,324.9408584339229,316.1387449484789,318.9403076171875,32674300,0.0,0.0,,0.0,,0.0,,0.0,,0.0,,0.0
2022-01-05,315.8866419326383,316.0902359259385,306.3090562672879,306.6968078613281,40054300,0.0,0.0,,0.0,,0.0,,0.0,,0.0,,0.0
2022-01-06,303.56573868087594,308.9458933702306,301.9565410192985,304.2734069824219,39646100,0.0,0.0,,0.0,,0.0,,0.0,,0.0,,0.0
2022-01-07,304.5350859251237,306.8131674930467,300.5993490816287,304.428466796875,32720000,0.0,0.0,,0.0,,0.0,,0.0,,0.0,,0.0
2022-01-10,300.0176962380316,305.08763677546057,295.36461754386573,304.6513977050781,44289500,0.0,0.0,,0.0,,0.0,,0.0,,0.0,,0.0
2022-01-11,303.788685419312,306.91980899210836,300.40550994893226,305.3397216796875,29386800,0.0,0.0,,0.0,,0.0,,0.0,,0.0,,0.0
2022-01-12,309.8861361997385,313.51165962850143,307.3753801663885,308.5289611816406,34372200,0.0,0.0,,0.0,,0.0,,0.0,,0.0,,0.0
2022-01-13,310.66166805392663,311.05912310773493,294.69574914549776,295.47125244140625,45366000,0.0,0.0,,0.0,,0.0,,0.0,,0.0,,0.0
2022-01-14,294.93805829604884,301.3069825464873,294.45336140484744,300.7059631347656,39846400,0.0,0.0,,0.0,,0.0,,0.0,,0.0,,0.0
2022-01-18,294.763606781819,300.3182148295546,292.50490245478125,293.3870544433594,42333200,0.0,0.0,,0.0,,0.0,,0.0,,0.0,,0.0
2022-01-19,296.9156921461027,304.30246958333606,293.4355712876698,294.0462646484375,45933900,0.0,0.0,,0.0,,0.0,,0.0,,0.0,,0.0
2022-01-20,299.6105751651282,302.11159837189933,291.9232887564094,292.36920166015625,35380700,0.0,0.0,,0.0,,0.0,,0.0,,0.0,,0.0
2022-01-21,293.4258010333453,294.80232361257026,286.56247661178855,286.9696350097656,57984400,0.0,0.0,,0.0,,0.0,,0.0,,0.0,,0.0
2022-01-24,283.25692960431815,288.0166279590676,267.60119333651505,287.2992858886719,85731500,0.0,0.0,,0.0,,0.0,,0.0,,0.0,,0.0
2022-01-25,282.5977548567711,285.9615535370563,276.44212604362275,279.6604919433594,72848600,0.0,0.0,,0.0,,0.0,,0.0,,0.0,,0.0
2022-01-26,298.5636068216338,299.0580071592012,284.06148289400227,287.62884521484375,90428900,0.0,0.0,,0.0,,0.0,,0.0,,0.0,,0.0
2022-01-27,293.3967532426776,297.8947254313369,288.81150957189453,290.6630554199219,53481300,0.0,0.0,,0.0,,0.0,,0.0,,0.0,,0.0
2022-01-28,291.0411167226666,299.0386157237619,285.4380216361503,298.8253479003906,49743700,0.0,0.0,,0.0,,0.0,,0.0,,0.0,,0.0
2022-01-31,299.49425923874566,302.81927323790046,296.99320639325083,301.4621276855469,46444500,0.0,0.0,,0.0,,0.0,,0.0,,0.0,,0.0
2022-02-01,300.9095218702585,301.1227896817067,295.7911239790513,299.3100280761719,40950400,0.0,0.0,,0.0,,0.0,,0.0,,0.0,,0.0
2022-02-02,300.1534150830392,305.47537772113645,299.4263697135264,303.8661804199219,36636000,0.0,0.0,,0.0,,0.0,,0.0,,0.0,,0.0
2022-02-03,300.0177033550017,301.7044688280811,290.77938083421395,292.0299072265625,43730000,0.0,0.0,,0.0,,0.0,,0.0,,0.0,,0.0
2022-02-04,291.02171760463654,299.34880717402064,290.78907254882864,296.57635498046875,35096500,0.0,0.0,,0.0,,0.0,,0.0,,0.0,,0.0
2022-02-07,296.7993735987438,298.4182450097808,290.72125429341827,291.7391357421875,28533300,0.0,0.0,,0.0,,0.0,,0.0,,0.0,,0.0
2022-02-08,292.0298649865699,296.20794965089715,290.76966495448744,295.2385559082031,32421200,0.0,0.0,,0.0,,0.0,,0.0,,0.0,,0.0
2022-02-09,300.38607435541684,302.3830233648674,297.98199648655384,301.68505859375,31284700,0.0,0.0,,0.0,,0.0,,0.0,,0.0,,0.0
2022-02-10,294.734502451366,299.6590099923369,291.49673067406343,293.12530517578125,45386200,0.0,0.0,,0.0,,0.0,,0.0,,0.0,,0.0
2022-02-11,293.9105648307472,294.9769041315097,285.21509959746055,286.010009765625,39175600,0.0,0.0,,0.0,,0.0,,0.0,,0.0,,0.0
2022-02-14,284.7788566874214,287.6773647823829,282.4329398404649,285.9712219238281,36359500,0.0,0.0,,0.0,,0.0,,0.0,,0.0,,0.0
2022-02-15,290.82782983198604,291.5936295980899,287.9293223884428,291.27374267578125,27058300,0.0,0.0,,0.0,,0.0,,0.0,,0.0,,0.0
2022-02-16,289.836092086114,292.26458771929816,285.2802319066826,290.93377685546875,29982100,0.62,0.0,,0.0,,0.0,,0.0,,0.0,,0.0
2022-02-17,287.88355882844604,288.3109764117442,281.70548045213417,282.41461181640625,32461600,0.0,0.0,,0.0,,0.0,,0.0,,0.0,,0.0
2022-02-18,284.6682566433863,285.4550868856492,278.1210416639117,279.6947021484375,34264000,0.0,0.0,,0.0,,0.0,,0.0,,0.0,,0.0
2022-02-22,276.848487840858,283.2014403886753,276.36278873938284,279.4906921386719,41736100,0.0,0.0,,0.0,,0.0,,0.0,,0.0,,0.0
2022-02-23,281.88031305688963,283.35685724372496,272.08863257472035,272.2537536621094,37811200,0.0,0.0,,0.0,,0.0,,0.0,,0.0,,0.0
2022-02-24,264.7157541586324,286.7179192209472,263.75404970523874,286.1642150878906,56989700,0.0,0.0,,0.0,,0.0,,0.0,,0.0,,0.0
2022-02-25,286.6984789913166,289.11725102312295,283.3082791147429,288.806396484375,32546700,0.0,0.0,,0.0,,0.0,,0.0,,0.0,,0.0
2022-02-28,285.89220493509373,290.58407489243245,284.61967565103026,290.24407958984375,34627500,0.0,0.0,,0.0,,0.0,,0.0,,0.0,,0.0
2022-03-01,287.92245631130913,291.3903554307586,283.7940134485525,286.5139465332031,31217800,0.0,0.0,,0.0,,0.0,,0.0,,0.0,,0.0
2022-03-02,286.9122544935651,292.8475149044159,285.2997590272976,291.6041259765625,31873000,0.0,0.0,,0.0,,0.0,,0.0,,0.0,,0.0
2022-03-03,294.22688606750665,294.46001220548357,285.63969781880644,287.45623779296875,27314500,0.0,0.0,,0.0,,0.0,,0.0,,0.0,,0.0
2022-03-04,285.872836378718,287.20364741070586,278.9564846846294,281.56951904296875,32356500,0.0,0.0,,0.0,,0.0,,0.0,,0.0,,0.0
2022-03-07,280.27758739708514,281.40441313154366,270.5636031118159,270.9327392578125,43157200,0.0,0.0,,0.0,,0.0,,0.0,,0.0,,0.0
2022-03-08,269.8544445547455,275.8382618324214,262.27754942912713,267.9602355957031,48159500,0.0,0.0,,0.0,,0.0,,0.0,,0.0,,0.0
2022-03-09,275.3331399974986,281.3169571583642,272.74921692953006,280.2484130859375,35204500,0.0,0.0,,0.0,,0.0,,0.0,,0.0,,0.0
2022-03-10,274.925099925405,278.4027219816775,272.55488601450895,277.4216003417969,30628000,0.0,0.0,,0.0,,0.0,,0.0,,0.0,,0.0
2022-03-11,279.72379451628825,281.2294793900966,271.43776973309735,272.0594787597656,27209300,0.0,0.0,,0.0,,0.0,,0.0,,0.0,,0.0
2022-03-14,272.32177230866523,277.2370449099139,267.93106304456427,268.5333251953125,30660700,0.0,0.0,,0.0,,0.0,,0.0,,0.0,,0.0
2022-03-15,272.3315152360356,279.5878616136347,270.75785475687104,278.93701171875,34245100,0.0,0.0,,0.0,,0.0,,0.0,,0.0,,0.0
2022-03-16,280.8409590240361,286.1448152890781,275.10002093883594,285.969970703125,37826300,0.0,0.0,,0.0,,0.0,,0.0,,0.0,,0.0
2022-03-17,284.9014229476991,287.1550445309803,281.09352847125103,286.7762145996094,30816600,0.0,0.0,,0.0,,0.0,,0.0,,0.0,,0.0
2022-03-18,286.92194562095597,292.39092345058,284.35746921591664,291.83721923828125,43390600,0.0,0.0,,0.0,,0.0,,0.0,,0.0,,0.0
2022-03-21,290.3412182690969,291.5554660025424,286.46531934552905,290.6034851074219,28351200,0.0,0.0,,0.0,,0.0,,0.0,,0.0,,0.0
2022-03-22,291.22520644527026,296.2764896012802,290.22466735470084,295.3633728027344,27599700,0.0,0.0,,0.0,,0.0,,0.0,,0.0,,0.0
2022-03-23,291.91488689936887,294.5570912283593,289.2046775806365,290.9240417480469,25715400,0.0,0.0,,0.0,,0.0,,0.0,,0.0,,0.0
2022-03-24,290.58409453093765,295.49936743623834,289.78754082983255,295.4022216796875,24484500,0.0,0.0,,0.0,,0.0,,0.0,,0.0,,0.0
2022-03-25,296.49994802102367,296.7622149202099,290.7298390811115,294.9942626953125,22566500,0.0,0.0,,0.0,,0.0,,0.0,,0.0,,0.0
2022-03-28,295.62567411746613,301.9106232082683,295.62567411746613,301.8135070800781,29578200,0.0,0.0,,0.0,,0.0,,0.0,,0.0,,0.0
2022-03-29,304.9316355003431,306.7870097595386,300.21062447729247,306.38873291015625,30393400,0.0,0.0,,0.0,,0.0,,0.0,,0.0,,0.0
2022-03-30,304.78594052626613,306.913305177859,302.668269699275,304.883056640625,28163600,0.0,0.0,,0.0,,0.0,,0.0,,0.0,,0.0
2022-03-31,304.9219344786806,306.1264885845464,299.083850585326,299.4918212890625,33422100,0.0,0.0,,0.0,,0.0,,0.0,,0.0,,0.0
2022-04-01,300.521541683909,301.25981401175363,296.8010985656617,300.57012939453125,27110500,0.0,0.0,,0.0,,0.0,,0.0,,0.0,,0.0
2022-04-04,301.2209056188057,306.09731457992234,300.85176950899194,305.9613342285156,24289600,0.0,0.0,,0.0,,0.0,,0.0,,0.0,,0.0
2022-04-05,304.3099383163862,305.8641815434495,301.0071899868292,301.9883117675781,23156700,0.0,0.0,,0.0,,0.0,,0.0,,0.0,,0.0
2022-04-06,296.4610352881738,298.2192637550214,288.223567428313,290.93377685546875,40110400,0.0,0.0,,0.0,,0.0,,0.0,,0.0,,0.0
2022-04-07,288.17502741691453,294.96509214612985,287.87389631112285,292.75030517578125,31411200,0.0,0.0,,0.0,,0.0,,0.0,,0.0,,0.0
2022-04-08,291.84695006605057,292.507493891378,287.80592899300956,288.4761962890625,24361900,0.0,0.0,,0.0,,0.0,,0.0,,0.0,,0.0
2022-04-11,283.444334820197,284.2408589427509,276.8485316772578,277.1011047363281,34569300,0.0,0.0,,0.0,,0.0,,0.0,,0.0,,0.0
2022-04-12,280.96721645218093,282.4243138069995,272.46748188240565,273.9925842285156,30966700,0.0,0.0,,0.0,,0.0,,0.0,,0.0,,0.0
2022-04-13,274.6434627479795,280.32611930894404,273.25434059478465,279.3935852050781,21907200,0.0,0.0,,0.0,,0.0,,0.0,,0.0,,0.0
2022-04-14,279.85014530403384,280.0638541254558,271.3309925011288,271.8263854980469,28221600,0.0,0.0,,0.0,,0.0,,0.0,,0.0,,0.0
2022-04-18,270.9326756753933,274.381127429491,270.3789715863415,272.4966125488281,20778000,0.0,0.0,,0.0,,0.0,,0.0,,0.0,,0.0
2022-04-19,271.38932153017873,277.9851257394435,270.44706378599807,277.1399841308594,22297700,0.0,0.0,,0.0,,0.0,,0.0,,0.0,,0.0
2022-04-20,281.12270681916686,281.4141441423702,277.2079722331008,278.1696472167969,22906700,0.0,0.0,,0.0,,0.0,,0.0,,0.0,,0.0
2022-04-21,280.3261362163063,284.9111378335429,272.0498325502864,272.77838134765625,29454600,0.0,0.0,,0.0,,0.0,,0.0,,0.0,,0.0
2022-04-22,273.6234514112398,275.0999957209801,265.5608578098642,266.1922607421875,29405800,0.0,0.0,,0.0,,0.0,,0.0,,0.0,,0.0
2022-04-25,265.4734657946964,273.0697784310283,263.0255229577328,272.6909484863281,35678900,0.0,0.0,,0.0,,0.0,,0.0,,0.0,,0.0
2022-04-26,269.56301966815096,270.39840795008814,262.27753265009284,262.4912414550781,46518400,0.0,0.0,,0.0,,0.0,,0.0,,0.0,,0.0
2022-04-27,274.0314539795078,282.6477517681087,271.1755407349465,275.1194152832031,63477700,0.0,0.0,,0.0,,0.0,,0.0,,0.0,,0.0
2022-04-28,277.03308894590896,282.6574935130097,273.4097625442166,281.3460998535156,33646600,0.0,0.0,,0.0,,0.0,,0.0,,0.0,,0.0
2022-04-29,280.35529434040376,281.58898935295827,268.59167326000477,269.5824890136719,37073900,0.0,0.0,,0.0,,0.0,,0.0,,0.0,,0.0
2022-05-02,269.76704691143607,276.7902681599754,268.31967275198224,276.3337097167969,35151100,0.0,0.0,,0.0,,0.0,,0.0,,0.0,,0.0
2022-05-03,275.83822199618373,276.0033727323189,272.1371972603151,273.7205810546875,25978600,0.0,0.0,,0.0,,0.0,,0.0,,0.0,,0.0
2022-05-04,274.5074186198129,282.56031814029586,268.8150392969301,281.6860656738281,33599300,0.0,0.0,,0.0,,0.0,,0.0,,0.0,,0.0
2022-05-05,277.3731138499693,278.15994420058433,266.4934396605179,269.4173583984375,43260400,0.0,0.0,,0.0,,0.0,,0.0,,0.0,,0.0
2022-05-06,266.9499827611978,271.2629938805999,263.51122424281493,266.8722839355469,37780300,0.0,0.0,,0.0,,0.0,,0.0,,0.0,,0.0
2022-05-09,262.33578479754385,264.56998870833337,255.78857068346935,257.01251220703125,47726000,0.0,0.0,,0.0,,0.0,,0.0,,0.0,,0.0
2022-05-10,263.9191734643311,265.9202513402822,257.4885222663989,261.79180908203125,39336400,0.0,0.0,,0.0,,0.0,,0.0,,0.0,,0.0
2022-05-11,258.08108673464193,263.59862182505924,251.88356099344725,253.09780883789062,48975900,0.0,0.0,,0.0,,0.0,,0.0,,0.0,,0.0
2022-05-12,250.31963836207385,252.4470030791801,242.86901493975182,248.04656982421875,51033800,0.0,0.0,,0.0,,0.0,,0.0,,0.0,,0.0
2022-05-13,249.9893438119042,255.51660218718914,248.04654732553965,253.65150451660156,34925100,0.0,0.0,,0.0,,0.0,,0.0,,0.0,,0.0
2022-05-16,252.52469868871455,258.21710825290523,248.46426083031778,254.02066040039062,32550900,0.0,0.0,,0.0,,0.0,,0.0,,0.0,,0.0
2022-05-17,258.49882336445273,260.6553290764096,254.9532250048792,259.18853759765625,28828800,0.0,0.0,,0.0,,0.0,,0.0,,0.0,,0.0
2022-05-18,256.07280955033957,256.65701201678286,246.11226298137035,247.38775634765625,31356000,0.62,0.0,,0.0,,0.0,,0.0,,0.0,,0.0
2022-05-19,247.21249585428527,250.88321645351337,245.2457115389156,246.47251892089844,32692300,0.0,0.0,,0.0,,0.0,,0.0,,0.0,,0.0
2022-05-20,250.4644858725116,251.7302626962446,239.94896148794473,245.9077606201172,39199300,0.0,0.0,,0.0,,0.0,,0.0,,0.0,,0.0
2022-05-23,248.7605898013846,254.6122855471252,246.75483618115436,253.78466796875,33175400,0.0,0.0,,0.0,,0.0,,0.0,,0.0,,0.0
2022-05-24,251.09738523468087,254.4467508800761,246.82300027694097,252.78179931640625,29043900,0.0,0.0,,0.0,,0.0,,0.0,,0.0,,0.0
2022-05-25,251.34078361320238,257.6111310910485,250.35737681245936,255.6053924560547,28547900,0.0,0.0,,0.0,,0.0,,0.0,,0.0,,0.0
2022-05-26,255.3619693717028,260.07448337776066,254.54409798689258,258.8963623046875,25002100,0.0,0.0,,0.0,,0.0,,0.0,,0.0,,0.0
2022-05-27,261.40845522519186,266.1404323228601,260.5126742393116,266.0430603027344,26910800,0.0,0.0,,0.0,,0.0,,0.0,,0.0,,0.0
2022-05-31,265.35181779136917,267.53280881323343,261.846632424963,264.7091979980469,37827700,0.0,0.0,,0.0,,0.0,,0.0,,0.0,,0.0
2022-06-01,267.95143496551884,270.37584058599896,262.9273422171167,265.2446594238281,25292200,0.0,0.0,,0.0,,0.0,,0.0,,0.0,,0.0
2022-06-02,257.48456026300454,267.4158806591762,254.70962158107284,267.34771728515625,44008200,0.0,0.0,,0.0,,0.0,,0.0,,0.0,,0.0
2022-06-03,263.19026792194273,266.2475773225022,261.34031820797634,262.90789794921875,28059000,0.0,0.0,,0.0,,0.0,,0.0,,0.0,,0.0
2022-06-06,264.8941403781675,266.95829640703147,260.18162592964813,261.67132568359375,22400300,0.0,0.0,,0.0,,0.0,,0.0,,0.0,,0.0
2022-06-07,259.6169028538493,265.9359512773266,258.93532847954185,265.3225402832031,22860700,0.0,0.0,,0.0,,0.0,,0.0,,0.0,,0.0
2022-06-08,264.5534366938234,265.80946777348987,262.50874253742575,263.2876892089844,17372300,0.0,0.0,,0.0,,0.0,,0.0,,0.0,,0.0
2022-06-09,260.7269412254413,265.52708282107886,257.65991502014924,257.8157043457031,26439700,0.0,0.0,,0.0,,0.0,,0.0,,0.0,,0.0
2022-06-10,253.71652916101232,253.71652916101232,245.87857126759548,246.3264617919922,31422800,0.0,0.0,,0.0,,0.0,,0.0,,0.0,,0.0
2022-06-13,238.65396716967854,242.46098395106958,235.16826019187917,235.8790283203125,46135800,0.0,0.0,,0.0,,0.0,,0.0,,0.0,,0.0
2022-06-14,237.43692767556414,239.26741476763672,235.14881881047341,238.0503387451172,28651500,0.0,0.0,,0.0,,0.0,,0.0,,0.0,,0.0
2022-06-15,241.7697032729962,248.57559739959135,239.92948501310266,245.1288299560547,33111700,0.0,0.0,,0.0,,0.0,,0.0,,0.0,,0.0
2022-06-16,239.50107698603435,240.90315090086327,236.61904936722786,238.51768493652344,33169200,0.0,0.0,,0.0,,0.0,,0.0,,0.0,,0.0
2022-06-17,238.2547940740926,243.90202966853337,237.60244312287517,241.12709045410156,43084800,0.0,0.0,,0.0,,0.0,,0.0,,0.0,,0.0
2022-06-21,243.6683513117265,248.0400937392602,242.938105697185,247.05670166015625,29928300,0.0,0.0,,0.0,,0.0,,0.0,,0.0,,0.0
2022-06-22,245.25539341920145,250.39633558962288,243.77542499352128,246.46273803710938,25939900,0.0,0.0,,0.0,,0.0,,0.0,,0.0,,0.0
2022-06-23,248.83850165297127,252.5384008649408,246.9495972945259,252.0418243408203,25861400,0.0,0.0,,0.0,,0.0,,0.0,,0.0,,0.0
2022-06-24,254.91408106276444,260.92158008015326,254.82645517381317,260.6489562988281,33923200,0.0,0.0,,0.0,,0.0,,0.0,,0.0,,0.0
2022-06-27,261.14555619251996,261.2331820993187,256.34541555511356,257.91302490234375,24615100,0.0,0.0,,0.0,,0.0,,0.0,,0.0,,0.0
2022-06-28,257.0269733877671,259.87979223071875,249.5687285378828,249.72451782226562,27295500,0.0,0.0,,0.0,,0.0,,0.0,,0.0,,0.0
2022-06-29,250.80532616922662,255.0699659800662,249.02352480794278,253.40501403808594,20069800,0.0,0.0,,0.0,,0.0,,0.0,,0.0,,0.0
2022-06-30,250.27946838108716,252.6941575882984,246.23878246192106,250.0652618408203,31730900,0.0,0.0,166542000000.0,0.0,13931000000.0,0.0,364840000000.0,0.0,74602000000.0,0.0,61270000000.0,0.0
2022-07-01,249.63689318171868,252.927841546958,247.90376338375472,252.7428436279297,22837700,0.0,0.0,166542000000.0,0.0,13931000000.0,0.0,364840000000.0,0.0,74602000000.0,0.0,61270000000.0,0.0
2022-07-05,249.41294954344485,256.05332320960474,248.03035301549468,255.92674255371094,22941000,0.0,0.0,166542000000.0,0.0,13931000000.0,0.0,364840000000.0,0.0,74602000000.0,0.0,61270000000.0,0.0
2022-07-06,256.8030146211772,260.93132656108946,255.488566707851,259.1982116699219,23824400,0.0,0.0,166542000000.0,0.0,13931000000.0,0.0,364840000000.0,0.0,74602000000.0,0.0,61270000000.0,0.0
2022-07-07,258.1369298596105,261.9731555407947,258.03955784314934,261.3305358886719,20859900,0.0,0.0,166542000000.0,0.0,13931000000.0,0.0,364840000000.0,0.0,74602000000.0,0.0,61270000000.0,0.0
2022-07-08,257.81570509968606,261.03852063995714,256.35521359634475,260.610107421875,19658800,0.0,0.0,166542000000.0,0.0,13931000000.0,0.0,364840000000.0,0.0,74602000000.0,0.0,61270000000.0,0.0
2022-07-11,258.652987654912,259.50981391999767,255.2743834632221,257.54302978515625,19455200,0.0,0.0,166542000000.0,0.0,13931000000.0,0.0,364840000000.0,0.0,74602000000.0,0.0,61270000000.0,0.0
2022-07-12,258.8769459056364,258.93536317826056,245.40146874432753,246.98854064941406,35868500,0.0,0.0,166542000000.0,0.0,13931000000.0,0.0,364840000000.0,0.0,74602000000.0,0.0,61270000000.0,0.0
2022-07-13,243.60019227814038,246.8716930845245,241.57497607829453,246.0635528564453,29497400,0.0,0.0,166542000000.0,0.0,13931000000.0,0.0,364840000000.0,0.0,74602000000.0,0.0,61270000000.0,0.0
2022-07-14,243.97021203255457,248.41983449573837,239.46215743721774,247.38775634765625,25102800,0.0,0.0,166542000000.0,0.0,13931000000.0,0.0,364840000000.0,0.0,74602000000.0,0.0,61270000000.0,0.0
2022-07-15,248.98454535957097,253.51206221673579,248.05957055462045,249.9582061767578,29774100,0.0,0.0,166542000000.0,0.0,13931000000.0,0.0,364840000000.0,0.0,74602000000.0,0.0,61270000000.0,0.0
2022-07-18,252.90838746077426,253.96967414471678,246.6282784047325,247.55325317382812,20975000,0.0,0.0,166542000000.0,0.0,13931000000.0,0.0,364840000000.0,0.0,74602000000.0,0.0,61270000000.0,0.0
2022-07-19,250.7955329257847,252.87918127659822,246.99826179190453,252.69418334960938,25012600,0.0,0.0,166542000000.0,0.0,13931000000.0,0.0,364840000000.0,0.0,74602000000.0,0.0,61270000000.0,0.0
2022-07-20,253.054443361376,257.8935388671316,252.0905286496552,255.3620147705078,22788300,0.0,0.0,166542000000.0,0.0,13931000000.0,0.0,364840000000.0,0.0,74602000000.0,0.0,61270000000.0,0.0
2022-07-21,252.94737370240864,257.91305023853096,250.26006010817883,257.8643493652344,22404700,0.0,0.0,166542000000.0,0.0,13931000000.0,0.0,364840000000.0,0.0,74602000000.0,0.0,61270000000.0,0.0
2022-07-22,258.2537733938726,258.34139929761113,252.24630307646098,253.50230407714844,21881300,0.0,0.0,166542000000.0,0.0,13931000000.0,0.0,364840000000.0,0.0,74602000000.0,0.0,61270000000.0,0.0
2022-07-25,254.1254760892175,254.61230650318151,250.0458348430974,252.0126190185547,21056000,0.0,0.0,166542000000.0,0.0,13931000000.0,0.0,364840000000.0,0.0,74602000000.0,0.0,61270000000.0,0.0
2022-07-26,253.01545221960467,253.03494445018256,242.99650513009456,245.26512145996094,39348000,0.0,0.0,166542000000.0,0.0,13931000000.0,0.0,364840000000.0,0.0,74602000000.0,0.0,61270000000.0,0.0
2022-07-27,254.2812845363284,262.9371144972868,252.0321302315407,261.66162109375,45994000,0.0,0.0,166542000000.0,0.0,13931000000.0,0.0,364840000000.0,0.0,74602000000.0,0.0,61270000000.0,0.0
2022-07-28,262.6449933275576,270.5219054098013,260.81450632143316,269.12957763671875,33459300,0.0,0.0,166542000000.0,0.0,13931000000.0,0.0,364840000000.0,0.0,74602000000.0,0.0,61270000000.0,0.0
2022-07-29,270.38561261895575,274.5723421203902,269.3437884448539,273.34552001953125,32152800,0.0,0.0,166542000000.0,0.0,13931000000.0,0.0,364840000000.0,0.0,74602000000.0,0.0,61270000000.0,0.0
2022-08-01,270.50247153899136,273.87132984806976,268.5746123087126,270.6874694824219,21539600,0.0,0.0,166542000000.0,0.0,13931000000.0,0.0,364840000000.0,0.0,74602000000.0,0.0,61270000000.0,0.0
2022-08-02,268.7303946053114,270.5706278744579,265.2057470824451,267.58148193359375,22754200,0.0,0.0,166542000000.0,0.0,13931000000.0,0.0,364840000000.0,0.0,74602000000.0,0.0,61270000000.0,0.0
2022-08-03,269.4704630974795,276.0329295870117,269.32439015736225,275.0300598144531,23518900,0.0,0.0,166542000000.0,0.0,13931000000.0,0.0,364840000000.0,0.0,74602000000.0,0.0,61270000000.0,0.0
2022-08-04,274.3776155284762,276.3249372276528,272.7905733032149,276.17889404296875,18098700,0.0,0.0,166542000000.0,0.0,13931000000.0,0.0,364840000000.0,0.0,74602000000.0,0.0,61270000000.0,0.0
2022-08-05,271.7973999930235,276.1788734901075,271.33977823922174,275.4583740234375,16774600,0.0,0.0,166542000000.0,0.0,13931000000.0,0.0,364840000000.0,0.0,74602000000.0,0.0,61270000000.0,0.0
2022-08-08,276.56828907515785,278.3890594062968,271.96289332856634,272.9365539550781,18739200,0.0,0.0,166542000000.0,0.0,13931000000.0,0.0,364840000000.0,0.0,74602000000.0,0.0,61270000000.0,0.0
2022-08-09,272.2745594836536,275.6239257800828,270.29799925052515,274.8644714355469,23405200,0.0,0.0,166542000000.0,0.0,13931000000.0,0.0,364840000000.0,0.0,74602000000.0,0.0,61270000000.0,0.0
2022-08-10,280.57984751757147,282.1766357881288,279.3822340293261,281.54376220703125,24687800,0.0,0.0,166542000000.0,0.0,13931000000.0,0.0,364840000000.0,0.0,74602000000.0,0.0,61270000000.0,0.0
2022-08-11,283.189281972675,283.5397856381052,278.96359718360935,279.46014404296875,20065900,0.0,0.0,166542000000.0,0.0,13931000000.0,0.0,364840000000.0,0.0,74602000000.0,0.0,61270000000.0,0.0
2022-08-12,280.8816943899118,284.2213439941406,279.382248352061,284.2213439941406,22619700,0.0,0.0,166542000000.0,0.0,13931000000.0,0.0,364840000000.0,0.0,74602000000.0,0.0,61270000000.0,0.0
2022-08-15,283.335291025511,286.43152521881507,282.4687186563289,285.740234375,18085700,0.0,0.0,166542000000.0,0.0,13931000000.0,0.0,364840000000.0,0.0,74602000000.0,0.0,61270000000.0,0.0
2022-08-16,284.29920717683063,286.29522964293864,282.77058230494487,285.000244140625,18102900,0.0,0.0,166542000000.0,0.0,13931000000.0,0.0,364840000000.0,0.0,74602000000.0,0.0,61270000000.0,0.0
2022-08-17,282.7072961690795,286.2296881753284,282.44386044524725,284.24896240234375,18253400,0.62,0.0,166542000000.0,0.0,13931000000.0,0.0,364840000000.0,0.0,74602000000.0,0.0,61270000000.0,0.0
2022-08-18,283.14639592226945,284.82464859302553,282.0633227973531,283.12689208984375,17186200,0.0,0.0,166542000000.0,0.0,13931000000.0,0.0,364840000000.0,0.0,74602000000.0,0.0,61270000000.0,0.0
2022-08-19,281.88765725342205,282.22916781980774,278.6287311100717,279.20440673828125,20570000,0.0,0.0,166542000000.0,0.0,13931000000.0,0.0,364840000000.0,0.0,74602000000.0,0.0,61270000000.0,0.0
2022-08-22,275.23321855533953,275.6039997944986,270.4911968802227,271.0083312988281,25061100,0.0,0.0,166542000000.0,0.0,13931000000.0,0.0,364840000000.0,0.0,74602000000.0,0.0,61270000000.0,0.0
2022-08-23,269.73016357421875,272.09140789645323,268.7153984444875,269.73016357421875,17527400,0.0,0.0,166542000000.0,0.0,13931000000.0,0.0,364840000000.0,0.0,74602000000.0,0.0,61270000000.0,0.0
2022-08-24,268.7251050290327,270.5009361638899,268.4323689230805,269.09588623046875,18137000,0.0,0.0,166542000000.0,0.0,13931000000.0,0.0,364840000000.0,0.0,74602000000.0,0.0,61270000000.0,0.0
2022-08-25,270.5985399327254,272.2475220668953,267.85674757926176,272.0816650390625,16583400,0.0,0.0,166542000000.0,0.0,13931000000.0,0.0,364840000000.0,0.0,74602000000.0,0.0,61270000000.0,0.0
2022-08-26,272.306030389581,273.5354566259213,261.47547845229536,261.5827941894531,27549300,0.0,0.0,166542000000.0,0.0,13931000000.0,0.0,364840000000.0,0.0,74602000000.0,0.0,61270000000.0,0.0
2022-08-29,259.39712148458295,260.90948696361846,257.4456667881059,258.79217529296875,20338500,0.0,0.0,166542000000.0,0.0,13931000000.0,0.0,364840000000.0,0.0,74602000000.0,0.0,61270000000.0,0.0
2022-08-30,260.19730132540576,260.5680528138689,254.33316871501484,256.58709716796875,22767100,0.0,0.0,166542000000.0,0.0,13931000000.0,0.0,364840000000.0,0.0,74602000000.0,0.0,61270000000.0,0.0
2022-08-31,258.94830810034733,260.62653063689,254.9868274750973,255.12344360351562,24791800,0.0,0.0,166542000000.0,0.0,13931000000.0,0.0,364840000000.0,0.0,74602000000.0,0.0,61270000000.0,0.0
2022-09-01,252.58657535894073,254.5575639832718,249.21056651707494,254.07943725585938,23263400,0.0,0.0,166542000000.0,0.0,13931000000.0,0.0,364840000000.0,0.0,74602000000.0,0.0,61270000000.0,0.0
2022-09-02,255.34788953507936,258.3140795897483,248.29336924253226,249.8447723388672,22855400,0.0,0.0,166542000000.0,0.0,13931000000.0,0.0,364840000000.0,0.0,74602000000.0,0.0,61270000000.0,0.0
2022-09-06,249.98142038523665,251.57183134385733,245.82481132463533,247.10301208496094,21328200,0.0,0.0,166542000000.0,0.0,13931000000.0,0.0,364840000000.0,0.0,74602000000.0,0.0,61270000000.0,0.0
2022-09-07,248.51778494305904,252.54752929130373,247.07371244859434,251.82550048828125,24126700,0.0,0.0,166542000000.0,0.0,13931000000.0,0.0,364840000000.0,0.0,74602000000.0,0.0,61270000000.0,0.0
2022-09-08,251.2595916507078,254.10869920307312,248.6055968388462,252.24505615234375,20319900,0.0,0.0,166542000000.0,0.0,13931000000.0,0.0,364840000000.0,0.0,74602000000.0,0.0,61270000000.0,0.0
2022-09-09,254.17699082314724,258.79219220151697,253.97209640414405,258.0408630371094,22084700,0.0,0.0,166542000000.0,0.0,13931000000.0,0.0,364840000000.0,0.0,74602000000.0,0.0,61270000000.0,0.0
2022-09-12,259.32888662429224,260.9583648576095,258.72394026192035,260.1777648925781,18747700,0.0,0.0,166542000000.0,0.0,13931000000.0,0.0,364840000000.0,0.0,74602000000.0,0.0,61270000000.0,0.0
2022-09-13,252.55728977840053,254.07942221942037,245.48326576047728,245.87356567382812,33353300,0.0,0.0,166542000000.0,0.0,13931000000.0,0.0,364840000000.0,0.0,74602000000.0,0.0,61270000000.0,0.0
2022-09-14,247.37619258985976,248.0591988641248,243.79527444125134,246.09799194335938,23913000,0.0,0.0,166542000000.0,0.0,13931000000.0,0.0,364840000000.0,0.0,74602000000.0,0.0,61270000000.0,0.0
2022-09-15,243.7074697578199,245.29789551034108,238.09703645062885,239.4240264892578,31530900,0.0,0.0,166542000000.0,0.0,13931000000.0,0.0,364840000000.0,0.0,74602000000.0,0.0,61270000000.0,0.0
2022-09-16,238.3311853849411,239.34595028666865,236.1845879383292,238.79954528808594,39791800,0.0,0.0,166542000000.0,0.0,13931000000.0,0.0,364840000000.0,0.0,74602000000.0,0.0,61270000000.0,0.0
2022-09-19,236.58465548733815,239.1898462068976,235.00398165238354,238.58489990234375,26826900,0.0,0.0,166542000000.0,0.0,13931000000.0,0.0,364840000000.0,0.0,74602000000.0,0.0,61270000000.0,0.0
2022-09-20,236.19435819350156,237.59939325821156,233.82333267549006,236.56512451171875,26660300,0.0,0.0,166542000000.0,0.0,13931000000.0,0.0,364840000000.0,0.0,74602000000.0,0.0,61270000000.0,0.0
2022-09-21,238.3409629469102,241.64867860903064,233.10129609605303,233.15008544921875,28625600,0.0,0.0,166542000000.0,0.0,13931000000.0,0.0,364840000000.0,0.0,74602000000.0,0.0,61270000000.0,0.0
2022-09-22,232.09631547778918,237.94092906165116,231.8036091135331,235.13082885742188,31061200,0.0,0.0,166542000000.0,0.0,13931000000.0,0.0,364840000000.0,0.0,74602000000.0,0.0,61270000000.0,0.0
2022-09-23,233.72576968451835,235.27718779697258,229.4911157105166,232.1450958251953,34176000,0.0,0.0,166542000000.0,0.0,13931000000.0,0.0,364840000000.0,0.0,74602000000.0,0.0,61270000000.0,0.0
2022-09-26,231.29619264048225,235.58938742131502,231.1498245914239,231.6864776611328,27694200,0.0,0.0,166542000000.0,0.0,13931000000.0,0.0,364840000000.0,0.0,74602000000.0,0.0,61270000000.0,0.0
2022-09-27,234.15507704083888,235.9309082051213,228.80809460642703,230.67173767089844,27018700,0.0,0.0,166542000000.0,0.0,13931000000.0,0.0,364840000000.0,0.0,74602000000.0,0.0,61270000000.0,0.0
2022-09-28,231.06198940784384,236.44800850283173,229.03247475048002,235.21859741210938,29029700,0.0,0.0,166542000000.0,0.0,13931000000.0,0.0,364840000000.0,0.0,74602000000.0,0.0,61270000000.0,0.0
2022-09-29,233.0915358630107,234.12580460416743,228.7202809445972,231.7352752685547,27484200,0.0,0.0,166542000000.0,0.0,13931000000.0,0.0,364840000000.0,0.0,74602000000.0,0.0,61270000000.0,0.0
2022-09-30,232.5060724859564,234.70145910659906,227.08103059664865,227.2469024658203,35694800,0.0,0.0,166542000000.0,0.0,13931000000.0,0.0,364840000000.0,0.0,74602000000.0,0.0,61270000000.0,0.0
2022-10-03,229.6960226716163,235.7455304131457,228.96422702009855,234.8966522216797,28880400,0.0,0.0,166542000000.0,0.0,13931000000.0,0.0,364840000000.0,0.0,74602000000.0,0.0,61270000000.0,0.0
2022-10-04,239.14106500672082,244.28315343602094,239.03373437918026,242.83908081054688,34888400,0.0,0.0,166542000000.0,0.0,13931000000.0,0.0,364840000000.0,0.0,74602000000.0,0.0,61270000000.0,0.0
2022-10-05,240.01922900708513,244.4978149559621,238.1751045052875,243.15130615234375,20347100,0.0,0.0,166542000000.0,0.0,13931000000.0,0.0,364840000000.0,0.0,74602000000.0,0.0,61270000000.0,0.0
2022-10-06,241.91213354134027,244.26364059964817,240.10704643812323,240.7998046875,20239900,0.0,0.0,166542000000.0,0.0,13931000000.0,0.0,364840000000.0,0.0,74602000000.0,0.0,61270000000.0,0.0
2022-10-07,235.0527623090089,235.46258098438113,227.5103924691174,228.55442810058594,37769600,0.0,0.0,166542000000.0,0.0,13931000000.0,0.0,364840000000.0,0.0,74602000000.0,0.0,61270000000.0,0.0
2022-10-10,227.39329913104484,228.86664231097572,221.22669412281707,223.68553161621094,29743600,0.0,0.0,166542000000.0,0.0,13931000000.0,0.0,364840000000.0,0.0,74602000000.0,0.0,61270000000.0,0.0
2022-10-11,222.0950853661984,223.5001353267126,218.67028725375982,219.93873596191406,30474000,0.0,0.0,166542000000.0,0.0,13931000000.0,0.0,364840000000.0,0.0,74602000000.0,0.0,61270000000.0,0.0
2022-10-12,219.92896672359288,222.32926286096713,218.52393166705397,220.27047729492188,21903900,0.0,0.0,166542000000.0,0.0,13931000000.0,0.0,364840000000.0,0.0,74602000000.0,0.0,61270000000.0,0.0
2022-10-13,214.5137091638505,230.36928195046792,213.81118413238516,228.55442810058594,42551800,0.0,0.0,166542000000.0,0.0,13931000000.0,0.0,364840000000.0,0.0,74602000000.0,0.0,61270000000.0,0.0
2022-10-14,229.82285736013569,231.48160608266116,222.79762207612544,223.0122833251953,30198600,0.0,0.0,166542000000.0,0.0,13931000000.0,0.0,364840000000.0,0.0,74602000000.0,0.0,61270000000.0,0.0
2022-10-17,230.09607116127958,233.15985498185077,229.43256870498456,231.76455688476562,28142300,0.0,0.0,166542000000.0,0.0,13931000000.0,0.0,364840000000.0,0.0,74602000000.0,0.0,61270000000.0,0.0
2022-10-18,237.33595204197528,238.00919148115057,229.65696682991847,232.71099853515625,26329600,0.0,0.0,166542000000.0,0.0,13931000000.0,0.0,364840000000.0,0.0,74602000000.0,0.0,61270000000.0,0.0
2022-10-19,231.2864563258372,233.79408332375263,228.6032055120039,230.74005126953125,19985700,0.0,0.0,166542000000.0,0.0,13931000000.0,0.0,364840000000.0,0.0,74602000000.0,0.0,61270000000.0,0.0
2022-10-20,230.04727871505503,235.45280255812088,229.16911502485962,230.4180450439453,21811000,0.0,0.0,166542000000.0,0.0,13931000000.0,0.0,364840000000.0,0.0,74602000000.0,0.0,61270000000.0,0.0
2022-10-21,229.04228963437978,237.10179380895985,228.80810966337896,236.24314880371094,26299700,0.0,0.0,166542000000.0,0.0,13931000000.0,0.0,364840000000.0,0.0,74602000000.0,0.0,61270000000.0,0.0
2022-10-24,237.84331729780146,241.8242870711329,235.4430361139109,241.2486114501953,24911200,0.0,0.0,166542000000.0,0.0,13931000000.0,0.0,364840000000.0,0.0,74602000000.0,0.0,61270000000.0,0.0
2022-10-25,241.25838415797844,244.94663303718434,239.86310093391776,244.57586669921875,34775500,0.0,0.0,166542000000.0,0.0,13931000000.0,0.0,364840000000.0,0.0,74602000000.0,0.0,61270000000.0,0.0
2022-10-26,225.55890844155385,232.51584978899805,224.4758503975884,225.7052764892578,82543200,0.0,0.0,166542000000.0,0.0,13931000000.0,0.0,364840000000.0,0.0,74602000000.0,0.0,61270000000.0,0.0
2022-10-27,225.4320958901778,228.0177829372753,220.2997741255285,221.24623107910156,40424600,0.0,0.0,166542000000.0,0.0,13931000000.0,0.0,364840000000.0,0.0,74602000000.0,0.0,61270000000.0,0.0
2022-10-28,220.74857626199804,230.85711290132215,220.56318567055376,230.1448211669922,40647700,0.0,0.0,166542000000.0,0.0,13931000000.0,0.0,364840000000.0,0.0,74602000000.0,0.0,61270000000.0,0.0
2022-10-31,228.08606173387716,229.21790924031464,225.53941228860307,226.49563598632812,28357300,0.0,0.0,166542000000.0,0.0,13931000000.0,0.0,364840000000.0,0.0,74602000000.0,0.0,61270000000.0,0.0
2022-11-01,228.90568002209392,230.01800878902966,221.81213684879617,222.63174438476562,30592300,0.0,0.0,166542000000.0,0.0,13931000000.0,0.0,364840000000.0,0.0,74602000000.0,0.0,61270000000.0,0.0
2022-11-02,223.89045532706174,225.68579048716293,214.69908849269902,214.7576446533203,38407000,0.0,0.0,166542000000.0,0.0,13931000000.0,0.0,364840000000.0,0.0,74602000000.0,0.0,61270000000.0,0.0
2022-11-03,214.74785106240304,215.0600909930844,208.7861557427822,209.0496063232422,36633900,0.0,0.0,166542000000.0,0.0,13931000000.0,0.0,364840000000.0,0.0,74602000000.0,0.0,61270000000.0,0.0
2022-11-04,212.26953659523167,216.21146944131505,208.2495288682356,216.01632690429688,36789100,0.0,0.0,166542000000.0,0.0,13931000000.0,0.0,364840000000.0,0.0,74602000000.0,0.0,61270000000.0,0.0
2022-11-07,216.60175222236109,222.86592096080787,215.90897914921476,222.33901977539062,33498000,0.0,0.0,166542000000.0,0.0,13931000000.0,0.0,364840000000.0,0.0,74602000000.0,0.0,61270000000.0,0.0
2022-11-08,223.14885590994936,226.02724879461158,220.3582749190535,223.31472778320312,28192500,0.0,0.0,166542000000.0,0.0,13931000000.0,0.0,364840000000.0,0.0,74602000000.0,0.0,61270000000.0,0.0
2022-11-09,221.85115866012015,223.08058484840367,218.88495358763487,219.06057739257812,27852900,0.0,0.0,166542000000.0,0.0,13931000000.0,0.0,364840000000.0,0.0,74602000000.0,0.0,61270000000.0,0.0
2022-11-10,229.71551464254821,237.42377070694712,229.29595897044808,237.08226013183594,46268000,0.0,0.0,166542000000.0,0.0,13931000000.0,0.0,364840000000.0,0.0,74602000000.0,0.0,61270000000.0,0.0
2022-11-11,237.09199236525274,241.9706290788093,236.05770887570787,241.1119842529297,34620200,0.0,0.0,166542000000.0,0.0,13931000000.0,0.0,364840000000.0,0.0,74602000000.0,0.0,61270000000.0,0.0
2022-11-14,236.11630368440927,237.98969870255604,233.4037824185949,235.68698120117188,31123300,0.0,0.0,166542000000.0,0.0,13931000000.0,0.0,364840000000.0,0.0,74602000000.0,0.0,61270000000.0,0.0
2022-11-15,239.69722338869778,241.00469467728894,234.20387274977523,236.09678649902344,31390100,0.0,0.0,166542000000.0,0.0,13931000000.0,0.0,364840000000.0,0.0,74602000000.0,0.0,61270000000.0,0.0
2022-11-16,237.56451210587485,238.55278379675173,235.24552553609306,236.52732849121094,24093300,0.68,0.0,166542000000.0,0.0,13931000000.0,0.0,364840000000.0,0.0,74602000000.0,0.0,61270000000.0,0.0
2022-11-17,232.66229290850993,238.01456405307493,232.51552730981578,236.4783477783203,23123500,0.0,0.0,166542000000.0,0.0,13931000000.0,0.0,364840000000.0,0.0,74602000000.0,0.0,61270000000.0,0.0
2022-11-18,238.26899618839067,238.49405671182296,233.88542217086078,236.02828979492188,27613500,0.0,0.0,166542000000.0,0.0,13931000000.0,0.0,364840000000.0,0.0,74602000000.0,0.0,61270000000.0,0.0
2022-11-21,236.23375753060137,239.4040292254599,235.99893254382687,236.84042358398438,26394700,0.0,0.0,166542000000.0,0.0,13931000000.0,0.0,364840000000.0,0.0,74602000000.0,0.0,61270000000.0,0.0
2022-11-22,238.3472769496378,240.03025906494594,235.5292725371043,239.75628662109375,19665700,0.0,0.0,166542000000.0,0.0,13931000000.0,0.0,364840000000.0,0.0,74602000000.0,0.0,61270000000.0,0.0
2022-11-23,239.83456376214852,242.93633491013367,239.0126464403006,242.25140380859375,19508500,0.0,0.0,166542000000.0,0.0,13931000000.0,0.0,364840000000.0,0.0,74602000000.0,0.0,61270000000.0,0.0
2022-11-25,241.9872116642194,243.34729447460518,241.4196930550139,242.16334533691406,9200800,0.0,0.0,166542000000.0,0.0,13931000000.0,0.0,364840000000.0,0.0,74602000000.0,0.0,61270000000.0,0.0
2022-11-28,240.78371585647386,241.3414402001899,235.61735647604124,236.5566864013672,24778200,0.0,0.0,166542000000.0,0.0,13931000000.0,0.0,364840000000.0,0.0,74602000000.0,0.0,61270000000.0,0.0
2022-11-29,236.2043877565396,237.5644704537855,233.0830580611279,235.1574249267578,17956300,0.0,0.0,166542000000.0,0.0,13931000000.0,0.0,364840000000.0,0.0,74602000000.0,0.0,61270000000.0,0.0
2022-11-30,235.3922760619219,249.83459470450774,234.69755065431445,249.648681640625,47594200,0.0,0.0,166542000000.0,0.0,13931000000.0,0.0,364840000000.0,0.0,74602000000.0,0.0,61270000000.0,0.0
2022-12-01,248.40600029951568,250.60757398456622,245.5194955651915,249.20835876464844,26041500,0.0,0.0,166542000000.0,0.0,13931000000.0,0.0,364840000000.0,0.0,74602000000.0,0.0,61270000000.0,0.0
2022-12-02,244.4432165873255,250.54890564202378,244.3160097552262,249.5312957763672,21528500,0.0,0.0,166542000000.0,0.0,13931000000.0,0.0,364840000000.0,0.0,74602000000.0,0.0,61270000000.0,0.0
2022-12-05,246.58604385679737,248.3571002025663,242.72106174519686,244.81500244140625,23435300,0.0,0.0,166542000000.0,0.0,13931000000.0,0.0,364840000000.0,0.0,74602000000.0,0.0,61270000000.0,0.0
2022-12-06,245.42166189613354,246.4392716289712,238.533173950974,239.84432983398438,22463700,0.0,0.0,166542000000.0,0.0,13931000000.0,0.0,364840000000.0,0.0,74602000000.0,0.0,61270000000.0,0.0
2022-12-07,239.56059501119066,240.86197158934914,236.99698930720933,239.11048889160156,20481500,0.0,0.0,166542000000.0,0.0,13931000000.0,0.0,364840000000.0,0.0,74602000000.0,0.0,61270000000.0,0.0
2022-12-08,239.57038727485613,243.3864578420805,237.82869881184692,242.07528686523438,22611800,0.0,0.0,166542000000.0,0.0,13931000000.0,0.0,364840000000.0,0.0,74602000000.0,0.0,61270000000.0,0.0
2022-12-09,239.43335840854147,242.96566155841106,238.90498731075107,240.1378631591797,20609700,0.0,0.0,166542000000.0,0.0,13931000000.0,0.0,364840000000.0,0.0,74602000000.0,0.0,61270000000.0,0.0
2022-12-12,242.12419433216994,247.10463998852305,241.8502218945569,247.07528686523438,30665100,0.0,0.0,166542000000.0,0.0,13931000000.0,0.0,364840000000.0,0.0,74602000000.0,0.0,61270000000.0,0.0
2022-12-13,256.05770645555435,258.23972140913565,247.62323758485567,251.390380859375,42196900,0.0,0.0,166542000000.0,0.0,13931000000.0,0.0,364840000000.0,0.0,74602000000.0,0.0,61270000000.0,0.0
2022-12-14,251.5958700706499,256.93834770699095,248.83655694939137,251.68392944335938,35410900,0.0,0.0,166542000000.0,0.0,13931000000.0,0.0,364840000000.0,0.0,74602000000.0,0.0,61270000000.0,0.0
2022-12-15,248.25923846820703,248.72890334765495,242.01654910193713,243.65060424804688,35560400,0.0,0.0,166542000000.0,0.0,13931000000.0,0.0,364840000000.0,0.0,74602000000.0,0.0,61270000000.0,0.0
2022-12-16,243.2005220025338,244.46275107803268,238.2689883313514,239.42359924316406,86102000,0.0,0.0,166542000000.0,0.0,13931000000.0,0.0,364840000000.0,0.0,74602000000.0,0.0,61270000000.0,0.0
2022-12-19,239.5899138337531,239.93238680595584,233.57228537641447,235.2748260498047,29696400,0.0,0.0,166542000000.0,0.0,13931000000.0,0.0,364840000000.0,0.0,74602000000.0,0.0,61270000000.0,0.0
2022-12-20,234.24744039254352,237.68190498867048,233.2885368978721,236.59579467773438,25150800,0.0,0.0,166542000000.0,0.0,13931000000.0,0.0,364840000000.0,0.0,74602000000.0,0.0,61270000000.0,0.0
2022-12-21,236.48817131663884,240.33357978118056,234.94217545446557,239.169189453125,23690600,0.0,0.0,166542000000.0,0.0,13931000000.0,0.0,364840000000.0,0.0,74602000000.0,0.0,61270000000.0,0.0
2022-12-22,236.06742458351349,236.7817237519787,228.836478039085,233.06350708007812,28651700,0.0,0.0,166542000000.0,0.0,13931000000.0,0.0,364840000000.0,0.0,74602000000.0,0.0,61270000000.0,0.0
2022-12-23,231.02826751372717,233.72885938875746,228.9049736414497,233.5918731689453,21207000,0.0,0.0,166542000000.0,0.0,13931000000.0,0.0,364840000000.0,0.0,74602000000.0,0.0,61270000000.0,0.0
2022-12-27,233.5625109109422,233.78755649246543,230.75428604943204,231.85997009277344,16688600,0.0,0.0,166542000000.0,0.0,13931000000.0,0.0,364840000000.0,0.0,74602000000.0,0.0,61270000000.0,0.0
2022-12-28,231.79147620478,234.56056862646315,229.13001687829933,229.48226928710938,17457100,0.0,0.0,166542000000.0,0.0,13931000000.0,0.0,364840000000.0,0.0,74602000000.0,0.0,61270000000.0,0.0
2022-12-29,230.57814603846577,236.71320225846455,230.57814603846577,235.82278442382812,19770700,0.0,0.0,166542000000.0,0.0,13931000000.0,0.0,364840000000.0,0.0,74602000000.0,0.0,61270000000.0,0.0
2022-12-30,233.08305265228162,234.79538769550024,231.56641005649837,234.6584014892578,21938500,0.0,0.0,166542000000.0,0.0,13931000000.0,0.0,364840000000.0,0.0,74602000000.0,0.0,61270000000.0,0.0
2023-01-03,237.84828536131565,240.46081819666946,232.2905260314668,234.42361450195312,25740000,0.0,0.0,166542000000.0,0.0,13931000000.0,0.0,364840000000.0,0.0,74602000000.0,0.0,61270000000.0,0.0
2023-01-04,227.28067869083657,227.85797664505387,221.09671066302377,224.16912841796875,50623400,0.0,0.0,166542000000.0,0.0,13931000000.0,0.0,364840000000.0,0.0,74602000000.0,0.0,61270000000.0,0.0
2023-01-05,222.30999037805725,222.65246332942152,216.9870726551264,217.52523803710938,39585600,0.0,0.0,166542000000.0,0.0,13931000000.0,0.0,364840000000.0,0.0,74602000000.0,0.0,61270000000.0,0.0
2023-01-06,218.20041337731763,220.90100504687248,214.6289776058487,220.0888671875,43613600,0.0,0.0,166542000000.0,0.0,13931000000.0,0.0,364840000000.0,0.0,74602000000.0,0.0,61270000000.0,0.0
2023-01-09,221.57617251580095,226.26308695168126,221.53703999477176,222.23175048828125,27369800,0.0,0.0,166542000000.0,0.0,13931000000.0,0.0,364840000000.0,0.0,74602000000.0,0.0,61270000000.0,0.0
2023-01-10,222.85796326790341,226.3315603384629,222.43722523551887,223.9245147705078,27033900,0.0,0.0,166542000000.0,0.0,13931000000.0,0.0,364840000000.0,0.0,74602000000.0,0.0,61270000000.0,0.0
2023-01-11,226.31196835747457,230.87167535707803,226.13584964102154,230.695556640625,28669300,0.0,0.0,166542000000.0,0.0,13931000000.0,0.0,364840000000.0,0.0,74602000000.0,0.0,61270000000.0,0.0
2023-01-12,230.19656617961186,234.73670029298546,228.53315774154953,233.37661743164062,27269500,0.0,0.0,166542000000.0,0.0,13931000000.0,0.0,364840000000.0,0.0,74602000000.0,0.0,61270000000.0,0.0
2023-01-13,231.8990853337094,234.21807140932603,229.8638510631861,234.08108520507812,21333300,0.0,0.0,166542000000.0,0.0,13931000000.0,0.0,364840000000.0,0.0,74602000000.0,0.0,61270000000.0,0.0
2023-01-17,232.8482214298885,235.72494679850365,231.98715671264935,235.177001953125,29831300,0.0,0.0,166542000000.0,0.0,13931000000.0,0.0,364840000000.0,0.0,74602000000.0,0.0,61270000000.0,0.0
2023-01-18,236.37074903194667,237.16331319071614,230.4509588691296,230.73471069335938,30028700,0.0,0.0,166542000000.0,0.0,13931000000.0,0.0,364840000000.0,0.0,74602000000.0,0.0,61270000000.0,0.0
2023-01-19,228.74842139423623,230.4509772666671,225.71513580011168,226.938232421875,28623000,0.0,0.0,166542000000.0,0.0,13931000000.0,0.0,364840000000.0,0.0,74602000000.0,0.0,61270000000.0,0.0
2023-01-20,229.80515114547578,235.55860174293485,229.46267816024536,235.04978942871094,35389800,0.0,0.0,166542000000.0,0.0,13931000000.0,0.0,364840000000.0,0.0,74602000000.0,0.0,61270000000.0,0.0
2023-01-23,235.91086666584914,239.89326123728026,234.49206273479518,237.3590087890625,31934000,0.0,0.0,166542000000.0,0.0,13931000000.0,0.0,364840000000.0,0.0,74602000000.0,0.0,61270000000.0,0.0
2023-01-24,237.28073354657224,238.6995225755174,235.26507279685154,236.83062744140625,40234400,0.0,0.0,166542000000.0,0.0,13931000000.0,0.0,364840000000.0,0.0,74602000000.0,0.0,61270000000.0,0.0
2023-01-25,229.4333414223457,238.0635179347867,225.93039107535145,235.43141174316406,66526600,0.0,0.0,166542000000.0,0.0,13931000000.0,0.0,364840000000.0,0.0,74602000000.0,0.0,61270000000.0,0.0
2023-01-26,238.4059865757759,242.96569434652147,236.79150501374275,242.66236877441406,33454500,0.0,0.0,166542000000.0,0.0,13931000000.0,0.0,364840000000.0,0.0,74602000000.0,0.0,61270000000.0,0.0
2023-01-27,243.6310618794315,244.45297920647357,241.51754738385625,242.8189239501953,26498900,0.0,0.0,166542000000.0,0.0,13931000000.0,0.0,364840000000.0,0.0,74602000000.0,0.0,61270000000.0,0.0
2023-01-30,239.24745305758034,240.31400454491248,236.9871731308744,237.4862060546875,25867400,0.0,0.0,166542000000.0,0.0,13931000000.0,0.0,364840000000.0,0.0,74602000000.0,0.0,61270000000.0,0.0
2023-01-31,238.2102641113915,242.61341137751842,237.72102552626626,242.47642517089844,26541100,0.0,0.0,166542000000.0,0.0,13931000000.0,0.0,364840000000.0,0.0,74602000000.0,0.0,61270000000.0,0.0
2023-02-01,242.66232284711919,249.6877813178062,240.18677695766533,247.31008911132812,31259900,0.0,0.0,166542000000.0,0.0,13931000000.0,0.0,364840000000.0,0.0,74602000000.0,0.0,61270000000.0,0.0
2023-02-02,253.24952278481186,258.9931802305622,251.71330613086135,258.9051208496094,39940400,0.0,0.0,166542000000.0,0.0,13931000000.0,0.0,364840000000.0,0.0,74602000000.0,0.0,61270000000.0,0.0
2023-02-03,253.95401750010254,258.51372549345814,251.56653039867584,252.7896270751953,29077300,0.0,0.0,166542000000.0,0.0,13931000000.0,0.0,364840000000.0,0.0,74602000000.0,0.0,61270000000.0,0.0
2023-02-06,251.8991842011105,252.74066029817823,249.29643114757204,251.24359130859375,22518000,0.0,0.0,166542000000.0,0.0,13931000000.0,0.0,364840000000.0,0.0,74602000000.0,0.0,61270000000.0,0.0
2023-02-07,254.9226377457536,262.98527949675434,254.48231110631974,261.80133056640625,50841400,0.0,0.0,166542000000.0,0.0,13931000000.0,0.0,364840000000.0,0.0,74602000000.0,0.0,61270000000.0,0.0
2023-02-08,267.3200070611244,270.8033838180028,260.4804305117884,260.9892578125,54686000,0.0,0.0,166542000000.0,0.0,13931000000.0,0.0,364840000000.0,0.0,74602000000.0,0.0,61270000000.0,0.0
2023-02-09,267.9070581968134,268.0832067953903,257.1438084833281,257.9461669921875,42375100,0.0,0.0,166542000000.0,0.0,13931000000.0,0.0,364840000000.0,0.0,74602000000.0,0.0,61270000000.0,0.0
2023-02-10,255.90119177142458,258.4060915123102,255.04992121599022,257.4374084472656,25818500,0.0,0.0,166542000000.0,0.0,13931000000.0,0.0,364840000000.0,0.0,74602000000.0,0.0,61270000000.0,0.0
2023-02-13,261.8796493414977,268.6898422196811,261.4001752133106,265.4804382324219,44630900,0.0,0.0,166542000000.0,0.0,13931000000.0,0.0,364840000000.0,0.0,74602000000.0,0.0,61270000000.0,0.0
2023-02-14,266.8014029280315,269.0518886421272,263.4843507418386,266.3121643066406,37047900,0.0,0.0,166542000000.0,0.0,13931000000.0,0.0,364840000000.0,0.0,74602000000.0,0.0,61270000000.0,0.0
2023-02-15,263.2026047275784,265.5666447691535,261.1034044657681,264.18353271484375,28922400,0.68,0.0,166542000000.0,0.0,13931000000.0,0.0,364840000000.0,0.0,74602000000.0,0.0,61270000000.0,0.0
2023-02-16,258.98459912030484,261.6527244708974,256.9050365553152,257.1502685546875,29603600,0.0,0.0,166542000000.0,0.0,13931000000.0,0.0,364840000000.0,0.0,74602000000.0,0.0,61270000000.0,0.0
2023-02-17,254.44295681423097,255.12958852987995,251.11759615236792,253.1383056640625,30000100,0.0,0.0,166542000000.0,0.0,13931000000.0,0.0,364840000000.0,0.0,74602000000.0,0.0,61270000000.0,0.0
2023-02-21,249.62655149140514,250.6172983438043,246.79167019007645,247.85107421875,28397400,0.0,0.0,166542000000.0,0.0,13931000000.0,0.0,364840000000.0,0.0,74602000000.0,0.0,61270000000.0,0.0
2023-02-22,249.24397642066796,249.4892084054105,245.5654966495298,246.7131805419922,22491100,0.0,0.0,166542000000.0,0.0,13931000000.0,0.0,364840000000.0,0.0,74602000000.0,0.0,61270000000.0,0.0
2023-02-23,250.6859525204274,251.94153913914087,245.70283657900748,249.91102600097656,29219100,0.0,0.0,166542000000.0,0.0,13931000000.0,0.0,364840000000.0,0.0,74602000000.0,0.0,61270000000.0,0.0
2023-02-24,245.19276526490697,246.21292378160817,243.36823861745583,244.4668731689453,24990900,0.0,0.0,166542000000.0,0.0,13931000000.0,0.0,364840000000.0,0.0,74602000000.0,0.0,61270000000.0,0.0
2023-02-27,247.6450992749113,247.9982339676097,244.63364301109786,245.3889617919922,21190000,0.0,0.0,166542000000.0,0.0,13931000000.0,0.0,364840000000.0,0.0,74602000000.0,0.0,61270000000.0,0.0
2023-02-28,244.3197396069621,246.69358352674163,243.9862127176486,244.66305541992188,22491000,0.0,0.0,166542000000.0,0.0,13931000000.0,0.0,364840000000.0,0.0,74602000000.0,0.0,61270000000.0,0.0
2023-03-01,245.9774923821407,246.144248340917,241.1022791735545,241.57313537597656,27565300,0.0,0.0,166542000000.0,0.0,13931000000.0,0.0,364840000000.0,0.0,74602000000.0,0.0,61270000000.0,0.0
2023-03-02,241.84781698411012,246.60530911013456,240.92574220982544,246.3208465576172,24808200,0.0,0.0,166542000000.0,0.0,13931000000.0,0.0,364840000000.0,0.0,74602000000.0,0.0,61270000000.0,0.0
2023-03-03,247.38025919903342,250.7448353875074,246.59551372780942,250.42112731933594,30760100,0.0,0.0,166542000000.0,0.0,13931000000.0,0.0,364840000000.0,0.0,74602000000.0,0.0,61270000000.0,0.0
2023-03-06,251.53936705600412,255.15899387446288,251.09795243692292,251.97097778320312,24109800,0.0,0.0,166542000000.0,0.0,13931000000.0,0.0,364840000000.0,0.0,74602000000.0,0.0,61270000000.0,0.0
2023-03-07,251.41184575322433,252.77535010371997,248.5573565201222,249.3028564453125,21473200,0.0,0.0,166542000000.0,0.0,13931000000.0,0.0,364840000000.0,0.0,74602000000.0,0.0,61270000000.0,0.0
2023-03-08,249.19494687006076,249.68541087859464,246.0265535659087,248.86143493652344,17340200,0.0,0.0,166542000000.0,0.0,13931000000.0,0.0,364840000000.0,0.0,74602000000.0,0.0,61270000000.0,0.0
2023-03-09,250.94104575578916,254.6097074462763,246.78190502401517,247.50779724121094,26653400,0.0,0.0,166542000000.0,0.0,13931000000.0,0.0,364840000000.0,0.0,74602000000.0,0.0,61270000000.0,0.0
2023-03-10,246.29140836322506,247.9687868907418,242.87778305422765,243.84889221191406,28333900,0.0,0.0,166542000000.0,0.0,13931000000.0,0.0,364840000000.0,0.0,74602000000.0,0.0,61270000000.0,0.0
2023-03-13,242.6815851358712,252.9911481619017,241.04343714552314,249.07723999023438,33339700,0.0,0.0,166542000000.0,0.0,13931000000.0,0.0,364840000000.0,0.0,74602000000.0,0.0,61270000000.0,0.0
2023-03-14,251.85329566194966,256.09091233921646,250.98027023090745,255.81625366210938,33620300,0.0,0.0,166542000000.0,0.0,13931000000.0,0.0,364840000000.0,0.0,74602000000.0,0.0,61270000000.0,0.0
2023-03-15,255.02167441477647,261.39770646973017,254.2663406895164,260.3775329589844,46028000,0.0,0.0,166542000000.0,0.0,13931000000.0,0.0,364840000000.0,0.0,74602000000.0,0.0,61270000000.0,0.0
2023-03-16,260.1519520817623,271.285492819686,258.2587678945706,270.932373046875,54768800,0.0,0.0,166542000000.0,0.0,13931000000.0,0.0,364840000000.0,0.0,74602000000.0,0.0,61270000000.0,0.0
2023-03-17,272.95297821473275,277.9262593916356,271.04997589481013,274.10064697265625,69527400,0.0,0.0,166542000000.0,0.0,13931000000.0,0.0,364840000000.0,0.0,74602000000.0,0.0,61270000000.0,0.0
2023-03-20,271.6974636851933,272.1879277131166,264.70344185731915,267.0380554199219,43466600,0.0,0.0,166542000000.0,0.0,13931000000.0,0.0,364840000000.0,0.0,74602000000.0,0.0,61270000000.0,0.0
2023-03-21,269.6374678468421,269.7551744059868,264.3796786992098,268.5584411621094,34558700,0.0,0.0,166542000000.0,0.0,13931000000.0,0.0,364840000000.0,0.0,74602000000.0,0.0,61270000000.0,0.0
2023-03-22,268.1857090207041,275.680013304396,266.98897566413984,267.0968933105469,34873300,0.0,0.0,166542000000.0,0.0,13931000000.0,0.0,364840000000.0,0.0,74602000000.0,0.0,61270000000.0,0.0
2023-03-23,272.63919117418845,275.6996824231829,269.9514574375427,272.3645324707031,36610900,0.0,0.0,166542000000.0,0.0,13931000000.0,0.0,364840000000.0,0.0,74602000000.0,0.0,61270000000.0,0.0
2023-03-24,271.9524869231275,275.27784742962956,270.02987629936445,275.218994140625,28172000,0.0,0.0,166542000000.0,0.0,13931000000.0,0.0,364840000000.0,0.0,74602000000.0,0.0,61270000000.0,0.0
2023-03-27,275.1503053082786,276.09198781080295,270.26527306825443,271.10888671875,26840200,0.0,0.0,166542000000.0,0.0,13931000000.0,0.0,364840000000.0,0.0,74602000000.0,0.0,61270000000.0,0.0
2023-03-28,270.53018284762516,270.87351368720647,266.86149121075977,269.9808654785156,21878600,0.0,0.0,166542000000.0,0.0,13931000000.0,0.0,364840000000.0,0.0,74602000000.0,0.0,61270000000.0,0.0
2023-03-29,273.6396997041648,275.7781457546804,273.1002012129155,275.16015625,25087000,0.0,0.0,166542000000.0,0.0,13931000000.0,0.0,364840000000.0,0.0,74602000000.0,0.0,61270000000.0,0.0
2023-03-30,278.80921921277934,279.03481352881886,276.1116667967819,278.63262939453125,25053400,0.0,0.0,166542000000.0,0.0,13931000000.0,0.0,364840000000.0,0.0,74602000000.0,0.0,61270000000.0,0.0
2023-03-31,278.31869572846455,283.7530149729274,277.60260755409064,282.801513671875,32766000,0.0,0.0,166542000000.0,0.0,13931000000.0,0.0,364840000000.0,0.0,74602000000.0,0.0,61270000000.0,0.0
2023-04-03,281.0554727089369,282.7720966657289,278.53451056340606,281.751953125,24883300,0.0,0.0,166542000000.0,0.0,13931000000.0,0.0,364840000000.0,0.0,74602000000.0,0.0,61270000000.0,0.0
2023-04-04,281.7519757409846,284.9105652724409,280.22173037151373,281.7029113769531,25824300,0.0,0.0,166542000000.0,0.0,13931000000.0,0.0,364840000000.0,0.0,74602000000.0,0.0,61270000000.0,0.0
2023-04-05,280.398233345537,281.67342758285037,277.5241219148487,278.9170227050781,22064800,0.0,0.0,166542000000.0,0.0,13931000000.0,0.0,364840000000.0,0.0,74602000000.0,0.0,61270000000.0,0.0
2023-04-06,277.8086342608768,286.5094615754292,276.65114630640034,286.03863525390625,29770300,0.0,0.0,166542000000.0,0.0,13931000000.0,0.0,364840000000.0,0.0,74602000000.0,0.0,61270000000.0,0.0
2023-04-10,283.69419877058414,284.0767750869852,279.280022455151,283.87078857421875,23103000,0.0,0.0,166542000000.0,0.0,13931000000.0,0.0,364840000000.0,0.0,74602000000.0,0.0,61270000000.0,0.0
2023-04-11,280.30014413926625,280.52576833041724,276.2685448865865,277.4358215332031,27276600,0.0,0.0,166542000000.0,0.0,13931000000.0,0.0,364840000000.0,0.0,74602000000.0,0.0,61270000000.0,0.0
2023-04-12,279.3585375506844,281.53619925147586,276.5824941090568,278.08331298828125,27403400,0.0,0.0,166542000000.0,0.0,13931000000.0,0.0,364840000000.0,0.0,74602000000.0,0.0,61270000000.0,0.0
2023-04-13,278.18139424423316,284.37104811494265,277.76942120916596,284.31219482421875,24222700,0.0,0.0,166542000000.0,0.0,13931000000.0,0.0,364840000000.0,0.0,74602000000.0,0.0,61270000000.0,0.0
2023-04-14,281.52635353888274,282.9781378461247,278.27948405144895,280.6827697753906,20987900,0.0,0.0,166542000000.0,0.0,13931000000.0,0.0,364840000000.0,0.0,74602000000.0,0.0,61270000000.0,0.0
2023-04-17,284.40044560842966,286.0386085271272,280.702357854445,283.2919921875,23836200,0.0,0.0,166542000000.0,0.0,13931000000.0,0.0,364840000000.0,0.0,74602000000.0,0.0,61270000000.0,0.0
2023-04-18,286.009128670463,286.1955073491569,281.53610025289123,282.8701477050781,20161800,0.0,0.0,166542000000.0,0.0,13931000000.0,0.0,364840000000.0,0.0,74602000000.0,0.0,61270000000.0,0.0
2023-04-19,280.5356257205043,283.53726339705304,279.11329789637085,282.94873046875,17150300,0.0,0.0,166542000000.0,0.0,13931000000.0,0.0,364840000000.0,0.0,74602000000.0,0.0,61270000000.0,0.0
2023-04-20,279.8097365276155,283.51764349522205,279.642965581356,280.6533203125,23244400,0.0,0.0,166542000000.0,0.0,13931000000.0,0.0,364840000000.0,0.0,74602000000.0,0.0,61270000000.0,0.0
2023-04-21,279.57433198899173,280.81028105928004,277.6615101881032,280.3100280761719,21676400,0.0,0.0,166542000000.0,0.0,13931000000.0,0.0,364840000000.0,0.0,74602000000.0,0.0,61270000000.0,0.0
2023-04-24,276.70999180903164,279.5154616165311,273.40426904899283,276.3960876464844,26611000,0.0,0.0,166542000000.0,0.0,13931000000.0,0.0,364840000000.0,0.0,74602000000.0,0.0,61270000000.0,0.0
2023-04-25,274.1791977810331,276.22933373061375,270.1181414486959,270.1672058105469,45772200,0.0,0.0,166542000000.0,0.0,13931000000.0,0.0,364840000000.0,0.0,74602000000.0,0.0,61270000000.0,0.0
2023-04-26,291.0413453207768,293.85660384994554,287.14706002026827,289.7366943359375,64599200,0.0,0.0,166542000000.0,0.0,13931000000.0,0.0,364840000000.0,0.0,74602000000.0,0.0,61270000000.0,0.0
2023-04-27,290.325287881764,299.3792649257392,289.6190184598168,299.01629638671875,46462600,0.0,0.0,166542000000.0,0.0,13931000000.0,0.0,364840000000.0,0.0,74602000000.0,0.0,61270000000.0,0.0
2023-04-28,298.2119472041732,303.038096464785,297.525285592319,301.39996337890625,36469600,0.0,0.0,166542000000.0,0.0,13931000000.0,0.0,364840000000.0,0.0,74602000000.0,0.0,61270000000.0,0.0
2023-05-01,301.1154729285125,302.7143903771624,299.33017676280843,299.73236083984375,21294100,0.0,0.0,166542000000.0,0.0,13931000000.0,0.0,364840000000.0,0.0,74602000000.0,0.0,61270000000.0,0.0
2023-05-02,301.8903917190822,303.28329262686395,298.1138131714134,299.585205078125,26404400,0.0,0.0,166542000000.0,0.0,13931000000.0,0.0,364840000000.0,0.0,74602000000.0,0.0,61270000000.0,0.0
2023-05-03,300.7721130771422,302.7241500523143,298.2903666449146,298.5944519042969,22360800,0.0,0.0,166542000000.0,0.0,13931000000.0,0.0,364840000000.0,0.0,74602000000.0,0.0,61270000000.0,0.0
2023-05-04,300.39936209486564,301.8903917190822,297.6135303437571,299.585205078125,22519900,0.0,0.0,166542000000.0,0.0,13931000000.0,0.0,364840000000.0,0.0,74602000000.0,0.0,61270000000.0,0.0
2023-05-05,299.8893128499304,306.0201129213296,298.46695525914686,304.72528076171875,28197100,0.0,0.0,166542000000.0,0.0,13931000000.0,0.0,364840000000.0,0.0,74602000000.0,0.0,61270000000.0,0.0
2023-05-08,304.21515065461654,304.2838227867831,300.25219386620853,302.76336669921875,21318600,0.0,0.0,166542000000.0,0.0,13931000000.0,0.0,364840000000.0,0.0,74602000000.0,0.0,61270000000.0,0.0
2023-05-09,302.12579484871236,304.1268961575847,300.46802429382234,301.1448669433594,21340800,0.0,0.0,166542000000.0,0.0,13931000000.0,0.0,364840000000.0,0.0,74602000000.0,0.0,61270000000.0,0.0
2023-05-10,302.7339504725654,307.0304192764077,301.8020869696335,306.35357666015625,30078000,0.0,0.0,166542000000.0,0.0,13931000000.0,0.0,364840000000.0,0.0,74602000000.0,0.0,61270000000.0,0.0
2023-05-11,304.1858287503453,305.1863646978888,300.41906820391165,304.19561767578125,31680200,0.0,0.0,166542000000.0,0.0,13931000000.0,0.0,364840000000.0,0.0,74602000000.0,0.0,61270000000.0,0.0
2023-05-12,304.6272153165958,304.7253141155851,300.7525672086982,303.0773620605469,19774700,0.0,0.0,166542000000.0,0.0,13931000000.0,0.0,364840000000.0,0.0,74602000000.0,0.0,61270000000.0,0.0
2023-05-15,303.2048331904154,303.9895635706543,301.72362241700347,303.5579528808594,16336500,0.0,0.0,166542000000.0,0.0,13931000000.0,0.0,364840000000.0,0.0,74602000000.0,0.0,61270000000.0,0.0
2023-05-16,303.92094882910635,307.72695475671816,303.92094882910635,305.7945251464844,26730300,0.0,0.0,166542000000.0,0.0,13931000000.0,0.0,364840000000.0,0.0,74602000000.0,0.0,61270000000.0,0.0
2023-05-17,307.0036775549358,309.10743681750125,305.47989738715967,308.6847229003906,24315000,0.68,0.0,166542000000.0,0.0,13931000000.0,0.0,364840000000.0,0.0,74602000000.0,0.0,61270000000.0,0.0
2023-05-18,309.20581541203563,313.6394823198299,308.4095290274022,313.1282653808594,27276000,0.0,0.0,166542000000.0,0.0,13931000000.0,0.0,364840000000.0,0.0,74602000000.0,0.0,61270000000.0,0.0
2023-05-19,311.37834159149793,313.35432671083794,311.0146096045722,312.9512634277344,27546700,0.0,0.0,166542000000.0,0.0,13931000000.0,0.0,364840000000.0,0.0,74602000000.0,0.0,61270000000.0,0.0
2023-05-22,313.2068809214525,317.1293303008465,312.6268717902356,315.7431945800781,24115700,0.0,0.0,166542000000.0,0.0,13931000000.0,0.0,364840000000.0,0.0,74602000000.0,0.0,61270000000.0,0.0
2023-05-23,314.6126452216037,317.2571122621046,309.9135605550199,309.92340087890625,30797200,0.0,0.0,166542000000.0,0.0,13931000000.0,0.0,364840000000.0,0.0,74602000000.0,0.0,61270000000.0,0.0
2023-05-24,309.4024010311534,311.14242845628706,307.3182622495086,308.53729248046875,23384900,0.0,0.0,166542000000.0,0.0,13931000000.0,0.0,364840000000.0,0.0,74602000000.0,0.0,61270000000.0,0.0
2023-05-25,317.7683276646015,321.3663764150408,314.5831825416838,320.4029846191406,43301700,0.0,0.0,166542000000.0,0.0,13931000000.0,0.0,364840000000.0,0.0,74602000000.0,0.0,61270000000.0,0.0
2023-05-26,318.5350972767318,327.75632087129475,318.39748274598566,327.2549743652344,36630600,0.0,0.0,166542000000.0,0.0,13931000000.0,0.0,364840000000.0,0.0,74602000000.0,0.0,61270000000.0,0.0
2023-05-30,329.5554254864439,330.05677209197256,324.92513212254653,325.60345458984375,29503100,0.0,0.0,166542000000.0,0.0,13931000000.0,0.0,364840000000.0,0.0,74602000000.0,0.0,61270000000.0,0.0
2023-05-31,326.6651533185743,330.2533617664541,321.78909235828155,322.8311767578125,45950600,0.0,0.0,166542000000.0,0.0,13931000000.0,0.0,364840000000.0,0.0,74602000000.0,0.0,61270000000.0,0.0
2023-06-01,320.41277005822946,327.8841260635335,319.2232608919035,326.9501953125,26773900,0.0,0.0,166542000000.0,0.0,13931000000.0,0.0,364840000000.0,0.0,74602000000.0,0.0,61270000000.0,0.0
2023-06-02,328.59191548486876,331.7869004521861,326.9206805784931,329.7224426269531,25873800,0.0,0.0,166542000000.0,0.0,13931000000.0,0.0,364840000000.0,0.0,74602000000.0,0.0,61270000000.0,0.0
2023-06-05,329.5455435788118,332.8290019187476,328.99502541409146,330.25335693359375,21307100,0.0,0.0,166542000000.0,0.0,13931000000.0,0.0,364840000000.0,0.0,74602000000.0,0.0,61270000000.0,0.0
2023-06-06,329.65367979425776,329.6930110935296,326.5471971745733,328.0316162109375,20396200,0.0,0.0,166542000000.0,0.0,13931000000.0,0.0,364840000000.0,0.0,74602000000.0,0.0,61270000000.0,0.0
2023-06-07,326.03597374540885,328.8278959178741,317.04086678111935,317.9059753417969,40717100,0.0,0.0,166542000000.0,0.0,13931000000.0,0.0,364840000000.0,0.0,74602000000.0,0.0,61270000000.0,0.0
2023-06-08,318.45642678636824,321.1107338594389,317.87641775949396,319.75408935546875,23277700,0.0,0.0,166542000000.0,0.0,13931000000.0,0.0,364840000000.0,0.0,74602000000.0,0.0,61270000000.0,0.0
2023-06-09,319.4887521148258,324.4041150754576,318.91858321183014,321.25830078125,22529000,0.0,0.0,166542000000.0,0.0,13931000000.0,0.0,364840000000.0,0.0,74602000000.0,0.0,61270000000.0,0.0
2023-06-12,323.0178783710778,326.47831201668896,319.65578795519957,326.2325439453125,24260300,0.0,0.0,166542000000.0,0.0,13931000000.0,0.0,364840000000.0,0.0,74602000000.0,0.0,61270000000.0,0.0
2023-06-13,328.80820192187525,331.27572305928487,324.79728003412475,328.6312561035156,22951300,0.0,0.0,166542000000.0,0.0,13931000000.0,0.0,364840000000.0,0.0,74602000000.0,0.0,61270000000.0,0.0
2023-06-14,328.68042148204876,333.3008737465053,327.1763219152769,331.629638671875,26003800,0.0,0.0,166542000000.0,0.0,13931000000.0,0.0,364840000000.0,0.0,74602000000.0,0.0,61270000000.0,0.0
2023-06-15,331.76732469157105,343.9180866324939,331.4920655861422,342.2075500488281,38899100,0.0,0.0,166542000000.0,0.0,13931000000.0,0.0,364840000000.0,0.0,74602000000.0,0.0,61270000000.0,0.0
2023-06-16,345.3729973890222,345.52045224652784,336.16161394464854,336.53515625,46552000,0.0,0.0,166542000000.0,0.0,13931000000.0,0.0,364840000000.0,0.0,74602000000.0,0.0,61270000000.0,0.0
2023-06-20,333.5663176321454,336.28941757561955,330.17470560784415,332.32763671875,26375400,0.0,0.0,166542000000.0,0.0,13931000000.0,0.0,364840000000.0,0.0,74602000000.0,0.0,61270000000.0,0.0
2023-06-21,330.67606636446294,332.0130604612283,326.4488669428893,327.91363525390625,25117800,0.0,0.0,166542000000.0,0.0,13931000000.0,0.0,364840000000.0,0.0,74602000000.0,0.0,61270000000.0,0.0
2023-06-22,328.4641622943436,334.3625969961484,327.69736698314864,333.95953369140625,23556800,0.0,0.0,166542000000.0,0.0,13931000000.0,0.0,364840000000.0,0.0,74602000000.0,0.0,61270000000.0,0.0
2023-06-23,328.7000760810229,332.23914275155624,327.8055065902251,329.3489074707031,23146900,0.0,0.0,166542000000.0,0.0,13931000000.0,0.0,364840000000.0,0.0,74602000000.0,0.0,61270000000.0,0.0
2023-06-26,328.07092355992313,330.420451002799,322.9294440913957,323.03759765625,21520600,0.0,0.0,166542000000.0,0.0,13931000000.0,0.0,364840000000.0,0.0,74602000000.0,0.0,61270000000.0,0.0
2023-06-27,326.242407248698,330.45979643869066,323.72574418918015,328.90655517578125,24354100,0.0,0.0,166542000000.0,0.0,13931000000.0,0.0,364840000000.0,0.0,74602000000.0,0.0,61270000000.0,0.0
2023-06-28,328.99502786561385,332.2588355814836,328.1594102876184,330.1648864746094,20259500,0.0,0.0,166542000000.0,0.0,13931000000.0,0.0,364840000000.0,0.0,74602000000.0,0.0,61270000000.0,0.0
2023-06-29,329.04417693018956,330.4204723833769,326.9895590748973,329.37841796875,16997000,0.0,0.0,166542000000.0,0.0,13931000000.0,0.0,364840000000.0,0.0,74602000000.0,0.0,61270000000.0,0.0
2023-06-30,332.03267152470943,336.92838241149826,331.4919937565217,334.77545166015625,26832800,0.0,0.0,206223000000.0,23.826422163778506,34704000000.0,149.11348790467304,411976000000.0,12.919636004824032,80108000000.0,7.380499182327552,59965000000.0,-2.129916761873674
2023-07-03,333.44834517518075,335.1293906566377,330.87270016823766,332.2686462402344,12508700,0.0,0.0,206223000000.0,23.826422163778506,34704000000.0,149.11348790467304,411976000000.0,12.919636004824032,80108000000.0,7.380499182327552,59965000000.0,-2.129916761873674
2023-07-05,329.4177043821665,335.86665648494886,329.06381274284894,332.4259033203125,18172400,0.0,0.0,206223000000.0,23.826422163778506,34704000000.0,149.11348790467304,411976000000.0,12.919636004824032,80108000000.0,7.380499182327552,59965000000.0,-2.129916761873674
2023-07-06,331.5903346098022,337.18401940600376,329.8208161509684,335.4931335449219,28161200,0.0,0.0,206223000000.0,23.826422163778506,34704000000.0,149.11348790467304,411976000000.0,12.919636004824032,80108000000.0,7.380499182327552,59965000000.0,-2.129916761873674
2023-07-07,333.5761156416205,336.00430553625574,331.29538059868645,331.51165771484375,21214800,0.0,0.0,206223000000.0,23.826422163778506,34704000000.0,149.11348790467304,411976000000.0,12.919636004824032,80108000000.0,7.380499182327552,59965000000.0,-2.129916761873674
2023-07-10,328.93602028459145,329.55536067649837,322.0446733856095,326.212890625,32791400,0.0,0.0,206223000000.0,23.826422163778506,34704000000.0,149.11348790467304,411976000000.0,12.919636004824032,80108000000.0,7.380499182327552,59965000000.0,-2.129916761873674
2023-07-11,325.45596628174627,327.2254847097536,321.4646944933152,326.84210205078125,26698200,0.0,0.0,206223000000.0,23.826422163778506,34704000000.0,149.11348790467304,411976000000.0,12.919636004824032,80108000000.0,7.380499182327552,59965000000.0,-2.129916761873674
2023-07-12,330.9021854547732,335.8666892186245,329.9879352964464,331.4920349121094,29995300,0.0,0.0,206223000000.0,23.826422163778506,34704000000.0,149.11348790467304,411976000000.0,12.919636004824032,80108000000.0,7.380499182327552,59965000000.0,-2.129916761873674
2023-07-13,333.81205821506575,337.92129360338816,333.2811907244009,336.8595886230469,20567200,0.0,0.0,206223000000.0,23.826422163778506,34704000000.0,149.11348790467304,411976000000.0,12.919636004824032,80108000000.0,7.380499182327552,59965000000.0,-2.129916761873674
2023-07-14,341.70613067280914,345.4811250749577,338.48165441257885,339.3959045410156,28352700,0.0,0.0,206223000000.0,23.826422163778506,34704000000.0,149.11348790467304,411976000000.0,12.919636004824032,80108000000.0,7.380499182327552,59965000000.0,-2.129916761873674
2023-07-17,339.8284223789955,341.1162446802266,336.40735000668093,339.8775939941406,20363900,0.0,0.0,206223000000.0,23.826422163778506,34704000000.0,149.11348790467304,411976000000.0,12.919636004824032,80108000000.0,7.380499182327552,59965000000.0,-2.129916761873674
2023-07-18,339.9759501445123,360.57133106049383,336.37793118829495,353.40472412109375,64738600,0.0,0.0,206223000000.0,23.826422163778506,34704000000.0,149.11348790467304,411976000000.0,12.919636004824032,80108000000.0,7.380499182327552,59965000000.0,-2.129916761873674
2023-07-19,355.6264420712178,356.3244150776322,346.4740403920073,349.0693359375,39732900,0.0,0.0,206223000000.0,23.826422163778506,34704000000.0,149.11348790467304,411976000000.0,12.919636004824032,80108000000.0,7.380499182327552,59965000000.0,-2.129916761873674
2023-07-20,347.5848875634458,351.9103997734986,339.5236825348579,340.998291015625,33778400,0.0,0.0,206223000000.0,23.826422163778506,34704000000.0,149.11348790467304,411976000000.0,12.919636004824032,80108000000.0,7.380499182327552,59965000000.0,-2.129916761873674
2023-07-21,343.2396782599956,344.37020537421716,334.0774374716023,337.95074462890625,69405400,0.0,0.0,206223000000.0,23.826422163778506,34704000000.0,149.11348790467304,411976000000.0,12.919636004824032,80108000000.0,7.380499182327552,59965000000.0,-2.129916761873674
2023-07-24,339.9955603075345,341.0474548667673,336.5154759718877,339.26806640625,26678100,0.0,0.0,206223000000.0,23.826422163778506,34704000000.0,149.11348790467304,411976000000.0,12.919636004824032,80108000000.0,7.380499182327552,59965000000.0,-2.129916761873674
2023-07-25,341.23421180313346,345.9333262001537,339.22876591095803,345.0387268066406,41637700,0.0,0.0,206223000000.0,23.826422163778506,34704000000.0,149.11348790467304,411976000000.0,12.919636004824032,80108000000.0,7.380499182327552,59965000000.0,-2.129916761873674
2023-07-26,335.66028807830253,338.8356231603512,327.4712770775954,332.0523986816406,58383700,0.0,0.0,206223000000.0,23.826422163778506,34704000000.0,149.11348790467304,411976000000.0,12.919636004824032,80108000000.0,7.380499182327552,59965000000.0,-2.129916761873674
2023-07-27,334.7164688714893,335.55205632911367,323.479929635845,325.1216735839844,39635300,0.0,0.0,206223000000.0,23.826422163778506,34704000000.0,149.11348790467304,411976000000.0,12.919636004824032,80108000000.0,7.380499182327552,59965000000.0,-2.129916761873674
2023-07-28,328.02178951344797,334.2544650928314,327.53025330055345,332.6422119140625,28484900,0.0,0.0,206223000000.0,23.826422163778506,34704000000.0,149.11348790467304,411976000000.0,12.919636004824032,80108000000.0,7.380499182327552,59965000000.0,-2.129916761873674
2023-07-31,331.2167760424693,331.9835713371964,327.7170105936494,330.23370361328125,25446000,0.0,0.0,206223000000.0,23.826422163778506,34704000000.0,149.11348790467304,411976000000.0,12.919636004824032,80108000000.0,7.380499182327552,59965000000.0,-2.129916761873674
2023-08-01,329.5160486388289,332.8093472638062,328.0512803254377,330.6465759277344,18311900,0.0,0.0,206223000000.0,23.826422163778506,34704000000.0,149.11348790467304,411976000000.0,12.919636004824032,80108000000.0,7.380499182327552,59965000000.0,-2.129916761873674
2023-08-02,327.9824458178332,327.9824458178332,320.8354903518812,321.9562072753906,27761300,0.0,0.0,206223000000.0,23.826422163778506,34704000000.0,149.11348790467304,411976000000.0,12.919636004824032,80108000000.0,7.380499182327552,59965000000.0,-2.129916761873674
2023-08-03,320.481661659969,324.29598807743076,320.43252003127776,321.1304931640625,18253700,0.0,0.0,206223000000.0,23.826422163778506,34704000000.0,149.11348790467304,411976000000.0,12.919636004824032,80108000000.0,7.380499182327552,59965000000.0,-2.129916761873674
2023-08-04,326.2621096416052,329.46693562670976,321.7006387916162,322.23150634765625,23741500,0.0,0.0,206223000000.0,23.826422163778506,34704000000.0,149.11348790467304,411976000000.0,12.919636004824032,80108000000.0,7.380499182327552,59965000000.0,-2.129916761873674
2023-08-07,322.8114972201717,325.50510614632094,321.97587963329613,324.52203369140625,17741500,0.0,0.0,206223000000.0,23.826422163778506,34704000000.0,149.11348790467304,411976000000.0,12.919636004824032,80108000000.0,7.380499182327552,59965000000.0,-2.129916761873674
2023-08-08,321.42533064951436,323.1850385754183,317.5323725014756,320.5307312011719,22327600,0.0,0.0,206223000000.0,23.826422163778506,34704000000.0,149.11348790467304,411976000000.0,12.919636004824032,80108000000.0,7.380499182327552,59965000000.0,-2.129916761873674
2023-08-09,320.9436693175295,321.5728200955336,315.6154033490083,316.77545166015625,22373300,0.0,0.0,206223000000.0,23.826422163778506,34704000000.0,149.11348790467304,411976000000.0,12.919636004824032,80108000000.0,7.380499182327552,59965000000.0,-2.129916761873674
2023-08-10,320.5012521187965,322.70335468908695,315.74318531670457,317.46356201171875,20113700,0.0,0.0,206223000000.0,23.826422163778506,34704000000.0,149.11348790467304,411976000000.0,12.919636004824032,80108000000.0,7.380499182327552,59965000000.0,-2.129916761873674
2023-08-11,314.83877602320496,316.95237568031445,313.8065320039268,315.5760803222656,24355500,0.0,0.0,206223000000.0,23.826422163778506,34704000000.0,149.11348790467304,411976000000.0,12.919636004824032,80108000000.0,7.380499182327552,59965000000.0,-2.129916761873674
2023-08-14,315.94964327343246,318.5744296997712,314.66179086831823,318.5547790527344,18836100,0.0,0.0,206223000000.0,23.826422163778506,34704000000.0,149.11348790467304,411976000000.0,12.919636004824032,80108000000.0,7.380499182327552,59965000000.0,-2.129916761873674
2023-08-15,317.53239911449145,319.5870169204076,315.4679409838277,316.41168212890625,16966300,0.0,0.0,206223000000.0,23.826422163778506,34704000000.0,149.11348790467304,411976000000.0,12.919636004824032,80108000000.0,7.380499182327552,59965000000.0,-2.129916761873674
2023-08-16,316.03730499135764,319.6035867530306,315.0521512600074,315.64324951171875,20698900,0.68,0.0,206223000000.0,23.826422163778506,34704000000.0,149.11348790467304,411976000000.0,12.919636004824032,80108000000.0,7.380499182327552,59965000000.0,-2.129916761873674
2023-08-17,315.78120358070635,317.0914448901851,311.51547084312125,312.175537109375,21257200,0.0,0.0,206223000000.0,23.826422163778506,34704000000.0,149.11348790467304,411976000000.0,12.919636004824032,80108000000.0,7.380499182327552,59965000000.0,-2.129916761873674
2023-08-18,309.8209872544114,313.6532496991234,306.9246328799907,311.7814636230469,24755000,0.0,0.0,206223000000.0,23.826422163778506,34704000000.0,149.11348790467304,411976000000.0,12.919636004824032,80108000000.0,7.380499182327552,59965000000.0,-2.129916761873674
2023-08-21,313.20991857735174,317.97805902911256,312.3331473900361,317.1012878417969,24040000,0.0,0.0,206223000000.0,23.826422163778506,34704000000.0,149.11348790467304,411976000000.0,12.919636004824032,80108000000.0,7.380499182327552,59965000000.0,-2.129916761873674
2023-08-22,320.66754426236673,321.23892020655586,316.6875147112175,317.67266845703125,16084600,0.0,0.0,206223000000.0,23.826422163778506,34704000000.0,149.11348790467304,411976000000.0,12.919636004824032,80108000000.0,7.380499182327552,59965000000.0,-2.129916761873674
2023-08-23,319.01248208467564,324.3126138630537,318.65781111498035,322.145263671875,21166400,0.0,0.0,206223000000.0,23.826422163778506,34704000000.0,149.11348790467304,411976000000.0,12.919636004824032,80108000000.0,7.380499182327552,59965000000.0,-2.129916761873674
2023-08-24,327.90848314598765,328.0365579639024,315.2098348852326,315.2196960449219,23281400,0.0,0.0,206223000000.0,23.826422163778506,34704000000.0,149.11348790467304,411976000000.0,12.919636004824032,80108000000.0,7.380499182327552,59965000000.0,-2.129916761873674
2023-08-25,316.697375267024,320.52960769740787,314.0670015423209,318.1849670410156,21684100,0.0,0.0,206223000000.0,23.826422163778506,34704000000.0,149.11348790467304,411976000000.0,12.919636004824032,80108000000.0,7.380499182327552,59965000000.0,-2.129916761873674
2023-08-28,320.8251800789058,321.30789580516176,316.943671823176,318.894287109375,14808500,0.0,0.0,206223000000.0,23.826422163778506,34704000000.0,149.11348790467304,411976000000.0,12.919636004824032,80108000000.0,7.380499182327552,59965000000.0,-2.129916761873674
2023-08-29,317.1013096869728,324.09590767397725,317.1013096869728,323.53436279296875,19284600,0.0,0.0,206223000000.0,23.826422163778506,34704000000.0,149.11348790467304,411976000000.0,12.919636004824032,80108000000.0,7.380499182327552,59965000000.0,-2.129916761873674
2023-08-30,323.79050827975385,324.913567962967,321.6034656708571,323.9087219238281,15222100,0.0,0.0,206223000000.0,23.826422163778506,34704000000.0,149.11348790467304,411976000000.0,12.919636004824032,80108000000.0,7.380499182327552,59965000000.0,-2.129916761873674
2023-08-31,324.3126669507392,325.99727165516003,321.92858135018474,322.89404296875,26411000,0.0,0.0,206223000000.0,23.826422163778506,34704000000.0,149.11348790467304,411976000000.0,12.919636004824032,80108000000.0,7.380499182327552,59965000000.0,-2.129916761873674
2023-09-01,326.39129110984953,327.06118845381434,321.9285457619997,323.7806396484375,14942000,0.0,0.0,206223000000.0,23.826422163778506,34704000000.0,149.11348790467304,411976000000.0,12.919636004824032,80108000000.0,7.380499182327552,59965000000.0,-2.129916761873674
2023-09-05,324.11555480693727,329.87870974269697,323.7806061695885,328.5979919433594,18553900,0.0,0.0,206223000000.0,23.826422163778506,34704000000.0,149.11348790467304,411976000000.0,12.919636004824032,80108000000.0,7.380499182327552,59965000000.0,-2.129916761873674
2023-09-06,328.4305957244297,329.4945486553449,325.2780913747757,327.9380187988281,17535800,0.0,0.0,206223000000.0,23.826422163778506,34704000000.0,149.11348790467304,411976000000.0,12.919636004824032,80108000000.0,7.380499182327552,59965000000.0,-2.129916761873674
2023-09-07,326.37160197842854,328.1350055862109,324.14514483010225,325.0120849609375,18381000,0.0,0.0,206223000000.0,23.826422163778506,34704000000.0,149.11348790467304,411976000000.0,12.919636004824032,80108000000.0,7.380499182327552,59965000000.0,-2.129916761873674
2023-09-08,325.189406952983,331.16929760056996,324.5687552625587,329.3073425292969,19530100,0.0,0.0,206223000000.0,23.826422163778506,34704000000.0,149.11348790467304,411976000000.0,12.919636004824032,80108000000.0,7.380499182327552,59965000000.0,-2.129916761873674
2023-09-11,332.2332928393112,333.39579729462235,330.45016667890303,332.92291259765625,16583300,0.0,0.0,206223000000.0,23.826422163778506,34704000000.0,149.11348790467304,411976000000.0,12.919636004824032,80108000000.0,7.380499182327552,59965000000.0,-2.129916761873674
2023-09-12,330.83431177810604,331.7899120379959,326.55874846963604,326.84442138671875,17565500,0.0,0.0,206223000000.0,23.826422163778506,34704000000.0,149.11348790467304,411976000000.0,12.919636004824032,80108000000.0,7.380499182327552,59965000000.0,-2.129916761873674
2023-09-13,326.39128990249543,331.8490501523294,326.2533840096043,331.0707702636719,16544400,0.0,0.0,206223000000.0,23.826422163778506,34704000000.0,149.11348790467304,411976000000.0,12.919636004824032,80108000000.0,7.380499182327552,59965000000.0,-2.129916761873674
2023-09-14,334.1149015081179,335.7995060691533,331.57321796102076,333.6716003417969,20267000,0.0,0.0,206223000000.0,23.826422163778506,34704000000.0,149.11348790467304,411976000000.0,12.919636004824032,80108000000.0,7.380499182327552,59965000000.0,-2.129916761873674
2023-09-15,331.91798541655635,332.3908399335854,324.75589904418035,325.31744384765625,37679800,0.0,0.0,206223000000.0,23.826422163778506,34704000000.0,149.11348790467304,411976000000.0,12.919636004824032,80108000000.0,7.380499182327552,59965000000.0,-2.129916761873674
2023-09-18,322.93334890127437,325.4947543602103,321.5147252644638,324.1746520996094,16834200,0.0,0.0,206223000000.0,23.826422163778506,34704000000.0,149.11348790467304,411976000000.0,12.919636004824032,80108000000.0,7.380499182327552,59965000000.0,-2.129916761873674
2023-09-19,321.32762034749874,324.49981670881084,319.69226147159173,323.7707824707031,16505900,0.0,0.0,206223000000.0,23.826422163778506,34704000000.0,149.11348790467304,411976000000.0,12.919636004824032,80108000000.0,7.380499182327552,59965000000.0,-2.129916761873674
2023-09-20,324.6181095647889,324.69690865771446,315.75172341718394,316.0078430175781,21436500,0.0,0.0,206223000000.0,23.826422163778506,34704000000.0,149.11348790467304,411976000000.0,12.919636004824032,80108000000.0,7.380499182327552,59965000000.0,-2.129916761873674
2023-09-21,314.5202131437501,320.5197962034768,310.3234483172927,314.78619384765625,35560400,0.0,0.0,206223000000.0,23.826422163778506,34704000000.0,149.11348790467304,411976000000.0,12.919636004824032,80108000000.0,7.380499182327552,59965000000.0,-2.129916761873674
2023-09-22,316.54962990690495,316.6777047127133,311.45637147338414,312.3036193847656,21447900,0.0,0.0,206223000000.0,23.826422163778506,34704000000.0,149.11348790467304,411976000000.0,12.919636004824032,80108000000.0,7.380499182327552,59965000000.0,-2.129916761873674
2023-09-25,311.88986692369065,312.9538499627099,310.3234758438393,312.8257751464844,17836000,0.0,0.0,206223000000.0,23.826422163778506,34704000000.0,149.11348790467304,411976000000.0,12.919636004824032,80108000000.0,7.380499182327552,59965000000.0,-2.129916761873674
2023-09-26,310.45155145037705,311.19041687093375,305.4173994181049,307.5059509277344,26297600,0.0,0.0,206223000000.0,23.826422163778506,34704000000.0,149.11348790467304,411976000000.0,12.919636004824032,80108000000.0,7.380499182327552,59965000000.0,-2.129916761873674
2023-09-27,307.6634944681224,309.63380190644403,305.09225769207535,308.146240234375,19410100,0.0,0.0,206223000000.0,23.826422163778506,34704000000.0,149.11348790467304,411976000000.0,12.919636004824032,80108000000.0,7.380499182327552,59965000000.0,-2.129916761873674
2023-09-28,306.37299129807553,310.79635260217924,304.8558759902322,308.9836730957031,19683600,0.0,0.0,206223000000.0,23.826422163778506,34704000000.0,149.11348790467304,411976000000.0,12.919636004824032,80108000000.0,7.380499182327552,59965000000.0,-2.129916761873674
2023-09-29,313.0326245233169,314.72709028665287,310.30375928067184,311.06231689453125,24147300,0.0,0.0,206223000000.0,23.826422163778506,34704000000.0,149.11348790467304,411976000000.0,12.919636004824032,80108000000.0,7.380499182327552,59965000000.0,-2.129916761873674
2023-10-02,311.5844231256774,317.1111512307064,310.50074800072014,317.0224609375,20570000,0.0,0.0,206223000000.0,23.826422163778506,34704000000.0,149.11348790467304,411976000000.0,12.919636004824032,80108000000.0,7.380499182327552,59965000000.0,-2.129916761873674
2023-10-03,316.0668823806455,316.6185961714055,306.5897075763458,308.73736572265625,21033500,0.0,0.0,206223000000.0,23.826422163778506,34704000000.0,149.11348790467304,411976000000.0,12.919636004824032,80108000000.0,7.380499182327552,59965000000.0,-2.129916761873674
2023-10-04,309.36783899365224,315.2886228065035,309.3382855829603,314.2246398925781,20720100,0.0,0.0,206223000000.0,23.826422163778506,34704000000.0,149.11348790467304,411976000000.0,12.919636004824032,80108000000.0,7.380499182327552,59965000000.0,-2.129916761873674
2023-10-05,314.35270217569223,315.22950343215035,310.22490561454885,314.6186828613281,16965600,0.0,0.0,206223000000.0,23.826422163778506,34704000000.0,149.11348790467304,411976000000.0,12.919636004824032,80108000000.0,7.380499182327552,59965000000.0,-2.129916761873674
2023-10-06,311.8504688736196,324.30282915379973,311.6041803876779,322.4014892578125,25673600,0.0,0.0,206223000000.0,23.826422163778506,34704000000.0,149.11348790467304,411976000000.0,12.919636004824032,80108000000.0,7.380499182327552,59965000000.0,-2.129916761873674
2023-10-09,319.9286944478217,325.3962859760922,318.3819957765028,324.9234313964844,19891200,0.0,0.0,206223000000.0,23.826422163778506,34704000000.0,149.11348790467304,411976000000.0,12.919636004824032,80108000000.0,7.380499182327552,59965000000.0,-2.129916761873674
2023-10-10,326.0465014357721,326.1844374022075,322.80536699864604,323.5146789550781,20557100,0.0,0.0,206223000000.0,23.826422163778506,34704000000.0,149.11348790467304,411976000000.0,12.919636004824032,80108000000.0,7.380499182327552,59965000000.0,-2.129916761873674
2023-10-11,326.29280544996425,327.87891881705485,324.25355978443383,327.48486328125,20063200,0.0,0.0,206223000000.0,23.826422163778506,34704000000.0,149.11348790467304,411976000000.0,12.919636004824032,80108000000.0,7.380499182327552,59965000000.0,-2.129916761873674
2023-10-12,325.662293149409,328.67686131918805,323.8397526385864,326.2435302734375,19313100,0.0,0.0,206223000000.0,23.826422163778506,34704000000.0,149.11348790467304,411976000000.0,12.919636004824032,80108000000.0,7.380499182327552,59965000000.0,-2.129916761873674
2023-10-13,327.4454306740634,328.87388567074674,321.51478545137195,322.8644714355469,21072400,0.0,0.0,206223000000.0,23.826422163778506,34704000000.0,149.11348790467304,411976000000.0,12.919636004824032,80108000000.0,7.380499182327552,59965000000.0,-2.129916761873674
2023-10-16,326.1351476327568,331.14960684186315,325.69184646938805,327.7015686035156,22158000,0.0,0.0,206223000000.0,23.826422163778506,34704000000.0,149.11348790467304,411976000000.0,12.919636004824032,80108000000.0,7.380499182327552,59965000000.0,-2.129916761873674
2023-10-17,324.6968264635894,328.50936673162636,322.5491984669727,327.1301574707031,18338500,0.0,0.0,206223000000.0,23.826422163778506,34704000000.0,149.11348790467304,411976000000.0,12.919636004824032,80108000000.0,7.380499182327552,59965000000.0,-2.129916761873674
2023-10-18,327.5538080369347,330.60779111602983,323.42601082295175,325.2091369628906,23153600,0.0,0.0,206223000000.0,23.826422163778506,34704000000.0,149.11348790467304,411976000000.0,12.919636004824032,80108000000.0,7.380499182327552,59965000000.0,-2.129916761873674
2023-10-19,327.2187873693203,331.878575078581,325.9972064320994,326.401123046875,25052100,0.0,0.0,206223000000.0,23.826422163778506,34704000000.0,149.11348790467304,411976000000.0,12.919636004824032,80108000000.0,7.380499182327552,59965000000.0,-2.129916761873674
2023-10-20,326.7952358568411,326.9922786523629,320.6183320494055,321.8202209472656,25027700,0.0,0.0,206223000000.0,23.826422163778506,34704000000.0,149.11348790467304,411976000000.0,12.919636004824032,80108000000.0,7.380499182327552,59965000000.0,-2.129916761873674
2023-10-23,320.63799913570296,327.79022513571806,319.57404629112153,324.43084716796875,24374700,0.0,0.0,206223000000.0,23.826422163778506,34704000000.0,149.11348790467304,411976000000.0,12.919636004824032,80108000000.0,7.380499182327552,59965000000.0,-2.129916761873674
2023-10-24,326.38145191312543,326.91344339948563,322.73640078016155,325.6228942871094,31153600,0.0,0.0,206223000000.0,23.826422163778506,34704000000.0,149.11348790467304,411976000000.0,12.919636004824032,80108000000.0,7.380499182327552,59965000000.0,-2.129916761873674
2023-10-25,339.8977607961559,341.0602651549816,332.607628527267,335.61236572265625,55053800,0.0,0.0,206223000000.0,23.826422163778506,34704000000.0,149.11348790467304,411976000000.0,12.919636004824032,80108000000.0,7.380499182327552,59965000000.0,-2.129916761873674
2023-10-26,335.48428431504954,336.5580983520132,322.086186588402,323.0220947265625,37828500,0.0,0.0,206223000000.0,23.826422163778506,34704000000.0,149.11348790467304,411976000000.0,12.919636004824032,80108000000.0,7.380499182327552,59965000000.0,-2.129916761873674
2023-10-27,325.52436476789876,331.7209906231655,323.5245037451174,324.91357421875,29856500,0.0,0.0,206223000000.0,23.826422163778506,34704000000.0,149.11348790467304,411976000000.0,12.919636004824032,80108000000.0,7.380499182327552,59965000000.0,-2.129916761873674
2023-10-30,328.46012188812404,334.41045907381,326.9035620962308,332.3022155761719,22828100,0.0,0.0,206223000000.0,23.826422163778506,34704000000.0,149.11348790467304,411976000000.0,12.919636004824032,80108000000.0,7.380499182327552,59965000000.0,-2.129916761873674
2023-10-31,333.8193968608595,333.9671639293421,329.7211531293836,333.0903625488281,20265300,0.0,0.0,206223000000.0,23.826422163778506,34704000000.0,149.11348790467304,411976000000.0,12.919636004824032,80108000000.0,7.380499182327552,59965000000.0,-2.129916761873674
2023-11-01,334.7453652224834,342.26209233898635,334.60742928131657,340.93212890625,28158800,0.0,0.0,206223000000.0,23.826422163778506,34704000000.0,149.11348790467304,411976000000.0,12.919636004824032,80108000000.0,7.380499182327552,59965000000.0,-2.129916761873674
2023-11-02,342.0848206936706,343.65121174149834,339.6514894286655,343.1488037109375,24348100,0.0,0.0,206223000000.0,23.826422163778506,34704000000.0,149.11348790467304,411976000000.0,12.919636004824032,80108000000.0,7.380499182327552,59965000000.0,-2.129916761873674
2023-11-03,344.4393653277712,349.1287075459124,342.1734933028786,347.5622863769531,23637700,0.0,0.0,206223000000.0,23.826422163778506,34704000000.0,149.11348790467304,411976000000.0,12.919636004824032,80108000000.0,7.380499182327552,59965000000.0,-2.129916761873674
2023-11-06,348.2026170147718,352.2318923839863,348.10409562346064,351.23687744140625,23828300,0.0,0.0,206223000000.0,23.826422163778506,34704000000.0,149.11348790467304,411976000000.0,12.919636004824032,80108000000.0,7.380499182327552,59965000000.0,-2.129916761873674
2023-11-07,354.064322499224,357.0788911715452,352.32061083645385,355.17755126953125,25833900,0.0,0.0,206223000000.0,23.826422163778506,34704000000.0,149.11348790467304,411976000000.0,12.919636004824032,80108000000.0,7.380499182327552,59965000000.0,-2.129916761873674
2023-11-08,356.3103779664203,358.46786694409883,355.19714949082766,357.8078308105469,26767800,0.0,0.0,206223000000.0,23.826422163778506,34704000000.0,149.11348790467304,411976000000.0,12.919636004824032,80108000000.0,7.380499182327552,59965000000.0,-2.129916761873674
2023-11-09,356.9212273081889,359.3742808349746,355.01002643681795,355.33514404296875,24847300,0.0,0.0,206223000000.0,23.826422163778506,34704000000.0,149.11348790467304,411976000000.0,12.919636004824032,80108000000.0,7.380499182327552,59965000000.0,-2.129916761873674
2023-11-10,356.1232128388484,364.60540210202504,355.7094651076726,364.1817932128906,28042100,0.0,0.0,206223000000.0,23.826422163778506,34704000000.0,149.11348790467304,411976000000.0,12.919636004824032,80108000000.0,7.380499182327552,59965000000.0,-2.129916761873674
2023-11-13,362.7533207541214,362.9996091955093,360.4677568025591,361.2361755371094,19986500,0.0,0.0,206223000000.0,23.826422163778506,34704000000.0,149.11348790467304,411976000000.0,12.919636004824032,80108000000.0,7.380499182327552,59965000000.0,-2.129916761873674
2023-11-14,365.5019224424188,366.42796942333877,361.8962559120404,364.77288818359375,27683900,0.0,0.0,206223000000.0,23.826422163778506,34704000000.0,149.11348790467304,411976000000.0,12.919636004824032,80108000000.0,7.380499182327552,59965000000.0,-2.129916761873674
2023-11-15,366.5102924140752,368.33653212587393,362.39384971370214,364.9209899902344,26860100,0.75,0.0,206223000000.0,23.826422163778506,34704000000.0,149.11348790467304,411976000000.0,12.919636004824032,80108000000.0,7.380499182327552,59965000000.0,-2.129916761873674
2023-11-16,366.19437308883926,371.5151437395558,365.4243947338304,371.33746337890625,27182300,0.0,0.0,206223000000.0,23.826422163778506,34704000000.0,149.11348790467304,411976000000.0,12.919636004824032,80108000000.0,7.380499182327552,59965000000.0,-2.129916761873674
2023-11-17,368.81033934726474,369.56058551454436,362.2852703283084,365.0986633300781,40157000,0.0,0.0,206223000000.0,23.826422163778506,34704000000.0,149.11348790467304,411976000000.0,12.919636004824032,80108000000.0,7.380499182327552,59965000000.0,-2.129916761873674
2023-11-20,366.4510910910283,374.0028086735615,366.2339161351991,372.5911865234375,52465100,0.0,0.0,206223000000.0,23.826422163778506,34704000000.0,149.11348790467304,411976000000.0,12.919636004824032,80108000000.0,7.380499182327552,59965000000.0,-2.129916761873674
2023-11-21,370.8439180073763,371.38684030809384,366.35235211982354,368.2773132324219,28423100,0.0,0.0,206223000000.0,23.826422163778506,34704000000.0,149.11348790467304,411976000000.0,12.919636004824032,80108000000.0,7.380499182327552,59965000000.0,-2.129916761873674
2023-11-22,373.14397762641977,374.910990611704,370.15290409014983,372.99591064453125,23345300,0.0,0.0,206223000000.0,23.826422163778506,34704000000.0,149.11348790467304,411976000000.0,12.919636004824032,80108000000.0,7.380499182327552,59965000000.0,-2.129916761873674
2023-11-24,372.48251644448624,373.11430897435366,370.3206785780063,372.58123779296875,10176600,0.0,0.0,206223000000.0,23.826422163778506,34704000000.0,149.11348790467304,411976000000.0,12.919636004824032,80108000000.0,7.380499182327552,59965000000.0,-2.129916761873674
2023-11-27,371.9396164792958,375.75004385501524,371.36708082466845,373.74609375,22179200,0.0,0.0,206223000000.0,23.826422163778506,34704000000.0,149.11348790467304,411976000000.0,12.919636004824032,80108000000.0,7.380499182327552,59965000000.0,-2.129916761873674
2023-11-28,373.489446576594,378.07970326739826,373.30188504482646,377.7835693359375,20453100,0.0,0.0,206223000000.0,23.826422163778506,34704000000.0,149.11348790467304,411976000000.0,12.919636004824032,80108000000.0,7.380499182327552,59965000000.0,-2.129916761873674
2023-11-29,378.8299894382341,379.36303057120796,372.5911728680929,373.9830627441406,28963400,0.0,0.0,206223000000.0,23.826422163778506,34704000000.0,149.11348790467304,411976000000.0,12.919636004824032,80108000000.0,7.380499182327552,59965000000.0,-2.129916761873674
2023-11-30,373.62767968120687,375.2071311418971,370.6464872667331,374.04229736328125,30554400,0.0,0.0,206223000000.0,23.826422163778506,34704000000.0,149.11348790467304,411976000000.0,12.919636004824032,80108000000.0,7.380499182327552,59965000000.0,-2.129916761873674
2023-12-01,371.9199171267098,373.3019258337439,366.5399191549517,369.6988220214844,33040500,0.0,0.0,206223000000.0,23.826422163778506,34704000000.0,149.11348790467304,411976000000.0,12.919636004824032,80108000000.0,7.380499182327552,59965000000.0,-2.129916761873674
2023-12-04,364.3582715480311,364.7728590438149,358.2379093318976,364.39776611328125,32063300,0.0,0.0,206223000000.0,23.826422163778506,34704000000.0,149.11348790467304,411976000000.0,12.919636004824032,80108000000.0,7.380499182327552,59965000000.0,-2.129916761873674
2023-12-05,361.7423166959654,368.287117368969,360.9229626368156,367.73431396484375,23065000,0.0,0.0,206223000000.0,23.826422163778506,34704000000.0,149.11348790467304,411976000000.0,12.919636004824032,80108000000.0,7.380499182327552,59965000000.0,-2.129916761873674
2023-12-06,368.74126102951465,369.37302349150957,363.30203657488124,364.0621337890625,21182100,0.0,0.0,206223000000.0,23.826422163778506,34704000000.0,149.11348790467304,411976000000.0,12.919636004824032,80108000000.0,7.380499182327552,59965000000.0,-2.129916761873674
2023-12-07,363.49945123863137,366.6780859011841,361.6139849204982,366.18450927734375,23118900,0.0,0.0,206223000000.0,23.826422163778506,34704000000.0,149.11348790467304,411976000000.0,12.919636004824032,80108000000.0,7.380499182327552,59965000000.0,-2.129916761873674
2023-12-08,364.4570439652716,369.64945031597034,363.4995039710911,369.42242431640625,20154400,0.0,0.0,206223000000.0,23.826422163778506,34704000000.0,149.11348790467304,411976000000.0,12.919636004824032,80108000000.0,7.380499182327552,59965000000.0,-2.129916761873674
2023-12-11,363.7462797263503,366.82619337920636,361.3968499172915,366.530029296875,27708800,0.0,0.0,206223000000.0,23.826422163778506,34704000000.0,149.11348790467304,411976000000.0,12.919636004824032,80108000000.0,7.380499182327552,59965000000.0,-2.129916761873674
2023-12-12,366.085815070236,369.60995965587347,365.70081081484244,369.5704650878906,24838300,0.0,0.0,206223000000.0,23.826422163778506,34704000000.0,149.11348790467304,411976000000.0,12.919636004824032,80108000000.0,7.380499182327552,59965000000.0,-2.129916761873674
2023-12-13,371.18940497024636,372.78861875933916,366.00684969916756,369.56060791015625,30955500,0.0,0.0,206223000000.0,23.826422163778506,34704000000.0,149.11348790467304,411976000000.0,12.919636004824032,80108000000.0,7.380499182327552,59965000000.0,-2.129916761873674
2023-12-14,368.51420016236455,368.9584312025777,359.45213999645404,361.22900390625,43277500,0.0,0.0,206223000000.0,23.826422163778506,34704000000.0,149.11348790467304,411976000000.0,12.919636004824032,80108000000.0,7.380499182327552,59965000000.0,-2.129916761873674
2023-12-15,362.13718664647274,367.6158752980434,361.57450204697403,365.96734619140625,78502300,0.0,0.0,206223000000.0,23.826422163778506,34704000000.0,149.11348790467304,411976000000.0,12.919636004824032,80108000000.0,7.380499182327552,59965000000.0,-2.129916761873674
2023-12-18,364.70376816099395,368.2081500319999,363.9436409033798,367.8626403808594,21802900,0.0,0.0,206223000000.0,23.826422163778506,34704000000.0,149.11348790467304,411976000000.0,12.919636004824032,80108000000.0,7.380499182327552,59965000000.0,-2.129916761873674
2023-12-19,366.7175935330502,368.4648742675781,365.0887965076412,368.4648742675781,20603700,0.0,0.0,206223000000.0,23.826422163778506,34704000000.0,149.11348790467304,411976000000.0,12.919636004824032,80108000000.0,7.380499182327552,59965000000.0,-2.129916761873674
2023-12-20,370.18247020291363,371.1992368493833,365.76989395307385,365.8587341308594,26316700,0.0,0.0,206223000000.0,23.826422163778506,34704000000.0,149.11348790467304,411976000000.0,12.919636004824032,80108000000.0,7.380499182327552,59965000000.0,-2.129916761873674
2023-12-21,367.77385084137376,369.60009056981636,365.2862352366139,368.74127197265625,17708000,0.0,0.0,206223000000.0,23.826422163778506,34704000000.0,149.11348790467304,411976000000.0,12.919636004824032,80108000000.0,7.380499182327552,59965000000.0,-2.129916761873674
2023-12-22,368.87948176784437,370.3602118938799,367.9219417479868,369.7679138183594,17107500,0.0,0.0,206223000000.0,23.826422163778506,34704000000.0,149.11348790467304,411976000000.0,12.919636004824032,80108000000.0,7.380499182327552,59965000000.0,-2.129916761873674
2023-12-26,370.1825218486259,372.0976018383653,368.70179176123145,369.8468933105469,12673100,0.0,0.0,206223000000.0,23.826422163778506,34704000000.0,149.11348790467304,411976000000.0,12.919636004824032,80108000000.0,7.380499182327552,59965000000.0,-2.129916761873674
2023-12-27,368.88931174783187,370.24170692184094,368.0206120410306,369.2644348144531,14905400,0.0,0.0,206223000000.0,23.826422163778506,34704000000.0,149.11348790467304,411976000000.0,12.919636004824032,80108000000.0,7.380499182327552,59965000000.0,-2.129916761873674
2023-12-28,370.5477330050664,371.62372649746874,369.3532859355964,370.4588928222656,14327000,0.0,0.0,206223000000.0,23.826422163778506,34704000000.0,149.11348790467304,411976000000.0,12.919636004824032,80108000000.0,7.380499182327552,59965000000.0,-2.129916761873674
2023-12-29,371.169642395573,372.3147438435589,368.6820269140694,371.2091369628906,18730800,0.0,0.0,206223000000.0,23.826422163778506,34704000000.0,149.11348790467304,411976000000.0,12.919636004824032,80108000000.0,7.380499182327552,59965000000.0,-2.129916761873674
2024-01-02,369.0571084332548,371.0709095466851,362.0581953380122,366.10552978515625,25258600,0.0,0.0,206223000000.0,23.826422163778506,34704000000.0,149.11348790467304,411976000000.0,12.919636004824032,80108000000.0,7.380499182327552,59965000000.0,-2.129916761873674
2024-01-03,364.2694496401492,368.46485117398277,363.77587298911,365.8390197753906,23083500,0.0,0.0,206223000000.0,23.826422163778506,34704000000.0,149.11348790467304,411976000000.0,12.919636004824032,80108000000.0,7.380499182327552,59965000000.0,-2.129916761873674
2024-01-04,365.9081659597394,368.3069415042415,362.4531290415486,363.2132263183594,20901500,0.0,0.0,206223000000.0,23.826422163778506,34704000000.0,149.11348790467304,411976000000.0,12.919636004824032,80108000000.0,7.380499182327552,59965000000.0,-2.129916761873674
2024-01-05,364.2299324066576,367.28023230519466,361.79166269723777,363.0256042480469,21004600,0.0,0.0,206223000000.0,23.826422163778506,34704000000.0,149.11348790467304,411976000000.0,12.919636004824032,80108000000.0,7.380499182327552,59965000000.0,-2.129916761873674
2024-01-08,364.5557242835835,370.3799532157685,364.2694714991835,369.8764953613281,23134000,0.0,0.0,206223000000.0,23.826422163778506,34704000000.0,149.11348790467304,411976000000.0,12.919636004824032,80108000000.0,7.380499182327552,59965000000.0,-2.129916761873674
2024-01-09,367.23093330789527,371.15978442404423,366.4214603176876,370.9623718261719,20830000,0.0,0.0,206223000000.0,23.826422163778506,34704000000.0,149.11348790467304,411976000000.0,12.919636004824032,80108000000.0,7.380499182327552,59965000000.0,-2.129916761873674
2024-01-10,371.5348859821227,379.23469986544035,371.48554036689814,377.8526611328125,25514200,0.0,0.0,206223000000.0,23.826422163778506,34704000000.0,149.11348790467304,411976000000.0,12.919636004824032,80108000000.0,7.380499182327552,59965000000.0,-2.129916761873674
2024-01-11,381.0411463241009,385.6610162048473,375.49334999822275,379.6887512207031,27850800,0.0,0.0,206223000000.0,23.826422163778506,34704000000.0,149.11348790467304,411976000000.0,12.919636004824032,80108000000.0,7.380499182327552,59965000000.0,-2.129916761873674
2024-01-12,380.53773385254453,383.68675543751164,379.7085286566561,383.4794616699219,21661200,0.0,0.0,206223000000.0,23.826422163778506,34704000000.0,149.11348790467304,411976000000.0,12.919636004824032,80108000000.0,7.380499182327552,59965000000.0,-2.129916761873674
2024-01-16,388.6027813692521,388.9680232792621,382.64036685364044,385.2563171386719,27202300,0.0,0.0,206223000000.0,23.826422163778506,34704000000.0,149.11348790467304,411976000000.0,12.919636004824032,80108000000.0,7.380499182327552,59965000000.0,-2.129916761873674
2024-01-17,382.99576492837696,385.09837624388496,379.86647557529443,384.46661376953125,22234100,0.0,0.0,206223000000.0,23.826422163778506,34704000000.0,149.11348790467304,411976000000.0,12.919636004824032,80108000000.0,7.380499182327552,59965000000.0,-2.129916761873674
2024-01-18,386.68768506128634,388.92851216757646,385.10823378403643,388.81005859375,23392100,0.0,0.0,206223000000.0,23.826422163778506,34704000000.0,149.11348790467304,411976000000.0,12.919636004824032,80108000000.0,7.380499182327552,59965000000.0,-2.129916761873674
2024-01-19,390.67578129578703,393.54840087890625,388.4448053024204,393.54840087890625,29331100,0.0,0.0,206223000000.0,23.826422163778506,34704000000.0,149.11348790467304,411976000000.0,12.919636004824032,80108000000.0,7.380499182327552,59965000000.0,-2.129916761873674
2024-01-22,394.8810866300338,395.4733846867512,388.53369758806053,391.41619873046875,27016900,0.0,0.0,206223000000.0,23.826422163778506,34704000000.0,149.11348790467304,411976000000.0,12.919636004824032,80108000000.0,7.380499182327552,59965000000.0,-2.129916761873674
2024-01-23,390.6659247403921,394.24929609694567,388.8692984754516,393.77545166015625,20525900,0.0,0.0,206223000000.0,23.826422163778506,34704000000.0,149.11348790467304,411976000000.0,12.919636004824032,80108000000.0,7.380499182327552,59965000000.0,-2.129916761873674
2024-01-24,396.38157265965583,400.4190263282457,395.3055791013252,397.3884582519531,24867000,0.0,0.0,206223000000.0,23.826422163778506,34704000000.0,149.11348790467304,411976000000.0,12.919636004824032,80108000000.0,7.380499182327552,59965000000.0,-2.129916761873674
2024-01-25,399.12583992803854,401.7812847845524,397.3588270396622,399.66876220703125,21021200,0.0,0.0,206223000000.0,23.826422163778506,34704000000.0,149.11348790467304,411976000000.0,12.919636004824032,80108000000.0,7.380499182327552,59965000000.0,-2.129916761873674
2024-01-26,399.1751640590117,400.95205802517637,397.260084299944,398.7408142089844,17803300,0.0,0.0,206223000000.0,23.826422163778506,34704000000.0,149.11348790467304,411976000000.0,12.919636004824032,80108000000.0,7.380499182327552,59965000000.0,-2.129916761873674
2024-01-29,400.84343647677986,404.71309037732556,399.1356505508779,404.4564208984375,24510200,0.0,0.0,206223000000.0,23.826422163778506,34704000000.0,149.11348790467304,411976000000.0,12.919636004824032,80108000000.0,7.380499182327552,59965000000.0,-2.129916761873674
2024-01-30,406.96383885346637,407.7436682887795,401.22848045302675,403.3409729003906,33477600,0.0,0.0,206223000000.0,23.826422163778506,34704000000.0,149.11348790467304,411976000000.0,12.919636004824032,80108000000.0,7.380499182327552,59965000000.0,-2.129916761873674
2024-01-31,401.731946506787,409.98456474557076,392.10720068242125,392.4724426269531,47871100,0.0,0.0,206223000000.0,23.826422163778506,34704000000.0,149.11348790467304,411976000000.0,12.919636004824032,80108000000.0,7.380499182327552,59965000000.0,-2.129916761873674
2024-02-01,396.66775163864054,402.7585000540017,396.6381382480693,398.59271240234375,30657700,0.0,0.0,206223000000.0,23.826422163778506,34704000000.0,149.11348790467304,411976000000.0,12.919636004824032,80108000000.0,7.380499182327552,59965000000.0,-2.129916761873674
2024-02-02,398.6224149788767,407.3488474840627,398.3756266270597,405.9372253417969,28256700,0.0,0.0,206223000000.0,23.826422163778506,34704000000.0,149.11348790467304,411976000000.0,12.919636004824032,80108000000.0,7.380499182327552,59965000000.0,-2.129916761873674
2024-02-05,404.63412212946537,405.87794489838444,398.800042648597,400.438720703125,25352300,0.0,0.0,206223000000.0,23.826422163778506,34704000000.0,149.11348790467304,411976000000.0,12.919636004824032,80108000000.0,7.380499182327552,59965000000.0,-2.129916761873674
2024-02-06,400.6657964934495,402.72894332826615,397.7339499122829,400.2807922363281,18382600,0.0,0.0,206223000000.0,23.826422163778506,34704000000.0,149.11348790467304,411976000000.0,12.919636004824032,80108000000.0,7.380499182327552,59965000000.0,-2.129916761873674
2024-02-07,402.2057357082919,408.97759276390855,402.16624114185635,408.7308044433594,22340500,0.0,0.0,206223000000.0,23.826422163778506,34704000000.0,149.11348790467304,411976000000.0,12.919636004824032,80108000000.0,7.380499182327552,59965000000.0,-2.129916761873674
2024-02-08,408.7308122744756,410.22142339932105,407.23035010197816,408.7900390625,21225300,0.0,0.0,206223000000.0,23.826422163778506,34704000000.0,149.11348790467304,411976000000.0,12.919636004824032,80108000000.0,7.380499182327552,59965000000.0,-2.129916761873674
2024-02-09,409.91537777577173,415.4138284838294,409.7574296442869,415.14727783203125,22032800,0.0,0.0,206223000000.0,23.826422163778506,34704000000.0,149.11348790467304,411976000000.0,12.919636004824032,80108000000.0,7.380499182327552,59965000000.0,-2.129916761873674
2024-02-12,415.15713164506406,415.33481198420293,409.4217741805098,409.92523193359375,21202900,0.0,0.0,206223000000.0,23.826422163778506,34704000000.0,149.11348790467304,411976000000.0,12.919636004824032,80108000000.0,7.380499182327552,59965000000.0,-2.129916761873674
2024-02-13,399.73788224054636,404.80198377503444,398.2078065895252,401.10015869140625,27824900,0.0,0.0,206223000000.0,23.826422163778506,34704000000.0,149.11348790467304,411976000000.0,12.919636004824032,80108000000.0,7.380499182327552,59965000000.0,-2.129916761873674
2024-02-14,403.57262609504295,405.32310787901633,400.1111999525174,404.9769592285156,20401200,0.75,0.0,206223000000.0,23.826422163778506,34704000000.0,149.11348790467304,411976000000.0,12.919636004824032,80108000000.0,7.380499182327552,59965000000.0,-2.129916761873674
2024-02-15,403.64185769437967,404.6209371351609,399.83428294066107,402.0792541503906,21825500,0.0,0.0,206223000000.0,23.826422163778506,34704000000.0,149.11348790467304,411976000000.0,12.919636004824032,80108000000.0,7.380499182327552,59965000000.0,-2.129916761873674
2024-02-16,403.4637923812322,403.7901722944783,398.99361896429224,399.6067810058594,22296500,0.0,0.0,206223000000.0,23.826422163778506,34704000000.0,149.11348790467304,411976000000.0,12.919636004824032,80108000000.0,7.380499182327552,59965000000.0,-2.129916761873674
2024-02-20,398.7957913827642,400.0320148509245,393.62345170797335,398.35076904296875,24307900,0.0,0.0,206223000000.0,23.826422163778506,34704000000.0,149.11348790467304,411976000000.0,12.919636004824032,80108000000.0,7.380499182327552,59965000000.0,-2.129916761873674
2024-02-21,395.7596706387702,397.8563009238514,392.8421710254568,397.74749755859375,18518900,0.0,0.0,206223000000.0,23.826422163778506,34704000000.0,149.11348790467304,411976000000.0,12.919636004824032,80108000000.0,7.380499182327552,59965000000.0,-2.129916761873674
2024-02-22,405.66919761409457,408.28008583103167,404.0670568612319,407.11309814453125,27009900,0.0,0.0,206223000000.0,23.826422163778506,34704000000.0,149.11348790467304,411976000000.0,12.919636004824032,80108000000.0,7.380499182327552,59965000000.0,-2.129916761873674
2024-02-23,411.0888399370884,411.27671814639945,404.46266976176094,405.81756591796875,16295900,0.0,0.0,206223000000.0,23.826422163778506,34704000000.0,149.11348790467304,411976000000.0,12.919636004824032,80108000000.0,7.380499182327552,59965000000.0,-2.129916761873674
2024-02-26,406.9252114178632,407.61750865515694,402.87039227350954,403.0484313964844,16193500,0.0,0.0,206223000000.0,23.826422163778506,34704000000.0,149.11348790467304,411976000000.0,12.919636004824032,80108000000.0,7.380499182327552,59965000000.0,-2.129916761873674
2024-02-27,403.4934639055569,403.8198438215264,399.39910723637763,402.9891052246094,14835800,0.0,0.0,206223000000.0,23.826422163778506,34704000000.0,149.11348790467304,411976000000.0,12.919636004824032,80108000000.0,7.380499182327552,59965000000.0,-2.129916761873674
2024-02-28,403.6813316781892,404.7889830292892,400.85286699100425,403.2264099121094,13183100,0.0,0.0,206223000000.0,23.826422163778506,34704000000.0,149.11348790467304,411976000000.0,12.919636004824032,80108000000.0,7.380499182327552,59965000000.0,-2.129916761873674
2024-02-29,404.1363132517421,409.63503299154024,401.44628969562774,409.0812072753906,31947300,0.0,0.0,206223000000.0,23.826422163778506,34704000000.0,149.11348790467304,411976000000.0,12.919636004824032,80108000000.0,7.380499182327552,59965000000.0,-2.129916761873674
2024-03-01,406.7373238991448,411.28663268034427,406.35163783892614,410.92071533203125,17823400,0.0,0.0,206223000000.0,23.826422163778506,34704000000.0,149.11348790467304,411976000000.0,12.919636004824032,80108000000.0,7.380499182327552,59965000000.0,-2.129916761873674
2024-03-04,408.8834074088287,412.75031823241517,407.7757559549475,410.34710693359375,17596000,0.0,0.0,206223000000.0,23.826422163778506,34704000000.0,149.11348790467304,411976000000.0,12.919636004824032,80108000000.0,7.380499182327552,59965000000.0,-2.129916761873674
2024-03-05,409.39765868898735,409.6844709938999,396.22448391124544,398.2123107910156,26919200,0.0,0.0,206223000000.0,23.826422163778506,34704000000.0,149.11348790467304,411976000000.0,12.919636004824032,80108000000.0,7.380499182327552,59965000000.0,-2.129916761873674
2024-03-06,398.5288145311868,400.6946806605517,393.99930460815386,397.65850830078125,22344100,0.0,0.0,206223000000.0,23.826422163778506,34704000000.0,149.11348790467304,411976000000.0,12.919636004824032,80108000000.0,7.380499182327552,59965000000.0,-2.129916761873674
2024-03-07,401.644063065413,405.26372907387855,397.8068205149772,404.63079833984375,18718500,0.0,0.0,206223000000.0,23.826422163778506,34704000000.0,149.11348790467304,411976000000.0,12.919636004824032,80108000000.0,7.380499182327552,59965000000.0,-2.129916761873674
2024-03-08,403.4637944607813,405.89670410960423,399.87379648400184,401.74298095703125,18002200,0.0,0.0,206223000000.0,23.826422163778506,34704000000.0,149.11348790467304,411976000000.0,12.919636004824032,80108000000.0,7.380499182327552,59965000000.0,-2.129916761873674
2024-03-11,399.3100726931067,401.2088950055716,396.83762579993305,400.0616760253906,16120800,0.0,0.0,206223000000.0,23.826422163778506,34704000000.0,149.11348790467304,411976000000.0,12.919636004824032,80108000000.0,7.380499182327552,59965000000.0,-2.129916761873674
2024-03-12,403.1275136284859,410.98990677094014,402.306674544951,410.7030944824219,22457000,0.0,0.0,206223000000.0,23.826422163778506,34704000000.0,149.11348790467304,411976000000.0,12.919636004824032,80108000000.0,7.380499182327552,59965000000.0,-2.129916761873674
2024-03-13,413.4920831775679,413.57118820964047,406.9153795439051,410.525146484375,17115900,0.0,0.0,206223000000.0,23.826422163778506,34704000000.0,149.11348790467304,411976000000.0,12.919636004824032,80108000000.0,7.380499182327552,59965000000.0,-2.129916761873674
2024-03-14,415.60844401398504,423.10492026926096,413.3832416992079,420.5335693359375,34157300,0.0,0.0,206223000000.0,23.826422163778506,34704000000.0,149.11348790467304,411976000000.0,12.919636004824032,80108000000.0,7.380499182327552,59965000000.0,-2.129916761873674
2024-03-15,414.66893074173265,417.9424481650146,408.2405685225254,411.83056640625,45079900,0.0,0.0,206223000000.0,23.826422163778506,34704000000.0,149.11348790467304,411976000000.0,12.919636004824032,80108000000.0,7.380499182327552,59965000000.0,-2.129916761873674
2024-03-18,409.68450020848655,416.0930942031259,409.2196789285804,412.7206726074219,20106000,0.0,0.0,206223000000.0,23.826422163778506,34704000000.0,149.11348790467304,411976000000.0,12.919636004824032,80108000000.0,7.380499182327552,59965000000.0,-2.129916761873674
2024-03-19,413.2250029233721,417.0227081134529,410.970132443708,416.76556396484375,19837900,0.0,0.0,206223000000.0,23.826422163778506,34704000000.0,149.11348790467304,411976000000.0,12.919636004824032,80108000000.0,7.380499182327552,59965000000.0,-2.129916761873674
2024-03-20,417.3490749958178,421.2654227938467,416.0238469576272,420.5434875488281,17860100,0.0,0.0,206223000000.0,23.826422163778506,34704000000.0,149.11348790467304,411976000000.0,12.919636004824032,80108000000.0,7.380499182327552,59965000000.0,-2.129916761873674
2024-03-21,425.0927391745549,426.07184869793537,422.4521827120365,424.6378173828125,21296200,0.0,0.0,206223000000.0,23.826422163778506,34704000000.0,149.11348790467304,411976000000.0,12.919636004824032,80108000000.0,7.380499182327552,59965000000.0,-2.129916761873674
2024-03-22,424.9641813215602,425.12239136221154,421.3741836269024,424.0147399902344,17648500,0.0,0.0,206223000000.0,23.826422163778506,34704000000.0,149.11348790467304,411976000000.0,12.919636004824032,80108000000.0,7.380499182327552,59965000000.0,-2.129916761873674
2024-03-25,420.5533287801241,422.6994260228323,416.9633309623895,418.1995544433594,18060500,0.0,0.0,206223000000.0,23.826422163778506,34704000000.0,149.11348790467304,411976000000.0,12.919636004824032,80108000000.0,7.380499182327552,59965000000.0,-2.129916761873674
2024-03-26,420.9192467125738,421.2950634803322,416.7062176065533,417.0028991699219,16725600,0.0,0.0,206223000000.0,23.826422163778506,34704000000.0,149.11348790467304,411976000000.0,12.919636004824032,80108000000.0,7.380499182327552,59965000000.0,-2.129916761873674
2024-03-27,419.7621752794236,419.7720747256789,414.3920274982848,416.78533935546875,16705000,0.0,0.0,206223000000.0,23.826422163778506,34704000000.0,149.11348790467304,411976000000.0,12.919636004824032,80108000000.0,7.380499182327552,59965000000.0,-2.129916761873674
2024-03-28,416.32050565351443,417.2204799799258,414.5007882900106,416.0831604003906,21871200,0.0,0.0,206223000000.0,23.826422163778506,34704000000.0,149.11348790467304,411976000000.0,12.919636004824032,80108000000.0,7.380499182327552,59965000000.0,-2.129916761873674
2024-04-01,419.27755455465604,423.17413325734867,417.5666104461178,419.8907165527344,16316000,0.0,0.0,206223000000.0,23.826422163778506,34704000000.0,149.11348790467304,411976000000.0,12.919636004824032,80108000000.0,7.380499182327552,59965000000.0,-2.129916761873674
2024-04-02,415.4798683479255,417.72486953541625,413.2348973416725,416.79522705078125,17912000,0.0,0.0,206223000000.0,23.826422163778506,34704000000.0,149.11348790467304,411976000000.0,12.919636004824032,80108000000.0,7.380499182327552,59965000000.0,-2.129916761873674
2024-04-03,415.1040961428757,418.59519021361444,414.47113520321466,415.816162109375,16502300,0.0,0.0,206223000000.0,23.826422163778506,34704000000.0,149.11348790467304,411976000000.0,12.919636004824032,80108000000.0,7.380499182327552,59965000000.0,-2.129916761873674
2024-04-04,420.30610003731573,423.9455650411732,412.96789407723793,413.27447509765625,19370900,0.0,0.0,206223000000.0,23.826422163778506,34704000000.0,149.11348790467304,411976000000.0,12.919636004824032,80108000000.0,7.380499182327552,59965000000.0,-2.129916761873674
2024-04-05,415.3810083958257,421.809370796235,413.7096317572202,420.83026123046875,16554800,0.0,0.0,206223000000.0,23.826422163778506,34704000000.0,149.11348790467304,411976000000.0,12.919636004824032,80108000000.0,7.380499182327552,59965000000.0,-2.129916761873674
2024-04-08,420.48414709018743,422.5708779576157,418.63473130535374,419.9105224609375,14272400,0.0,0.0,206223000000.0,23.826422163778506,34704000000.0,149.11348790467304,411976000000.0,12.919636004824032,80108000000.0,7.380499182327552,59965000000.0,-2.129916761873674
2024-04-09,421.740088361701,423.0257486270067,416.9732036811313,421.58184814453125,12496900,0.0,0.0,206223000000.0,23.826422163778506,34704000000.0,149.11348790467304,411976000000.0,12.919636004824032,80108000000.0,7.380499182327552,59965000000.0,-2.129916761873674
2024-04-10,417.53693930657715,419.35665657798455,415.0743918863348,418.59515380859375,16216600,0.0,0.0,206223000000.0,23.826422163778506,34704000000.0,149.11348790467304,411976000000.0,12.919636004824032,80108000000.0,7.380499182327552,59965000000.0,-2.129916761873674
2024-04-11,421.1269533333631,424.6378159464607,417.7050650079003,423.21368408203125,17966400,0.0,0.0,206223000000.0,23.826422163778506,34704000000.0,149.11348790467304,411976000000.0,12.919636004824032,80108000000.0,7.380499182327552,59965000000.0,-2.129916761873674
2024-04-12,419.3764816595376,420.4940326220514,415.1436532637378,417.25018310546875,19253800,0.0,0.0,206223000000.0,23.826422163778506,34704000000.0,149.11348790467304,411976000000.0,12.919636004824032,80108000000.0,7.380499182327552,59965000000.0,-2.129916761873674
2024-04-15,421.898364133941,422.1159406782311,408.87349999590606,409.0812072753906,20273500,0.0,0.0,206223000000.0,23.826422163778506,34704000000.0,149.11348790467304,411976000000.0,12.919636004824032,80108000000.0,7.380499182327552,59965000000.0,-2.129916761873674
2024-04-16,410.00096447508815,413.7887401482267,409.1702258721835,410.0108337402344,16765600,0.0,0.0,206223000000.0,23.826422163778506,34704000000.0,149.11348790467304,411976000000.0,12.919636004824032,80108000000.0,7.380499182327552,59965000000.0,-2.129916761873674
2024-04-17,412.6514043206412,414.26344459371984,405.8076577445542,407.301025390625,15855500,0.0,0.0,206223000000.0,23.826422163778506,34704000000.0,149.11348790467304,411976000000.0,12.919636004824032,80108000000.0,7.380499182327552,59965000000.0,-2.129916761873674
2024-04-18,406.1043740582622,407.3504970183281,399.49800284316774,399.814453125,21029900,0.0,0.0,206223000000.0,23.826422163778506,34704000000.0,149.11348790467304,411976000000.0,12.919636004824032,80108000000.0,7.380499182327552,59965000000.0,-2.129916761873674
2024-04-19,399.5771115531844,401.0111429150955,393.3860944801934,394.7212219238281,30565800,0.0,0.0,206223000000.0,23.826422163778506,34704000000.0,149.11348790467304,411976000000.0,12.919636004824032,80108000000.0,7.380499182327552,59965000000.0,-2.129916761873674
2024-04-22,395.6706179149051,398.41010845767454,391.38835306759285,396.5409240722656,20286900,0.0,0.0,206223000000.0,23.826422163778506,34704000000.0,149.11348790467304,411976000000.0,12.919636004824032,80108000000.0,7.380499182327552,59965000000.0,-2.129916761873674
2024-04-23,399.78474792729656,403.70112538714915,398.6177602817404,403.07806396484375,15734500,0.0,0.0,206223000000.0,23.826422163778506,34704000000.0,149.11348790467304,411976000000.0,12.919636004824032,80108000000.0,7.380499182327552,59965000000.0,-2.129916761873674
2024-04-24,405.04615566067775,407.92408759573516,402.2967957988556,404.5516662597656,15065300,0.0,0.0,206223000000.0,23.826422163778506,34704000000.0,149.11348790467304,411976000000.0,12.919636004824032,80108000000.0,7.380499182327552,59965000000.0,-2.129916761873674
2024-04-25,389.6872665013619,395.482697237028,383.75339444529595,394.6420593261719,40586500,0.0,0.0,206223000000.0,23.826422163778506,34704000000.0,149.11348790467304,411976000000.0,12.919636004824032,80108000000.0,7.380499182327552,59965000000.0,-2.129916761873674
2024-04-26,407.6274206623671,408.4482598176065,401.28806269332824,401.8418884277344,29694700,0.0,0.0,206223000000.0,23.826422163778506,34704000000.0,149.11348790467304,411976000000.0,12.919636004824032,80108000000.0,7.380499182327552,59965000000.0,-2.129916761873674
2024-04-29,400.7836477446808,401.84186227525186,394.7904387950027,397.81671142578125,19582100,0.0,0.0,206223000000.0,23.826422163778506,34704000000.0,149.11348790467304,411976000000.0,12.919636004824032,80108000000.0,7.380499182327552,59965000000.0,-2.129916761873674
2024-04-30,397.0651100086482,397.727739119863,384.88091347817664,385.03912353515625,28781400,0.0,0.0,206223000000.0,23.826422163778506,34704000000.0,149.11348790467304,411976000000.0,12.919636004824032,80108000000.0,7.380499182327552,59965000000.0,-2.129916761873674
2024-05-01,388.2829428234783,397.29255516859246,386.0083037107917,390.5872802734375,23562500,0.0,0.0,206223000000.0,23.826422163778506,34704000000.0,149.11348790467304,411976000000.0,12.919636004824032,80108000000.0,7.380499182327552,59965000000.0,-2.129916761873674
2024-05-02,393.2773133250789,395.5222843363775,390.30047747836124,393.455322265625,17709400,0.0,0.0,206223000000.0,23.826422163778506,34704000000.0,149.11348790467304,411976000000.0,12.919636004824032,80108000000.0,7.380499182327552,59965000000.0,-2.129916761873674
2024-05-03,397.8463990370952,402.66272106797066,397.431014652392,402.1781311035156,17446700,0.0,0.0,206223000000.0,23.826422163778506,34704000000.0,149.11348790467304,411976000000.0,12.919636004824032,80108000000.0,7.380499182327552,59965000000.0,-2.129916761873674
2024-05-06,404.25501253124213,409.3680163872942,401.89133854511044,408.9823303222656,16996600,0.0,0.0,206223000000.0,23.826422163778506,34704000000.0,149.11348790467304,411976000000.0,12.919636004824032,80108000000.0,7.380499182327552,59965000000.0,-2.129916761873674
2024-05-07,410.08995728026827,410.0998567263718,404.5813380609886,404.8285827636719,20018200,0.0,0.0,206223000000.0,23.826422163778506,34704000000.0,149.11348790467304,411976000000.0,12.919636004824032,80108000000.0,7.380499182327552,59965000000.0,-2.129916761873674
2024-05-08,403.6714451580267,407.6866962247388,402.2275145402059,406.01531982421875,11792300,0.0,0.0,206223000000.0,23.826422163778506,34704000000.0,149.11348790467304,411976000000.0,12.919636004824032,80108000000.0,7.380499182327552,59965000000.0,-2.129916761873674
2024-05-09,406.0450438901993,408.1713423301442,404.59124380852967,407.7757568359375,14689700,0.0,0.0,206223000000.0,23.826422163778506,34704000000.0,149.11348790467304,411976000000.0,12.919636004824032,80108000000.0,7.380499182327552,59965000000.0,-2.129916761873674
2024-05-10,408.3889175739522,410.8020283165112,407.2614672287658,410.1690673828125,13402300,0.0,0.0,206223000000.0,23.826422163778506,34704000000.0,149.11348790467304,411976000000.0,12.919636004824032,80108000000.0,7.380499182327552,59965000000.0,-2.129916761873674
2024-05-13,413.4030363250276,413.73928549404195,406.29227636469005,409.1603088378906,15440200,0.0,0.0,206223000000.0,23.826422163778506,34704000000.0,149.11348790467304,411976000000.0,12.919636004824032,80108000000.0,7.380499182327552,59965000000.0,-2.129916761873674
2024-05-14,407.47905225770086,412.8887677392151,407.01423099397886,411.9690246582031,15109300,0.0,0.0,206223000000.0,23.826422163778506,34704000000.0,149.11348790467304,411976000000.0,12.919636004824032,80108000000.0,7.380499182327552,59965000000.0,-2.129916761873674
2024-05-15,414.039731407047,419.89514266479534,413.41554606061356,419.171875,22239500,0.75,0.0,206223000000.0,23.826422163778506,34704000000.0,149.11348790467304,411976000000.0,12.919636004824032,80108000000.0,7.380499182327552,59965000000.0,-2.129916761873674
2024-05-16,417.9036811134131,421.49026736821406,416.46709338675123,417.1011657714844,17530100,0.0,0.0,206223000000.0,23.826422163778506,34704000000.0,149.11348790467304,411976000000.0,12.919636004824032,80108000000.0,7.380499182327552,59965000000.0,-2.129916761873674
2024-05-17,418.63689375857393,419.0133884349042,414.1685441563578,416.3283996582031,15352200,0.0,0.0,206223000000.0,23.826422163778506,34704000000.0,149.11348790467304,411976000000.0,12.919636004824032,80108000000.0,7.380499182327552,59965000000.0,-2.129916761873674
2024-05-20,416.32833286337484,422.8277329316598,416.1103638876109,421.41094970703125,16272100,0.0,0.0,206223000000.0,23.826422163778506,34704000000.0,149.11348790467304,411976000000.0,12.919636004824032,80108000000.0,7.380499182327552,59965000000.0,-2.129916761873674
2024-05-21,422.8872055338078,428.9705026738853,420.92551485184475,425.0768127441406,21453300,0.0,0.0,206223000000.0,23.826422163778506,34704000000.0,149.11348790467304,411976000000.0,12.919636004824032,80108000000.0,7.380499182327552,59965000000.0,-2.129916761873674
2024-05-22,426.1171006588035,428.41567724259045,423.1844517072994,426.5431213378906,18073700,0.0,0.0,206223000000.0,23.826422163778506,34704000000.0,149.11348790467304,411976000000.0,12.919636004824032,80108000000.0,7.380499182327552,59965000000.0,-2.129916761873674
2024-05-23,428.97051846736764,429.5947037930371,421.4902723328989,423.0556640625,17211700,0.0,0.0,206223000000.0,23.826422163778506,34704000000.0,149.11348790467304,411976000000.0,12.919636004824032,80108000000.0,7.380499182327552,59965000000.0,-2.129916761873674
2024-05-24,423.2438961414034,427.07814273445496,420.4895772016025,426.18646240234375,11855300,0.0,0.0,206223000000.0,23.826422163778506,34704000000.0,149.11348790467304,411976000000.0,12.919636004824032,80108000000.0,7.380499182327552,59965000000.0,-2.129916761873674
2024-05-28,425.6613725566471,426.8403825578059,422.6593628632313,426.3450012207031,15718000,0.0,0.0,206223000000.0,23.826422163778506,34704000000.0,149.11348790467304,411976000000.0,12.919636004824032,80108000000.0,7.380499182327552,59965000000.0,-2.129916761873674
2024-05-29,421.75776247263485,426.95926647856015,421.75776247263485,425.20562744140625,15517100,0.0,0.0,206223000000.0,23.826422163778506,34704000000.0,149.11348790467304,411976000000.0,12.919636004824032,80108000000.0,7.380499182327552,59965000000.0,-2.129916761873674
2024-05-30,420.38058819244,420.38058819244,410.4135181651845,410.8395690917969,28394500,0.0,0.0,206223000000.0,23.826422163778506,34704000000.0,149.11348790467304,411976000000.0,12.919636004824032,80108000000.0,7.380499182327552,59965000000.0,-2.129916761873674
2024-05-31,412.90031868017155,412.90031868017155,400.7733939809139,411.2952880859375,47995300,0.0,0.0,206223000000.0,23.826422163778506,34704000000.0,149.11348790467304,411976000000.0,12.919636004824032,80108000000.0,7.380499182327552,59965000000.0,-2.129916761873674
2024-06-03,411.69163808536524,412.58331849977327,405.14271091981925,409.7001953125,17484700,0.0,0.0,206223000000.0,23.826422163778506,34704000000.0,149.11348790467304,411976000000.0,12.919636004824032,80108000000.0,7.380499182327552,59965000000.0,-2.129916761873674
2024-06-04,408.62023297171766,412.5932008783865,405.89563568095855,412.22662353515625,14348900,0.0,0.0,206223000000.0,23.826422163778506,34704000000.0,149.11348790467304,411976000000.0,12.919636004824032,80108000000.0,7.380499182327552,59965000000.0,-2.129916761873674
2024-06-05,413.95055154632206,420.1626226445845,412.45449022904074,420.0932922363281,16988000,0.0,0.0,206223000000.0,23.826422163778506,34704000000.0,149.11348790467304,411976000000.0,12.919636004824032,80108000000.0,7.380499182327552,59965000000.0,-2.129916761873674
2024-06-06,420.0932423972592,421.38122162993574,416.6949038401279,420.5985107421875,14861300,0.0,0.0,206223000000.0,23.826422163778506,34704000000.0,149.11348790467304,411976000000.0,12.919636004824032,80108000000.0,7.380499182327552,59965000000.0,-2.129916761873674
2024-06-07,422.26302099566783,422.3422686978654,419.09256866562976,419.9347229003906,13621700,0.0,0.0,206223000000.0,23.826422163778506,34704000000.0,149.11348790467304,411976000000.0,12.919636004824032,80108000000.0,7.380499182327552,59965000000.0,-2.129916761873674
2024-06-10,420.7769019274312,424.12565422580445,419.9743866143219,423.9176025390625,13982900,0.0,0.0,206223000000.0,23.826422163778506,34704000000.0,149.11348790467304,411976000000.0,12.919636004824032,80108000000.0,7.380499182327552,59965000000.0,-2.129916761873674
2024-06-11,421.54969372575147,428.82188778491104,421.3218074365333,428.68316650390625,14551100,0.0,0.0,206223000000.0,23.826422163778506,34704000000.0,149.11348790467304,411976000000.0,12.919636004824032,80108000000.0,7.380499182327552,59965000000.0,-2.129916761873674
2024-06-12,431.2988409046944,439.304190496973,429.24795478740447,436.9858093261719,22366200,0.0,0.0,206223000000.0,23.826422163778506,34704000000.0,149.11348790467304,411976000000.0,12.919636004824032,80108000000.0,7.380499182327552,59965000000.0,-2.129916761873674
2024-06-13,436.7777391476236,439.2942848532079,435.31139947750404,437.5009765625,15960600,0.0,0.0,206223000000.0,23.826422163778506,34704000000.0,149.11348790467304,411976000000.0,12.919636004824032,80108000000.0,7.380499182327552,59965000000.0,-2.129916761873674
2024-06-14,434.23146172147676,439.04658401937843,432.6858743754039,438.4818420410156,13582000,0.0,0.0,206223000000.0,23.826422163778506,34704000000.0,149.11348790467304,411976000000.0,12.919636004824032,80108000000.0,7.380499182327552,59965000000.0,-2.129916761873674
2024-06-17,438.5016341053226,446.774508213362,436.64891280244507,444.2282409667969,20790000,0.0,0.0,206223000000.0,23.826422163778506,34704000000.0,149.11348790467304,411976000000.0,12.919636004824032,80108000000.0,7.380499182327552,59965000000.0,-2.129916761873674
2024-06-18,445.555845140434,445.98189604209904,440.7803923365249,442.21697998046875,17112500,0.0,0.0,206223000000.0,23.826422163778506,34704000000.0,149.11348790467304,411976000000.0,12.919636004824032,80108000000.0,7.380499182327552,59965000000.0,-2.129916761873674
2024-06-20,442.17734964919055,442.4052359389207,437.1938148300054,441.5829162597656,19877400,0.0,0.0,206223000000.0,23.826422163778506,34704000000.0,149.11348790467304,411976000000.0,12.919636004824032,80108000000.0,7.380499182327552,59965000000.0,-2.129916761873674
2024-06-21,443.24741971766383,446.4178422030527,442.3854610099622,445.625244140625,34187100,0.0,0.0,206223000000.0,23.826422163778506,34704000000.0,149.11348790467304,411976000000.0,12.919636004824032,80108000000.0,7.380499182327552,59965000000.0,-2.129916761873674
2024-06-24,445.64505871404725,448.5678208280709,442.2863888206815,443.5347595214844,15913700,0.0,0.0,206223000000.0,23.826422163778506,34704000000.0,149.11348790467304,411976000000.0,12.919636004824032,80108000000.0,7.380499182327552,59965000000.0,-2.129916761873674
2024-06-25,444.10935261048957,447.25008347754516,442.62320865306464,446.784423828125,16413400,0.0,0.0,206223000000.0,23.826422163778506,34704000000.0,149.11348790467304,411976000000.0,12.919636004824032,80108000000.0,7.380499182327552,59965000000.0,-2.129916761873674
2024-06-26,444.8524625348744,449.40997710686634,444.0499471482649,447.9832763671875,16507000,0.0,0.0,206223000000.0,23.826422163778506,34704000000.0,149.11348790467304,411976000000.0,12.919636004824032,80108000000.0,7.380499182327552,59965000000.0,-2.129916761873674
2024-06-27,448.00304584092294,451.9562093572158,447.5968295279366,448.6668701171875,14806300,0.0,0.0,206223000000.0,23.826422163778506,34704000000.0,149.11348790467304,411976000000.0,12.919636004824032,80108000000.0,7.380499182327552,59965000000.0,-2.129916761873674
2024-06-28,448.88481228887935,451.1734714446709,442.28632983499693,442.82135009765625,28362300,0.0,0.0,206223000000.0,23.826422163778506,34704000000.0,149.11348790467304,411976000000.0,12.919636004824032,80108000000.0,7.380499182327552,59965000000.0,-2.129916761873674
2024-07-01,444.5155853207817,453.1451197526249,441.5432972962699,452.51104736328125,17662800,0.0,0.0,268477000000.0,30.18770942135455,18315000000.0,-47.225103734439834,512163000000.0,24.31864963007554,34448000000.0,-56.998052628950916,67127000000.0,11.943633786375385
2024-07-02,449.0136518862479,455.3446095932429,448.92445663899935,455.0374755859375,13979800,0.0,0.0,268477000000.0,30.18770942135455,18315000000.0,-47.225103734439834,512163000000.0,24.31864963007554,34448000000.0,-56.998052628950916,67127000000.0,11.943633786375385
2024-07-03,453.9575176731728,456.7613625247601,453.6503836863243,456.513671875,9932800,0.0,0.0,268477000000.0,30.18770942135455,18315000000.0,-47.225103734439834,512163000000.0,24.31864963007554,34448000000.0,-56.998052628950916,67127000000.0,11.943633786375385
2024-07-05,455.36439189726417,464.0236777303131,454.7303195449201,463.240966796875,16000300,0.0,0.0,268477000000.0,30.18770942135455,18315000000.0,-47.225103734439834,512163000000.0,24.31864963007554,34448000000.0,-56.998052628950916,67127000000.0,11.943633786375385
2024-07-08,462.24033104325304,463.37973235023577,460.16964060410885,461.9331970214844,12962300,0.0,0.0,268477000000.0,30.18770942135455,18315000000.0,-47.225103734439834,512163000000.0,24.31864963007554,34448000000.0,-56.998052628950916,67127000000.0,11.943633786375385
2024-07-09,462.6861553304454,463.0130936996793,453.7692915232205,455.2950744628906,17207200,0.0,0.0,268477000000.0,30.18770942135455,18315000000.0,-47.225103734439834,512163000000.0,24.31864963007554,34448000000.0,-56.998052628950916,67127000000.0,11.943633786375385
2024-07-10,456.9595498058476,462.1511364069266,454.6213342335764,461.9430847167969,18196100,0.0,0.0,268477000000.0,30.18770942135455,18315000000.0,-47.225103734439834,512163000000.0,24.31864963007554,34448000000.0,-56.998052628950916,67127000000.0,11.943633786375385
2024-07-11,458.70329986086364,460.4866605260143,447.37885985942484,450.4997863769531,23111200,0.0,0.0,268477000000.0,30.18770942135455,18315000000.0,-47.225103734439834,512163000000.0,24.31864963007554,34448000000.0,-56.998052628950916,67127000000.0,11.943633786375385
2024-07-12,450.1331757277914,452.1444226722039,446.48717647887116,449.3603820800781,16324300,0.0,0.0,268477000000.0,30.18770942135455,18315000000.0,-47.225103734439834,512163000000.0,24.31864963007554,34448000000.0,-56.998052628950916,67127000000.0,11.943633786375385
2024-07-15,449.1126945889487,453.0361364302562,447.2599732817251,449.7666015625,14429400,0.0,0.0,268477000000.0,30.18770942135455,18315000000.0,-47.225103734439834,512163000000.0,24.31864963007554,34448000000.0,-56.998052628950916,67127000000.0,11.943633786375385
2024-07-16,450.0242112870306,450.1034589951911,442.53404808528967,445.36761474609375,17175700,0.0,0.0,268477000000.0,30.18770942135455,18315000000.0,-47.225103734439834,512163000000.0,24.31864963007554,34448000000.0,-56.998052628950916,67127000000.0,11.943633786375385
2024-07-17,438.5016326704633,440.7407659095282,435.12312844393387,439.42303466796875,21778000,0.0,0.0,268477000000.0,30.18770942135455,18315000000.0,-47.225103734439834,512163000000.0,24.31864963007554,34448000000.0,-56.998052628950916,67127000000.0,11.943633786375385
2024-07-18,440.23548357189634,440.5426175824252,430.38730015927666,436.3021545410156,20794800,0.0,0.0,268477000000.0,30.18770942135455,18315000000.0,-47.225103734439834,512163000000.0,24.31864963007554,34448000000.0,-56.998052628950916,67127000000.0,11.943633786375385
2024-07-19,429.0993277918271,437.06506829851725,428.00948278389916,433.072265625,20940400,0.0,0.0,268477000000.0,30.18770942135455,18315000000.0,-47.225103734439834,512163000000.0,24.31864963007554,34448000000.0,-56.998052628950916,67127000000.0,11.943633786375385
2024-07-22,437.7090177284673,440.49305821693935,434.85561660140024,438.848388671875,15808800,0.0,0.0,268477000000.0,30.18770942135455,18315000000.0,-47.225103734439834,512163000000.0,24.31864963007554,34448000000.0,-56.998052628950916,67127000000.0,11.943633786375385
2024-07-23,439.79951659991235,444.2480612797599,439.00691860605986,440.7407531738281,13107100,0.0,0.0,268477000000.0,30.18770942135455,18315000000.0,-47.225103734439834,512163000000.0,24.31864963007554,34448000000.0,-56.998052628950916,67127000000.0,11.943633786375385
2024-07-24,436.3814061869237,437.4018904716854,423.64018322624884,424.9380798339844,26805800,0.0,0.0,268477000000.0,30.18770942135455,18315000000.0,-47.225103734439834,512163000000.0,24.31864963007554,34448000000.0,-56.998052628950916,67127000000.0,11.943633786375385
2024-07-25,424.8390522151794,425.82981495843836,413.6533626134747,414.5351257324219,29943800,0.0,0.0,268477000000.0,30.18770942135455,18315000000.0,-47.225103734439834,512163000000.0,24.31864963007554,34448000000.0,-56.998052628950916,67127000000.0,11.943633786375385
2024-07-26,414.33694493801545,424.9579215661057,413.41551271082733,421.34161376953125,23583800,0.0,0.0,268477000000.0,30.18770942135455,18315000000.0,-47.225103734439834,512163000000.0,24.31864963007554,34448000000.0,-56.998052628950916,67127000000.0,11.943633786375385
2024-07-29,427.59332152811265,428.15806348242296,420.77690004799786,422.78814697265625,15125800,0.0,0.0,268477000000.0,30.18770942135455,18315000000.0,-47.225103734439834,512163000000.0,24.31864963007554,34448000000.0,-56.998052628950916,67127000000.0,11.943633786375385
2024-07-30,423.7689846137446,425.0866855808969,413.5046682551027,419.0133361816406,32687600,0.0,0.0,268477000000.0,30.18770942135455,18315000000.0,-47.225103734439834,512163000000.0,24.31864963007554,34448000000.0,-56.998052628950916,67127000000.0,11.943633786375385
2024-07-31,416.61569885909415,417.88387385546883,408.4022679352166,414.4855651855469,42891400,0.0,0.0,268477000000.0,30.18770942135455,18315000000.0,-47.225103734439834,512163000000.0,24.31864963007554,34448000000.0,-56.998052628950916,67127000000.0,11.943633786375385
2024-08-01,416.9030180044247,423.5113878535516,409.2741336141255,413.2569885253906,30296400,0.0,0.0,268477000000.0,30.18770942135455,18315000000.0,-47.225103734439834,512163000000.0,24.31864963007554,34448000000.0,-56.998052628950916,67127000000.0,11.943633786375385
2024-08-02,408.6796950737874,411.1665191178448,400.60498514306653,404.7166442871094,29437900,0.0,0.0,268477000000.0,30.18770942135455,18315000000.0,-47.225103734439834,512163000000.0,24.31864963007554,34448000000.0,-56.998052628950916,67127000000.0,11.943633786375385
2024-08-05,385.57513628803423,397.3354847916009,382.0182715597293,391.4998779296875,40709200,0.0,0.0,268477000000.0,30.18770942135455,18315000000.0,-47.225103734439834,512163000000.0,24.31864963007554,34448000000.0,-56.998052628950916,67127000000.0,11.943633786375385
2024-08-06,396.30508262297985,401.92272047285906,394.8189385631437,395.9186706542969,24946500,0.0,0.0,268477000000.0,30.18770942135455,18315000000.0,-47.225103734439834,512163000000.0,24.31864963007554,34448000000.0,-56.998052628950916,67127000000.0,11.943633786375385
2024-08-07,404.865250325625,406.2919206772892,393.79841858999345,394.7495422363281,20650900,0.0,0.0,268477000000.0,30.18770942135455,18315000000.0,-47.225103734439834,512163000000.0,24.31864963007554,34448000000.0,-56.998052628950916,67127000000.0,11.943633786375385
2024-08-08,398.7225546793256,402.1109462771406,396.24564785929977,398.9702453613281,20203000,0.0,0.0,268477000000.0,30.18770942135455,18315000000.0,-47.225103734439834,512163000000.0,24.31864963007554,34448000000.0,-56.998052628950916,67127000000.0,11.943633786375385
2024-08-09,400.2978013339752,404.28065599432585,398.5441624638447,402.2694091796875,19276700,0.0,0.0,268477000000.0,30.18770942135455,18315000000.0,-47.225103734439834,512163000000.0,24.31864963007554,34448000000.0,-56.998052628950916,67127000000.0,11.943633786375385
2024-08-12,403.29987574188414,404.98418448253045,400.50591757780563,403.05218505859375,16762900,0.0,0.0,268477000000.0,30.18770942135455,18315000000.0,-47.225103734439834,512163000000.0,24.31864963007554,34448000000.0,-56.998052628950916,67127000000.0,11.943633786375385
2024-08-13,405.8064543815787,411.1169577013194,405.7866500141935,410.1856384277344,19414300,0.0,0.0,268477000000.0,30.18770942135455,18315000000.0,-47.225103734439834,512163000000.0,24.31864963007554,34448000000.0,-56.998052628950916,67127000000.0,11.943633786375385
2024-08-14,410.9683392009438,413.8613794713292,408.6400711388976,413.0093078613281,18267000,0.0,0.0,268477000000.0,30.18770942135455,18315000000.0,-47.225103734439834,512163000000.0,24.31864963007554,34448000000.0,-56.998052628950916,67127000000.0,11.943633786375385
2024-08-15,416.671793760154,417.972029702109,414.5477559984779,417.89263916015625,20752100,0.75,0.0,268477000000.0,30.18770942135455,18315000000.0,-47.225103734439834,512163000000.0,24.31864963007554,34448000000.0,-56.998052628950916,67127000000.0,11.943633786375385
2024-08-16,417.4658786225156,418.20035477297347,414.1904506066069,415.35174560546875,22775600,0.0,0.0,268477000000.0,30.18770942135455,18315000000.0,-47.225103734439834,512163000000.0,24.31864963007554,34448000000.0,-56.998052628950916,67127000000.0,11.943633786375385
2024-08-19,415.83808974940047,418.60730840360986,413.356718626676,418.3889465332031,15234000,0.0,0.0,268477000000.0,30.18770942135455,18315000000.0,-47.225103734439834,512163000000.0,24.31864963007554,34448000000.0,-56.998052628950916,67127000000.0,11.943633786375385
2024-08-20,418.5576761663757,422.6866508922164,418.4981256850532,421.6345520019531,16387600,0.0,0.0,268477000000.0,30.18770942135455,18315000000.0,-47.225103734439834,512163000000.0,24.31864963007554,34448000000.0,-56.998052628950916,67127000000.0,11.943633786375385
2024-08-21,420.9199114166435,423.22263097030424,418.57751173597626,420.9794921875,16067300,0.0,0.0,268477000000.0,30.18770942135455,18315000000.0,-47.225103734439834,512163000000.0,24.31864963007554,34448000000.0,-56.998052628950916,67127000000.0,11.943633786375385
2024-08-22,421.1978093601494,423.6097249060729,411.5204628076481,412.4534606933594,19361900,0.0,0.0,268477000000.0,30.18770942135455,18315000000.0,-47.225103734439834,512163000000.0,24.31864963007554,34448000000.0,-56.998052628950916,67127000000.0,11.943633786375385
2024-08-23,413.87282122855413,416.13583025134443,409.0192452654988,413.6842346191406,18493800,0.0,0.0,268477000000.0,30.18770942135455,18315000000.0,-47.225103734439834,512163000000.0,24.31864963007554,34448000000.0,-56.998052628950916,67127000000.0,11.943633786375385
2024-08-26,413.26738834241513,414.17061105594456,408.274870910172,410.4088439941406,13152800,0.0,0.0,268477000000.0,30.18770942135455,18315000000.0,-47.225103734439834,512163000000.0,24.31864963007554,34448000000.0,-56.998052628950916,67127000000.0,11.943633786375385
2024-08-27,409.7835476962891,411.2723704046003,407.19301072311185,410.7562561035156,13492900,0.0,0.0,268477000000.0,30.18770942135455,18315000000.0,-47.225103734439834,512163000000.0,24.31864963007554,34448000000.0,-56.998052628950916,67127000000.0,11.943633786375385
2024-08-28,411.7884498153044,411.9075507666891,404.27485180035296,407.54034423828125,14882700,0.0,0.0,268477000000.0,30.18770942135455,18315000000.0,-47.225103734439834,512163000000.0,24.31864963007554,34448000000.0,-56.998052628950916,67127000000.0,11.943633786375385
2024-08-29,411.8480408399638,418.9050455158515,407.5403843631331,410.0415954589844,17045200,0.0,0.0,268477000000.0,30.18770942135455,18315000000.0,-47.225103734439834,512163000000.0,24.31864963007554,34448000000.0,-56.998052628950916,67127000000.0,11.943633786375385
2024-08-30,412.50311373853776,414.37901443017955,409.05896964037805,414.0316467285156,24308300,0.0,0.0,268477000000.0,30.18770942135455,18315000000.0,-47.225103734439834,512163000000.0,24.31864963007554,34448000000.0,-56.998052628950916,67127000000.0,11.943633786375385
2024-09-03,414.79592463376775,416.7512462836699,403.99699269665393,406.3890380859375,20313600,0.0,0.0,268477000000.0,30.18770942135455,18315000000.0,-47.225103734439834,512163000000.0,24.31864963007554,34448000000.0,-56.998052628950916,67127000000.0,11.943633786375385
2024-09-04,402.8853476688359,408.1756176150405,401.356814564364,405.8530578613281,15135800,0.0,0.0,268477000000.0,30.18770942135455,18315000000.0,-47.225103734439834,512163000000.0,24.31864963007554,34448000000.0,-56.998052628950916,67127000000.0,11.943633786375385
2024-09-05,404.5825811257243,410.021757358501,403.10369367639237,405.34686279296875,14195500,0.0,0.0,268477000000.0,30.18770942135455,18315000000.0,-47.225103734439834,512163000000.0,24.31864963007554,34448000000.0,-56.998052628950916,67127000000.0,11.943633786375385
2024-09-06,406.01186815612465,407.5900165631096,397.81340823350934,398.70672607421875,19609500,0.0,0.0,268477000000.0,30.18770942135455,18315000000.0,-47.225103734439834,512163000000.0,24.31864963007554,34448000000.0,-56.998052628950916,67127000000.0,11.943633786375385
2024-09-09,404.2053788906434,405.6048756938726,399.15331144234347,402.69671630859375,15295100,0.0,0.0,268477000000.0,30.18770942135455,18315000000.0,-47.225103734439834,512163000000.0,24.31864963007554,34448000000.0,-56.998052628950916,67127000000.0,11.943633786375385
2024-09-10,405.1582655587275,413.2276585385216,404.6619913629379,411.1135559082031,19594300,0.0,0.0,268477000000.0,30.18770942135455,18315000000.0,-47.225103734439834,512163000000.0,24.31864963007554,34448000000.0,-56.998052628950916,67127000000.0,11.943633786375385
2024-09-11,412.4038716868024,420.83059814465895,406.527971667463,419.8876953125,19266900,0.0,0.0,268477000000.0,30.18770942135455,18315000000.0,-47.225103734439834,512163000000.0,24.31864963007554,34448000000.0,-56.998052628950916,67127000000.0,11.943633786375385
2024-09-12,420.1556701684846,424.18541433930886,416.62220020874884,423.81817626953125,17395700,0.0,0.0,268477000000.0,30.18770942135455,18315000000.0,-47.225103734439834,512163000000.0,24.31864963007554,34448000000.0,-56.998052628950916,67127000000.0,11.943633786375385
2024-09-13,422.6568988304725,428.61218961071086,422.2896607454525,427.3814392089844,15874600,0.0,0.0,268477000000.0,30.18770942135455,18315000000.0,-47.225103734439834,512163000000.0,24.31864963007554,34448000000.0,-56.998052628950916,67127000000.0,11.943633786375385
2024-09-16,427.3913478501723,430.2995073976486,425.0290778075874,428.1258239746094,13834700,0.0,0.0,268477000000.0,30.18770942135455,18315000000.0,-47.225103734439834,512163000000.0,24.31864963007554,34448000000.0,-56.998052628950916,67127000000.0,11.943633786375385
2024-09-17,436.949603136594,438.5575267353336,429.0488958810436,431.9074401855469,18874200,0.0,0.0,268477000000.0,30.18770942135455,18315000000.0,-47.225103734439834,512163000000.0,24.31864963007554,34448000000.0,-56.998052628950916,67127000000.0,11.943633786375385
2024-09-18,431.75857288155333,432.78089656665435,427.20277916114134,427.59979248046875,18898000,0.0,0.0,268477000000.0,30.18770942135455,18315000000.0,-47.225103734439834,512163000000.0,24.31864963007554,34448000000.0,-56.998052628950916,67127000000.0,11.943633786375385
2024-09-19,437.9421630848395,438.21014026162374,433.64441133789575,435.42108154296875,21706600,0.0,0.0,268477000000.0,30.18770942135455,18315000000.0,-47.225103734439834,512163000000.0,24.31864963007554,34448000000.0,-56.998052628950916,67127000000.0,11.943633786375385
2024-09-20,433.962001220441,435.9669380311288,430.9843560989312,432.0265197753906,55167100,0.0,0.0,268477000000.0,30.18770942135455,18315000000.0,-47.225103734439834,512163000000.0,24.31864963007554,34448000000.0,-56.998052628950916,67127000000.0,11.943633786375385
2024-09-23,431.04394501505726,433.2076933933247,427.182947247431,430.2796936035156,15128900,0.0,0.0,268477000000.0,30.18770942135455,18315000000.0,-47.225103734439834,512163000000.0,24.31864963007554,34448000000.0,-56.998052628950916,67127000000.0,11.943633786375385
2024-09-24,429.77343168189134,430.120829659299,422.92485418656526,425.97198486328125,17015800,0.0,0.0,268477000000.0,30.18770942135455,18315000000.0,-47.225103734439834,512163000000.0,24.31864963007554,34448000000.0,-56.998052628950916,67127000000.0,11.943633786375385
2024-09-25,426.6270968939567,429.8925898519273,425.3765064150849,428.8901062011719,13396400,0.0,0.0,268477000000.0,30.18770942135455,18315000000.0,-47.225103734439834,512163000000.0,24.31864963007554,34448000000.0,-56.998052628950916,67127000000.0,11.943633786375385
2024-09-26,431.847870478453,432.05629715674354,425.93229062231114,428.0960388183594,14492000,0.0,0.0,268477000000.0,30.18770942135455,18315000000.0,-47.225103734439834,512163000000.0,24.31864963007554,34448000000.0,-56.998052628950916,67127000000.0,11.943633786375385
2024-09-27,428.30445513023994,428.6320130497984,424.2846464096371,424.8305358886719,14896100,0.0,0.0,268477000000.0,30.18770942135455,18315000000.0,-47.225103734439834,512163000000.0,24.31864963007554,34448000000.0,-56.998052628950916,67127000000.0,11.943633786375385
2024-09-30,425.01914436125503,427.21269814697155,422.20031052363777,427.09356689453125,16807300,0.0,0.0,268477000000.0,30.18770942135455,18315000000.0,-47.225103734439834,512163000000.0,24.31864963007554,34448000000.0,-56.998052628950916,67127000000.0,11.943633786375385
2024-10-01,425.257391898111,425.28716713975047,415.68921038228643,417.5552062988281,19092900,0.0,0.0,268477000000.0,30.18770942135455,18315000000.0,-47.225103734439834,512163000000.0,24.31864963007554,34448000000.0,-56.998052628950916,67127000000.0,11.943633786375385
2024-10-02,419.4310992466512,419.66933146547984,413.6048448503053,414.021728515625,16582300,0.0,0.0,268477000000.0,30.18770942135455,18315000000.0,-47.225103734439834,512163000000.0,24.31864963007554,34448000000.0,-56.998052628950916,67127000000.0,11.943633786375385
2024-10-03,414.5180314477273,416.4237075893507,411.2029231201695,413.4361572265625,13686400,0.0,0.0,268477000000.0,30.18770942135455,18315000000.0,-47.225103734439834,512163000000.0,24.31864963007554,34448000000.0,-56.998052628950916,67127000000.0,11.943633786375385
2024-10-04,415.12343452898295,416.62219231091404,411.87781215445386,412.9596862792969,19169700,0.0,0.0,268477000000.0,30.18770942135455,18315000000.0,-47.225103734439834,512163000000.0,24.31864963007554,34448000000.0,-56.998052628950916,67127000000.0,11.943633786375385
2024-10-07,412.90013544904184,414.0018496365578,405.95229663138974,406.48828125,20919800,0.0,0.0,268477000000.0,30.18770942135455,18315000000.0,-47.225103734439834,512163000000.0,24.31864963007554,34448000000.0,-56.998052628950916,67127000000.0,11.943633786375385
2024-10-08,407.83817411820297,412.5627146887399,405.12853608877566,411.6197814941406,19229300,0.0,0.0,268477000000.0,30.18770942135455,18315000000.0,-47.225103734439834,512163000000.0,24.31864963007554,34448000000.0,-56.998052628950916,67127000000.0,11.943633786375385
2024-10-09,412.7611596791307,417.247497795826,411.2127866111198,414.3492431640625,14974300,0.0,0.0,268477000000.0,30.18770942135455,18315000000.0,-47.225103734439834,512163000000.0,24.31864963007554,34448000000.0,-56.998052628950916,67127000000.0,11.943633786375385
2024-10-10,412.1358625356339,414.24006019253727,410.0713450038319,412.7413024902344,13848400,0.0,0.0,268477000000.0,30.18770942135455,18315000000.0,-47.225103734439834,512163000000.0,24.31864963007554,34448000000.0,-56.998052628950916,67127000000.0,11.943633786375385
2024-10-11,413.039091483719,414.0217046730069,410.1706121672714,413.2177429199219,14144900,0.0,0.0,268477000000.0,30.18770942135455,18315000000.0,-47.225103734439834,512163000000.0,24.31864963007554,34448000000.0,-56.998052628950916,67127000000.0,11.943633786375385
2024-10-14,414.65693738807056,420.8802352901763,414.40880028614094,416.0167541503906,16653100,0.0,0.0,268477000000.0,30.18770942135455,18315000000.0,-47.225103734439834,512163000000.0,24.31864963007554,34448000000.0,-56.998052628950916,67127000000.0,11.943633786375385
2024-10-15,419.03405871782695,419.3318413994773,412.16564103956983,415.61968994140625,18900200,0.0,0.0,268477000000.0,30.18770942135455,18315000000.0,-47.225103734439834,512163000000.0,24.31864963007554,34448000000.0,-56.998052628950916,67127000000.0,11.943633786375385
2024-10-16,412.0763232895253,413.25742799200697,407.4212689749873,413.01922607421875,15508900,0.0,0.0,268477000000.0,30.18770942135455,18315000000.0,-47.225103734439834,512163000000.0,24.31864963007554,34448000000.0,-56.998052628950916,67127000000.0,11.943633786375385
2024-10-17,419.2127339196968,419.35170523704693,412.49319205621896,413.6147766113281,14820000,0.0,0.0,268477000000.0,30.18770942135455,18315000000.0,-47.225103734439834,512163000000.0,24.31864963007554,34448000000.0,-56.998052628950916,67127000000.0,11.943633786375385
2024-10-18,414.0316484156336,416.52292426802023,413.1582009892299,415.0440368652344,17145300,0.0,0.0,268477000000.0,30.18770942135455,18315000000.0,-47.225103734439834,512163000000.0,24.31864963007554,34448000000.0,-56.998052628950916,67127000000.0,11.943633786375385
2024-10-21,413.01924141063614,415.8380752730999,410.6669065146117,415.659423828125,14206100,0.0,0.0,268477000000.0,30.18770942135455,18315000000.0,-47.225103734439834,512163000000.0,24.31864963007554,34448000000.0,-56.998052628950916,67127000000.0,11.943633786375385
2024-10-22,415.37159535996557,427.37150260733677,414.92496672704124,424.32440185546875,25482200,0.0,0.0,268477000000.0,30.18770942135455,18315000000.0,-47.225103734439834,512163000000.0,24.31864963007554,34448000000.0,-56.998052628950916,67127000000.0,11.943633786375385
2024-10-23,427.6493981928425,427.86776005710016,419.3814831724278,421.4360656738281,19654400,0.0,0.0,268477000000.0,30.18770942135455,18315000000.0,-47.225103734439834,512163000000.0,24.31864963007554,34448000000.0,-56.998052628950916,67127000000.0,11.943633786375385
2024-10-24,422.1605988036373,422.80577949754775,419.2524392532927,421.5650939941406,13581600,0.0,0.0,268477000000.0,30.18770942135455,18315000000.0,-47.225103734439834,512163000000.0,24.31864963007554,34448000000.0,-56.998052628950916,67127000000.0,11.943633786375385
2024-10-25,423.57993777215626,429.2969955930063,423.39135116500995,424.9595642089844,16899100,0.0,0.0,268477000000.0,30.18770942135455,18315000000.0,-47.225103734439834,512163000000.0,24.31864963007554,34448000000.0,-56.998052628950916,67127000000.0,11.943633786375385
2024-10-28,428.44345209470936,428.72136443906953,423.12337684387694,423.4112243652344,14882400,0.0,0.0,268477000000.0,30.18770942135455,18315000000.0,-47.225103734439834,512163000000.0,24.31864963007554,34448000000.0,-56.998052628950916,67127000000.0,11.943633786375385
2024-10-29,424.81074467410167,429.94223358580945,422.62712592652906,428.7313232421875,17644100,0.0,0.0,268477000000.0,30.18770942135455,18315000000.0,-47.225103734439834,512163000000.0,24.31864963007554,34448000000.0,-56.998052628950916,67127000000.0,11.943633786375385
2024-10-30,434.1803619383898,435.2324607886903,428.8801572707895,429.30694580078125,29749100,0.0,0.0,268477000000.0,30.18770942135455,18315000000.0,-47.225103734439834,512163000000.0,24.31864963007554,34448000000.0,-56.998052628950916,67127000000.0,11.943633786375385
2024-10-31,412.2649237627877,413.05898072406984,403.2724369212272,403.32208251953125,53971000,0.0,0.0,268477000000.0,30.18770942135455,18315000000.0,-47.225103734439834,512163000000.0,24.31864963007554,34448000000.0,-56.998052628950916,67127000000.0,11.943633786375385
2024-11-01,405.9622215000355,412.40385077597955,404.4634637574288,407.31207275390625,24230400,0.0,0.0,268477000000.0,30.18770942135455,18315000000.0,-47.225103734439834,512163000000.0,24.31864963007554,34448000000.0,-56.998052628950916,67127000000.0,11.943633786375385
2024-11-04,406.74633205416956,407.3617375208185,402.5478716062057,405.41632080078125,19672300,0.0,0.0,268477000000.0,30.18770942135455,18315000000.0,-47.225103734439834,512163000000.0,24.31864963007554,34448000000.0,-56.998052628950916,67127000000.0,11.943633786375385
2024-11-05,405.3269805306338,411.8083202953773,405.039133016745,408.3939514160156,17626000,0.0,0.0,268477000000.0,30.18770942135455,18315000000.0,-47.225103734439834,512163000000.0,24.31864963007554,34448000000.0,-56.998052628950916,67127000000.0,11.943633786375385
2024-11-06,409.346825702744,417.31698816741806,407.4609595048601,417.0489807128906,26681800,0.0,0.0,268477000000.0,30.18770942135455,18315000000.0,-47.225103734439834,512163000000.0,24.31864963007554,34448000000.0,-56.998052628950916,67127000000.0,11.943633786375385
2024-11-07,418.14078738908074,423.66928922885575,416.75122569160607,422.2598571777344,19901800,0.0,0.0,268477000000.0,30.18770942135455,18315000000.0,-47.225103734439834,512163000000.0,24.31864963007554,34448000000.0,-56.998052628950916,67127000000.0,11.943633786375385
2024-11-08,422.15070185689933,423.3219017245024,418.6370719639162,419.39141845703125,16891400,0.0,0.0,268477000000.0,30.18770942135455,18315000000.0,-47.225103734439834,512163000000.0,24.31864963007554,34448000000.0,-56.998052628950916,67127000000.0,11.943633786375385
2024-11-11,419.37154486777723,421.6444892164841,412.90014011467326,414.8951721191406,24503300,0.0,0.0,268477000000.0,30.18770942135455,18315000000.0,-47.225103734439834,512163000000.0,24.31864963007554,34448000000.0,-56.998052628950916,67127000000.0,11.943633786375385
2024-11-12,415.1333664626366,421.27724345465793,414.09120276331856,419.87774658203125,19401200,0.0,0.0,268477000000.0,30.18770942135455,18315000000.0,-47.225103734439834,512163000000.0,24.31864963007554,34448000000.0,-56.998052628950916,67127000000.0,11.943633786375385
2024-11-13,418.4981461257373,426.1308158963339,415.09368189625457,422.0316162109375,21502200,0.0,0.0,268477000000.0,30.18770942135455,18315000000.0,-47.225103734439834,512163000000.0,24.31864963007554,34448000000.0,-56.998052628950916,67127000000.0,11.943633786375385
2024-11-14,421.83308381585454,424.9794756745813,416.87034165331505,423.7090148925781,30246900,0.0,0.0,268477000000.0,30.18770942135455,18315000000.0,-47.225103734439834,512163000000.0,24.31864963007554,34448000000.0,-56.998052628950916,67127000000.0,11.943633786375385
2024-11-15,416.69168340974903,419.64945830467593,410.5577414665236,411.9075927734375,28247600,0.0,0.0,268477000000.0,30.18770942135455,18315000000.0,-47.225103734439834,512163000000.0,24.31864963007554,34448000000.0,-56.998052628950916,67127000000.0,11.943633786375385
2024-11-18,411.778543667536,415.282238255226,409.0291955453545,412.66192626953125,24727000,0.0,0.0,268477000000.0,30.18770942135455,18315000000.0,-47.225103734439834,512163000000.0,24.31864963007554,34448000000.0,-56.998052628950916,67127000000.0,11.943633786375385
2024-11-19,410.03166915459735,414.82569505476647,408.48329602030253,414.67681884765625,18133500,0.0,0.0,268477000000.0,30.18770942135455,18315000000.0,-47.225103734439834,512163000000.0,24.31864963007554,34448000000.0,-56.998052628950916,67127000000.0,11.943633786375385
2024-11-20,413.76364252316546,414.18052617467214,407.52050466835993,412.3939208984375,19191700,0.0,0.0,268477000000.0,30.18770942135455,18315000000.0,-47.225103734439834,512163000000.0,24.31864963007554,34448000000.0,-56.998052628950916,67127000000.0,11.943633786375385
2024-11-21,417.2075121790912,417.4859808182417,408.04785157798557,410.6137390136719,20780200,0.83,0.0,268477000000.0,30.18770942135455,18315000000.0,-47.225103734439834,512163000000.0,24.31864963007554,34448000000.0,-56.998052628950916,67127000000.0,11.943633786375385
2024-11-22,409.1219230929671,415.11896888171356,408.81361962204943,414.7211608886719,24814600,0.0,0.0,268477000000.0,30.18770942135455,18315000000.0,-47.225103734439834,512163000000.0,24.31864963007554,34448000000.0,-56.998052628950916,67127000000.0,11.943633786375385
2024-11-25,416.09361024787086,418.778836873561,412.58290247238904,416.5013732910156,27691100,0.0,0.0,268477000000.0,30.18770942135455,18315000000.0,-47.225103734439834,512163000000.0,24.31864963007554,34448000000.0,-56.998052628950916,67127000000.0,11.943633786375385
2024-11-26,417.29700327286355,426.69537265560376,416.5610569682543,425.6510925292969,23458900,0.0,0.0,268477000000.0,30.18770942135455,18315000000.0,-47.225103734439834,512163000000.0,24.31864963007554,34448000000.0,-56.998052628950916,67127000000.0,11.943633786375385
2024-11-27,422.78681538537654,424.8952553598379,419.71370546967114,420.67840576171875,18332400,0.0,0.0,268477000000.0,30.18770942135455,18315000000.0,-47.225103734439834,512163000000.0,24.31864963007554,34448000000.0,-56.998052628950916,67127000000.0,11.943633786375385
2024-11-29,417.7942649272981,422.55809676444443,415.51677094971404,421.1458435058594,16271900,0.0,0.0,268477000000.0,30.18770942135455,18315000000.0,-47.225103734439834,512163000000.0,24.31864963007554,34448000000.0,-56.998052628950916,67127000000.0,11.943633786375385
2024-12-02,419.2662066130162,430.63373653101576,419.00761775180223,428.6247863769531,20207200,0.0,0.0,268477000000.0,30.18770942135455,18315000000.0,-47.225103734439834,512163000000.0,24.31864963007554,34448000000.0,-56.998052628950916,67127000000.0,11.943633786375385
2024-12-03,427.4909833141871,430.1066156030698,425.40245343840513,428.84356689453125,18302000,0.0,0.0,268477000000.0,30.18770942135455,18315000000.0,-47.225103734439834,512163000000.0,24.31864963007554,34448000000.0,-56.998052628950916,67127000000.0,11.943633786375385
2024-12-04,430.6635477279166,437.2672755840065,430.26573974460115,435.0295715332031,26009400,0.0,0.0,268477000000.0,30.18770942135455,18315000000.0,-47.225103734439834,512163000000.0,24.31864963007554,34448000000.0,-56.998052628950916,67127000000.0,11.943633786375385
2024-12-05,435.5268443828614,442.2300015529848,433.7864078777922,440.2011413574219,21697800,0.0,0.0,268477000000.0,30.18770942135455,18315000000.0,-47.225103734439834,512163000000.0,24.31864963007554,34448000000.0,-56.998052628950916,67127000000.0,11.943633786375385
2024-12-06,439.8828865059849,443.66213830194334,439.35578408835863,441.1459655761719,18821000,0.0,0.0,268477000000.0,30.18770942135455,18315000000.0,-47.225103734439834,512163000000.0,24.31864963007554,34448000000.0,-56.998052628950916,67127000000.0,11.943633786375385
2024-12-09,440.18122659952354,445.8798931073043,438.09269688925554,443.58251953125,19144400,0.0,0.0,268477000000.0,30.18770942135455,18315000000.0,-47.225103734439834,512163000000.0,24.31864963007554,34448000000.0,-56.998052628950916,67127000000.0,11.943633786375385
2024-12-10,441.96149226752044,447.16289170564096,439.1867306857862,440.9072570800781,18469500,0.0,0.0,268477000000.0,30.18770942135455,18315000000.0,-47.225103734439834,512163000000.0,24.31864963007554,34448000000.0,-56.998052628950916,67127000000.0,11.943633786375385
2024-12-11,441.62334015579273,447.8889300799693,441.62334015579273,446.5363464355469,19200200,0.0,0.0,268477000000.0,30.18770942135455,18315000000.0,-47.225103734439834,512163000000.0,24.31864963007554,34448000000.0,-56.998052628950916,67127000000.0,11.943633786375385
2024-12-12,446.65565750056305,453.66714837494953,446.65565750056305,447.10321044921875,20834800,0.0,0.0,268477000000.0,30.18770942135455,18315000000.0,-47.225103734439834,512163000000.0,24.31864963007554,34448000000.0,-56.998052628950916,67127000000.0,11.943633786375385
2024-12-13,445.98933356109154,448.9629838704377,443.14494732322726,444.8257141113281,20177800,0.0,0.0,268477000000.0,30.18770942135455,18315000000.0,-47.225103734439834,512163000000.0,24.31864963007554,34448000000.0,-56.998052628950916,67127000000.0,11.943633786375385
2024-12-16,444.82570192667384,449.70887289523523,442.84658679582157,449.1221008300781,23598800,0.0,0.0,268477000000.0,30.18770942135455,18315000000.0,-47.225103734439834,512163000000.0,24.31864963007554,34448000000.0,-56.998052628950916,67127000000.0,11.943633786375385
2024-12-17,448.545282051395,452.80189103583194,447.11314908926647,451.9764099121094,22733500,0.0,0.0,268477000000.0,30.18770942135455,18315000000.0,-47.225103734439834,512163000000.0,24.31864963007554,34448000000.0,-56.998052628950916,67127000000.0,11.943633786375385
2024-12-18,448.8536235978926,450.17634202962637,434.6317523490202,434.999755859375,24444500,0.0,0.0,268477000000.0,30.18770942135455,18315000000.0,-47.225103734439834,512163000000.0,24.31864963007554,34448000000.0,-56.998052628950916,67127000000.0,11.943633786375385
2024-12-19,439.2066057877418,440.7580781855559,433.9355816606558,434.6416931152344,22963700,0.0,0.0,268477000000.0,30.18770942135455,18315000000.0,-47.225103734439834,512163000000.0,24.31864963007554,34448000000.0,-56.998052628950916,67127000000.0,11.943633786375385
2024-12-20,430.74310199904505,441.31501544447383,426.28760397482347,434.21405029296875,64263700,0.0,0.0,268477000000.0,30.18770942135455,18315000000.0,-47.225103734439834,512163000000.0,24.31864963007554,34448000000.0,-56.998052628950916,67127000000.0,11.943633786375385
2024-12-23,434.35327712310794,435.25830776300677,430.4646409959487,432.8714294433594,19152500,0.0,0.0,268477000000.0,30.18770942135455,18315000000.0,-47.225103734439834,512163000000.0,24.31864963007554,34448000000.0,-56.998052628950916,67127000000.0,11.943633786375385
2024-12-24,432.27469051669533,437.1976515770788,431.817212852652,436.9291076660156,7164500,0.0,0.0,268477000000.0,30.18770942135455,18315000000.0,-47.225103734439834,512163000000.0,24.31864963007554,34448000000.0,-56.998052628950916,67127000000.0,11.943633786375385
2024-12-26,436.6804901261448,438.5303413291557,434.24389716434194,435.7157897949219,8194200,0.0,0.0,268477000000.0,30.18770942135455,18315000000.0,-47.225103734439834,512163000000.0,24.31864963007554,34448000000.0,-56.998052628950916,67127000000.0,11.943633786375385
2024-12-27,432.22498090820386,432.8415878431465,424.020065946368,428.1772155761719,18117700,0.0,0.0,268477000000.0,30.18770942135455,18315000000.0,-47.225103734439834,512163000000.0,24.31864963007554,34448000000.0,-56.998052628950916,67127000000.0,11.943633786375385
2024-12-30,423.7316509986102,425.21349868579347,419.59438106008827,422.50836181640625,13158700,0.0,0.0,268477000000.0,30.18770942135455,18315000000.0,-47.225103734439834,512163000000.0,24.31864963007554,34448000000.0,-56.998052628950916,67127000000.0,11.943633786375385
2024-12-31,423.771400608361,424.39796256038005,418.3611273840335,419.196533203125,13246500,0.0,0.0,268477000000.0,30.18770942135455,18315000000.0,-47.225103734439834,512163000000.0,24.31864963007554,34448000000.0,-56.998052628950916,67127000000.0,11.943633786375385
2025-01-02,423.2045424399656,423.74159992080814,412.5829142901712,416.2925109863281,16896500,0.0,0.0,268477000000.0,30.18770942135455,18315000000.0,-47.225103734439834,512163000000.0,24.31864963007554,34448000000.0,-56.998052628950916,67127000000.0,11.943633786375385
2025-01-03,418.77885425500915,421.712745134401,417.2472919522773,421.0364685058594,16662900,0.0,0.0,268477000000.0,30.18770942135455,18315000000.0,-47.225103734439834,512163000000.0,24.31864963007554,34448000000.0,-56.998052628950916,67127000000.0,11.943633786375385
2025-01-06,425.66104554069966,431.9465149926899,423.15482788109534,425.5118713378906,20573600,0.0,0.0,268477000000.0,30.18770942135455,18315000000.0,-47.225103734439834,512163000000.0,24.31864963007554,34448000000.0,-56.998052628950916,67127000000.0,11.943633786375385
2025-01-07,426.655570865203,428.29654775990844,418.50037065706186,420.0617980957031,18139100,0.0,0.0,268477000000.0,30.18770942135455,18315000000.0,-47.225103734439834,512163000000.0,24.31864963007554,34448000000.0,-56.998052628950916,67127000000.0,11.943633786375385
2025-01-08,421.145842919639,424.6366709818625,419.2363524426034,422.2398376464844,15054600,0.0,0.0,268477000000.0,30.18770942135455,18315000000.0,-47.225103734439834,512163000000.0,24.31864963007554,34448000000.0,-56.998052628950916,67127000000.0,11.943633786375385
2025-01-10,422.30944402253056,422.38899347611215,412.7519459369572,416.6604919433594,20201100,0.0,0.0,268477000000.0,30.18770942135455,18315000000.0,-47.225103734439834,512163000000.0,24.31864963007554,34448000000.0,-56.998052628950916,67127000000.0,11.943633786375385
2025-01-13,412.97077003054903,416.21296436365594,410.03690951971083,414.9101257324219,17604800,0.0,0.0,268477000000.0,30.18770942135455,18315000000.0,-47.225103734439834,512163000000.0,24.31864963007554,34448000000.0,-56.998052628950916,67127000000.0,11.943633786375385
2025-01-14,415.5267269300622,417.4461724776856,408.4754763868852,413.3984375,16935900,0.0,0.0,268477000000.0,30.18770942135455,18315000000.0,-47.225103734439834,512163000000.0,24.31864963007554,34448000000.0,-56.998052628950916,67127000000.0,11.943633786375385
2025-01-15,416.83953041233667,425.8102267141552,415.98421438422275,423.98028564453125,19637800,0.0,0.0,268477000000.0,30.18770942135455,18315000000.0,-47.225103734439834,512163000000.0,24.31864963007554,34448000000.0,-56.998052628950916,67127000000.0,11.943633786375385
2025-01-16,426.35721474684357,427.1428756329152,422.07077084126166,422.25970458984375,15300000,0.0,0.0,268477000000.0,30.18770942135455,18315000000.0,-47.225103734439834,512163000000.0,24.31864963007554,34448000000.0,-56.998052628950916,67127000000.0,11.943633786375385
2025-01-17,431.7177703608077,432.1056536473427,425.83013912279745,426.6854248046875,26197500,0.0,0.0,268477000000.0,30.18770942135455,18315000000.0,-47.225103734439834,512163000000.0,24.31864963007554,34448000000.0,-56.998052628950916,67127000000.0,11.943633786375385
2025-01-21,427.8490471438773,428.54520356031776,423.2741792396476,426.1583251953125,26085700,0.0,0.0,268477000000.0,30.18770942135455,18315000000.0,-47.225103734439834,512163000000.0,24.31864963007554,34448000000.0,-56.998052628950916,67127000000.0,11.943633786375385
2025-01-22,435.1688283301516,444.8257568157961,433.6173558153904,443.7616271972656,27803800,0.0,0.0,268477000000.0,30.18770942135455,18315000000.0,-47.225103734439834,512163000000.0,24.31864963007554,34448000000.0,-56.998052628950916,67127000000.0,11.943633786375385
2025-01-23,439.58451646364995,444.3085582129765,439.08724891108926,444.2687683105469,18389300,0.0,0.0,268477000000.0,30.18770942135455,18315000000.0,-47.225103734439834,512163000000.0,24.31864963007554,34448000000.0,-56.998052628950916,67127000000.0,11.943633786375385
2025-01-24,442.7272955771019,444.20914332055247,438.987833493392,441.63330078125,15549500,0.0,0.0,268477000000.0,30.18770942135455,18315000000.0,-47.225103734439834,512163000000.0,24.31864963007554,34448000000.0,-56.998052628950916,67127000000.0,11.943633786375385
2025-01-27,421.6928472557325,432.82169771122886,421.185624630697,432.1851806640625,35647800,0.0,0.0,268477000000.0,30.18770942135455,18315000000.0,-47.225103734439834,512163000000.0,24.31864963007554,34448000000.0,-56.998052628950916,67127000000.0,11.943633786375385
2025-01-28,432.22498499378844,445.9296782334323,429.02258057650255,444.7561340332031,23491700,0.0,0.0,268477000000.0,30.18770942135455,18315000000.0,-47.225103734439834,512163000000.0,24.31864963007554,34448000000.0,-56.998052628950916,67127000000.0,11.943633786375385
2025-01-29,444.24887794638107,444.4378420399145,437.9932437860414,439.9126892089844,23581400,0.0,0.0,268477000000.0,30.18770942135455,18315000000.0,-47.225103734439834,512163000000.0,24.31864963007554,34448000000.0,-56.998052628950916,67127000000.0,11.943633786375385
2025-01-30,416.4814791520961,420.5491243253889,410.9021514578089,412.7221374511719,54586300,0.0,0.0,268477000000.0,30.18770942135455,18315000000.0,-47.225103734439834,512163000000.0,24.31864963007554,34448000000.0,-56.998052628950916,67127000000.0,11.943633786375385
2025-01-31,416.69036991112364,418.39101660852566,412.64260435429605,412.7917785644531,34161900,0.0,0.0,268477000000.0,30.18770942135455,18315000000.0,-47.225103734439834,512163000000.0,24.31864963007554,34448000000.0,-56.998052628950916,67127000000.0,11.943633786375385
2025-02-03,409.3506540265293,413.1398303368367,406.4267183987767,408.67437744140625,25679100,0.0,0.0,268477000000.0,30.18770942135455,18315000000.0,-47.225103734439834,512163000000.0,24.31864963007554,34448000000.0,-56.998052628950916,67127000000.0,11.943633786375385
2025-02-04,410.43471361041793,411.65800277159144,407.5008227766752,410.116455078125,20532100,0.0,0.0,268477000000.0,30.18770942135455,18315000000.0,-47.225103734439834,512163000000.0,24.31864963007554,34448000000.0,-56.998052628950916,67127000000.0,11.943633786375385
2025-02-05,410.0965981017129,411.5684907814938,408.1572423104593,411.0314636230469,16316700,0.0,0.0,268477000000.0,30.18770942135455,18315000000.0,-47.225103734439834,512163000000.0,24.31864963007554,34448000000.0,-56.998052628950916,67127000000.0,11.943633786375385
2025-02-06,411.73754619066034,415.914605901032,411.73754619066034,413.547607421875,16309800,0.0,0.0,268477000000.0,30.18770942135455,18315000000.0,-47.225103734439834,512163000000.0,24.31864963007554,34448000000.0,-56.998052628950916,67127000000.0,11.943633786375385
2025-02-07,414.2040051086223,416.36212936115334,405.86979579790295,407.5107727050781,22886800,0.0,0.0,268477000000.0,30.18770942135455,18315000000.0,-47.225103734439834,512163000000.0,24.31864963007554,34448000000.0,-56.998052628950916,67127000000.0,11.943633786375385
2025-02-10,411.44913283343,413.1895693646485,408.6744015876666,409.96728515625,20817900,0.0,0.0,268477000000.0,30.18770942135455,18315000000.0,-47.225103734439834,512163000000.0,24.31864963007554,34448000000.0,-56.998052628950916,67127000000.0,11.943633786375385
2025-02-11,407.4013772616106,410.2357780460881,407.06320861531077,409.1915283203125,18140600,0.0,0.0,268477000000.0,30.18770942135455,18315000000.0,-47.225103734439834,512163000000.0,24.31864963007554,34448000000.0,-56.998052628950916,67127000000.0,11.943633786375385
2025-02-12,404.98464070295296,408.5053035519359,402.1601645834243,406.8046569824219,19121700,0.0,0.0,268477000000.0,30.18770942135455,18315000000.0,-47.225103734439834,512163000000.0,24.31864963007554,34448000000.0,-56.998052628950916,67127000000.0,11.943633786375385
2025-02-13,404.7758152621338,408.75395595267076,404.1392981832616,408.2964782714844,23891700,0.0,0.0,268477000000.0,30.18770942135455,18315000000.0,-47.225103734439834,512163000000.0,24.31864963007554,34448000000.0,-56.998052628950916,67127000000.0,11.943633786375385
2025-02-14,405.5614808415711,406.6753553081934,403.66191514014076,406.1979675292969,22758500,0.0,0.0,268477000000.0,30.18770942135455,18315000000.0,-47.225103734439834,512163000000.0,24.31864963007554,34448000000.0,-56.998052628950916,67127000000.0,11.943633786375385
2025-02-18,405.7703454735141,408.3561429609082,404.2785427328027,407.4013977050781,21423100,0.0,0.0,268477000000.0,30.18770942135455,18315000000.0,-47.225103734439834,512163000000.0,24.31864963007554,34448000000.0,-56.998052628950916,67127000000.0,11.943633786375385
2025-02-19,405.6510251389108,413.2194234967571,405.4222711149816,412.50335693359375,24114200,0.0,0.0,268477000000.0,30.18770942135455,18315000000.0,-47.225103734439834,512163000000.0,24.31864963007554,34448000000.0,-56.998052628950916,67127000000.0,11.943633786375385
2025-02-20,413.84867949906476,417.8547165109783,411.10822380495836,414.6857604980469,23508700,0.83,0.0,268477000000.0,30.18770942135455,18315000000.0,-47.225103734439834,512163000000.0,24.31864963007554,34448000000.0,-56.998052628950916,67127000000.0,11.943633786375385
2025-02-21,415.8915301727366,416.59905745325864,406.4743466307379,406.793212890625,27524800,0.0,0.0,268477000000.0,30.18770942135455,18315000000.0,-47.225103734439834,512163000000.0,24.31864963007554,34448000000.0,-56.998052628950916,67127000000.0,11.943633786375385
2025-02-24,407.09219625426255,407.9491968592537,397.93408950529806,402.59783935546875,26443700,0.0,0.0,268477000000.0,30.18770942135455,18315000000.0,-47.225103734439834,512163000000.0,24.31864963007554,34448000000.0,-56.998052628950916,67127000000.0,11.943633786375385
2025-02-25,399.7079184567694,400.52507980230723,395.3231955078189,396.5190124511719,29387400,0.0,0.0,268477000000.0,30.18770942135455,18315000000.0,-47.225103734439834,512163000000.0,24.31864963007554,34448000000.0,-56.998052628950916,67127000000.0,11.943633786375385
2025-02-26,396.6286502127144,402.19924554396545,392.88169018272754,398.3426818847656,19619000,0.0,0.0,268477000000.0,30.18770942135455,18315000000.0,-47.225103734439834,512163000000.0,24.31864963007554,34448000000.0,-56.998052628950916,67127000000.0,11.943633786375385
2025-02-27,399.87728914292836,404.33177619538384,390.80889711711075,391.1676330566406,21127400,0.0,0.0,268477000000.0,30.18770942135455,18315000000.0,-47.225103734439834,512163000000.0,24.31864963007554,34448000000.0,-56.998052628950916,67127000000.0,11.943633786375385
2025-02-28,391.29719366600983,396.24994544118493,385.2283339547379,395.6121520996094,32845700,0.0,0.0,268477000000.0,30.18770942135455,18315000000.0,-47.225103734439834,512163000000.0,24.31864963007554,34448000000.0,-56.998052628950916,67127000000.0,11.943633786375385
2025-03-03,397.4358274187669,397.4358274187669,384.8197626823639,387.14166259765625,23007700,0.0,0.0,268477000000.0,30.18770942135455,18315000000.0,-47.225103734439834,512163000000.0,24.31864963007554,34448000000.0,-56.998052628950916,67127000000.0,11.943633786375385
2025-03-04,382.06932141422595,391.21745294280987,379.67765721488945,387.26123046875,29342900,0.0,0.0,268477000000.0,30.18770942135455,18315000000.0,-47.225103734439834,512163000000.0,24.31864963007554,34448000000.0,-56.998052628950916,67127000000.0,11.943633786375385
2025-03-05,387.9887187604894,400.27594221038044,387.4605594414927,399.628173828125,23433100,0.0,0.0,268477000000.0,30.18770942135455,18315000000.0,-47.225103734439834,512163000000.0,24.31864963007554,34448000000.0,-56.998052628950916,67127000000.0,11.943633786375385
2025-03-06,392.91158534383527,400.7542663515353,391.3171323240562,395.5125427246094,23304600,0.0,0.0,268477000000.0,30.18770942135455,18315000000.0,-47.225103734439834,512163000000.0,24.31864963007554,34448000000.0,-56.998052628950916,67127000000.0,11.943633786375385
2025-03-07,390.9583919892802,393.42976525122566,384.20192438386283,391.9449462890625,22034100,0.0,0.0,268477000000.0,30.18770942135455,18315000000.0,-47.225103734439834,512163000000.0,24.31864963007554,34448000000.0,-56.998052628950916,67127000000.0,11.943633786375385
2025-03-10,384.50085520495696,385.05890917094194,375.9107776446238,378.840576171875,32840100,0.0,0.0,268477000000.0,30.18770942135455,18315000000.0,-47.225103734439834,512163000000.0,24.31864963007554,34448000000.0,-56.998052628950916,67127000000.0,11.943633786375385
2025-03-11,377.6846284139058,384.6603339518935,375.6018856955347,379.1296081542969,30380200,0.0,0.0,268477000000.0,30.18770942135455,18315000000.0,-47.225103734439834,512163000000.0,24.31864963007554,34448000000.0,-56.998052628950916,67127000000.0,11.943633786375385
2025-03-12,381.62092254273574,383.883033194115,377.634805186652,381.9397888183594,24253600,0.0,0.0,268477000000.0,30.18770942135455,18315000000.0,-47.225103734439834,512163000000.0,24.31864963007554,34448000000.0,-56.998052628950916,67127000000.0,11.943633786375385
2025-03-13,381.8301614244045,383.9826683121219,376.139987768004,377.45538330078125,20473000,0.0,0.0,268477000000.0,30.18770942135455,18315000000.0,-47.225103734439834,512163000000.0,24.31864963007554,34448000000.0,-56.998052628950916,67127000000.0,11.943633786375385
2025-03-14,378.46189966674945,388.87564310802037,378.19284770158055,387.21142578125,19952800,0.0,0.0,268477000000.0,30.18770942135455,18315000000.0,-47.225103734439834,512163000000.0,24.31864963007554,34448000000.0,-56.998052628950916,67127000000.0,11.943633786375385
2025-03-17,385.35789354291256,391.3470139725856,384.23181056492524,387.3509521484375,22474300,0.0,0.0,268477000000.0,30.18770942135455,18315000000.0,-47.225103734439834,512163000000.0,24.31864963007554,34448000000.0,-56.998052628950916,67127000000.0,11.943633786375385
2025-03-18,385.72663184862864,386.02557849597406,379.7773502731509,382.1889343261719,19486900,0.0,0.0,268477000000.0,30.18770942135455,18315000000.0,-47.225103734439834,512163000000.0,24.31864963007554,34448000000.0,-56.998052628950916,67127000000.0,11.943633786375385
2025-03-19,384.1919384194473,388.3275289171194,382.66724981244226,386.4739990234375,19185500,0.0,0.0,268477000000.0,30.18770942135455,18315000000.0,-47.225103734439834,512163000000.0,24.31864963007554,34448000000.0,-56.998052628950916,67127000000.0,11.943633786375385
2025-03-20,384.40121765018193,390.4302384005767,381.9497639905121,385.4974060058594,18470500,0.0,0.0,268477000000.0,30.18770942135455,18315000000.0,-47.225103734439834,512163000000.0,24.31864963007554,34448000000.0,-56.998052628950916,67127000000.0,11.943633786375385
2025-03-21,381.8899648927027,390.38038369901005,381.47140919973003,389.9020690917969,39675900,0.0,0.0,268477000000.0,30.18770942135455,18315000000.0,-47.225103734439834,512163000000.0,24.31864963007554,34448000000.0,-56.998052628950916,67127000000.0,11.943633786375385
2025-03-24,394.02768406346627,394.02768406346627,388.45708885622673,391.7157287597656,21004500,0.0,0.0,268477000000.0,30.18770942135455,18315000000.0,-47.225103734439834,512163000000.0,24.31864963007554,34448000000.0,-56.998052628950916,67127000000.0,11.943633786375385
2025-03-25,392.552857032296,394.98436068056907,391.2773006739415,393.7885437011719,15775000,0.0,0.0,268477000000.0,30.18770942135455,18315000000.0,-47.225103734439834,512163000000.0,24.31864963007554,34448000000.0,-56.998052628950916,67127000000.0,11.943633786375385
2025-03-26,393.6290879777552,393.93800963918454,387.2214116418782,388.6165466308594,16108400,0.0,0.0,268477000000.0,30.18770942135455,18315000000.0,-47.225103734439834,512163000000.0,24.31864963007554,34448000000.0,-56.998052628950916,67127000000.0,11.943633786375385
2025-03-27,388.7759758195498,390.87863801869304,386.05543991632794,389.2243957519531,13766800,0.0,0.0,268477000000.0,30.18770942135455,18315000000.0,-47.225103734439834,512163000000.0,24.31864963007554,34448000000.0,-56.998052628950916,67127000000.0,11.943633786375385
2025-03-28,386.7330813092454,387.77945533191945,375.6217855831935,377.48529052734375,21632000,0.0,0.0,268477000000.0,30.18770942135455,18315000000.0,-47.225103734439834,512163000000.0,24.31864963007554,34448000000.0,-56.998052628950916,67127000000.0,11.943633786375385
2025-03-31,371.2470435423123,375.761320171641,365.96541986866765,374.087158203125,35184700,0.0,0.0,268477000000.0,30.18770942135455,18315000000.0,-47.225103734439834,512163000000.0,24.31864963007554,34448000000.0,-56.998052628950916,67127000000.0,11.943633786375385
2025-04-01,373.34968615477356,381.52123836039385,371.93463161723514,380.863525390625,19689500,0.0,0.0,268477000000.0,30.18770942135455,18315000000.0,-47.225103734439834,512163000000.0,24.31864963007554,34448000000.0,-56.998052628950916,67127000000.0,11.943633786375385
2025-04-02,376.6581801475031,383.74348886180815,375.3128595122782,380.813720703125,16092600,0.0,0.0,268477000000.0,30.18770942135455,18315000000.0,-47.225103734439834,512163000000.0,24.31864963007554,34448000000.0,-56.998052628950916,67127000000.0,11.943633786375385
2025-04-03,373.4892252977989,376.16989155085776,368.06810346654436,371.8150329589844,30198000,0.0,0.0,268477000000.0,30.18770942135455,18315000000.0,-47.225103734439834,512163000000.0,24.31864963007554,34448000000.0,-56.998052628950916,67127000000.0,11.943633786375385
2025-04-04,362.86621412703136,373.28990195338014,358.2323590249941,358.5910949707031,49209900,0.0,0.0,268477000000.0,30.18770942135455,18315000000.0,-47.225103734439834,512163000000.0,24.31864963007554,34448000000.0,-56.998052628950916,67127000000.0,11.943633786375385
2025-04-07,349.66222551139305,369.7123913004176,343.5933653790687,356.61798095703125,50425000,0.0,0.0,268477000000.0,30.18770942135455,18315000000.0,-47.225103734439834,512163000000.0,24.31864963007554,34448000000.0,-56.998052628950916,67127000000.0,11.943633786375385
2025-04-08,366.98190125867967,372.35317854006513,349.0343982710952,353.3294372558594,35868900,0.0,0.0,268477000000.0,30.18770942135455,18315000000.0,-47.225103734439834,512163000000.0,24.31864963007554,34448000000.0,-56.998052628950916,67127000000.0,11.943633786375385
2025-04-09,352.3129939705509,391.8652461990382,351.8745186247924,389.1347351074219,50199700,0.0,0.0,268477000000.0,30.18770942135455,18315000000.0,-47.225103734439834,512163000000.0,24.31864963007554,34448000000.0,-56.998052628950916,67127000000.0,11.943633786375385
2025-04-10,380.7339860356081,382.56759631800514,366.5234683324548,380.0264587402344,38024400,0.0,0.0,268477000000.0,30.18770942135455,18315000000.0,-47.225103734439834,512163000000.0,24.31864963007554,34448000000.0,-56.998052628950916,67127000000.0,11.943633786375385
2025-04-11,379.3189154840166,388.6962291414208,377.57498926356885,387.101806640625,23839200,0.0,0.0,268477000000.0,30.18770942135455,18315000000.0,-47.225103734439834,512163000000.0,24.31864963007554,34448000000.0,-56.998052628950916,67127000000.0,11.943633786375385
2025-04-14,391.8552468593249,393.28027643878613,382.8765082652718,386.4640197753906,19251200,0.0,0.0,268477000000.0,30.18770942135455,18315000000.0,-47.225103734439834,512163000000.0,24.31864963007554,34448000000.0,-56.998052628950916,67127000000.0,11.943633786375385
2025-04-15,387.16161616456134,390.5298901348079,382.82670753665025,384.3912658691406,17199900,0.0,0.0,268477000000.0,30.18770942135455,18315000000.0,-47.225103734439834,512163000000.0,24.31864963007554,34448000000.0,-56.998052628950916,67127000000.0,11.943633786375385
2025-04-16,379.34883521582236,380.2855448116978,366.72279516422714,370.32025146484375,21967800,0.0,0.0,268477000000.0,30.18770942135455,18315000000.0,-47.225103734439834,512163000000.0,24.31864963007554,34448000000.0,-56.998052628950916,67127000000.0,11.943633786375385
2025-04-17,372.45282110026085,373.02085009277744,365.61664478749583,366.5035400390625,21120200,0.0,0.0,268477000000.0,30.18770942135455,18315000000.0,-47.225103734439834,512163000000.0,24.31864963007554,34448000000.0,-56.998052628950916,67127000000.0,11.943633786375385
2025-04-21,361.5607667541322,363.21500903617533,354.43558836453434,357.87359619140625,20807300,0.0,0.0,268477000000.0,30.18770942135455,18315000000.0,-47.225103734439834,512163000000.0,24.31864963007554,34448000000.0,-56.998052628950916,67127000000.0,11.943633786375385
2025-04-22,362.1188421014038,366.4935901583944,358.611039306251,365.5469055175781,19485000,0.0,0.0,268477000000.0,30.18770942135455,18315000000.0,-47.225103734439834,512163000000.0,24.31864963007554,34448000000.0,-56.998052628950916,67127000000.0,11.943633786375385
2025-04-23,374.75482418771264,379.069813295219,371.7253664544321,373.09063720703125,20545500,0.0,0.0,268477000000.0,30.18770942135455,18315000000.0,-47.225103734439834,512163000000.0,24.31864963007554,34448000000.0,-56.998052628950916,67127000000.0,11.943633786375385
2025-04-24,374.3960646492269,387.10181303671203,373.8878249819962,385.9557800292969,22232300,0.0,0.0,268477000000.0,30.18770942135455,18315000000.0,-47.225103734439834,512163000000.0,24.31864963007554,34448000000.0,-56.998052628950916,67127000000.0,11.943633786375385
2025-04-25,385.65684745985266,390.79894240871675,383.2651831703409,390.4900207519531,18973200,0.0,0.0,268477000000.0,30.18770942135455,18315000000.0,-47.225103734439834,512163000000.0,24.31864963007554,34448000000.0,-56.998052628950916,67127000000.0,11.943633786375385
2025-04-28,390.59964052478745,391.37693221129894,385.2981274275963,389.80242919921875,16579400,0.0,0.0,268477000000.0,30.18770942135455,18315000000.0,-47.225103734439834,512163000000.0,24.31864963007554,34448000000.0,-56.998052628950916,67127000000.0,11.943633786375385
2025-04-29,389.9419132819562,393.7287429695286,389.02512333213684,392.67242431640625,14974000,0.0,0.0,268477000000.0,30.18770942135455,18315000000.0,-47.225103734439834,512163000000.0,24.31864963007554,34448000000.0,-56.998052628950916,67127000000.0,11.943633786375385
2025-04-30,388.94537633492024,395.2833185411371,383.10572919383554,393.88818359375,36461100,0.0,0.0,268477000000.0,30.18770942135455,18315000000.0,-47.225103734439834,512163000000.0,24.31864963007554,34448000000.0,-56.998052628950916,67127000000.0,11.943633786375385
2025-05-01,429.6137271918364,435.47332427713997,423.4252888222868,423.9235534667969,58938100,0.0,0.0,268477000000.0,30.18770942135455,18315000000.0,-47.225103734439834,512163000000.0,24.31864963007554,34448000000.0,-56.998052628950916,67127000000.0,11.943633786375385
2025-05-02,430.2415647531947,437.91485278651635,428.49763841940904,433.769287109375,30757400,0.0,0.0,268477000000.0,30.18770942135455,18315000000.0,-47.225103734439834,512163000000.0,24.31864963007554,34448000000.0,-56.998052628950916,67127000000.0,11.943633786375385
2025-05-05,431.367624097433,437.97461808249534,430.6102521137275,434.65618896484375,20136100,0.0,0.0,268477000000.0,30.18770942135455,18315000000.0,-47.225103734439834,512163000000.0,24.31864963007554,34448000000.0,-56.998052628950916,67127000000.0,11.943633786375385
2025-05-06,430.6999888667604,436.2107948487266,429.6735648726689,431.8061218261719,15104200,0.0,0.0,268477000000.0,30.18770942135455,18315000000.0,-47.225103734439834,512163000000.0,24.31864963007554,34448000000.0,-56.998052628950916,67127000000.0,11.943633786375385
2025-05-07,432.3342674079582,436.5994115910065,429.6137314736212,431.8459777832031,23295300,0.0,0.0,268477000000.0,30.18770942135455,18315000000.0,-47.225103734439834,512163000000.0,24.31864963007554,34448000000.0,-56.998052628950916,67127000000.0,11.943633786375385
2025-05-08,436.41007376009867,442.1301726837614,434.147963172883,436.6492614746094,23491300,0.0,0.0,268477000000.0,30.18770942135455,18315000000.0,-47.225103734439834,512163000000.0,24.31864963007554,34448000000.0,-56.998052628950916,67127000000.0,11.943633786375385
2025-05-09,438.4728871570268,439.21030909915044,434.3671913522403,437.2073059082031,15324200,0.0,0.0,268477000000.0,30.18770942135455,18315000000.0,-47.225103734439834,512163000000.0,24.31864963007554,34448000000.0,-56.998052628950916,67127000000.0,11.943633786375385
2025-05-12,444.39229048229146,447.8103787748487,438.2536661790282,447.7007751464844,22821900,0.0,0.0,268477000000.0,30.18770942135455,18315000000.0,-47.225103734439834,512163000000.0,24.31864963007554,34448000000.0,-56.998052628950916,67127000000.0,11.943633786375385
2025-05-13,446.22591154405814,449.1058959658508,443.8142971336702,447.5812072753906,23618800,0.0,0.0,268477000000.0,30.18770942135455,18315000000.0,-47.225103734439834,512163000000.0,24.31864963007554,34448000000.0,-56.998052628950916,67127000000.0,11.943633786375385
2025-05-14,446.5846525094385,452.32464056421765,446.5846525094385,451.36798095703125,19902800,0.0,0.0,268477000000.0,30.18770942135455,18315000000.0,-47.225103734439834,512163000000.0,24.31864963007554,34448000000.0,-56.998052628950916,67127000000.0,11.943633786375385
2025-05-15,450.0301794411029,455.44129747226026,449.6907411096269,452.3863220214844,21992300,0.83,0.0,268477000000.0,30.18770942135455,18315000000.0,-47.225103734439834,512163000000.0,24.31864963007554,34448000000.0,-56.998052628950916,67127000000.0,11.943633786375385
2025-05-16,451.30808680840903,453.6142932166669,447.99355872232604,453.5244445800781,23849800,0.0,0.0,268477000000.0,30.18770942135455,18315000000.0,-47.225103734439834,512163000000.0,24.31864963007554,34448000000.0,-56.998052628950916,67127000000.0,11.943633786375385
2025-05-19,450.14000552921704,458.83570185482216,450.0601197660991,458.11688232421875,21336500,0.0,0.0,268477000000.0,30.18770942135455,18315000000.0,-47.225103734439834,512163000000.0,24.31864963007554,34448000000.0,-56.998052628950916,67127000000.0,11.943633786375385
2025-05-20,454.8422775622727,457.58776423526933,453.57437286704067,457.4180603027344,15441800,0.0,0.0,268477000000.0,30.18770942135455,18315000000.0,-47.225103734439834,512163000000.0,24.31864963007554,34448000000.0,-56.998052628950916,67127000000.0,11.943633786375385
2025-05-21,453.8239575485261,457.02868069868646,451.06847756848606,451.8272399902344,19216900,0.0,0.0,268477000000.0,30.18770942135455,18315000000.0,-47.225103734439834,512163000000.0,24.31864963007554,34448000000.0,-56.998052628950916,67127000000.0,11.943633786375385
2025-05-22,454.2033434579146,459.49463285512667,453.1550484484722,454.11346435546875,18025600,0.0,0.0,268477000000.0,30.18770942135455,18315000000.0,-47.225103734439834,512163000000.0,24.31864963007554,34448000000.0,-56.998052628950916,67127000000.0,11.943633786375385
2025-05-23,449.24150862772166,452.94541128469075,448.17325738802526,449.441162109375,16883500,0.0,0.0,268477000000.0,30.18770942135455,18315000000.0,-47.225103734439834,512163000000.0,24.31864963007554,34448000000.0,-56.998052628950916,67127000000.0,11.943633786375385
2025-05-27,455.7308170830738,460.19348195260824,455.3713920868909,459.93389892578125,20974300,0.0,0.0,268477000000.0,30.18770942135455,18315000000.0,-47.225103734439834,512163000000.0,24.31864963007554,34448000000.0,-56.998052628950916,67127000000.0,11.943633786375385
2025-05-28,460.4630558858422,461.7609101640183,456.1800880198718,456.609375,17086300,0.0,0.0,268477000000.0,30.18770942135455,18315000000.0,-47.225103734439834,512163000000.0,24.31864963007554,34448000000.0,-56.998052628950916,67127000000.0,11.943633786375385
2025-05-29,460.79250051058557,460.9622349154345,454.56275123248776,457.9272155761719,13974800,0.0,0.0,268477000000.0,30.18770942135455,18315000000.0,-47.225103734439834,512163000000.0,24.31864963007554,34448000000.0,-56.998052628950916,67127000000.0,11.943633786375385
2025-05-30,458.96549737927586,460.9222720478794,454.79236501090486,459.60443115234375,34770500,0.0,0.0,268477000000.0,30.18770942135455,18315000000.0,-47.225103734439834,512163000000.0,24.31864963007554,34448000000.0,-56.998052628950916,67127000000.0,11.943633786375385
2025-06-02,456.3897628439735,461.35157690062545,456.1401731404802,461.2118225097656,16626500,0.0,0.0,268477000000.0,30.18770942135455,18315000000.0,-47.225103734439834,512163000000.0,24.31864963007554,34448000000.0,-56.998052628950916,67127000000.0,11.943633786375385
2025-06-03,460.7126363614999,463.3782677615003,460.1036216507913,462.2101745605469,15743800,0.0,0.0,268477000000.0,30.18770942135455,18315000000.0,-47.225103734439834,512163000000.0,24.31864963007554,34448000000.0,-56.998052628950916,67127000000.0,11.943633786375385
2025-06-04,463.2384646092932,464.9256933509807,462.2600620562611,463.1086730957031,14162700,0.0,0.0,268477000000.0,30.18770942135455,18315000000.0,-47.225103734439834,512163000000.0,24.31864963007554,34448000000.0,-56.998052628950916,67127000000.0,11.943633786375385
2025-06-05,464.1968775224098,468.8791825139859,463.26841119380083,466.91241455078125,20131700,0.0,0.0,268477000000.0,30.18770942135455,18315000000.0,-47.225103734439834,512163000000.0,24.31864963007554,34448000000.0,-56.998052628950916,67127000000.0,11.943633786375385
2025-06-06,469.31846913564885,472.56313512848675,468.0106215882427,469.6080017089844,15285600,0.0,0.0,268477000000.0,30.18770942135455,18315000000.0,-47.225103734439834,512163000000.0,24.31864963007554,34448000000.0,-56.998052628950916,67127000000.0,11.943633786375385
2025-06-09,468.92913895110996,472.6529977632414,467.8508943889836,471.97412109375,16469900,0.0,0.0,268477000000.0,30.18770942135455,18315000000.0,-47.225103734439834,512163000000.0,24.31864963007554,34448000000.0,-56.998052628950916,67127000000.0,11.943633786375385
2025-06-10,470.4166711436691,472.02401413852874,466.19360257943936,470.1471252441406,15375900,0.0,0.0,268477000000.0,30.18770942135455,18315000000.0,-47.225103734439834,512163000000.0,24.31864963007554,34448000000.0,-56.998052628950916,67127000000.0,11.943633786375385
2025-06-11,469.24859086789724,474.68965849935887,468.88919632531986,471.8443298339844,16399200,0.0,0.0,268477000000.0,30.18770942135455,18315000000.0,-47.225103734439834,512163000000.0,24.31864963007554,34448000000.0,-56.998052628950916,67127000000.0,11.943633786375385
2025-06-12,474.2403884361742,479.6315503555016,472.7428502291372,478.0840759277344,18950600,0.0,0.0,268477000000.0,30.18770942135455,18315000000.0,-47.225103734439834,512163000000.0,24.31864963007554,34448000000.0,-56.998052628950916,67127000000.0,11.943633786375385
2025-06-13,475.62811338522215,478.3935562569989,471.98410990605987,474.18048095703125,16814500,0.0,0.0,268477000000.0,30.18770942135455,18315000000.0,-47.225103734439834,512163000000.0,24.31864963007554,34448000000.0,-56.998052628950916,67127000000.0,11.943633786375385
2025-06-16,474.4300645574067,479.90108160832807,474.2204177457221,478.3536376953125,15626100,0.0,0.0,268477000000.0,30.18770942135455,18315000000.0,-47.225103734439834,512163000000.0,24.31864963007554,34448000000.0,-56.998052628950916,67127000000.0,11.943633786375385
2025-06-17,474.6197503672441,477.9542649832925,473.30190948641297,477.25543212890625,15414100,0.0,0.0,268477000000.0,30.18770942135455,18315000000.0,-47.225103734439834,512163000000.0,24.31864963007554,34448000000.0,-56.998052628950916,67127000000.0,11.943633786375385
2025-06-18,477.21549881727225,480.2105751696819,473.68130019053103,479.4518127441406,17526500,0.0,0.0,268477000000.0,30.18770942135455,18315000000.0,-47.225103734439834,512163000000.0,24.31864963007554,34448000000.0,-56.998052628950916,67127000000.0,11.943633786375385
2025-06-20,481.4385756672578,482.666537493529,476.0873566497709,476.6164855957031,37576200,0.0,0.0,268477000000.0,30.18770942135455,18315000000.0,-47.225103734439834,512163000000.0,24.31864963007554,34448000000.0,-56.998052628950916,67127000000.0,11.943633786375385
2025-06-23,477.425138713905,486.94948990747275,471.7345120072702,485.2023620605469,24864000,0.0,0.0,268477000000.0,30.18770942135455,18315000000.0,-47.225103734439834,512163000000.0,24.31864963007554,34448000000.0,-56.998052628950916,67127000000.0,11.943633786375385
2025-06-24,488.1475336634371,491.0427680081874,486.0010379300524,489.30560302734375,22305600,0.0,0.0,268477000000.0,30.18770942135455,18315000000.0,-47.225103734439834,512163000000.0,24.31864963007554,34448000000.0,-56.998052628950916,67127000000.0,11.943633786375385
2025-06-25,491.2324636297239,493.7483167920849,488.58681895090325,491.4620666503906,17495100,0.0,0.0,268477000000.0,30.18770942135455,18315000000.0,-47.225103734439834,512163000000.0,24.31864963007554,34448000000.0,-56.998052628950916,67127000000.0,11.943633786375385
2025-06-26,492.1709105807123,497.2226034494893,492.0011761864687,496.6335754394531,21578900,0.0,0.0,268477000000.0,30.18770942135455,18315000000.0,-47.225103734439834,512163000000.0,24.31864963007554,34448000000.0,-56.998052628950916,67127000000.0,11.943633786375385
2025-06-27,496.73341116664807,498.4805390751374,492.22084033701867,495.1260681152344,34539200,0.0,0.0,268477000000.0,30.18770942135455,18315000000.0,-47.225103734439834,512163000000.0,24.31864963007554,34448000000.0,-56.998052628950916,67127000000.0,11.943633786375385
2025-06-30,496.22427056302723,499.9381665482639,494.51705506439515,496.5936584472656,28369000,0.0,0.0,343479000000.0,27.936098809208982,30242000000.0,65.12148512148512,619003000000.0,20.860546349502012,49913000000.0,44.893752902926146,60588000000.0,-9.74123676017102
2025-07-01,495.655190908974,497.2325843953567,490.1742108879921,491.242431640625,19945400,0.0,0.0,343479000000.0,27.936098809208982,30242000000.0,65.12148512148512,619003000000.0,20.860546349502012,49913000000.0,44.893752902926146,60588000000.0,-9.74123676017102
2025-07-02,489.1858263089447,492.69007550131784,487.8979653734086,490.2840270996094,16319600,0.0,0.0,343479000000.0,27.936098809208982,30242000000.0,65.12148512148512,619003000000.0,20.860546349502012,49913000000.0,44.893752902926146,60588000000.0,-9.74123676017102
2025-07-03,492.99955771280014,499.3091926553608,492.6301698307581,498.02130126953125,13984800,0.0,0.0,343479000000.0,27.936098809208982,30242000000.0,65.12148512148512,619003000000.0,20.860546349502012,49913000000.0,44.893752902926146,60588000000.0,-9.74123676017102
2025-07-07,496.56369887519327,497.9314455400232,494.41723357438383,496.90313720703125,13981600,0.0,0.0,343479000000.0,27.936098809208982,30242000000.0,65.12148512148512,619003000000.0,20.860546349502012,49913000000.0,44.893752902926146,60588000000.0,-9.74123676017102
2025-07-08,496.42390920841734,497.3823555722493,493.2990413573122,495.804931640625,11846600,0.0,0.0,343479000000.0,27.936098809208982,30242000000.0,65.12148512148512,619003000000.0,20.860546349502012,49913000000.0,44.893752902926146,60588000000.0,-9.74123676017102
2025-07-09,499.47890106455674,505.94827712953634,498.919822567675,502.68365478515625,18659500,0.0,0.0,343479000000.0,27.936098809208982,30242000000.0,65.12148512148512,619003000000.0,20.860546349502012,49913000000.0,44.893752902926146,60588000000.0,-9.74123676017102
2025-07-10,502.22438258392543,503.6121159415126,496.93309312638246,500.656982421875,16492100,0.0,0.0,343479000000.0,27.936098809208982,30242000000.0,65.12148512148512,619003000000.0,20.860546349502012,49913000000.0,44.893752902926146,60588000000.0,-9.74123676017102
2025-07-11,497.6519112557523,504.20114253320645,496.9829974553982,502.49395751953125,16459500,0.0,0.0,343479000000.0,27.936098809208982,30242000000.0,65.12148512148512,619003000000.0,20.860546349502012,49913000000.0,44.893752902926146,60588000000.0,-9.74123676017102
2025-07-14,500.6968893054946,503.14288052756655,500.20770324807717,502.1944274902344,12058800,0.0,0.0,343479000000.0,27.936098809208982,30242000000.0,65.12148512148512,619003000000.0,20.860546349502012,49913000000.0,44.893752902926146,60588000000.0,-9.74123676017102
2025-07-15,502.19441482497484,507.465747883617,501.9648118083004,504.9898376464844,14927200,0.0,0.0,343479000000.0,27.936098809208982,30242000000.0,65.12148512148512,619003000000.0,20.860546349502012,49913000000.0,44.893752902926146,60588000000.0,-9.74123676017102
2025-07-16,504.35088083250554,505.88836188358,501.06630238508603,504.7901611328125,15154400,0.0,0.0,343479000000.0,27.936098809208982,30242000000.0,65.12148512148512,619003000000.0,20.860546349502012,49913000000.0,44.893752902926146,60588000000.0,-9.74123676017102
2025-07-17,504.85005963085433,512.5274410723513,504.7901605415637,510.8601989746094,17503100,0.0,0.0,343479000000.0,27.936098809208982,30242000000.0,65.12148512148512,619003000000.0,20.860546349502012,49913000000.0,44.893752902926146,60588000000.0,-9.74123676017102
2025-07-18,513.6356127696338,513.7953843002441,506.59719545986655,509.212890625,21209700,0.0,0.0,343479000000.0,27.936098809208982,30242000000.0,65.12148512148512,619003000000.0,20.860546349502012,49913000000.0,44.893752902926146,60588000000.0,-9.74123676017102
2025-07-21,505.8783619126309,511.24956741731427,504.7202620876888,509.2228698730469,14066800,0.0,0.0,343479000000.0,27.936098809208982,30242000000.0,65.12148512148512,619003000000.0,20.860546349502012,49913000000.0,44.893752902926146,60588000000.0,-9.74123676017102
2025-07-22,510.13139215337156,510.3610256433726,504.44073486328125,504.44073486328125,13868600,0.0,0.0,343479000000.0,27.936098809208982,30242000000.0,65.12148512148512,619003000000.0,20.860546349502012,49913000000.0,44.893752902926146,60588000000.0,-9.74123676017102
2025-07-23,505.9183250285286,505.95826791167354,499.87826643817476,505.0397644042969,16396600,0.0,0.0,343479000000.0,27.936098809208982,30242000000.0,65.12148512148512,619003000000.0,20.860546349502012,49913000000.0,44.893752902926146,60588000000.0,-9.74123676017102
2025-07-24,507.93498157135946,512.826933461713,506.4673929575042,510.0415344238281,16107000,0.0,0.0,343479000000.0,27.936098809208982,30242000000.0,65.12148512148512,619003000000.0,20.860546349502012,49913000000.0,44.893752902926146,60588000000.0,-9.74123676017102
2025-07-25,511.6289272082179,517.4393829887753,509.52240467312413,512.866943359375,19125700,0.0,0.0,343479000000.0,27.936098809208982,30242000000.0,65.12148512148512,619003000000.0,20.860546349502012,49913000000.0,44.893752902926146,60588000000.0,-9.74123676017102
2025-07-28,513.2362984451797,514.1547714605564,509.2827757416266,511.65887451171875,14308000,0.0,0.0,343479000000.0,27.936098809208982,30242000000.0,65.12148512148512,619003000000.0,20.860546349502012,49913000000.0,44.893752902926146,60588000000.0,-9.74123676017102
2025-07-29,514.6839236482208,516.7704593446111,510.7204076628311,511.728759765625,16469200,0.0,0.0,343479000000.0,27.936098809208982,30242000000.0,65.12148512148512,619003000000.0,20.860546349502012,49913000000.0,44.893752902926146,60588000000.0,-9.74123676017102
2025-07-30,514.3244691518986,515.1032182392812,508.6038929137552,512.3976440429688,26380400,0.0,0.0,343479000000.0,27.936098809208982,30242000000.0,65.12148512148512,619003000000.0,20.860546349502012,49913000000.0,44.893752902926146,60588000000.0,-9.74123676017102
2025-07-31,554.3187056451394,554.5383762548963,531.0270400328567,532.6243896484375,51617300,0.0,0.0,343479000000.0,27.936098809208982,30242000000.0,65.12148512148512,619003000000.0,20.860546349502012,49913000000.0,44.893752902926146,60588000000.0,-9.74123676017102
2025-08-01,534.1219588686084,534.9206337229102,520.0051507892547,523.2498168945312,28977600,0.0,0.0,343479000000.0,27.936098809208982,30242000000.0,65.12148512148512,619003000000.0,20.860546349502012,49913000000.0,44.893752902926146,60588000000.0,-9.74123676017102
2025-08-04,527.4030257699867,537.3666271513684,527.2632409127965,534.7609252929688,25349000,0.0,0.0,343479000000.0,27.936098809208982,30242000000.0,65.12148512148512,619003000000.0,20.860546349502012,49913000000.0,44.893752902926146,60588000000.0,-9.74123676017102
2025-08-05,536.2983661514853,536.4181643311854,526.374677366439,526.8838500976562,19171600,0.0,0.0,343479000000.0,27.936098809208982,30242000000.0,65.12148512148512,619003000000.0,20.860546349502012,49913000000.0,44.893752902926146,60588000000.0,-9.74123676017102
2025-08-06,530.0287318260303,530.8274067099719,523.1700114791388,524.0784912109375,21355700,0.0,0.0,343479000000.0,27.936098809208982,30242000000.0,65.12148512148512,619003000000.0,20.860546349502012,49913000000.0,44.893752902926146,60588000000.0,-9.74123676017102
2025-08-07,525.9354090023164,527.2233308658066,516.7005900083886,519.9852294921875,16079100,0.0,0.0,343479000000.0,27.936098809208982,30242000000.0,65.12148512148512,619003000000.0,20.860546349502012,49913000000.0,44.893752902926146,60588000000.0,-9.74123676017102
2025-08-08,521.7423060527517,523.7989228282858,518.5575389118288,521.1832275390625,15531000,0.0,0.0,343479000000.0,27.936098809208982,30242000000.0,65.12148512148512,619003000000.0,20.860546349502012,49913000000.0,44.893752902926146,60588000000.0,-9.74123676017102
2025-08-11,521.4427947726738,526.7241518809952,518.8670119786243,520.9136962890625,20194400,0.0,0.0,343479000000.0,27.936098809208982,30242000000.0,65.12148512148512,619003000000.0,20.860546349502012,49913000000.0,44.893752902926146,60588000000.0,-9.74123676017102
2025-08-12,522.8904188907295,530.1085334795151,521.8421543429575,528.3713989257812,18667000,0.0,0.0,343479000000.0,27.936098809208982,30242000000.0,65.12148512148512,619003000000.0,20.860546349502012,49913000000.0,44.893752902926146,60588000000.0,-9.74123676017102
2025-08-13,531.236692379076,531.825750889051,518.5176108745642,519.7256469726562,19619200,0.0,0.0,343479000000.0,27.936098809208982,30242000000.0,65.12148512148512,619003000000.0,20.860546349502012,49913000000.0,44.893752902926146,60588000000.0,-9.74123676017102
2025-08-14,521.7023833261101,525.0868343553949,519.2863720398742,521.6224975585938,20269100,0.0,0.0,343479000000.0,27.936098809208982,30242000000.0,65.12148512148512,619003000000.0,20.860546349502012,49913000000.0,44.893752902926146,60588000000.0,-9.74123676017102
2025-08-15,521.9120536418995,525.2365445998882,518.2281072023833,519.3162841796875,25213300,0.0,0.0,343479000000.0,27.936098809208982,30242000000.0,65.12148512148512,619003000000.0,20.860546349502012,49913000000.0,44.893752902926146,60588000000.0,-9.74123676017102
2025-08-18,520.7339636806648,521.9619254356152,513.176380682391,516.2512817382812,23760600,0.0,0.0,343479000000.0,27.936098809208982,30242000000.0,65.12148512148512,619003000000.0,20.860546349502012,49913000000.0,44.893752902926146,60588000000.0,-9.74123676017102
2025-08-19,514.1547770514178,514.314487646487,507.7153506663982,508.933349609375,21481000,0.0,0.0,343479000000.0,27.936098809208982,30242000000.0,65.12148512148512,619003000000.0,20.860546349502012,49913000000.0,44.893752902926146,60588000000.0,-9.74123676017102
2025-08-20,509.0331975839143,510.161347905157,503.6121166003689,504.8900146484375,27723000,0.0,0.0,343479000000.0,27.936098809208982,30242000000.0,65.12148512148512,619003000000.0,20.860546349502012,49913000000.0,44.893752902926146,60588000000.0,-9.74123676017102
2025-08-21,503.69000244140625,507.6300048828125,502.7200012207031,504.239990234375,18443300,0.83,0.0,343479000000.0,27.936098809208982,30242000000.0,65.12148512148512,619003000000.0,20.860546349502012,49913000000.0,44.893752902926146,60588000000.0,-9.74123676017102
2025-08-22,504.25,510.7300109863281,502.4100036621094,507.2300109863281,24324200,0.0,0.0,343479000000.0,27.936098809208982,30242000000.0,65.12148512148512,619003000000.0,20.860546349502012,49913000000.0,44.893752902926146,60588000000.0,-9.74123676017102
2025-08-25,506.6300048828125,508.19000244140625,504.1199951171875,504.260009765625,21638600,0.0,0.0,343479000000.0,27.936098809208982,30242000000.0,65.12148512148512,619003000000.0,20.860546349502012,49913000000.0,44.893752902926146,60588000000.0,-9.74123676017102
2025-08-26,504.3599853515625,504.9800109863281,498.510009765625,502.0400085449219,30835700,0.0,0.0,343479000000.0,27.936098809208982,30242000000.0,65.12148512148512,619003000000.0,20.860546349502012,49913000000.0,44.893752902926146,60588000000.0,-9.74123676017102
2025-08-27,502.0,507.2900085449219,499.8999938964844,506.739990234375,17277900,0.0,0.0,343479000000.0,27.936098809208982,30242000000.0,65.12148512148512,619003000000.0,20.860546349502012,49913000000.0,44.893752902926146,60588000000.0,-9.74123676017102
2025-08-28,507.0899963378906,511.0899963378906,505.5,509.6400146484375,18015600,0.0,0.0,343479000000.0,27.936098809208982,30242000000.0,65.12148512148512,619003000000.0,20.860546349502012,49913000000.0,44.893752902926146,60588000000.0,-9.74123676017102
2025-08-29,508.6600036621094,509.6000061035156,504.489990234375,506.69000244140625,20961600,0.0,0.0,343479000000.0,27.936098809208982,30242000000.0,65.12148512148512,619003000000.0,20.860546349502012,49913000000.0,44.893752902926146,60588000000.0,-9.74123676017102
2025-09-02,500.4700012207031,506.0,496.80999755859375,505.1199951171875,18128000,0.0,0.0,343479000000.0,27.936098809208982,30242000000.0,65.12148512148512,619003000000.0,20.860546349502012,49913000000.0,44.893752902926146,60588000000.0,-9.74123676017102
2025-09-03,503.7900085449219,507.7900085449219,502.32000732421875,505.3500061035156,16345100,0.0,0.0,343479000000.0,27.936098809208982,30242000000.0,65.12148512148512,619003000000.0,20.860546349502012,49913000000.0,44.893752902926146,60588000000.0,-9.74123676017102
2025-09-04,504.29998779296875,508.1499938964844,503.1499938964844,507.9700012207031,15509500,0.0,0.0,343479000000.0,27.936098809208982,30242000000.0,65.12148512148512,619003000000.0,20.860546349502012,49913000000.0,44.893752902926146,60588000000.0,-9.74123676017102
2025-09-05,509.07000732421875,511.9700012207031,492.3699951171875,495.0,31994800,0.0,0.0,343479000000.0,27.936098809208982,30242000000.0,65.12148512148512,619003000000.0,20.860546349502012,49913000000.0,44.893752902926146,60588000000.0,-9.74123676017102
2025-09-08,498.1099853515625,501.20001220703125,495.0299987792969,498.20001220703125,16771000,0.0,0.0,343479000000.0,27.936098809208982,30242000000.0,65.12148512148512,619003000000.0,20.860546349502012,49913000000.0,44.893752902926146,60588000000.0,-9.74123676017102
2025-09-09,501.42999267578125,502.25,497.70001220703125,498.4100036621094,14410500,0.0,0.0,343479000000.0,27.936098809208982,30242000000.0,65.12148512148512,619003000000.0,20.860546349502012,49913000000.0,44.893752902926146,60588000000.0,-9.74123676017102
2025-09-10,502.9800109863281,503.2300109863281,496.7200012207031,500.3699951171875,21611800,0.0,0.0,343479000000.0,27.936098809208982,30242000000.0,65.12148512148512,619003000000.0,20.860546349502012,49913000000.0,44.893752902926146,60588000000.0,-9.74123676017102
2025-09-11,502.25,503.1700134277344,497.8800048828125,501.010009765625,18881600,0.0,0.0,343479000000.0,27.936098809208982,30242000000.0,65.12148512148512,619003000000.0,20.860546349502012,49913000000.0,44.893752902926146,60588000000.0,-9.74123676017102
2025-09-12,506.6499938964844,512.5499877929688,503.8500061035156,509.8999938964844,23624900,0.0,0.0,343479000000.0,27.936098809208982,30242000000.0,65.12148512148512,619003000000.0,20.860546349502012,49913000000.0,44.893752902926146,60588000000.0,-9.74123676017102
2025-09-15,508.7900085449219,515.469970703125,507.0,515.3599853515625,17143800,0.0,0.0,343479000000.0,27.936098809208982,30242000000.0,65.12148512148512,619003000000.0,20.860546349502012,49913000000.0,44.893752902926146,60588000000.0,-9.74123676017102
2025-09-16,516.8800048828125,517.22998046875,508.6000061035156,509.0400085449219,19711900,0.0,0.0,343479000000.0,27.936098809208982,30242000000.0,65.12148512148512,619003000000.0,20.860546349502012,49913000000.0,44.893752902926146,60588000000.0,-9.74123676017102
2025-09-17,510.6199951171875,511.2900085449219,505.92999267578125,510.0199890136719,15816600,0.0,0.0,343479000000.0,27.936098809208982,30242000000.0,65.12148512148512,619003000000.0,20.860546349502012,49913000000.0,44.893752902926146,60588000000.0,-9.74123676017102
2025-09-18,511.489990234375,513.0700073242188,507.6600036621094,508.45001220703125,18913700,0.0,0.0,343479000000.0,27.936098809208982,30242000000.0,65.12148512148512,619003000000.0,20.860546349502012,49913000000.0,44.893752902926146,60588000000.0,-9.74123676017102
2025-09-19,510.55999755859375,519.2999877929688,510.30999755859375,517.9299926757812,52474100,0.0,0.0,343479000000.0,27.936098809208982,30242000000.0,65.12148512148512,619003000000.0,20.860546349502012,49913000000.0,44.893752902926146,60588000000.0,-9.74123676017102
2025-09-22,515.5900268554688,517.739990234375,512.5399780273438,514.4500122070312,20009300,0.0,0.0,343479000000.0,27.936098809208982,30242000000.0,65.12148512148512,619003000000.0,20.860546349502012,49913000000.0,44.893752902926146,60588000000.0,-9.74123676017102
2025-09-23,513.7999877929688,514.5900268554688,507.30999755859375,509.2300109863281,19799600,0.0,0.0,343479000000.0,27.936098809208982,30242000000.0,65.12148512148512,619003000000.0,20.860546349502012,49913000000.0,44.893752902926146,60588000000.0,-9.74123676017102
2025-09-24,510.3800048828125,512.47998046875,506.9200134277344,510.1499938964844,13533700,0.0,0.0,343479000000.0,27.936098809208982,30242000000.0,65.12148512148512,619003000000.0,20.860546349502012,49913000000.0,44.893752902926146,60588000000.0,-9.74123676017102
2025-09-25,508.29998779296875,510.010009765625,505.0400085449219,507.0299987792969,15786500,0.0,0.0,343479000000.0,27.936098809208982,30242000000.0,65.12148512148512,619003000000.0,20.860546349502012,49913000000.0,44.893752902926146,60588000000.0,-9.74123676017102
2025-09-26,510.05999755859375,513.9400024414062,506.6199951171875,511.4599914550781,16200700,0.0,0.0,343479000000.0,27.936098809208982,30242000000.0,65.12148512148512,619003000000.0,20.860546349502012,49913000000.0,44.893752902926146,60588000000.0,-9.74123676017102
