Date,Open,High,Low,Close,Volume,Dividends,Stock Splits,Stockholders_Equity,Stockholders_Equity_Growth,Cash_And_Equivalents,Cash_And_Equivalents_Growth,Total_Assets,Total_Assets_Growth,Working_Capital,Working_Capital_Growth,Total_Debt,Total_Debt_Growth
2020-09-28,55.86368116466885,56.33828715019328,55.34254963539313,55.444915771484375,9356300,0.0,0.0,,0.0,,0.0,,0.0,,0.0,,0.0
2020-09-29,55.44491450411267,55.98465836851669,55.27740693069089,55.34254837036133,6340600,0.0,0.0,,0.0,,0.0,,0.0,,0.0,,0.0
2020-09-30,55.389079639235106,56.198697242622224,55.24948880591834,55.55658721923828,11001500,0.0,0.0,,0.0,,0.0,,0.0,,0.0,,0.0
2020-10-01,55.99396156448185,56.087023297685384,55.32393483512711,55.53797149658203,7357700,0.0,0.0,,0.0,,0.0,,0.0,,0.0,,0.0
2020-10-02,54.63529704065139,55.38908117151836,54.449177107727664,54.746971130371094,7329800,0.0,0.0,,0.0,,0.0,,0.0,,0.0,,0.0
2020-10-05,55.31462977784453,55.52866645048603,54.98892256946449,55.42630386352539,6899200,0.0,0.0,,0.0,,0.0,,0.0,,0.0,,0.0
2020-10-06,55.3797721862793,56.32898063148292,55.28671399652973,55.3797721862793,9743600,0.0,0.0,,0.0,,0.0,,0.0,,0.0,,0.0
2020-10-07,55.84695404410958,56.90278668987676,55.72548568839412,56.61313247680664,8690900,0.24,0.0,,0.0,,0.0,,0.0,,0.0,,0.0
2020-10-08,56.80000905305709,57.27653329789767,56.650510901311314,56.8934440612793,7202800,0.0,0.0,,0.0,,0.0,,0.0,,0.0,,0.0
2020-10-09,57.136375427246094,57.35127877745693,56.86540893876934,57.136375427246094,7355700,0.0,0.0,,0.0,,0.0,,0.0,,0.0,,0.0
2020-10-12,57.220479084488545,57.77175423905588,57.06163527843486,57.4260368347168,8275000,0.0,0.0,,0.0,,0.0,,0.0,,0.0,,0.0
2020-10-13,57.528806361575036,57.72502199786894,56.88409631475932,56.96818923950195,8896300,0.0,0.0,,0.0,,0.0,,0.0,,0.0,,0.0
2020-10-14,57.32325623192122,57.491442114106164,56.85607401792245,56.95885467529297,6651100,0.0,0.0,,0.0,,0.0,,0.0,,0.0,,0.0
2020-10-15,56.314142209399776,56.75329461325309,56.13661425846541,56.547733306884766,6251600,0.0,0.0,,0.0,,0.0,,0.0,,0.0,,0.0
2020-10-16,56.72526368612756,57.09901088382992,56.30479897979177,56.33283233642578,6070800,0.0,0.0,,0.0,,0.0,,0.0,,0.0,,0.0
2020-10-19,56.42625949199725,56.762631210200254,55.49189519224086,55.7067985534668,8311000,0.0,0.0,,0.0,,0.0,,0.0,,0.0,,0.0
2020-10-20,55.98710636170406,56.37019914108773,55.7161434273765,55.82826614379883,9241200,0.0,0.0,,0.0,,0.0,,0.0,,0.0,,0.0
2020-10-21,55.44517498574622,56.17397796342699,55.333052273253045,55.75351333618164,10114900,0.0,0.0,,0.0,,0.0,,0.0,,0.0,,0.0
2020-10-22,55.5386218686523,55.94039886906145,54.83784852807601,55.772212982177734,11900600,0.0,0.0,,0.0,,0.0,,0.0,,0.0,,0.0
2020-10-23,55.96843338012695,56.2113665749014,55.790901849024856,55.96843338012695,9739300,0.0,0.0,,0.0,,0.0,,0.0,,0.0,,0.0
2020-10-26,54.28656537934788,54.64162481773406,52.819613687144404,53.71660614013672,18876900,0.0,0.0,,0.0,,0.0,,0.0,,0.0,,0.0
2020-10-27,53.85675688634619,54.174440886227266,53.277452026910176,53.33351516723633,10806500,0.0,0.0,,0.0,,0.0,,0.0,,0.0,,0.0
2020-10-28,52.57667888318767,52.885017244605244,51.88524774216658,51.94131088256836,13910600,0.0,0.0,,0.0,,0.0,,0.0,,0.0,,0.0
2020-10-29,51.57691159392296,53.03451766374651,51.5208484511155,52.34309005737305,13573700,0.0,0.0,,0.0,,0.0,,0.0,,0.0,,0.0
2020-10-30,52.09080194644059,52.92238547897207,51.810493411161595,52.42717361450195,12602300,0.0,0.0,,0.0,,0.0,,0.0,,0.0,,0.0
2020-11-02,52.73552359248972,53.69792131427491,52.43652728018283,52.744869232177734,11413200,0.0,0.0,,0.0,,0.0,,0.0,,0.0,,0.0
2020-11-03,53.25876153030881,53.72594364899573,52.85698462309272,53.0718879699707,8911200,0.0,0.0,,0.0,,0.0,,0.0,,0.0,,0.0
2020-11-04,54.193130371276254,54.277223302356084,52.651427822918315,52.78224182128906,12054900,0.0,0.0,,0.0,,0.0,,0.0,,0.0,,0.0
2020-11-05,53.688576609209406,53.866108123200206,52.71683679513715,52.94108581542969,9017100,0.0,0.0,,0.0,,0.0,,0.0,,0.0,,0.0
2020-11-06,53.043858183430835,53.24007381784333,52.46455335426773,53.0718879699707,7510400,0.0,0.0,,0.0,,0.0,,0.0,,0.0,,0.0
2020-11-09,54.37065859705605,55.202245837402806,53.043862971102335,53.10926818847656,11486600,0.0,0.0,,0.0,,0.0,,0.0,,0.0,,0.0
2020-11-10,53.17467319897299,53.483015134809314,52.511275388577104,52.95042419433594,9015900,0.0,0.0,,0.0,,0.0,,0.0,,0.0,,0.0
2020-11-11,53.31483393298764,53.84742135570074,53.071897193034495,53.44564437866211,7724400,0.0,0.0,,0.0,,0.0,,0.0,,0.0,,0.0
2020-11-12,53.50170208831578,53.71660902933373,52.417839565124,52.744869232177734,7324000,0.0,0.0,,0.0,,0.0,,0.0,,0.0,,0.0
2020-11-13,53.14664901057572,53.3428646826121,52.8383070422465,53.174678802490234,5870300,0.0,0.0,,0.0,,0.0,,0.0,,0.0,,0.0
2020-11-16,53.277457413753545,53.82873254092393,53.146646970749934,53.39892578125,6309200,0.0,0.0,,0.0,,0.0,,0.0,,0.0,,0.0
2020-11-17,53.25876123180264,53.62316271204536,53.081233310850635,53.37088394165039,5569700,0.0,0.0,,0.0,,0.0,,0.0,,0.0,,0.0
2020-11-18,53.370890831418286,53.52973462483173,52.54865276730128,52.5579948425293,8998800,0.0,0.0,,0.0,,0.0,,0.0,,0.0,,0.0
2020-11-19,52.40849748975318,52.77289902260738,51.91328551580436,52.744869232177734,9643100,0.0,0.0,,0.0,,0.0,,0.0,,0.0,,0.0
2020-11-20,52.66077054329537,52.73551783104723,52.02540255797893,52.044090270996094,8395800,0.0,0.0,,0.0,,0.0,,0.0,,0.0,,0.0
2020-11-23,52.18424012704555,52.85698350429645,52.109492843082464,52.399147033691406,8235900,0.0,0.0,,0.0,,0.0,,0.0,,0.0,,0.0
2020-11-24,52.88502432695849,54.09970091478148,52.66077886395422,53.791358947753906,10427200,0.0,0.0,,0.0,,0.0,,0.0,,0.0,,0.0
2020-11-25,53.93151137863494,53.96888324372346,53.50170106910415,53.6418571472168,6848900,0.0,0.0,,0.0,,0.0,,0.0,,0.0,,0.0
2020-11-27,53.632503968252735,54.07165269774037,53.39891292930445,53.9688720703125,5627000,0.0,0.0,,0.0,,0.0,,0.0,,0.0,,0.0
2020-11-30,53.82872647002259,54.380001535019176,53.4456372597244,53.9315071105957,26676900,0.0,0.0,,0.0,,0.0,,0.0,,0.0,,0.0
2020-12-01,54.380005841988066,55.389117485784645,54.20247433445854,54.88456344604492,11855300,0.0,0.0,,0.0,,0.0,,0.0,,0.0,,0.0
2020-12-02,54.46409516252356,55.37977173636577,54.32393909370086,55.20224380493164,9330400,0.0,0.0,,0.0,,0.0,,0.0,,0.0,,0.0
2020-12-03,55.33305849587706,56.04317384061407,55.18356034096837,55.37977600097656,9783900,0.0,0.0,,0.0,,0.0,,0.0,,0.0,,0.0
2020-12-04,55.41715184231018,56.57576166037708,55.379776412226164,56.02448654174805,10872700,0.0,0.0,,0.0,,0.0,,0.0,,0.0,,0.0
2020-12-07,56.02447906257479,56.24872804882482,55.7161407163373,55.87498092651367,14922900,0.0,0.0,,0.0,,0.0,,0.0,,0.0,,0.0
2020-12-08,55.11816096746065,55.79090095375008,54.39869990679876,55.15553283691406,15237800,0.0,0.0,,0.0,,0.0,,0.0,,0.0,,0.0
2020-12-09,55.02470804412353,55.97775997102139,54.94061512221147,55.809574127197266,12204100,0.0,0.0,,0.0,,0.0,,0.0,,0.0,,0.0
2020-12-10,55.604014741648,55.88432686705508,55.164865969522594,55.575984954833984,14219900,0.0,0.0,,0.0,,0.0,,0.0,,0.0,,0.0
2020-12-11,56.94015520817547,56.99621834543975,55.519921142997326,56.63181686401367,16209900,0.0,0.0,,0.0,,0.0,,0.0,,0.0,,0.0
2020-12-14,56.83738525477254,57.61290581364782,56.70657125143912,56.771976470947266,16193600,0.0,0.0,,0.0,,0.0,,0.0,,0.0,,0.0
2020-12-15,57.080317023292416,58.10811635986371,56.902789083867795,57.79977798461914,15506700,0.0,0.0,,0.0,,0.0,,0.0,,0.0,,0.0
2020-12-16,57.809121886529454,59.04248255511918,57.79043417163359,58.659393310546875,16119900,0.0,0.0,,0.0,,0.0,,0.0,,0.0,,0.0
2020-12-17,58.85561632286007,59.84604389018379,58.61267957789511,59.43492126464844,15320500,0.0,0.0,,0.0,,0.0,,0.0,,0.0,,0.0
2020-12-18,59.31344771631967,61.04202387927145,59.26673021230845,60.78974151611328,33728700,0.0,0.0,,0.0,,0.0,,0.0,,0.0,,0.0
2020-12-21,59.696531745837426,60.9112081300967,59.68718967157676,60.24781036376953,18210200,0.0,0.0,,0.0,,0.0,,0.0,,0.0,,0.0
2020-12-22,60.32255786487181,61.66804475895739,60.20109307029119,60.873836517333984,17136000,0.0,0.0,,0.0,,0.0,,0.0,,0.0,,0.0
2020-12-23,60.976632131166944,61.85492995496403,60.87385146104669,61.014007568359375,13075200,0.0,0.0,,0.0,,0.0,,0.0,,0.0,,0.0
2020-12-24,60.78039317555802,61.28494356300688,60.52811085320057,60.69629669189453,3796500,0.0,0.0,,0.0,,0.0,,0.0,,0.0,,0.0
2020-12-28,61.11676300620697,61.37838382990718,60.500079240085526,60.612205505371094,6463500,0.0,0.0,,0.0,,0.0,,0.0,,0.0,,0.0
2020-12-29,60.9672708172341,60.98595496670943,60.00487672499175,60.229122161865234,7770200,0.0,0.0,,0.0,,0.0,,0.0,,0.0,,0.0
2020-12-30,60.54681234891235,60.64959299705371,60.126344116888355,60.173065185546875,6192000,0.0,0.0,,0.0,,0.0,,0.0,,0.0,,0.0
2020-12-31,60.11699374940053,60.51877067090883,59.80865895786031,60.444026947021484,6928600,0.0,0.0,,0.0,,0.0,,0.0,,0.0,,0.0
2021-01-04,60.444032002890516,60.45337051376153,59.023794200729725,59.56572723388672,11249900,0.0,0.0,,0.0,,0.0,,0.0,,0.0,,0.0
2021-01-05,59.5003152642669,59.60309590126146,58.37907746008845,58.827571868896484,11005700,0.0,0.0,,0.0,,0.0,,0.0,,0.0,,0.0
2021-01-06,58.405493254468105,59.418466056708354,58.0678344610696,58.68687438964844,8685400,0.24,0.0,,0.0,,0.0,,0.0,,0.0,,0.0
2021-01-07,58.94950920551457,59.78427855096042,58.94950920551457,59.15585708618164,7382800,0.0,0.0,,0.0,,0.0,,0.0,,0.0,,0.0
2021-01-08,59.25902847737844,59.59668733014279,59.00578433780518,59.446617126464844,7751700,0.0,0.0,,0.0,,0.0,,0.0,,0.0,,0.0
2021-01-11,59.04331003119958,59.62483169459305,58.94013608263893,59.118343353271484,6284700,0.0,0.0,,0.0,,0.0,,0.0,,0.0,,0.0
2021-01-12,59.09019504214012,59.10895426357167,58.3210848532249,58.54618835449219,7758200,0.0,0.0,,0.0,,0.0,,0.0,,0.0,,0.0
2021-01-13,58.452404629547274,58.705648790084005,58.12412714993828,58.20854187011719,8298000,0.0,0.0,,0.0,,0.0,,0.0,,0.0,,0.0
2021-01-14,58.21790946892315,58.3117019957805,57.69266201583758,57.777076721191406,10258600,0.0,0.0,,0.0,,0.0,,0.0,,0.0,,0.0
2021-01-15,57.77707057064365,58.152247794045365,57.41127474570232,57.945899963378906,7532600,0.0,0.0,,0.0,,0.0,,0.0,,0.0,,0.0
2021-01-19,58.24605703245989,58.424267874817104,57.30811728264278,57.486328125,8903400,0.0,0.0,,0.0,,0.0,,0.0,,0.0,,0.0
2021-01-20,57.56135597754691,58.1803960105145,57.355011685194945,57.739566802978516,7025000,0.0,0.0,,0.0,,0.0,,0.0,,0.0,,0.0
2021-01-21,57.823984980432655,58.01157006145547,57.13928583846631,57.41128921508789,6943600,0.0,0.0,,0.0,,0.0,,0.0,,0.0,,0.0
2021-01-22,57.15803968416044,57.3550097254312,56.03251499209987,56.614036560058594,9896700,0.0,0.0,,0.0,,0.0,,0.0,,0.0,,0.0
2021-01-25,56.63279253708343,57.16741780856636,56.060648823893324,57.120521545410156,8524700,0.0,0.0,,0.0,,0.0,,0.0,,0.0,,0.0
2021-01-26,57.27059872213084,58.18977918837693,57.064250845519446,57.96467208862305,8186500,0.0,0.0,,0.0,,0.0,,0.0,,0.0,,0.0
2021-01-27,57.58950043243918,59.25903199469579,57.56135980773461,58.668128967285156,14789000,0.0,0.0,,0.0,,0.0,,0.0,,0.0,,0.0
2021-01-28,58.668131393192304,59.315312118816685,57.373773519899785,57.42067337036133,11166400,0.0,0.0,,0.0,,0.0,,0.0,,0.0,,0.0
2021-01-29,57.36439066620738,57.683290300417355,56.473347254918686,56.67969512939453,11451800,0.0,0.0,,0.0,,0.0,,0.0,,0.0,,0.0
2021-02-01,57.13928057496195,58.161634915366704,56.97045473318438,57.692665100097656,10553500,0.0,0.0,,0.0,,0.0,,0.0,,0.0,,0.0
2021-02-02,58.03970964629147,59.01516421518715,57.964672752861645,58.499298095703125,10528000,0.0,0.0,,0.0,,0.0,,0.0,,0.0,,0.0
2021-02-03,58.3210841278484,58.85570940915326,58.133495493821734,58.311702728271484,9933500,0.0,0.0,,0.0,,0.0,,0.0,,0.0,,0.0
2021-02-04,58.602473363644314,59.455998366999005,58.38674765707731,59.418479919433594,9928700,0.0,0.0,,0.0,,0.0,,0.0,,0.0,,0.0
2021-02-05,59.559169194903326,60.09379452191244,59.35282132203809,59.65296173095703,9170200,0.0,0.0,,0.0,,0.0,,0.0,,0.0,,0.0
2021-02-08,59.83117391165437,59.906207226602994,58.94013048716996,59.19337463378906,7003400,0.0,0.0,,0.0,,0.0,,0.0,,0.0,,0.0
2021-02-09,59.165235520562454,59.88744591077583,59.00578391768973,59.7186164855957,5437400,0.0,0.0,,0.0,,0.0,,0.0,,0.0,,0.0
2021-02-10,59.878077861289,59.93435553818619,59.02455277377544,59.34345245361328,9577500,0.0,0.0,,0.0,,0.0,,0.0,,0.0,,0.0
2021-02-11,59.61544751668229,60.00000264344658,58.414882289892645,58.80881881713867,7690800,0.0,0.0,,0.0,,0.0,,0.0,,0.0,,0.0
2021-02-12,58.45240125792971,59.202752295151946,58.44302343532017,59.16523742675781,6663400,0.0,0.0,,0.0,,0.0,,0.0,,0.0,,0.0
2021-02-16,59.19337194227953,59.334060743144626,58.246050891191146,58.2835693359375,7526000,0.0,0.0,,0.0,,0.0,,0.0,,0.0,,0.0
2021-02-17,57.99280492087962,58.2929452949231,57.55197218114773,58.23666763305664,6244500,0.0,0.0,,0.0,,0.0,,0.0,,0.0,,0.0
2021-02-18,57.97405944071831,58.34923320821503,57.83336704168432,58.21792221069336,6262400,0.0,0.0,,0.0,,0.0,,0.0,,0.0,,0.0
2021-02-19,58.39611562058606,58.489911723663376,57.2893502279176,57.336246490478516,10905100,0.0,0.0,,0.0,,0.0,,0.0,,0.0,,0.0
2021-02-22,58.94951220821052,60.93794706620874,58.41488683375563,60.45021438598633,20940300,0.0,0.0,,0.0,,0.0,,0.0,,0.0,,0.0
2021-02-23,60.42206775880502,61.17242230668614,60.07503468403683,60.49710464477539,18175400,0.0,0.0,,0.0,,0.0,,0.0,,0.0,,0.0
2021-02-24,60.48773352000989,61.10677720055451,60.103181936933325,60.68470001220703,10609300,0.0,0.0,,0.0,,0.0,,0.0,,0.0,,0.0
2021-02-25,60.62843471472512,62.24169249169451,60.57216061047711,61.24747848510742,15356100,0.0,0.0,,0.0,,0.0,,0.0,,0.0,,0.0
2021-02-26,61.47257712101596,62.16665058934853,60.497118842214874,60.506500244140625,20512600,0.0,0.0,,0.0,,0.0,,0.0,,0.0,,0.0
2021-03-01,60.919181341225276,62.58872003706273,60.75035190708046,62.06346893310547,11758900,0.0,0.0,,0.0,,0.0,,0.0,,0.0,,0.0
2021-03-02,62.044708624856305,63.23588881920255,61.90401624765659,62.5230598449707,13282000,0.0,0.0,,0.0,,0.0,,0.0,,0.0,,0.0
2021-03-03,62.13850186681274,63.34844487507969,62.091602021907086,62.757545471191406,15827600,0.0,0.0,,0.0,,0.0,,0.0,,0.0,,0.0
2021-03-04,62.5418184426836,63.132717867733504,61.25683849891386,61.53822326660156,19951100,0.0,0.0,,0.0,,0.0,,0.0,,0.0,,0.0
2021-03-05,63.13271681667638,67.26903419089845,63.13271681667638,65.62763977050781,34211500,0.0,0.0,,0.0,,0.0,,0.0,,0.0,,0.0
2021-03-08,66.09661924576824,68.41333171055295,65.74957894156663,67.6817398071289,23300500,0.0,0.0,,0.0,,0.0,,0.0,,0.0,,0.0
2021-03-09,67.90683921307044,68.67594952049622,67.53166188254052,68.13194274902344,17296400,0.0,0.0,,0.0,,0.0,,0.0,,0.0,,0.0
2021-03-10,68.93857274471901,69.05112809267563,67.06269321425047,67.64421844482422,21378600,0.0,0.0,,0.0,,0.0,,0.0,,0.0,,0.0
2021-03-11,63.451612584697685,63.87368252379793,61.36938561919311,63.22650909423828,38095400,0.0,0.0,,0.0,,0.0,,0.0,,0.0,,0.0
2021-03-12,62.80443506823931,63.65796354330258,62.32608386621581,62.992027282714844,11606300,0.0,0.0,,0.0,,0.0,,0.0,,0.0,,0.0
2021-03-15,62.795046837399475,63.5735383419846,62.748154155815264,63.52664566040039,8919600,0.0,0.0,,0.0,,0.0,,0.0,,0.0,,0.0
2021-03-16,63.77989544362505,63.845550932109965,62.54181540654408,62.701263427734375,14512500,0.0,0.0,,0.0,,0.0,,0.0,,0.0,,0.0
2021-03-17,62.654373553692494,62.701266244195764,62.054092730320384,62.11036682128906,11892400,0.0,0.0,,0.0,,0.0,,0.0,,0.0,,0.0
2021-03-18,62.34483916720169,62.85132735150171,61.98841758052181,62.598079681396484,13750300,0.0,0.0,,0.0,,0.0,,0.0,,0.0,,0.0
2021-03-19,62.644998938119464,62.682517388132716,61.86650720114795,62.147891998291016,30963600,0.0,0.0,,0.0,,0.0,,0.0,,0.0,,0.0
2021-03-22,62.11037005585334,62.391747681262075,61.772711180633046,62.20416259765625,10263700,0.0,0.0,,0.0,,0.0,,0.0,,0.0,,0.0
2021-03-23,62.21352986117554,63.723613055560776,62.21352986117554,63.09518814086914,12390100,0.0,0.0,,0.0,,0.0,,0.0,,0.0,,0.0
2021-03-24,62.94512467941819,63.226509410834645,62.598084464792706,62.68250274658203,11391100,0.0,0.0,,0.0,,0.0,,0.0,,0.0,,0.0
2021-03-25,62.80442380343467,64.46458061319342,62.61683877851629,64.37078094482422,14844700,0.0,0.0,,0.0,,0.0,,0.0,,0.0,,0.0
2021-03-26,64.31452737659053,66.00282176284475,64.04252399458778,65.89026641845703,12617000,0.0,0.0,,0.0,,0.0,,0.0,,0.0,,0.0
2021-03-29,65.85274960516264,67.84118446990257,65.81523115610199,66.71565246582031,15183700,0.0,0.0,,0.0,,0.0,,0.0,,0.0,,0.0
2021-03-30,66.43427573865587,66.64062363335019,65.60888415987863,66.1716537475586,12000200,0.0,0.0,,0.0,,0.0,,0.0,,0.0,,0.0
2021-03-31,66.31231519065187,66.68749239582547,65.57134933421925,65.8152084350586,9971700,0.0,0.0,,0.0,,0.0,,0.0,,0.0,,0.0
2021-04-01,66.08722232207151,67.37220213007107,65.96529275210952,67.35343933105469,13228700,0.0,0.0,,0.0,,0.0,,0.0,,0.0,,0.0
2021-04-05,67.7098672580512,70.25168291220662,67.58793052082395,69.55760955810547,25010200,0.0,0.0,,0.0,,0.0,,0.0,,0.0,,0.0
2021-04-06,69.05112947921471,70.01720631185871,68.61967803725294,69.670166015625,14699800,0.0,0.0,,0.0,,0.0,,0.0,,0.0,,0.0
2021-04-07,69.331033100082,69.87739352101461,69.18973199992736,69.77377319335938,12356800,0.32,0.0,,0.0,,0.0,,0.0,,0.0,,0.0
2021-04-08,69.96216973761497,71.14908891506377,69.8491346072015,70.91358947753906,13507700,0.0,0.0,,0.0,,0.0,,0.0,,0.0,,0.0
2021-04-09,70.9795272410929,71.29981020521645,70.55563113899629,71.1961898803711,13285700,0.0,0.0,,0.0,,0.0,,0.0,,0.0,,0.0
2021-04-12,70.88534657666013,71.77082695994237,70.8382438038529,71.70488739013672,10634900,0.0,0.0,,0.0,,0.0,,0.0,,0.0,,0.0
2021-04-13,71.74257051264641,72.54326736838479,71.49764902242813,72.22298431396484,13142400,0.0,0.0,,0.0,,0.0,,0.0,,0.0,,0.0
2021-04-14,72.57151374395534,72.8729527623227,72.07225604355374,72.36427307128906,12730700,0.0,0.0,,0.0,,0.0,,0.0,,0.0,,0.0
2021-04-15,72.53382265794693,73.99392196282326,72.37368477433063,73.7490005493164,13604200,0.0,0.0,,0.0,,0.0,,0.0,,0.0,,0.0
2021-04-16,73.76786462384061,74.73812146054965,73.34396837822736,74.37074279785156,13334100,0.0,0.0,,0.0,,0.0,,0.0,,0.0,,0.0
2021-04-19,74.23884483910506,75.55764320573311,73.79610472009887,74.18232727050781,19967200,0.0,0.0,,0.0,,0.0,,0.0,,0.0,,0.0
2021-04-20,74.13522595173067,74.81346553562102,74.08813037260515,74.64390563964844,12562300,0.0,0.0,,0.0,,0.0,,0.0,,0.0,,0.0
2021-04-21,74.22002278026314,74.73811736463314,72.09110530234224,72.21356964111328,18672800,0.0,0.0,,0.0,,0.0,,0.0,,0.0,,0.0
2021-04-22,71.6954727347941,72.04401460336115,70.41435480158123,70.52739715576172,16769300,0.0,0.0,,0.0,,0.0,,0.0,,0.0,,0.0
2021-04-23,69.98102318702811,70.64984081767732,69.56654182109824,70.62158203125,10664700,0.0,0.0,,0.0,,0.0,,0.0,,0.0,,0.0
2021-04-26,70.62158845925717,70.68752802921391,69.89624600285889,70.17884826660156,9402200,0.0,0.0,,0.0,,0.0,,0.0,,0.0,,0.0
2021-04-27,70.07523371196638,71.05491253726798,69.91509576980762,70.85709381103516,9300200,0.0,0.0,,0.0,,0.0,,0.0,,0.0,,0.0
2021-04-28,70.800552227368,70.90416536485402,70.32955336642023,70.43316650390625,6107800,0.0,0.0,,0.0,,0.0,,0.0,,0.0,,0.0
2021-04-29,71.00779151420949,71.49763439442702,70.3107151551476,71.46937561035156,7940400,0.0,0.0,,0.0,,0.0,,0.0,,0.0,,0.0
2021-04-30,71.17734980002571,71.51646957502763,70.82881522179291,71.39401245117188,7825300,0.0,0.0,,0.0,,0.0,,0.0,,0.0,,0.0
2021-05-03,71.85558789400201,72.98598951672703,71.66719121698412,72.84468841552734,15319600,0.0,0.0,,0.0,,0.0,,0.0,,0.0,,0.0
2021-05-04,72.59978151552986,74.13523558245137,72.46790237784943,73.97509765625,15316500,0.0,0.0,,0.0,,0.0,,0.0,,0.0,,0.0
2021-05-05,74.38957632587974,75.1996951058612,73.87147459907517,74.59681701660156,12271900,0.0,0.0,,0.0,,0.0,,0.0,,0.0,,0.0
2021-05-06,74.58740496811917,75.32216228817254,74.00336359703526,75.11492156982422,14089700,0.0,0.0,,0.0,,0.0,,0.0,,0.0,,0.0
2021-05-07,75.18085079744512,75.86851243305618,74.0221973943333,75.73663330078125,14073400,0.0,0.0,,0.0,,0.0,,0.0,,0.0,,0.0
2021-05-10,74.20117501521356,76.03807532132048,74.04103708930586,75.50113677978516,17356700,0.0,0.0,,0.0,,0.0,,0.0,,0.0,,0.0
2021-05-11,75.12432826664562,75.26562938101081,72.76933365013635,73.1838150024414,12980400,0.0,0.0,,0.0,,0.0,,0.0,,0.0,,0.0
2021-05-12,73.07077013425216,73.65481136612448,72.09109154540486,72.29833221435547,12302600,0.0,0.0,,0.0,,0.0,,0.0,,0.0,,0.0
2021-05-13,73.03308495583438,73.89030636446805,72.42078497636356,73.60770416259766,11399300,0.0,0.0,,0.0,,0.0,,0.0,,0.0,,0.0
2021-05-14,73.58887381017277,74.4649320883965,73.58887381017277,74.314208984375,9033400,0.0,0.0,,0.0,,0.0,,0.0,,0.0,,0.0
2021-05-17,74.30480591087468,74.91710609981911,74.27654711839455,74.49320983886719,6637900,0.0,0.0,,0.0,,0.0,,0.0,,0.0,,0.0
2021-05-18,74.40841140040072,74.86057355032109,73.84321410315542,74.12581634521484,6643100,0.0,0.0,,0.0,,0.0,,0.0,,0.0,,0.0
2021-05-19,73.29684672432319,74.20116375244153,73.0519324701829,74.17290496826172,8165000,0.0,0.0,,0.0,,0.0,,0.0,,0.0,,0.0
2021-05-20,74.3707311142802,74.71927292354255,74.11639484424319,74.1540756225586,8802700,0.0,0.0,,0.0,,0.0,,0.0,,0.0,,0.0
2021-05-21,74.59682145235094,75.21853637461172,74.39900274131914,74.44609832763672,8629000,0.0,0.0,,0.0,,0.0,,0.0,,0.0,,0.0
2021-05-24,74.87941533277467,75.24679395979467,74.54971748633032,74.77579498291016,7044700,0.0,0.0,,0.0,,0.0,,0.0,,0.0,,0.0
2021-05-25,74.99243987998678,75.05837943362924,74.08812292137345,74.25768280029297,7160600,0.0,0.0,,0.0,,0.0,,0.0,,0.0,,0.0
2021-05-26,74.0316062341065,74.76637058070415,73.99393264524078,74.66275024414062,12851100,0.0,0.0,,0.0,,0.0,,0.0,,0.0,,0.0
2021-05-27,74.8888301727568,75.40693187260068,74.26710813294414,74.39899444580078,12867800,0.0,0.0,,0.0,,0.0,,0.0,,0.0,,0.0
2021-05-28,74.37072364439327,74.75694619317836,74.1069654095512,74.17290496826172,6929700,0.0,0.0,,0.0,,0.0,,0.0,,0.0,,0.0
2021-06-01,74.96417967987819,75.1996791079852,73.9279836335817,74.95475769042969,10485300,0.0,0.0,,0.0,,0.0,,0.0,,0.0,,0.0
2021-06-02,75.07722775852082,76.23588830692985,74.89825304935484,75.61416625976562,12249300,0.0,0.0,,0.0,,0.0,,0.0,,0.0,,0.0
2021-06-03,75.17144088161189,76.73515377465526,75.03013974873544,76.38661193847656,12038700,0.0,0.0,,0.0,,0.0,,0.0,,0.0,,0.0
2021-06-04,76.69747613297002,79.09015193716434,76.65038054466618,78.08221435546875,14502900,0.0,0.0,,0.0,,0.0,,0.0,,0.0,,0.0
2021-06-07,78.12931398009884,79.36332902176513,78.04453042557165,79.0713119506836,10445600,0.0,0.0,,0.0,,0.0,,0.0,,0.0,,0.0
2021-06-08,79.15607787876051,80.09807572510897,79.12781909326978,79.70243835449219,10726800,0.0,0.0,,0.0,,0.0,,0.0,,0.0,,0.0
2021-06-09,79.69302971704047,79.90969242022875,79.15609114212754,79.61766815185547,9720300,0.0,0.0,,0.0,,0.0,,0.0,,0.0,,0.0
2021-06-10,79.27854485042637,79.56113990166041,76.97064573754444,77.52642822265625,16680800,0.0,0.0,,0.0,,0.0,,0.0,,0.0,,0.0
2021-06-11,77.22499266651538,78.411904871515,77.09310634575274,78.09162902832031,11066500,0.0,0.0,,0.0,,0.0,,0.0,,0.0,,0.0
2021-06-14,78.18582219928417,78.28002054769178,77.36628147570403,77.82786560058594,10173200,0.0,0.0,,0.0,,0.0,,0.0,,0.0,,0.0
2021-06-15,77.243805696029,77.72422649987712,76.63150579886909,76.9046859741211,17298000,0.0,0.0,,0.0,,0.0,,0.0,,0.0,,0.0
2021-06-16,73.46642159128717,73.99394535537189,71.49764923214535,72.60920715332031,36560600,0.0,0.0,,0.0,,0.0,,0.0,,0.0,,0.0
2021-06-17,72.52440949633626,73.23090785497368,72.11935014990921,73.06134796142578,14836100,0.0,0.0,,0.0,,0.0,,0.0,,0.0,,0.0
2021-06-18,72.43963136121373,72.44905335142157,71.56357313057664,71.8084945678711,22521200,0.0,0.0,,0.0,,0.0,,0.0,,0.0,,0.0
2021-06-21,72.16645337497879,73.57002811075569,72.10993580572709,73.4664077758789,8924300,0.0,0.0,,0.0,,0.0,,0.0,,0.0,,0.0
2021-06-22,73.53235276570437,74.5968149777044,73.155559360371,74.11639404296875,9845800,0.0,0.0,,0.0,,0.0,,0.0,,0.0,,0.0
2021-06-23,74.1917445455549,74.29536487264608,73.53234181071352,73.57002258300781,7295900,0.0,0.0,,0.0,,0.0,,0.0,,0.0,,0.0
2021-06-24,74.08814047156253,74.38015753731399,73.1084617376112,73.23091888427734,9624000,0.0,0.0,,0.0,,0.0,,0.0,,0.0,,0.0
2021-06-25,73.50408981395461,74.05045028235197,73.06134968221444,73.90914916992188,12845000,0.0,0.0,,0.0,,0.0,,0.0,,0.0,,0.0
2021-06-28,73.93740113032537,74.38956321099073,73.78668522801856,73.94682312011719,5605400,0.0,0.0,,0.0,,0.0,,0.0,,0.0,,0.0
2021-06-29,73.98450389137254,74.03159946658606,73.30626436382025,73.57002258300781,5392900,0.0,0.0,,0.0,,0.0,,0.0,,0.0,,0.0
2021-06-30,73.08961952450197,73.67366085702743,73.0802047192893,73.32511901855469,7899800,0.0,0.0,,0.0,,0.0,,0.0,,0.0,,0.0
2021-07-01,73.45699925074493,75.00187522856722,73.39105968535765,74.926513671875,13108000,0.0,0.0,,0.0,,0.0,,0.0,,0.0,,0.0
2021-07-02,74.84173442194013,77.48875355449839,74.74753606410198,77.07427215576172,15258100,0.0,0.0,,0.0,,0.0,,0.0,,0.0,,0.0
2021-07-06,76.86701719035932,78.77927152838004,76.64093973613151,78.26117706298828,14200400,0.0,0.0,,0.0,,0.0,,0.0,,0.0,,0.0
2021-07-07,78.3459562502919,82.11394749594017,78.14813757232012,81.09658813476562,20976600,0.0,0.0,,0.0,,0.0,,0.0,,0.0,,0.0
2021-07-08,80.08866416727858,81.85020295669597,79.7495515103411,80.62560272216797,16383300,0.0,0.0,,0.0,,0.0,,0.0,,0.0,,0.0
2021-07-09,80.89877062941345,83.27260917322926,80.80457228428145,82.66973114013672,15685300,0.0,0.0,,0.0,,0.0,,0.0,,0.0,,0.0
2021-07-12,82.45307096399799,83.69650784309846,81.92555446585635,82.0291748046875,16076800,0.0,0.0,,0.0,,0.0,,0.0,,0.0,,0.0
2021-07-13,81.67121071070777,82.82987122829661,81.51107280107605,82.0197525024414,12789300,0.0,0.0,,0.0,,0.0,,0.0,,0.0,,0.0
2021-07-14,82.33176709085681,83.83506526970277,81.9346702753184,83.4663314819336,13330500,0.32,0.0,,0.0,,0.0,,0.0,,0.0,,0.0
2021-07-15,83.29614701345439,83.92961201851459,80.84737607745241,81.53756713867188,18306300,0.0,0.0,,0.0,,0.0,,0.0,,0.0,,0.0
2021-07-16,82.01976590080008,83.65543702867664,81.80230398158288,82.71941375732422,14617500,0.0,0.0,,0.0,,0.0,,0.0,,0.0,,0.0
2021-07-19,82.17103033871531,83.07868320456984,81.49028888597847,82.23721313476562,15619900,0.0,0.0,,0.0,,0.0,,0.0,,0.0,,0.0
2021-07-20,82.35066508378209,84.1943410504644,82.2750255417535,83.82560729980469,12813900,0.0,0.0,,0.0,,0.0,,0.0,,0.0,,0.0
2021-07-21,84.04307264572013,85.32891617006277,83.63651907238555,84.79945373535156,13108100,0.0,0.0,,0.0,,0.0,,0.0,,0.0,,0.0
2021-07-22,85.09252522941182,86.1703633052471,84.78997431713145,85.74490356445312,13638900,0.0,0.0,,0.0,,0.0,,0.0,,0.0,,0.0
2021-07-23,86.02856406826012,86.22711248145913,82.36958911827405,82.90850830078125,12680900,0.0,0.0,,0.0,,0.0,,0.0,,0.0,,0.0
2021-07-26,82.67212474399942,83.2961328961459,81.94410681754796,83.06922149658203,10454100,0.0,0.0,,0.0,,0.0,,0.0,,0.0,,0.0
2021-07-27,82.97468480465373,83.76887839714414,82.36958286369415,83.01250457763672,8465200,0.0,0.0,,0.0,,0.0,,0.0,,0.0,,0.0
2021-07-28,83.10706453972992,83.15433385396096,82.36959687458032,82.42632293701172,6396800,0.0,0.0,,0.0,,0.0,,0.0,,0.0,,0.0
2021-07-29,82.89904501308705,83.44742089963957,82.56813101719644,82.85176849365234,6201400,0.0,0.0,,0.0,,0.0,,0.0,,0.0,,0.0
2021-07-30,82.64377808569597,83.3434259140345,82.13322192554035,82.38849639892578,7962800,0.0,0.0,,0.0,,0.0,,0.0,,0.0,,0.0
2021-08-02,82.9463261061338,83.13541776753081,82.34121692021745,82.82341003417969,5579100,0.0,0.0,,0.0,,0.0,,0.0,,0.0,,0.0
2021-08-03,83.08814551171812,85.25327904879164,83.02196270549251,84.84672546386719,9889800,0.0,0.0,,0.0,,0.0,,0.0,,0.0,,0.0
2021-08-04,84.89399897914204,85.1776364757472,84.41180585751326,85.13982391357422,7509900,0.0,0.0,,0.0,,0.0,,0.0,,0.0,,0.0
2021-08-05,85.26273156570011,85.584188833307,83.92016201266341,84.55362701416016,8231300,0.0,0.0,,0.0,,0.0,,0.0,,0.0,,0.0
2021-08-06,84.37397122367868,84.97907309927265,83.9768744703295,84.63870239257812,6513900,0.0,0.0,,0.0,,0.0,,0.0,,0.0,,0.0
2021-08-09,84.58199078313484,85.53692027398948,84.24162001834277,84.99800109863281,5798700,0.0,0.0,,0.0,,0.0,,0.0,,0.0,,0.0
2021-08-10,84.24161824102497,85.2060044587175,84.08088960920435,84.7521743774414,5473300,0.0,0.0,,0.0,,0.0,,0.0,,0.0,,0.0
2021-08-11,84.9979879395928,85.48963051629804,84.629254203718,84.74270629882812,8009800,0.0,0.0,,0.0,,0.0,,0.0,,0.0,,0.0
2021-08-12,84.25106724223092,85.07363103306422,83.83505697375654,84.91289520263672,5687200,0.0,0.0,,0.0,,0.0,,0.0,,0.0,,0.0
2021-08-13,85.67871606712272,86.35945017228919,85.04524404307281,85.45179748535156,6640400,0.0,0.0,,0.0,,0.0,,0.0,,0.0,,0.0
2021-08-16,84.9601679146766,85.88672701774645,84.65761697298676,85.8678207397461,7122800,0.0,0.0,,0.0,,0.0,,0.0,,0.0,,0.0
2021-08-17,86.02854242258891,86.77546657767112,85.44235407779283,85.99072265625,6738500,0.0,0.0,,0.0,,0.0,,0.0,,0.0,,0.0
2021-08-18,85.55582570005336,86.08529533631946,84.01470774008898,84.09034729003906,7666300,0.0,0.0,,0.0,,0.0,,0.0,,0.0,,0.0
2021-08-19,83.47578224126565,84.5158007273829,83.41905618979612,83.87287902832031,8099400,0.0,0.0,,0.0,,0.0,,0.0,,0.0,,0.0
2021-08-20,83.95798168431867,84.52526388217531,83.48524531720737,84.09034729003906,8716400,0.0,0.0,,0.0,,0.0,,0.0,,0.0,,0.0
2021-08-23,84.61035650357066,84.6859960566834,83.87288889418348,84.26053619384766,7147300,0.0,0.0,,0.0,,0.0,,0.0,,0.0,,0.0
2021-08-24,84.34561925810812,84.7616295571369,83.64597147523776,83.72161102294922,6320100,0.0,0.0,,0.0,,0.0,,0.0,,0.0,,0.0
2021-08-25,83.72159797113488,84.05251192405423,83.24886169171207,83.78778076171875,5748500,0.0,0.0,,0.0,,0.0,,0.0,,0.0,,0.0
2021-08-26,83.96743619563317,84.3172637248518,83.6365221617155,83.8823471069336,9093200,0.0,0.0,,0.0,,0.0,,0.0,,0.0,,0.0
2021-08-27,83.9485191808069,84.63871018996707,83.77833381178121,84.47798156738281,5426800,0.0,0.0,,0.0,,0.0,,0.0,,0.0,,0.0
2021-08-30,84.5819817705908,85.07363158440747,84.43070989868215,84.57252502441406,5357000,0.0,0.0,,0.0,,0.0,,0.0,,0.0,,0.0
2021-08-31,84.5725323677486,84.61980888935341,83.66487941733484,84.26998138427734,8113300,0.0,0.0,,0.0,,0.0,,0.0,,0.0,,0.0
2021-09-01,84.39290152055887,85.25327799081475,84.02416771710851,85.04527282714844,8208000,0.0,0.0,,0.0,,0.0,,0.0,,0.0,,0.0
2021-09-02,85.25328561080678,85.5652933841937,84.53473143458808,84.9034652709961,7717400,0.0,0.0,,0.0,,0.0,,0.0,,0.0,,0.0
2021-09-03,84.46852909983136,85.54637463385006,84.4307165389182,85.09254455566406,8456900,0.0,0.0,,0.0,,0.0,,0.0,,0.0,,0.0
2021-09-07,85.13037090155515,85.72601616260695,83.71216171614952,83.8823471069336,11046000,0.0,0.0,,0.0,,0.0,,0.0,,0.0,,0.0
2021-09-08,83.33395795047238,84.71434713989483,83.1732293328113,84.59143829345703,8851200,0.0,0.0,,0.0,,0.0,,0.0,,0.0,,0.0
2021-09-09,84.71436461164706,85.87729937311269,84.53472967801778,84.65763854980469,11034700,0.0,0.0,,0.0,,0.0,,0.0,,0.0,,0.0
2021-09-10,84.76162263200985,85.61254944078141,84.62925704102135,84.78998565673828,10547400,0.0,0.0,,0.0,,0.0,,0.0,,0.0,,0.0
2021-09-13,85.20601026483648,85.57474407514393,83.41906727230503,84.04307556152344,18883400,0.0,0.0,,0.0,,0.0,,0.0,,0.0,,0.0
2021-09-14,81.49028306629421,82.20883702541484,80.10989398055206,81.67937469482422,22714200,0.0,0.0,,0.0,,0.0,,0.0,,0.0,,0.0
2021-09-15,81.83066155349076,83.54196475866055,81.47137732636591,82.94631958007812,14951100,0.0,0.0,,0.0,,0.0,,0.0,,0.0,,0.0
2021-09-16,82.8895818105269,83.17322647827477,81.49028639020905,82.49248504638672,12410500,0.0,0.0,,0.0,,0.0,,0.0,,0.0,,0.0
2021-09-17,81.50918934379392,82.79503261527107,81.2633644559983,81.67937469482422,58069000,0.0,0.0,,0.0,,0.0,,0.0,,0.0,,0.0
2021-09-20,80.39352876588865,82.64375802328254,80.29898295474891,81.47136688232422,13897700,0.0,0.0,,0.0,,0.0,,0.0,,0.0,,0.0
2021-09-21,82.01030320519396,82.88014360559247,81.42411472469453,82.18048858642578,11124400,0.0,0.0,,0.0,,0.0,,0.0,,0.0,,0.0
2021-09-22,82.84231979846275,84.14706951547998,82.48303555924652,83.61760711669922,9908000,0.0,0.0,,0.0,,0.0,,0.0,,0.0,,0.0
2021-09-23,84.09033612288282,85.14926082802133,83.82560494659819,84.54415893554688,9720200,0.0,0.0,,0.0,,0.0,,0.0,,0.0,,0.0
2021-09-24,84.40233264822994,85.14925683969538,84.0903321841561,85.03580474853516,7617800,0.0,0.0,,0.0,,0.0,,0.0,,0.0,,0.0
2021-09-27,84.88453102629077,86.3311029868304,84.28888587000495,86.0758285522461,11533000,0.0,0.0,,0.0,,0.0,,0.0,,0.0,,0.0
2021-09-28,85.69766955636551,87.23878790303168,85.13984396562758,85.55584716796875,15041800,0.0,0.0,,0.0,,0.0,,0.0,,0.0,,0.0
2021-09-29,86.1798529600278,87.05914301171337,86.03803058781035,86.27439880371094,12007300,0.0,0.0,,0.0,,0.0,,0.0,,0.0,,0.0
2021-09-30,86.27437019403075,86.58637786676633,82.3695711590531,82.37902069091797,15649900,0.0,0.0,,0.0,,0.0,,0.0,,0.0,,0.0
2021-10-01,82.97469339440843,85.34782488434467,82.82341428681566,84.84672546386719,13320900,0.0,0.0,,0.0,,0.0,,0.0,,0.0,,0.0
2021-10-04,84.60089606773971,85.4990922017107,84.10924624924606,84.39289093017578,10853900,0.0,0.0,,0.0,,0.0,,0.0,,0.0,,0.0
2021-10-05,84.47798595652176,86.95512707584602,84.30780057865391,86.50129699707031,9788600,0.0,0.0,,0.0,,0.0,,0.0,,0.0,,0.0
2021-10-06,85.489641016987,86.51075327870194,84.7616302015362,86.3594741821289,10268300,0.0,0.0,,0.0,,0.0,,0.0,,0.0,,0.0
2021-10-07,86.70931380465116,87.81551530279427,86.65258774219829,87.27659606933594,9124400,0.0,0.0,,0.0,,0.0,,0.0,,0.0,,0.0
2021-10-08,87.64659880803136,90.15132899029386,87.39043634691501,89.5536117553711,13202300,0.32,0.0,,0.0,,0.0,,0.0,,0.0,,0.0
2021-10-11,89.45873954212105,91.84013338213566,89.37334722704054,90.40750122070312,12959300,0.0,0.0,,0.0,,0.0,,0.0,,0.0,,0.0
2021-10-12,90.91982916060101,91.57446976616424,90.37903531853914,90.67314910888672,9964100,0.0,0.0,,0.0,,0.0,,0.0,,0.0,,0.0
2021-10-13,91.17599330385109,92.02039059500058,91.03367760836453,91.46062469482422,9453900,0.0,0.0,,0.0,,0.0,,0.0,,0.0,,0.0
2021-10-14,91.84012428668211,92.36193881513768,89.53463334651455,90.39800262451172,7911200,0.0,0.0,,0.0,,0.0,,0.0,,0.0,,0.0
2021-10-15,90.21774182140479,91.11906973196471,89.87619428681352,90.44544982910156,7422800,0.0,0.0,,0.0,,0.0,,0.0,,0.0,,0.0
2021-10-18,90.60674345653541,91.69782087255567,90.22723732420523,91.56499481201172,7344100,0.0,0.0,,0.0,,0.0,,0.0,,0.0,,0.0
2021-10-19,92.02988386592891,92.2955359807876,91.38472562763899,92.08680725097656,5616500,0.0,0.0,,0.0,,0.0,,0.0,,0.0,,0.0
2021-10-20,92.28604119976788,92.95017868842085,91.31830751544312,91.68832397460938,6574100,0.0,0.0,,0.0,,0.0,,0.0,,0.0,,0.0
2021-10-21,91.62190034231425,91.86858036602531,90.8059648502881,91.36573791503906,6224400,0.0,0.0,,0.0,,0.0,,0.0,,0.0,,0.0
2021-10-22,91.3562560597116,93.23479998911584,91.28984303672208,93.21582794189453,6819600,0.0,0.0,,0.0,,0.0,,0.0,,0.0,,0.0
2021-10-25,93.39609699843203,93.87996021712169,92.55169972839309,92.87427520751953,5083100,0.0,0.0,,0.0,,0.0,,0.0,,0.0,,0.0
2021-10-26,93.26326741706306,93.50994021935423,91.97295107247655,92.01090240478516,7089700,0.0,0.0,,0.0,,0.0,,0.0,,0.0,,0.0
2021-10-27,91.849613929825,92.31451235463254,91.08111930202679,91.10958099365234,5941200,0.0,0.0,,0.0,,0.0,,0.0,,0.0,,0.0
2021-10-28,91.69780979854818,92.69400513232098,91.01470029054595,91.29933166503906,5177200,0.0,0.0,,0.0,,0.0,,0.0,,0.0,,0.0
2021-10-29,90.88186950084821,92.00140841640284,90.56877645294855,91.02418518066406,7578600,0.0,0.0,,0.0,,0.0,,0.0,,0.0,,0.0
2021-11-01,91.08110948763496,91.10957117619365,89.09820130763318,89.54411315917969,7327600,0.0,0.0,,0.0,,0.0,,0.0,,0.0,,0.0
2021-11-02,88.92742964706254,91.00521266848178,88.70921128997563,90.95777893066406,6229600,0.0,0.0,,0.0,,0.0,,0.0,,0.0,,0.0
2021-11-03,91.55549192216542,91.9065363105164,89.89515916710025,91.22342681884766,5746400,0.0,0.0,,0.0,,0.0,,0.0,,0.0,,0.0
2021-11-04,91.29934246721805,91.65986931088578,90.43596583732044,90.7300796508789,5857500,0.0,0.0,,0.0,,0.0,,0.0,,0.0,,0.0
2021-11-05,91.27086721558942,91.60293958161878,89.2784692117977,90.08491516113281,6160200,0.0,0.0,,0.0,,0.0,,0.0,,0.0,,0.0
2021-11-08,90.36954685534062,90.36954685534062,89.47770859105928,90.26518249511719,5056400,0.0,0.0,,0.0,,0.0,,0.0,,0.0,,0.0
2021-11-09,90.23671487481698,90.71109566703515,89.24051231576827,89.74335479736328,6102600,0.0,0.0,,0.0,,0.0,,0.0,,0.0,,0.0
2021-11-10,89.27847081303652,89.99004205847275,88.57638921097968,89.02230834960938,5828800,0.0,0.0,,0.0,,0.0,,0.0,,0.0,,0.0
2021-11-11,89.28795538132518,89.90465187334587,88.99384159957482,89.22154235839844,3620600,0.0,0.0,,0.0,,0.0,,0.0,,0.0,,0.0
2021-11-12,89.45874845384549,89.6295258625419,88.64281274990464,88.74717712402344,6435300,0.0,0.0,,0.0,,0.0,,0.0,,0.0,,0.0
2021-11-15,89.0128186176625,89.42078642084576,88.15893167629325,89.20256805419922,5700900,0.0,0.0,,0.0,,0.0,,0.0,,0.0,,0.0
2021-11-16,89.31642451057778,91.43216625456802,89.20257050244471,90.71110534667969,7392900,0.0,0.0,,0.0,,0.0,,0.0,,0.0,,0.0
2021-11-17,90.85341762812875,91.21394444926656,89.9615793608421,90.44544982910156,6257600,0.0,0.0,,0.0,,0.0,,0.0,,0.0,,0.0
2021-11-18,90.27467513110507,90.44545252272523,88.70921691433317,89.80978393554688,5725300,0.0,0.0,,0.0,,0.0,,0.0,,0.0,,0.0
2021-11-19,89.95208474646888,91.99192362887551,89.12666678923395,89.1551284790039,8936600,0.0,0.0,,0.0,,0.0,,0.0,,0.0,,0.0
2021-11-22,88.92742911787138,90.76802172381892,88.62382569143327,89.76233673095703,6488200,0.0,0.0,,0.0,,0.0,,0.0,,0.0,,0.0
2021-11-23,89.3354079489358,89.45874436795305,87.53275921469094,88.17791748046875,8905500,0.0,0.0,,0.0,,0.0,,0.0,,0.0,,0.0
2021-11-24,87.50429130650582,88.89896486988799,87.4283886362807,88.78511810302734,10908500,0.0,0.0,,0.0,,0.0,,0.0,,0.0,,0.0
2021-11-26,88.13046341419631,89.25949202130431,87.35247920083425,87.59915924072266,4519300,0.0,0.0,,0.0,,0.0,,0.0,,0.0,,0.0
2021-11-29,88.39612862476677,89.30693901672177,88.11150444892446,88.17791748046875,9552500,0.0,0.0,,0.0,,0.0,,0.0,,0.0,,0.0
2021-11-30,88.2538049685002,88.72818579065367,85.9672931697285,86.09062957763672,23271200,0.0,0.0,,0.0,,0.0,,0.0,,0.0,,0.0
2021-12-01,86.99196730151482,87.65609763209866,85.06598210434396,85.1513671875,12084900,0.0,0.0,,0.0,,0.0,,0.0,,0.0,,0.0
2021-12-02,84.81930051835742,86.37526918397592,84.43979437683343,85.37906646728516,7089800,0.0,0.0,,0.0,,0.0,,0.0,,0.0,,0.0
2021-12-03,85.72061479971624,86.13807224772631,83.225374232013,83.7187271118164,10808600,0.0,0.0,,0.0,,0.0,,0.0,,0.0,,0.0
2021-12-06,83.8136106864551,84.60108468714425,83.34871944926181,84.38287353515625,8398500,0.0,0.0,,0.0,,0.0,,0.0,,0.0,,0.0
2021-12-07,85.36957635399807,86.0811475906818,84.63902583078904,85.43598937988281,6803700,0.0,0.0,,0.0,,0.0,,0.0,,0.0,,0.0
2021-12-08,85.43599967138442,85.5498464503424,83.40565007721861,84.38287353515625,7695800,0.0,0.0,,0.0,,0.0,,0.0,,0.0,,0.0
2021-12-09,84.55364526156879,85.37906330747197,83.71873033342007,84.22157287597656,8615800,0.0,0.0,,0.0,,0.0,,0.0,,0.0,,0.0
2021-12-10,98.94635438516755,100.89131144498602,94.97104071364976,97.37140655517578,45824600,0.0,0.0,,0.0,,0.0,,0.0,,0.0,,0.0
2021-12-13,97.19114930266025,99.01277000015617,95.36952136668712,95.72056579589844,16317600,0.0,0.0,,0.0,,0.0,,0.0,,0.0,,0.0
2021-12-14,94.87616153694457,96.26135262676675,94.29741637249106,94.77179718017578,9511600,0.0,0.0,,0.0,,0.0,,0.0,,0.0,,0.0
2021-12-15,95.4264440067146,98.44350620137345,95.10386129687636,98.33914184570312,14452200,0.0,0.0,,0.0,,0.0,,0.0,,0.0,,0.0
2021-12-16,98.6237748419149,98.67121582183553,97.0393445558565,97.93118286132812,9053200,0.0,0.0,,0.0,,0.0,,0.0,,0.0,,0.0
2021-12-17,92.684516593079,94.82871244868602,90.90084027614353,91.66934204101562,28872300,0.0,0.0,,0.0,,0.0,,0.0,,0.0,,0.0
2021-12-20,91.47959867697068,91.47959867697068,86.83066503647703,86.94451904296875,17205400,0.0,0.0,,0.0,,0.0,,0.0,,0.0,,0.0
2021-12-21,87.10581406264868,87.13427575702866,85.11341583279473,86.8211898803711,15823000,0.0,0.0,,0.0,,0.0,,0.0,,0.0,,0.0
2021-12-22,86.59347220207981,87.15324533694718,84.92365691766028,85.25572204589844,10539000,0.0,0.0,,0.0,,0.0,,0.0,,0.0,,0.0
2021-12-23,85.41700807500965,85.73010114898676,84.49670813915515,85.12289428710938,9655400,0.0,0.0,,0.0,,0.0,,0.0,,0.0,,0.0
2021-12-27,85.10393130402122,85.70165587584043,84.45877298487673,84.95213317871094,7666200,0.0,0.0,,0.0,,0.0,,0.0,,0.0,,0.0
2021-12-28,85.10391478357282,85.19879673676108,83.98437577763266,84.10771942138672,5610500,0.0,0.0,,0.0,,0.0,,0.0,,0.0,,0.0
2021-12-29,83.9654112344025,84.62005912983093,83.2253782596455,83.69026947021484,5628500,0.0,0.0,,0.0,,0.0,,0.0,,0.0,,0.0
2021-12-30,84.10771801963966,84.35439806455982,83.27280317174885,83.5005111694336,7382400,0.0,0.0,,0.0,,0.0,,0.0,,0.0,,0.0
2021-12-31,83.53846438741895,83.58589812581614,82.71303916375851,82.74150085449219,5908200,0.0,0.0,,0.0,,0.0,,0.0,,0.0,,0.0
2022-01-03,82.85536242227957,83.43410764830472,81.36580681721749,83.39615631103516,10644400,0.0,0.0,,0.0,,0.0,,0.0,,0.0,,0.0
2022-01-04,83.39614057371215,84.99006024586448,83.23485284961053,84.28797149658203,11959000,0.0,0.0,,0.0,,0.0,,0.0,,0.0,,0.0
2022-01-05,83.95591507613905,84.06027943509424,81.80222934906058,82.0299301147461,11236700,0.0,0.0,,0.0,,0.0,,0.0,,0.0,,0.0
2022-01-06,81.89663168491042,83.24887665043788,81.46810570433455,82.22040557861328,7918400,0.32,0.0,,0.0,,0.0,,0.0,,0.0,,0.0
2022-01-07,82.32513593514258,83.80118239483471,82.16324903102243,83.33456420898438,9836800,0.0,0.0,,0.0,,0.0,,0.0,,0.0,,0.0
2022-01-10,83.21077331133479,85.11534588919854,82.80128991647936,85.0201187133789,11025500,0.0,0.0,,0.0,,0.0,,0.0,,0.0,,0.0
2022-01-11,84.41064753529412,84.7534711458776,83.23933958693979,84.25828552246094,7249800,0.0,0.0,,0.0,,0.0,,0.0,,0.0,,0.0
2022-01-12,84.64873285457787,85.2486706380166,83.4869423480793,84.09640502929688,5840300,0.0,0.0,,0.0,,0.0,,0.0,,0.0,,0.0
2022-01-13,84.49635524512654,84.6772846773716,83.37265727146136,83.60120391845703,6044300,0.0,0.0,,0.0,,0.0,,0.0,,0.0,,0.0
2022-01-14,83.30600982091023,83.89642268487184,82.52513533521264,83.50598907470703,6054800,0.0,0.0,,0.0,,0.0,,0.0,,0.0,,0.0
2022-01-18,82.7251269608363,82.82035415326186,81.26812258178592,81.46810913085938,6824700,0.0,0.0,,0.0,,0.0,,0.0,,0.0,,0.0
2022-01-19,81.67758234318383,82.55369114918999,79.25878184302061,79.40161895751953,10501800,0.0,0.0,,0.0,,0.0,,0.0,,0.0,,0.0
2022-01-20,79.9158576201576,80.94432847863308,78.58265546273019,78.77311706542969,10836900,0.0,0.0,,0.0,,0.0,,0.0,,0.0,,0.0
2022-01-21,79.38257215667794,79.41113957803962,78.11602986362159,78.29696655273438,11609000,0.0,0.0,,0.0,,0.0,,0.0,,0.0,,0.0
2022-01-24,77.3446862254517,78.4874267578125,75.79245507164384,78.4874267578125,16770400,0.0,0.0,,0.0,,0.0,,0.0,,0.0,,0.0
2022-01-25,77.44943971224961,78.18269690200951,76.37335163803888,77.20184326171875,13469900,0.0,0.0,,0.0,,0.0,,0.0,,0.0,,0.0
2022-01-26,78.00176860956743,78.11603830736586,75.49725117409733,75.7924575805664,13971300,0.0,0.0,,0.0,,0.0,,0.0,,0.0,,0.0
2022-01-27,76.28765250927249,77.27803108683578,75.42106852939176,75.97339630126953,10331900,0.0,0.0,,0.0,,0.0,,0.0,,0.0,,0.0
2022-01-28,76.17337390343339,76.6590419175868,74.82112919342003,76.63999938964844,7854700,0.0,0.0,,0.0,,0.0,,0.0,,0.0,,0.0
2022-01-31,76.64952973371959,77.74466053867835,76.2971884181664,77.28756713867188,10594200,0.0,0.0,,0.0,,0.0,,0.0,,0.0,,0.0
2022-02-01,77.51610244087485,77.51610244087485,75.84960149826242,77.17327880859375,8016900,0.0,0.0,,0.0,,0.0,,0.0,,0.0,,0.0
2022-02-02,77.28754632665748,78.92547237854946,76.98280778822179,78.56360626220703,9287600,0.0,0.0,,0.0,,0.0,,0.0,,0.0,,0.0
2022-02-03,77.73512080672694,78.81120887524568,77.73512080672694,78.03033447265625,8207200,0.0,0.0,,0.0,,0.0,,0.0,,0.0,,0.0
2022-02-04,78.11604557541051,78.95406218586199,77.58276756175451,78.19223022460938,5570200,0.0,0.0,,0.0,,0.0,,0.0,,0.0,,0.0
2022-02-07,78.220775158316,78.32552720449962,76.81139588026245,76.8875732421875,6292200,0.0,0.0,,0.0,,0.0,,0.0,,0.0,,0.0
2022-02-08,76.45906803081877,77.00187093214097,75.99244977731635,76.93521118164062,6585300,0.0,0.0,,0.0,,0.0,,0.0,,0.0,,0.0
2022-02-09,77.84939341511459,79.65873856835576,77.75416625238965,79.46827697753906,8755900,0.0,0.0,,0.0,,0.0,,0.0,,0.0,,0.0
2022-02-10,78.801684907771,79.78253855443616,77.72560409193427,77.94462585449219,6336300,0.0,0.0,,0.0,,0.0,,0.0,,0.0,,0.0
2022-02-11,77.93510671265038,78.496959403374,75.735327701277,75.94483184814453,7670500,0.0,0.0,,0.0,,0.0,,0.0,,0.0,,0.0
2022-02-14,75.7829436615258,75.92578805613837,74.69733788705864,75.18299865722656,5389800,0.0,0.0,,0.0,,0.0,,0.0,,0.0,,0.0
2022-02-15,75.60200863908123,76.11624411199563,75.43059681477644,75.96387481689453,5712800,0.0,0.0,,0.0,,0.0,,0.0,,0.0,,0.0
2022-02-16,75.67817611095369,75.97338247150313,74.48781850826563,75.41153717041016,6227000,0.0,0.0,,0.0,,0.0,,0.0,,0.0,,0.0
2022-02-17,75.00206570626293,75.21156983987244,71.73572363816191,71.92617797851562,9247100,0.0,0.0,,0.0,,0.0,,0.0,,0.0,,0.0
2022-02-18,71.89760456245367,72.11663357443841,70.73581429315797,71.01197814941406,7790100,0.0,0.0,,0.0,,0.0,,0.0,,0.0,,0.0
2022-02-22,70.29776157326323,71.33575722922224,70.10730725409456,70.58345031738281,8039000,0.0,0.0,,0.0,,0.0,,0.0,,0.0,,0.0
2022-02-23,70.5358328577828,70.83103923106995,68.8978995633511,69.01217651367188,6807100,0.0,0.0,,0.0,,0.0,,0.0,,0.0,,0.0
2022-02-24,67.55518878973284,71.36433378352,66.87906642517972,71.24053192138672,11240500,0.0,0.0,,0.0,,0.0,,0.0,,0.0,,0.0
2022-02-25,71.08817041034061,73.16415473748367,70.77391420240727,72.7070541381836,8291800,0.0,0.0,,0.0,,0.0,,0.0,,0.0,,0.0
2022-02-28,71.96426839020407,73.04034918884848,71.44050807007744,72.34518432617188,9234400,0.0,0.0,,0.0,,0.0,,0.0,,0.0,,0.0
2022-03-01,72.35471809519946,72.84990378692379,72.01189443732567,72.38328552246094,8752100,0.0,0.0,,0.0,,0.0,,0.0,,0.0,,0.0
2022-03-02,72.80228949400875,75.09730311460174,72.61183512769003,74.54497528076172,8527200,0.0,0.0,,0.0,,0.0,,0.0,,0.0,,0.0
2022-03-03,75.192517902804,75.26870254292034,73.73552117107315,74.51639556884766,8203000,0.0,0.0,,0.0,,0.0,,0.0,,0.0,,0.0
2022-03-04,73.96407594387794,74.19262988931156,72.16425539945398,72.84037780761719,8841300,0.0,0.0,,0.0,,0.0,,0.0,,0.0,,0.0
2022-03-07,72.64992334192019,72.74515051968953,69.9359088159701,70.77391815185547,11110100,0.0,0.0,,0.0,,0.0,,0.0,,0.0,,0.0
2022-03-08,70.3167992709838,71.64048358017637,69.62163451491921,69.83113861083984,9134100,0.0,0.0,,0.0,,0.0,,0.0,,0.0,,0.0
2022-03-09,71.34528837833088,73.2784284191248,71.12626659632208,72.46898651123047,8959500,0.0,0.0,,0.0,,0.0,,0.0,,0.0,,0.0
2022-03-10,71.51668286289258,73.18318349608752,71.45002312817942,72.99272918701172,13812600,0.0,0.0,,0.0,,0.0,,0.0,,0.0,,0.0
2022-03-11,73.04034004209979,76.08765988286306,70.46917051069394,74.10690307617188,22795800,0.0,0.0,,0.0,,0.0,,0.0,,0.0,,0.0
2022-03-14,74.20213433236005,74.84968919858704,71.84046877226159,73.39269256591797,13306200,0.0,0.0,,0.0,,0.0,,0.0,,0.0,,0.0
2022-03-15,74.32593942617542,77.6494161677202,73.3926957708665,76.75426483154297,16847200,0.0,0.0,,0.0,,0.0,,0.0,,0.0,,0.0
2022-03-16,77.13517672839994,77.3542057356246,74.04024679793945,76.1447982788086,14071300,0.0,0.0,,0.0,,0.0,,0.0,,0.0,,0.0
2022-03-17,75.97339045276081,77.41134462217238,75.47820483478282,76.75426483154297,10462400,0.0,0.0,,0.0,,0.0,,0.0,,0.0,,0.0
2022-03-18,75.83055553800463,78.0779517897395,75.0782484883218,77.78274536132812,24176000,0.0,0.0,,0.0,,0.0,,0.0,,0.0,,0.0
2022-03-21,77.40182297528347,78.06842769002081,76.44001185659185,77.09709167480469,8131300,0.0,0.0,,0.0,,0.0,,0.0,,0.0,,0.0
2022-03-22,77.57323732847692,78.30650181218522,76.97329960437995,77.89701843261719,9292300,0.0,0.0,,0.0,,0.0,,0.0,,0.0,,0.0
2022-03-23,77.37325752466717,77.52562681147676,76.3924038532748,76.55429077148438,7451100,0.0,0.0,,0.0,,0.0,,0.0,,0.0,,0.0
2022-03-24,76.80187805781826,78.86833722215627,76.64950878920534,78.31600952148438,7025700,0.0,0.0,,0.0,,0.0,,0.0,,0.0,,0.0
2022-03-25,78.1255668327786,78.88739149316729,77.35421727534184,77.83036041259766,5682300,0.0,0.0,,0.0,,0.0,,0.0,,0.0,,0.0
2022-03-28,77.83988419828081,79.71588946984409,77.83988419828081,79.61113739013672,6626700,0.0,0.0,,0.0,,0.0,,0.0,,0.0,,0.0
2022-03-29,80.4586657144844,80.47771550867887,79.14451326440752,80.2682113647461,5762000,0.0,0.0,,0.0,,0.0,,0.0,,0.0,,0.0
2022-03-30,79.95393855537671,80.33485444116658,79.15402173404756,79.382568359375,5533100,0.0,0.0,,0.0,,0.0,,0.0,,0.0,,0.0
2022-03-31,79.14451234564832,79.90634426649319,78.64931941748887,78.78264617919922,9433300,0.0,0.0,,0.0,,0.0,,0.0,,0.0,,0.0
2022-04-01,79.07783838090857,79.38256964138859,77.58274949896506,78.09698486328125,6147500,0.0,0.0,,0.0,,0.0,,0.0,,0.0,,0.0
2022-04-04,78.32555489620276,80.2777448848695,78.08748330077357,80.0587158203125,7882400,0.0,0.0,,0.0,,0.0,,0.0,,0.0,,0.0
2022-04-05,79.4206480069858,80.48720359864356,78.72547608139597,78.98259735107422,5143400,0.0,0.0,,0.0,,0.0,,0.0,,0.0,,0.0
2022-04-06,78.01130531592594,78.53506577679514,77.48755212042589,78.20176696777344,5492400,0.0,0.0,,0.0,,0.0,,0.0,,0.0,,0.0
2022-04-07,77.67592659388521,78.40249730336254,77.22660006688984,77.95317077636719,7112200,0.32,0.0,,0.0,,0.0,,0.0,,0.0,,0.0
2022-04-08,78.11570332519155,78.2304273376165,76.72948948722266,77.37957763671875,6182500,0.0,0.0,,0.0,,0.0,,0.0,,0.0,,0.0
2022-04-11,77.08320544846148,77.56121120360365,76.1941144521455,76.25148010253906,5738400,0.0,0.0,,0.0,,0.0,,0.0,,0.0,,0.0
2022-04-12,76.43311552072927,77.42736834314809,75.54402454545593,75.84039306640625,6174700,0.0,0.0,,0.0,,0.0,,0.0,,0.0,,0.0
2022-04-13,75.77347685789272,76.44268201974798,75.17118491843375,76.2419204711914,4728600,0.0,0.0,,0.0,,0.0,,0.0,,0.0,,0.0
2022-04-14,76.31841300225855,76.82509801793316,75.83084501062498,75.95512390136719,5590400,0.0,0.0,,0.0,,0.0,,0.0,,0.0,,0.0
2022-04-18,75.66831928653221,76.46181066176759,74.48286694968478,74.77922821044922,4955900,0.0,0.0,,0.0,,0.0,,0.0,,0.0,,0.0
2022-04-19,74.80790699599007,76.27060356321842,74.79834483781895,76.0602798461914,5412400,0.0,0.0,,0.0,,0.0,,0.0,,0.0,,0.0
2022-04-20,76.28016528875253,78.25910897915335,76.28016528875253,76.75817108154297,9472600,0.0,0.0,,0.0,,0.0,,0.0,,0.0,,0.0
2022-04-21,77.90538079964607,78.01054265585275,75.84039960114747,75.98380279541016,5616100,0.0,0.0,,0.0,,0.0,,0.0,,0.0,,0.0
2022-04-22,75.78302041662879,76.19410561009768,72.80983167495809,72.85762786865234,9357100,0.0,0.0,,0.0,,0.0,,0.0,,0.0,,0.0
2022-04-25,72.84807019463815,73.67024063216292,71.41405300739103,73.59376525878906,7305900,0.0,0.0,,0.0,,0.0,,0.0,,0.0,,0.0
2022-04-26,72.99147178946897,73.2782781382151,71.20373506948854,71.23241424560547,7555200,0.0,0.0,,0.0,,0.0,,0.0,,0.0,,0.0
2022-04-27,71.29935315198226,72.67600501733385,71.14638778150413,71.471435546875,7279200,0.0,0.0,,0.0,,0.0,,0.0,,0.0,,0.0
2022-04-28,72.1980034325339,73.25917704798101,71.31847438179291,72.79073333740234,6177900,0.0,0.0,,0.0,,0.0,,0.0,,0.0,,0.0
2022-04-29,72.02591467216696,72.53260697670203,69.9322541050093,70.17125701904297,7946900,0.0,0.0,,0.0,,0.0,,0.0,,0.0,,0.0
2022-05-02,70.6779296462388,71.31845559311222,69.33951210339768,70.7448501586914,7379900,0.0,0.0,,0.0,,0.0,,0.0,,0.0,,0.0
2022-05-03,70.60145762519211,70.94562239651144,69.6072046518018,70.06609344482422,5211500,0.0,0.0,,0.0,,0.0,,0.0,,0.0,,0.0
2022-05-04,70.15210884191347,72.03545233095988,69.5880656576504,71.901611328125,6759900,0.0,0.0,,0.0,,0.0,,0.0,,0.0,,0.0
2022-05-05,70.74484413294346,71.43317351313496,68.82325916220687,69.5976333618164,7197200,0.0,0.0,,0.0,,0.0,,0.0,,0.0,,0.0
2022-05-06,68.95710481798467,69.731479069726,68.4790990822038,69.30126953125,6222500,0.0,0.0,,0.0,,0.0,,0.0,,0.0,,0.0
2022-05-09,68.48865846137652,69.39686640500906,68.03933192096036,68.39305877685547,7019700,0.0,0.0,,0.0,,0.0,,0.0,,0.0,,0.0
2022-05-10,69.31082888066166,70.38156431120261,68.13493160900562,69.33950805664062,8129000,0.0,0.0,,0.0,,0.0,,0.0,,0.0,,0.0
2022-05-11,69.12919599201027,70.22861078329379,67.75254425714645,67.90550231933594,6932100,0.0,0.0,,0.0,,0.0,,0.0,,0.0,,0.0
2022-05-12,67.76209401330065,67.80989750688786,65.9361158001368,67.61869812011719,11698900,0.0,0.0,,0.0,,0.0,,0.0,,0.0,,0.0
2022-05-13,67.83856801023632,68.81370372191665,67.42748281683934,68.0393295288086,6700100,0.0,0.0,,0.0,,0.0,,0.0,,0.0,,0.0
2022-05-16,67.58044134432922,67.79076499799909,66.33762373289132,66.64354705810547,6942100,0.0,0.0,,0.0,,0.0,,0.0,,0.0,,0.0
2022-05-17,67.9246175285283,68.7372258152929,67.59000768063525,68.71810150146484,5952500,0.0,0.0,,0.0,,0.0,,0.0,,0.0,,0.0
2022-05-18,67.68561428220741,67.81945530309778,64.82713476541932,65.29558563232422,7977300,0.0,0.0,,0.0,,0.0,,0.0,,0.0,,0.0
2022-05-19,64.51167379514138,64.91319696529061,63.78510284883047,64.09102630615234,9451600,0.0,0.0,,0.0,,0.0,,0.0,,0.0,,0.0
2022-05-20,64.89405253154816,65.66842674113892,63.90936193644421,65.6110610961914,7531100,0.0,0.0,,0.0,,0.0,,0.0,,0.0,,0.0
2022-05-23,66.26116136540705,67.37013831746238,65.6493145276488,66.95905303955078,7370200,0.0,0.0,,0.0,,0.0,,0.0,,0.0,,0.0
2022-05-24,66.60531598288745,67.42748641353738,65.30513982715213,65.99346923828125,6644100,0.0,0.0,,0.0,,0.0,,0.0,,0.0,,0.0
2022-05-25,65.85007773689793,67.13113710002241,65.74491587523138,66.75829315185547,7103300,0.0,0.0,,0.0,,0.0,,0.0,,0.0,,0.0
2022-05-26,67.04508584688784,68.94755403953361,66.83476943746676,68.5077896118164,6758900,0.0,0.0,,0.0,,0.0,,0.0,,0.0,,0.0
2022-05-27,69.1770062001969,69.6454498841957,68.4026390683513,69.57852935791016,6566700,0.0,0.0,,0.0,,0.0,,0.0,,0.0,,0.0
2022-05-31,69.05271619105577,69.7697248403198,68.37394158455135,68.75634765625,16890300,0.0,0.0,-6220000000.0,0.0,21383000000.0,0.0,109297000000.0,0.0,12122000000.0,0.0,75882000000.0,0.0
2022-06-01,69.80796659921437,70.04696950872027,68.02022950413584,68.45043182373047,5804700,0.0,0.0,-6220000000.0,0.0,21383000000.0,0.0,109297000000.0,0.0,12122000000.0,0.0,75882000000.0,0.0
2022-06-02,68.3357008899685,69.97047957590583,67.88637434649439,69.92267608642578,6200400,0.0,0.0,-6220000000.0,0.0,21383000000.0,0.0,109297000000.0,0.0,12122000000.0,0.0,75882000000.0,0.0
2022-06-03,69.36819815869383,69.75060425081837,68.09670829602985,68.63207244873047,8169500,0.0,0.0,-6220000000.0,0.0,21383000000.0,0.0,109297000000.0,0.0,12122000000.0,0.0,75882000000.0,0.0
2022-06-06,69.43510704743423,71.54789141763973,69.43510704743423,69.7601547241211,5274700,0.0,0.0,-6220000000.0,0.0,21383000000.0,0.0,109297000000.0,0.0,12122000000.0,0.0,75882000000.0,0.0
2022-06-07,68.44085143091442,69.91310983648293,68.44085143091442,69.49246978759766,5675700,0.0,0.0,-6220000000.0,0.0,21383000000.0,0.0,109297000000.0,0.0,12122000000.0,0.0,75882000000.0,0.0
2022-06-08,68.84240434181093,68.97624539588494,67.81947211779365,68.2401123046875,5253500,0.0,0.0,-6220000000.0,0.0,21383000000.0,0.0,109297000000.0,0.0,12122000000.0,0.0,75882000000.0,0.0
2022-06-09,67.65694654849169,68.02979783141615,66.15600843244789,66.17513275146484,6824900,0.0,0.0,-6220000000.0,0.0,21383000000.0,0.0,109297000000.0,0.0,12122000000.0,0.0,75882000000.0,0.0
2022-06-10,64.98966848634022,65.21910921646077,64.01453261919664,64.18661499023438,10256100,0.0,0.0,-6220000000.0,0.0,21383000000.0,0.0,109297000000.0,0.0,12122000000.0,0.0,75882000000.0,0.0
2022-06-13,62.88643987606111,63.19236328655614,60.95529606800206,61.2325439453125,16547200,0.0,0.0,-6220000000.0,0.0,21383000000.0,0.0,109297000000.0,0.0,12122000000.0,0.0,75882000000.0,0.0
2022-06-14,68.83282434743434,69.24390956237194,65.98390701934302,67.609130859375,29661300,0.0,0.0,-6220000000.0,0.0,21383000000.0,0.0,109297000000.0,0.0,12122000000.0,0.0,75882000000.0,0.0
2022-06-15,67.3509959311797,68.27832809723802,65.6492969143578,66.63398742675781,11765500,0.0,0.0,-6220000000.0,0.0,21383000000.0,0.0,109297000000.0,0.0,12122000000.0,0.0,75882000000.0,0.0
2022-06-16,65.48679185343656,65.92655629573777,64.60726296883416,65.68755340576172,10686000,0.0,0.0,-6220000000.0,0.0,21383000000.0,0.0,109297000000.0,0.0,12122000000.0,0.0,75882000000.0,0.0
2022-06-17,65.72579486753109,66.31852466155519,64.42561856010296,64.74110412597656,16445600,0.0,0.0,-6220000000.0,0.0,21383000000.0,0.0,109297000000.0,0.0,12122000000.0,0.0,75882000000.0,0.0
2022-06-21,65.59194894914094,66.47147776992423,64.42561376368147,64.7028579711914,10047700,0.0,0.0,-6220000000.0,0.0,21383000000.0,0.0,109297000000.0,0.0,12122000000.0,0.0,75882000000.0,0.0
2022-06-22,63.98586455033684,64.59771146609393,63.460055188143755,63.603458404541016,8219900,0.0,0.0,-6220000000.0,0.0,21383000000.0,0.0,109297000000.0,0.0,12122000000.0,0.0,75882000000.0,0.0
2022-06-23,63.526973367057714,64.88451549911328,63.393132315047914,64.65506744384766,8775800,0.0,0.0,-6220000000.0,0.0,21383000000.0,0.0,109297000000.0,0.0,12122000000.0,0.0,75882000000.0,0.0
2022-06-24,65.32426158697898,67.66648663081816,64.98009689486874,67.59000396728516,20132600,0.0,0.0,-6220000000.0,0.0,21383000000.0,0.0,109297000000.0,0.0,12122000000.0,0.0,75882000000.0,0.0
2022-06-27,66.31852180164647,67.73341476743893,65.90743655608736,67.31277465820312,8840600,0.0,0.0,-6220000000.0,0.0,21383000000.0,0.0,109297000000.0,0.0,12122000000.0,0.0,75882000000.0,0.0
2022-06-28,67.46573141589111,67.94373716697261,65.51546707622393,65.56327056884766,7252100,0.0,0.0,-6220000000.0,0.0,21383000000.0,0.0,109297000000.0,0.0,12122000000.0,0.0,75882000000.0,0.0
2022-06-29,65.99347549223823,67.00684539144022,65.75447260704614,66.16555786132812,8077900,0.0,0.0,-6220000000.0,0.0,21383000000.0,0.0,109297000000.0,0.0,12122000000.0,0.0,75882000000.0,0.0
2022-06-30,65.20954895445155,67.15981345164737,65.20954895445155,66.7965316772461,9888600,0.0,0.0,-6220000000.0,0.0,21383000000.0,0.0,109297000000.0,0.0,12122000000.0,0.0,75882000000.0,0.0
2022-07-01,66.77740473128932,67.85770244147267,66.73916339436529,67.7525405883789,7805600,0.0,0.0,-6220000000.0,0.0,21383000000.0,0.0,109297000000.0,0.0,12122000000.0,0.0,75882000000.0,0.0
2022-07-05,67.28408599433509,68.83282723283791,67.09288661398162,68.8232650756836,9040400,0.0,0.0,-6220000000.0,0.0,21383000000.0,0.0,109297000000.0,0.0,12122000000.0,0.0,75882000000.0,0.0
2022-07-06,69.13875342765793,69.54027651899246,68.17317974191518,68.5077896118164,6043700,0.0,0.0,-6220000000.0,0.0,21383000000.0,0.0,109297000000.0,0.0,12122000000.0,0.0,75882000000.0,0.0
2022-07-07,68.67029571533203,68.81369887386296,68.04888689088978,68.67029571533203,7814500,0.0,0.0,-6220000000.0,0.0,21383000000.0,0.0,109297000000.0,0.0,12122000000.0,0.0,75882000000.0,0.0
2022-07-08,68.53646713683662,69.06226908838516,68.19230241148644,68.70854949951172,4927300,0.0,0.0,-6220000000.0,0.0,21383000000.0,0.0,109297000000.0,0.0,12122000000.0,0.0,75882000000.0,0.0
2022-07-11,68.18038172130527,69.11186134803303,68.08435447993732,68.72774505615234,4543300,0.32,0.0,-6220000000.0,0.0,21383000000.0,0.0,109297000000.0,0.0,12122000000.0,0.0,75882000000.0,0.0
2022-07-12,68.75656744198409,69.08306892529953,67.28732908309081,67.61383056640625,7140800,0.0,0.0,-6220000000.0,0.0,21383000000.0,0.0,109297000000.0,0.0,12122000000.0,0.0,75882000000.0,0.0
2022-07-13,66.30784672287591,67.7290679468433,65.95253775367841,67.2489242553711,6454800,0.0,0.0,-6220000000.0,0.0,21383000000.0,0.0,109297000000.0,0.0,12122000000.0,0.0,75882000000.0,0.0
2022-07-14,66.4134634785571,66.81678232727475,65.52039612701968,66.69194030761719,4915500,0.0,0.0,-6220000000.0,0.0,21383000000.0,0.0,109297000000.0,0.0,12122000000.0,0.0,75882000000.0,0.0
2022-07-15,67.46977611712542,68.05555185524636,67.22009941077647,67.93070983886719,5134100,0.0,0.0,-6220000000.0,0.0,21383000000.0,0.0,109297000000.0,0.0,12122000000.0,0.0,75882000000.0,0.0
2022-07-18,68.4204600836832,68.8621912976859,67.36414567398894,67.42176055908203,4642300,0.0,0.0,-6220000000.0,0.0,21383000000.0,0.0,109297000000.0,0.0,12122000000.0,0.0,75882000000.0,0.0
2022-07-19,67.83468905942344,69.42876937128136,67.46978255104626,69.37114715576172,7160300,0.0,0.0,-6220000000.0,0.0,21383000000.0,0.0,109297000000.0,0.0,12122000000.0,0.0,75882000000.0,0.0
2022-07-20,69.66883983198913,70.19699340024768,69.29432840719144,69.70724487304688,5655700,0.0,0.0,-6220000000.0,0.0,21383000000.0,0.0,109297000000.0,0.0,12122000000.0,0.0,75882000000.0,0.0
2022-07-21,69.28472519962803,71.66623343032661,69.26551535221344,71.5798110961914,7005100,0.0,0.0,-6220000000.0,0.0,21383000000.0,0.0,109297000000.0,0.0,12122000000.0,0.0,75882000000.0,0.0
2022-07-22,71.84868186403112,72.3000179816433,71.31092342248947,71.92550659179688,6659800,0.0,0.0,-6220000000.0,0.0,21383000000.0,0.0,109297000000.0,0.0,12122000000.0,0.0,75882000000.0,0.0
2022-07-25,72.11756709582401,72.43446362946419,71.38774677403723,71.88710021972656,5721600,0.0,0.0,-6220000000.0,0.0,21383000000.0,0.0,109297000000.0,0.0,12122000000.0,0.0,75882000000.0,0.0
2022-07-26,71.82949029872702,72.30963393086715,70.78277337092814,71.0900650024414,7284400,0.0,0.0,-6220000000.0,0.0,21383000000.0,0.0,109297000000.0,0.0,12122000000.0,0.0,75882000000.0,0.0
2022-07-27,71.42614642498847,73.09705112684782,71.36853154782388,72.85697937011719,6677200,0.0,0.0,-6220000000.0,0.0,21383000000.0,0.0,109297000000.0,0.0,12122000000.0,0.0,75882000000.0,0.0
2022-07-28,72.63611869428006,74.21098901800131,72.3192221796947,73.98052215576172,5688100,0.0,0.0,-6220000000.0,0.0,21383000000.0,0.0,109297000000.0,0.0,12122000000.0,0.0,75882000000.0,0.0
2022-07-29,73.95171600711048,75.0560477028699,73.94211108414642,74.74874877929688,5926600,0.0,0.0,-6220000000.0,0.0,21383000000.0,0.0,109297000000.0,0.0,12122000000.0,0.0,75882000000.0,0.0
2022-08-01,74.11496257169163,74.71994083902406,73.6540215158125,74.36463928222656,5227500,0.0,0.0,-6220000000.0,0.0,21383000000.0,0.0,109297000000.0,0.0,12122000000.0,0.0,75882000000.0,0.0
2022-08-02,73.93252309338098,74.19180478792462,73.0394555398408,73.31793975830078,6403400,0.0,0.0,-6220000000.0,0.0,21383000000.0,0.0,109297000000.0,0.0,12122000000.0,0.0,75882000000.0,0.0
2022-08-03,73.6732210320011,74.67192040770514,73.26990224366153,74.29740905761719,6127800,0.0,0.0,-6220000000.0,0.0,21383000000.0,0.0,109297000000.0,0.0,12122000000.0,0.0,75882000000.0,0.0
2022-08-04,74.3742505100313,74.75836690592985,74.04775633568461,74.32624053955078,3656200,0.0,0.0,-6220000000.0,0.0,21383000000.0,0.0,109297000000.0,0.0,12122000000.0,0.0,75882000000.0,0.0
2022-08-05,73.24109404312344,74.32622315724387,72.98181974921337,74.27820587158203,4858100,0.0,0.0,-6220000000.0,0.0,21383000000.0,0.0,109297000000.0,0.0,12122000000.0,0.0,75882000000.0,0.0
2022-08-08,73.86528515757456,74.3550336510794,73.24109705038754,73.43315887451172,4733500,0.0,0.0,-6220000000.0,0.0,21383000000.0,0.0,109297000000.0,0.0,12122000000.0,0.0,75882000000.0,0.0
2022-08-09,73.18348632671227,73.85569175974646,72.82817742669093,73.72124481201172,4243700,0.0,0.0,-6220000000.0,0.0,21383000000.0,0.0,109297000000.0,0.0,12122000000.0,0.0,75882000000.0,0.0
2022-08-10,74.50868043541253,74.88319918423286,74.13416901300214,74.4606704711914,5258500,0.0,0.0,-6220000000.0,0.0,21383000000.0,0.0,109297000000.0,0.0,12122000000.0,0.0,75882000000.0,0.0
2022-08-11,74.85439231140697,74.902409607104,74.0189470469998,74.09577178955078,5554600,0.0,0.0,-6220000000.0,0.0,21383000000.0,0.0,109297000000.0,0.0,12122000000.0,0.0,75882000000.0,0.0
2022-08-12,74.90239744199853,76.2660034319633,74.57590332879971,76.00672912597656,6692300,0.0,0.0,-6220000000.0,0.0,21383000000.0,0.0,109297000000.0,0.0,12122000000.0,0.0,75882000000.0,0.0
2022-08-15,75.70903349770064,76.26600178912284,75.38253939153482,75.96831512451172,3733500,0.0,0.0,-6220000000.0,0.0,21383000000.0,0.0,109297000000.0,0.0,12122000000.0,0.0,75882000000.0,0.0
2022-08-16,75.76666426224389,76.49648461180973,75.71864696995806,76.3620376586914,6185100,0.0,0.0,-6220000000.0,0.0,21383000000.0,0.0,109297000000.0,0.0,12122000000.0,0.0,75882000000.0,0.0
2022-08-17,75.86268851584065,76.60210643345064,75.81467122545654,76.1027603149414,5185100,0.0,0.0,-6220000000.0,0.0,21383000000.0,0.0,109297000000.0,0.0,12122000000.0,0.0,75882000000.0,0.0
2022-08-18,76.13156291617967,76.70773373209157,75.87228861326261,76.16997528076172,4120500,0.0,0.0,-6220000000.0,0.0,21383000000.0,0.0,109297000000.0,0.0,12122000000.0,0.0,75882000000.0,0.0
2022-08-19,75.89151074945428,75.98753802252666,75.32494470983927,75.53620910644531,4679000,0.0,0.0,-6220000000.0,0.0,21383000000.0,0.0,109297000000.0,0.0,12122000000.0,0.0,75882000000.0,0.0
2022-08-22,74.83518450362212,74.83518450362212,73.14507691892051,73.4235610961914,5757700,0.0,0.0,-6220000000.0,0.0,21383000000.0,0.0,109297000000.0,0.0,12122000000.0,0.0,75882000000.0,0.0
2022-08-23,73.22189984595434,73.95172017778094,73.22189984595434,73.37554931640625,4432300,0.0,0.0,-6220000000.0,0.0,21383000000.0,0.0,109297000000.0,0.0,12122000000.0,0.0,75882000000.0,0.0
2022-08-24,73.43316202234266,73.51958435209608,73.02984316400716,73.14507293701172,3876400,0.0,0.0,-6220000000.0,0.0,21383000000.0,0.0,109297000000.0,0.0,12122000000.0,0.0,75882000000.0,0.0
2022-08-25,73.30831831815657,73.8556890330117,72.96262168066274,73.83647918701172,3523400,0.0,0.0,-6220000000.0,0.0,21383000000.0,0.0,109297000000.0,0.0,12122000000.0,0.0,75882000000.0,0.0
2022-08-26,73.92291883781758,74.19179810690098,71.60862295130137,71.6854476928711,4904100,0.0,0.0,-6220000000.0,0.0,21383000000.0,0.0,109297000000.0,0.0,12122000000.0,0.0,75882000000.0,0.0
2022-08-29,71.16688864061419,71.88710407767904,71.12847627146817,71.24371337890625,4295500,0.0,0.0,-6220000000.0,0.0,21383000000.0,0.0,109297000000.0,0.0,12122000000.0,0.0,75882000000.0,0.0
2022-08-30,71.46457321934658,71.70464502456589,70.54269836647363,71.19569396972656,5099100,0.0,0.0,-6220000000.0,0.0,21383000000.0,0.0,109297000000.0,0.0,12122000000.0,0.0,75882000000.0,0.0
2022-08-31,71.50297841219545,72.16557887256157,71.0996595782375,71.20529174804688,8612900,0.0,0.0,-6220000000.0,0.0,21383000000.0,0.0,109297000000.0,0.0,12122000000.0,0.0,75882000000.0,0.0
2022-09-01,71.17648461339282,72.37684352421117,70.60991139775368,72.30962371826172,8139800,0.0,0.0,-6220000000.0,0.0,21383000000.0,0.0,109297000000.0,0.0,12122000000.0,0.0,75882000000.0,0.0
2022-09-02,72.73216622395196,73.72126108187673,71.52220936499758,71.71426391601562,11027700,0.0,0.0,-6220000000.0,0.0,21383000000.0,0.0,109297000000.0,0.0,12122000000.0,0.0,75882000000.0,0.0
2022-09-06,71.73344776296392,72.20399374533932,70.62912339253126,70.89800262451172,7090100,0.0,0.0,-6220000000.0,0.0,21383000000.0,0.0,109297000000.0,0.0,12122000000.0,0.0,75882000000.0,0.0
2022-09-07,70.75396139717495,71.70464367657655,70.50428467304576,71.53179168701172,5792600,0.0,0.0,-6220000000.0,0.0,21383000000.0,0.0,109297000000.0,0.0,12122000000.0,0.0,75882000000.0,0.0
2022-09-08,71.09006693532167,71.82949225171166,70.68674803169657,71.6854476928711,6897100,0.0,0.0,-6220000000.0,0.0,21383000000.0,0.0,109297000000.0,0.0,12122000000.0,0.0,75882000000.0,0.0
2022-09-09,71.68543714178031,72.99142825059954,71.4837777196492,72.89540100097656,7762400,0.0,0.0,-6220000000.0,0.0,21383000000.0,0.0,109297000000.0,0.0,12122000000.0,0.0,75882000000.0,0.0
2022-09-12,73.58679495390845,74.30701025070555,73.24109102533313,74.01892852783203,15628900,0.0,0.0,-6220000000.0,0.0,21383000000.0,0.0,109297000000.0,0.0,12122000000.0,0.0,75882000000.0,0.0
2022-09-13,73.03943567299008,76.25640337159354,72.77055645282951,73.02023315429688,29476500,0.0,0.0,-6220000000.0,0.0,21383000000.0,0.0,109297000000.0,0.0,12122000000.0,0.0,75882000000.0,0.0
2022-09-14,72.78016490797171,72.856989639292,68.91980641283786,69.25591278076172,21601400,0.0,0.0,-6220000000.0,0.0,21383000000.0,0.0,109297000000.0,0.0,12122000000.0,0.0,75882000000.0,0.0
2022-09-15,68.66054081155949,69.2271067924883,66.98003806442343,67.45057678222656,12478100,0.0,0.0,-6220000000.0,0.0,21383000000.0,0.0,109297000000.0,0.0,12122000000.0,0.0,75882000000.0,0.0
2022-09-16,66.81678059768159,67.02804493956297,65.53959695006012,66.09656524658203,23412000,0.0,0.0,-6220000000.0,0.0,21383000000.0,0.0,109297000000.0,0.0,12122000000.0,0.0,75882000000.0,0.0
2022-09-19,65.49158152800484,66.3846488818599,65.21310469822208,66.32703399658203,8364000,0.0,0.0,-6220000000.0,0.0,21383000000.0,0.0,109297000000.0,0.0,12122000000.0,0.0,75882000000.0,0.0
2022-09-20,65.55880113231483,65.74125803700653,64.77136595485904,65.40515899658203,8624300,0.0,0.0,-6220000000.0,0.0,21383000000.0,0.0,109297000000.0,0.0,12122000000.0,0.0,75882000000.0,0.0
2022-09-21,65.9813287934264,66.14457584958879,64.08956194728131,64.09916687011719,6768200,0.0,0.0,-6220000000.0,0.0,21383000000.0,0.0,109297000000.0,0.0,12122000000.0,0.0,75882000000.0,0.0
2022-09-22,64.1952035300707,64.2816331954449,63.22531132092994,63.40776824951172,7190700,0.0,0.0,-6220000000.0,0.0,21383000000.0,0.0,109297000000.0,0.0,12122000000.0,0.0,75882000000.0,0.0
2022-09-23,62.75476325093892,62.84119290343328,61.333538720668756,61.98653793334961,9282500,0.0,0.0,-6220000000.0,0.0,21383000000.0,0.0,109297000000.0,0.0,12122000000.0,0.0,75882000000.0,0.0
2022-09-26,61.7752752913678,62.34184120395414,60.87260300876891,60.93022155761719,6897800,0.0,0.0,-6220000000.0,0.0,21383000000.0,0.0,109297000000.0,0.0,12122000000.0,0.0,75882000000.0,0.0
2022-09-27,61.612032850123015,61.84249973638443,59.576221263318175,59.94112777709961,9284800,0.0,0.0,-6220000000.0,0.0,21383000000.0,0.0,109297000000.0,0.0,12122000000.0,0.0,75882000000.0,0.0
2022-09-28,60.13318147336424,60.83419066687316,59.77787624667174,60.565311431884766,8549900,0.0,0.0,-6220000000.0,0.0,21383000000.0,0.0,109297000000.0,0.0,12122000000.0,0.0,75882000000.0,0.0
2022-09-29,59.8162906121292,60.113977299901784,58.36625488764453,58.96163558959961,8882100,0.0,0.0,-6220000000.0,0.0,21383000000.0,0.0,109297000000.0,0.0,12122000000.0,0.0,75882000000.0,0.0
2022-09-30,58.82719048740023,59.67224422363146,58.635135983751866,58.644737243652344,9794400,0.0,0.0,-6220000000.0,0.0,21383000000.0,0.0,109297000000.0,0.0,12122000000.0,0.0,75882000000.0,0.0
2022-10-03,58.56791649459589,60.72856264128007,58.39506450980477,60.57491683959961,9661400,0.0,0.0,-6220000000.0,0.0,21383000000.0,0.0,109297000000.0,0.0,12122000000.0,0.0,75882000000.0,0.0
2022-10-04,61.266315021378794,63.21570028634939,61.266315021378794,63.081260681152344,9892600,0.0,0.0,-6220000000.0,0.0,21383000000.0,0.0,109297000000.0,0.0,12122000000.0,0.0,75882000000.0,0.0
2022-10-05,62.74515788211299,64.52169494293076,62.399461253821286,63.993534088134766,9201600,0.0,0.0,-6220000000.0,0.0,21383000000.0,0.0,109297000000.0,0.0,12122000000.0,0.0,75882000000.0,0.0
2022-10-06,63.69586285230735,64.15679668597276,62.62994328814071,62.70676803588867,6992000,0.0,0.0,-6220000000.0,0.0,21383000000.0,0.0,109297000000.0,0.0,12122000000.0,0.0,75882000000.0,0.0
2022-10-07,61.92891480363616,62.0537568191183,60.24841599364648,60.776573181152344,7137900,0.0,0.0,-6220000000.0,0.0,21383000000.0,0.0,109297000000.0,0.0,12122000000.0,0.0,75882000000.0,0.0
2022-10-10,61.083866450455375,61.36235060427724,59.55700972910711,60.085166931152344,6407200,0.0,0.0,-6220000000.0,0.0,21383000000.0,0.0,109297000000.0,0.0,12122000000.0,0.0,75882000000.0,0.0
2022-10-11,59.69907462596496,60.90560405399202,59.50603286310911,60.239601135253906,7376900,0.32,0.0,-6220000000.0,0.0,21383000000.0,0.0,109297000000.0,0.0,12122000000.0,0.0,75882000000.0,0.0
2022-10-12,60.442295370175934,62.044566254927446,60.00794405279605,61.561954498291016,9008600,0.0,0.0,-6220000000.0,0.0,21383000000.0,0.0,109297000000.0,0.0,12122000000.0,0.0,75882000000.0,0.0
2022-10-13,60.307169560498345,63.424841319479384,60.10447348995371,62.93257522583008,10147100,0.0,0.0,-6220000000.0,0.0,21383000000.0,0.0,109297000000.0,0.0,12122000000.0,0.0,75882000000.0,0.0
2022-10-14,63.43449322261128,64.29354159756775,61.97700359239707,62.073524475097656,8044500,0.0,0.0,-6220000000.0,0.0,21383000000.0,0.0,109297000000.0,0.0,12122000000.0,0.0,75882000000.0,0.0
2022-10-17,63.58893091502733,65.22016122730902,63.57928398073443,64.68928527832031,11368300,0.0,0.0,-6220000000.0,0.0,21383000000.0,0.0,109297000000.0,0.0,12122000000.0,0.0,75882000000.0,0.0
2022-10-18,65.63519678898435,66.19502817603208,64.02327534110245,64.69892883300781,6688600,0.0,0.0,-6220000000.0,0.0,21383000000.0,0.0,109297000000.0,0.0,12122000000.0,0.0,75882000000.0,0.0
2022-10-19,64.17771502136671,64.85337595896017,63.49240714991698,63.994327545166016,5506000,0.0,0.0,-6220000000.0,0.0,21383000000.0,0.0,109297000000.0,0.0,12122000000.0,0.0,75882000000.0,0.0
2022-10-20,65.18154259144735,67.48842619615523,64.85337013209958,66.84172821044922,17600500,0.0,0.0,-6220000000.0,0.0,21383000000.0,0.0,109297000000.0,0.0,12122000000.0,0.0,75882000000.0,0.0
2022-10-21,68.5598238273579,70.25861924435718,67.86486173112769,70.17174530029297,15652600,0.0,0.0,-6220000000.0,0.0,21383000000.0,0.0,109297000000.0,0.0,12122000000.0,0.0,75882000000.0,0.0
2022-10-24,70.39375616544069,71.12732815007189,69.28374757276475,70.38410186767578,11489400,0.0,0.0,-6220000000.0,0.0,21383000000.0,0.0,109297000000.0,0.0,12122000000.0,0.0,75882000000.0,0.0
2022-10-25,70.89566775367838,71.5327188399853,70.08488349554744,70.59645080566406,9137700,0.0,0.0,-6220000000.0,0.0,21383000000.0,0.0,109297000000.0,0.0,12122000000.0,0.0,75882000000.0,0.0
2022-10-26,70.08489686882216,73.08674331154742,70.02698580049716,72.2180404663086,10693600,0.0,0.0,-6220000000.0,0.0,21383000000.0,0.0,109297000000.0,0.0,12122000000.0,0.0,75882000000.0,0.0
2022-10-27,72.15046153013672,73.24116150822225,71.95741976264117,72.53655242919922,7053000,0.0,0.0,-6220000000.0,0.0,21383000000.0,0.0,109297000000.0,0.0,12122000000.0,0.0,75882000000.0,0.0
2022-10-28,72.68133487458515,74.978564228711,72.68133487458515,74.66969299316406,8758100,0.0,0.0,-6220000000.0,0.0,21383000000.0,0.0,109297000000.0,0.0,12122000000.0,0.0,75882000000.0,0.0
2022-10-31,73.83960265581501,75.60596354554694,73.74308177221647,75.3550033569336,12349000,0.0,0.0,-6220000000.0,0.0,21383000000.0,0.0,109297000000.0,0.0,12122000000.0,0.0,75882000000.0,0.0
2022-11-01,75.86657156861992,76.47466713424784,73.68516422584477,74.42839050292969,7753000,0.0,0.0,-6220000000.0,0.0,21383000000.0,0.0,109297000000.0,0.0,12122000000.0,0.0,75882000000.0,0.0
2022-11-02,73.98438979435672,74.73726301781177,72.40142369271494,72.50759887695312,7524300,0.0,0.0,-6220000000.0,0.0,21383000000.0,0.0,109297000000.0,0.0,12122000000.0,0.0,75882000000.0,0.0
2022-11-03,72.12152120828523,73.0577894426013,71.47482305033991,72.42073822021484,6761200,0.0,0.0,-6220000000.0,0.0,21383000000.0,0.0,109297000000.0,0.0,12122000000.0,0.0,75882000000.0,0.0
2022-11-04,73.29909119196849,74.00370037925313,71.65820645985245,73.35700225830078,7219000,0.0,0.0,-6220000000.0,0.0,21383000000.0,0.0,109297000000.0,0.0,12122000000.0,0.0,75882000000.0,0.0
2022-11-07,73.46315518179955,74.4090700107624,72.86471400954836,74.07124328613281,5394300,0.0,0.0,-6220000000.0,0.0,21383000000.0,0.0,109297000000.0,0.0,12122000000.0,0.0,75882000000.0,0.0
2022-11-08,74.27393891463294,74.4573337201731,72.41105742721368,73.0094985961914,9104200,0.0,0.0,-6220000000.0,0.0,21383000000.0,0.0,109297000000.0,0.0,12122000000.0,0.0,75882000000.0,0.0
2022-11-09,72.75854744741265,73.87821028323121,72.39176515502614,73.02881622314453,6013700,0.0,0.0,-6220000000.0,0.0,21383000000.0,0.0,109297000000.0,0.0,12122000000.0,0.0,75882000000.0,0.0
2022-11-10,74.99787257887361,75.7410988926363,74.042303253822,74.4863052368164,10437300,0.0,0.0,-6220000000.0,0.0,21383000000.0,0.0,109297000000.0,0.0,12122000000.0,0.0,75882000000.0,0.0
2022-11-11,74.4476967547069,75.18126878356507,73.90717387242822,75.03648376464844,7712900,0.0,0.0,-6220000000.0,0.0,21383000000.0,0.0,109297000000.0,0.0,12122000000.0,0.0,75882000000.0,0.0
2022-11-14,74.78552330006843,76.7738814407694,74.6407382959044,75.79900360107422,7153000,0.0,0.0,-6220000000.0,0.0,21383000000.0,0.0,109297000000.0,0.0,12122000000.0,0.0,75882000000.0,0.0
2022-11-15,76.18509334899065,77.87423452275536,75.29708947073141,76.42639923095703,7618500,0.0,0.0,-6220000000.0,0.0,21383000000.0,0.0,109297000000.0,0.0,12122000000.0,0.0,75882000000.0,0.0
2022-11-16,76.36849069395456,77.4398894343392,76.11753050649446,77.11170959472656,6011900,0.0,0.0,-6220000000.0,0.0,21383000000.0,0.0,109297000000.0,0.0,12122000000.0,0.0,75882000000.0,0.0
2022-11-17,76.41674607110554,76.81249125817472,75.47083112359836,76.4457015991211,5717300,0.0,0.0,-6220000000.0,0.0,21383000000.0,0.0,109297000000.0,0.0,12122000000.0,0.0,75882000000.0,0.0
2022-11-18,77.21789015911493,77.66189214384121,76.10788151526327,76.95728302001953,6107000,0.0,0.0,-6220000000.0,0.0,21383000000.0,0.0,109297000000.0,0.0,12122000000.0,0.0,75882000000.0,0.0
2022-11-21,76.80283018310017,77.31439743708667,76.15613223425197,77.04413604736328,5235400,0.0,0.0,-6220000000.0,0.0,21383000000.0,0.0,109297000000.0,0.0,12122000000.0,0.0,75882000000.0,0.0
2022-11-22,77.11171583320117,79.3510343782903,77.05380477143733,79.26416778564453,8796200,0.0,0.0,-6220000000.0,0.0,21383000000.0,0.0,109297000000.0,0.0,12122000000.0,0.0,75882000000.0,0.0
2022-11-23,79.26416465594062,80.03633911723338,78.93598480273567,79.68885803222656,6347900,0.0,0.0,-6220000000.0,0.0,21383000000.0,0.0,109297000000.0,0.0,12122000000.0,0.0,75882000000.0,0.0
2022-11-25,79.9687686451942,80.58651112034762,79.66955170493678,79.84329223632812,2754900,0.0,0.0,-6220000000.0,0.0,21383000000.0,0.0,109297000000.0,0.0,12122000000.0,0.0,75882000000.0,0.0
2022-11-28,79.25450189068783,79.28345741733293,78.25066857058933,78.55953979492188,5112200,0.0,0.0,-6220000000.0,0.0,21383000000.0,0.0,109297000000.0,0.0,12122000000.0,0.0,75882000000.0,0.0
2022-11-29,78.50163299235214,78.66571922827328,77.71979691024502,78.03832244873047,4928200,0.0,0.0,-6220000000.0,0.0,21383000000.0,0.0,109297000000.0,0.0,12122000000.0,0.0,75882000000.0,0.0
2022-11-30,77.67153955108337,80.28729446446671,77.21788330839514,80.14250946044922,9610300,0.0,0.0,-6220000000.0,0.0,21383000000.0,0.0,109297000000.0,0.0,12122000000.0,0.0,75882000000.0,0.0
2022-12-01,80.16180966261564,81.5903362303815,79.48614883596277,81.18494415283203,6127200,0.0,0.0,-6220000000.0,0.0,21383000000.0,0.0,109297000000.0,0.0,12122000000.0,0.0,75882000000.0,0.0
2022-12-02,80.30658525406452,80.71198468541981,79.70815144923522,80.45137023925781,4798900,0.0,0.0,-6220000000.0,0.0,21383000000.0,0.0,109297000000.0,0.0,12122000000.0,0.0,75882000000.0,0.0
2022-12-05,79.54407886280244,79.55372579648312,76.64840811915307,76.66770935058594,9102900,0.0,0.0,-6220000000.0,0.0,21383000000.0,0.0,109297000000.0,0.0,12122000000.0,0.0,75882000000.0,0.0
2022-12-06,76.59048005788348,77.04413626221452,75.34534091112506,76.16578674316406,7656100,0.0,0.0,-6220000000.0,0.0,21383000000.0,0.0,109297000000.0,0.0,12122000000.0,0.0,75882000000.0,0.0
2022-12-07,75.93413091726731,76.67735713555626,75.8472643370904,76.0403060913086,5105500,0.0,0.0,-6220000000.0,0.0,21383000000.0,0.0,109297000000.0,0.0,12122000000.0,0.0,75882000000.0,0.0
2022-12-08,76.37813371090334,77.42057686929424,75.79900107759873,77.28544616699219,5918700,0.0,0.0,-6220000000.0,0.0,21383000000.0,0.0,109297000000.0,0.0,12122000000.0,0.0,75882000000.0,0.0
2022-12-09,76.88005997343672,77.56536783470033,76.77388479002262,77.08275604248047,6850800,0.0,0.0,-6220000000.0,0.0,21383000000.0,0.0,109297000000.0,0.0,12122000000.0,0.0,75882000000.0,0.0
2022-12-12,77.51710865513141,78.57886055700784,77.15998061911115,78.45337677001953,15807600,0.0,0.0,-6220000000.0,0.0,21383000000.0,0.0,109297000000.0,0.0,12122000000.0,0.0,75882000000.0,0.0
2022-12-13,81.98609149616925,82.60383398509141,76.9283147425209,77.75840759277344,22812200,0.0,0.0,-6220000000.0,0.0,21383000000.0,0.0,109297000000.0,0.0,12122000000.0,0.0,75882000000.0,0.0
2022-12-14,77.99969361930452,80.00735987906675,77.76804208596872,78.97457122802734,11183100,0.0,0.0,-6220000000.0,0.0,21383000000.0,0.0,109297000000.0,0.0,12122000000.0,0.0,75882000000.0,0.0
2022-12-15,77.98040827258612,78.21205985309376,76.69665923664571,77.28544616699219,8196800,0.0,0.0,-6220000000.0,0.0,21383000000.0,0.0,109297000000.0,0.0,12122000000.0,0.0,75882000000.0,0.0
2022-12-16,77.17928233672492,77.66189416276552,76.71597910760629,76.8125,19200700,0.0,0.0,-6220000000.0,0.0,21383000000.0,0.0,109297000000.0,0.0,12122000000.0,0.0,75882000000.0,0.0
2022-12-19,77.140669027945,78.27963318059695,76.90901742383305,77.70050048828125,7738800,0.0,0.0,-6220000000.0,0.0,21383000000.0,0.0,109297000000.0,0.0,12122000000.0,0.0,75882000000.0,0.0
2022-12-20,77.70050522350525,78.65607459226405,77.5557202005849,78.12520599365234,6390200,0.0,0.0,-6220000000.0,0.0,21383000000.0,0.0,109297000000.0,0.0,12122000000.0,0.0,75882000000.0,0.0
2022-12-21,78.52093307559302,79.28346055170002,78.12519525568018,78.66571807861328,5932400,0.0,0.0,-6220000000.0,0.0,21383000000.0,0.0,109297000000.0,0.0,12122000000.0,0.0,75882000000.0,0.0
2022-12-22,78.12520436389927,78.34720167888354,76.66771459463061,77.69084930419922,8181400,0.0,0.0,-6220000000.0,0.0,21383000000.0,0.0,109297000000.0,0.0,12122000000.0,0.0,75882000000.0,0.0
2022-12-23,77.71014997688819,78.08658657179963,77.20822960762544,78.03832244873047,4129100,0.0,0.0,-6220000000.0,0.0,21383000000.0,0.0,109297000000.0,0.0,12122000000.0,0.0,75882000000.0,0.0
2022-12-27,78.06726723833111,78.63675288311182,77.80666015619094,78.1637954711914,4290700,0.0,0.0,-6220000000.0,0.0,21383000000.0,0.0,109297000000.0,0.0,12122000000.0,0.0,75882000000.0,0.0
2022-12-28,78.26996434542951,78.80084017716075,77.40126915033525,77.5363998413086,3794000,0.0,0.0,-6220000000.0,0.0,21383000000.0,0.0,109297000000.0,0.0,12122000000.0,0.0,75882000000.0,0.0
2022-12-29,78.15415977555269,78.95529716891194,77.89354526731678,78.56920623779297,3867800,0.0,0.0,-6220000000.0,0.0,21383000000.0,0.0,109297000000.0,0.0,12122000000.0,0.0,75882000000.0,0.0
2022-12-30,78.30858244156005,79.0807642122113,77.95145444799252,78.89736938476562,5375700,0.0,0.0,-6220000000.0,0.0,21383000000.0,0.0,109297000000.0,0.0,12122000000.0,0.0,75882000000.0,0.0
2023-01-03,79.60200303948852,80.9243548506713,79.39930693771757,80.80853271484375,8997500,0.0,0.0,-6220000000.0,0.0,21383000000.0,0.0,109297000000.0,0.0,12122000000.0,0.0,75882000000.0,0.0
2023-01-04,81.27183018521424,82.20809832471184,80.73130728574024,81.54209899902344,7836200,0.0,0.0,-6220000000.0,0.0,21383000000.0,0.0,109297000000.0,0.0,12122000000.0,0.0,75882000000.0,0.0
2023-01-05,82.04400498430866,82.43009589234325,80.32590817582988,81.37799835205078,7643800,0.0,0.0,-6220000000.0,0.0,21383000000.0,0.0,109297000000.0,0.0,12122000000.0,0.0,75882000000.0,0.0
2023-01-06,81.79304189534113,83.337398108763,80.90503799313247,82.6810531616211,8641600,0.0,0.0,-6220000000.0,0.0,21383000000.0,0.0,109297000000.0,0.0,12122000000.0,0.0,75882000000.0,0.0
2023-01-09,84.1343139778286,84.86094615360449,83.47550790114248,83.72740173339844,7519700,0.32,0.0,-6220000000.0,0.0,21383000000.0,0.0,109297000000.0,0.0,12122000000.0,0.0,75882000000.0,0.0
2023-01-10,82.97171084150251,83.91148969920546,82.9038921296933,83.80491638183594,5703300,0.0,0.0,-6220000000.0,0.0,21383000000.0,0.0,109297000000.0,0.0,12122000000.0,0.0,75882000000.0,0.0
2023-01-11,84.64781246157551,85.89762077266762,84.3765302225249,85.83948516845703,8359700,0.0,0.0,-6220000000.0,0.0,21383000000.0,0.0,109297000000.0,0.0,12122000000.0,0.0,75882000000.0,0.0
2023-01-12,85.93635341185144,86.42077481189949,85.42286791046993,86.01386260986328,6071100,0.0,0.0,-6220000000.0,0.0,21383000000.0,0.0,109297000000.0,0.0,12122000000.0,0.0,75882000000.0,0.0
2023-01-13,85.20973789023314,86.68238337224096,84.92877992822382,86.42079162597656,5090800,0.0,0.0,-6220000000.0,0.0,21383000000.0,0.0,109297000000.0,0.0,12122000000.0,0.0,75882000000.0,0.0
2023-01-17,86.4111063611357,86.65331710223839,85.67478363851166,85.83948516845703,6550400,0.0,0.0,-6220000000.0,0.0,21383000000.0,0.0,109297000000.0,0.0,12122000000.0,0.0,75882000000.0,0.0
2023-01-18,85.83948198938695,85.86854609457325,83.90179613232772,84.00836944580078,6397700,0.0,0.0,-6220000000.0,0.0,21383000000.0,0.0,109297000000.0,0.0,12122000000.0,0.0,75882000000.0,0.0
2023-01-19,83.7080341279545,84.27964793252977,82.6035537329402,83.26236724853516,5597000,0.0,0.0,-6220000000.0,0.0,21383000000.0,0.0,109297000000.0,0.0,12122000000.0,0.0,75882000000.0,0.0
2023-01-20,83.34954291706728,84.65747918759307,82.83605742796102,84.53153228759766,5567300,0.0,0.0,-6220000000.0,0.0,21383000000.0,0.0,109297000000.0,0.0,12122000000.0,0.0,75882000000.0,0.0
2023-01-23,84.47340564893692,86.3529556446148,84.2602590513989,86.19794464111328,7390200,0.0,0.0,-6220000000.0,0.0,21383000000.0,0.0,109297000000.0,0.0,12122000000.0,0.0,75882000000.0,0.0
2023-01-24,86.2754476559791,87.29272808266778,85.25815983760701,86.90518951416016,7004600,0.0,0.0,-6220000000.0,0.0,21383000000.0,0.0,109297000000.0,0.0,12122000000.0,0.0,75882000000.0,0.0
2023-01-25,85.93635418104037,87.06021538721949,85.00626597162525,86.8470687866211,5896800,0.0,0.0,-6220000000.0,0.0,21383000000.0,0.0,109297000000.0,0.0,12122000000.0,0.0,75882000000.0,0.0
2023-01-26,87.08927902074586,87.67058322454555,86.31420182122362,87.0311508178711,7302800,0.0,0.0,-6220000000.0,0.0,21383000000.0,0.0,109297000000.0,0.0,12122000000.0,0.0,75882000000.0,0.0
2023-01-27,86.71143522726192,86.92458183730568,86.18825920034111,86.21732330322266,5676800,0.0,0.0,-6220000000.0,0.0,21383000000.0,0.0,109297000000.0,0.0,12122000000.0,0.0,75882000000.0,0.0
2023-01-30,85.71353230409274,85.8588602170201,84.27964156379277,84.62842559814453,6255300,0.0,0.0,-6220000000.0,0.0,21383000000.0,0.0,109297000000.0,0.0,12122000000.0,0.0,75882000000.0,0.0
2023-01-31,84.95784394440149,85.72323079157547,84.62843348495497,85.70384979248047,6200400,0.0,0.0,-6220000000.0,0.0,21383000000.0,0.0,109297000000.0,0.0,12122000000.0,0.0,75882000000.0,0.0
2023-02-01,85.61664457273852,87.82560506890518,85.46162617007491,87.24430084228516,6141300,0.0,0.0,-6220000000.0,0.0,21383000000.0,0.0,109297000000.0,0.0,12122000000.0,0.0,75882000000.0,0.0
2023-02-02,87.83530183148024,88.37785149612945,86.17857394951174,86.59517669677734,8269200,0.0,0.0,-6220000000.0,0.0,21383000000.0,0.0,109297000000.0,0.0,12122000000.0,0.0,75882000000.0,0.0
2023-02-03,85.71353454398815,87.44776426242201,85.51976152445971,86.82770538330078,5671800,0.0,0.0,-6220000000.0,0.0,21383000000.0,0.0,109297000000.0,0.0,12122000000.0,0.0,75882000000.0,0.0
2023-02-06,86.72112913541669,86.81801194605947,85.64571293640705,85.77165985107422,4097200,0.0,0.0,-6220000000.0,0.0,21383000000.0,0.0,109297000000.0,0.0,12122000000.0,0.0,75882000000.0,0.0
2023-02-07,85.13223330680874,85.27755383703489,83.61115015973222,85.00627899169922,9226000,0.0,0.0,-6220000000.0,0.0,21383000000.0,0.0,109297000000.0,0.0,12122000000.0,0.0,75882000000.0,0.0
2023-02-08,84.22151100286972,85.18066337470422,83.81459877138654,83.9889907836914,7624400,0.0,0.0,-6220000000.0,0.0,21383000000.0,0.0,109297000000.0,0.0,12122000000.0,0.0,75882000000.0,0.0
2023-02-09,84.42497205334612,85.16129474741494,83.64021164794636,83.95024108886719,4960300,0.0,0.0,-6220000000.0,0.0,21383000000.0,0.0,109297000000.0,0.0,12122000000.0,0.0,75882000000.0,0.0
2023-02-10,83.83397017812068,84.65748511786624,83.64988767226916,84.42496490478516,5318400,0.0,0.0,-6220000000.0,0.0,21383000000.0,0.0,109297000000.0,0.0,12122000000.0,0.0,75882000000.0,0.0
2023-02-13,84.5606107183329,86.66299812656011,84.48310150903885,86.6339340209961,5560900,0.0,0.0,-6220000000.0,0.0,21383000000.0,0.0,109297000000.0,0.0,12122000000.0,0.0,75882000000.0,0.0
2023-02-14,86.22702429451434,86.62425346005979,84.97721597672646,86.31421661376953,7484800,0.0,0.0,-6220000000.0,0.0,21383000000.0,0.0,109297000000.0,0.0,12122000000.0,0.0,75882000000.0,0.0
2023-02-15,86.0816897660818,86.43047379971247,85.28723888763074,85.58757781982422,4329900,0.0,0.0,-6220000000.0,0.0,21383000000.0,0.0,109297000000.0,0.0,12122000000.0,0.0,75882000000.0,0.0
2023-02-16,84.73500671282088,85.5197671665515,84.29903032556729,84.98690795898438,5942500,0.0,0.0,-6220000000.0,0.0,21383000000.0,0.0,109297000000.0,0.0,12122000000.0,0.0,75882000000.0,0.0
2023-02-17,84.4830987034362,84.70593582483514,83.81460212260897,84.56060791015625,6398400,0.0,0.0,-6220000000.0,0.0,21383000000.0,0.0,109297000000.0,0.0,12122000000.0,0.0,75882000000.0,0.0
2023-02-21,84.0568087377981,84.23120074854458,83.4658140009175,83.51425170898438,5260300,0.0,0.0,-6220000000.0,0.0,21383000000.0,0.0,109297000000.0,0.0,12122000000.0,0.0,75882000000.0,0.0
2023-02-22,83.97930773719962,84.46372921528875,83.30112062454889,83.63052368164062,5840100,0.0,0.0,-6220000000.0,0.0,21383000000.0,0.0,109297000000.0,0.0,12122000000.0,0.0,75882000000.0,0.0
2023-02-23,84.43466085318138,86.6920666012923,84.34746114784453,85.82010650634766,8637100,0.0,0.0,-6220000000.0,0.0,21383000000.0,0.0,109297000000.0,0.0,12122000000.0,0.0,75882000000.0,0.0
2023-02-24,84.58966220721715,86.1204355998748,84.42496070579654,85.8976058959961,7659200,0.0,0.0,-6220000000.0,0.0,21383000000.0,0.0,109297000000.0,0.0,12122000000.0,0.0,75882000000.0,0.0
2023-02-27,86.09138148313608,86.19795479445845,84.63811711966879,85.21942138671875,6748800,0.0,0.0,-6220000000.0,0.0,21383000000.0,0.0,109297000000.0,0.0,12122000000.0,0.0,75882000000.0,0.0
2023-02-28,84.96752069292107,85.26786702293124,84.46372562943813,84.67687225341797,7468000,0.0,0.0,-6220000000.0,0.0,21383000000.0,0.0,109297000000.0,0.0,12122000000.0,0.0,75882000000.0,0.0
2023-03-01,84.19244410058656,84.49278301502777,83.31079356999759,83.64988708496094,5119800,0.0,0.0,-6220000000.0,0.0,21383000000.0,0.0,109297000000.0,0.0,12122000000.0,0.0,75882000000.0,0.0
2023-03-02,83.37861856788747,84.56060810215519,83.1945434411154,84.26026916503906,5293600,0.0,0.0,-6220000000.0,0.0,21383000000.0,0.0,109297000000.0,0.0,12122000000.0,0.0,75882000000.0,0.0
2023-03-03,84.59935605527144,86.50797762286247,84.36683584454649,86.46922302246094,5498500,0.0,0.0,-6220000000.0,0.0,21383000000.0,0.0,109297000000.0,0.0,12122000000.0,0.0,75882000000.0,0.0
2023-03-06,86.6242495493141,87.84498631388685,86.37234831891826,86.94396209716797,7424800,0.0,0.0,-6220000000.0,0.0,21383000000.0,0.0,109297000000.0,0.0,12122000000.0,0.0,75882000000.0,0.0
2023-03-07,86.78895369932134,87.27337517691296,85.30662516056056,85.60696411132812,5382400,0.0,0.0,-6220000000.0,0.0,21383000000.0,0.0,109297000000.0,0.0,12122000000.0,0.0,75882000000.0,0.0
2023-03-08,85.6457102175503,86.31420676394312,85.40349950279008,85.73290252685547,5159200,0.0,0.0,-6220000000.0,0.0,21383000000.0,0.0,109297000000.0,0.0,12122000000.0,0.0,75882000000.0,0.0
2023-03-09,85.57789319894978,86.84707500395692,83.83397306164761,84.16338348388672,10572300,0.0,0.0,-6220000000.0,0.0,21383000000.0,0.0,109297000000.0,0.0,12122000000.0,0.0,75882000000.0,0.0
2023-03-10,81.78004064953605,82.59386521626797,80.29770466009928,81.45063018798828,16029300,0.0,0.0,-6220000000.0,0.0,21383000000.0,0.0,109297000000.0,0.0,12122000000.0,0.0,75882000000.0,0.0
2023-03-13,80.72399854191217,82.86514068696765,79.48388068339004,82.2838363647461,10299800,0.0,0.0,-6220000000.0,0.0,21383000000.0,0.0,109297000000.0,0.0,12122000000.0,0.0,75882000000.0,0.0
2023-03-14,83.2526792029894,83.2526792029894,80.83057170539479,81.92536163330078,8732200,0.0,0.0,-6220000000.0,0.0,21383000000.0,0.0,109297000000.0,0.0,12122000000.0,0.0,75882000000.0,0.0
2023-03-15,80.49146746448606,80.77243278396581,79.56137919570025,80.39458465576172,11463000,0.0,0.0,-6220000000.0,0.0,21383000000.0,0.0,109297000000.0,0.0,12122000000.0,0.0,75882000000.0,0.0
2023-03-16,80.3364507518137,82.45821904855103,79.52262627134083,82.17725372314453,10148100,0.0,0.0,-6220000000.0,0.0,21383000000.0,0.0,109297000000.0,0.0,12122000000.0,0.0,75882000000.0,0.0
2023-03-17,82.35164492372797,83.30111419989571,81.97379679129504,82.60354614257812,13065800,0.0,0.0,-6220000000.0,0.0,21383000000.0,0.0,109297000000.0,0.0,12122000000.0,0.0,75882000000.0,0.0
2023-03-20,82.62291594303156,84.78343872152544,82.59385184059583,84.25057220458984,9177300,0.0,0.0,-6220000000.0,0.0,21383000000.0,0.0,109297000000.0,0.0,12122000000.0,0.0,75882000000.0,0.0
2023-03-21,84.7640728684383,85.11285694334521,83.95993878788374,84.85127258300781,6683700,0.0,0.0,-6220000000.0,0.0,21383000000.0,0.0,109297000000.0,0.0,12122000000.0,0.0,75882000000.0,0.0
2023-03-22,84.8125165899711,86.38204490140977,84.71563376889881,85.16130065917969,7233700,0.0,0.0,-6220000000.0,0.0,21383000000.0,0.0,109297000000.0,0.0,12122000000.0,0.0,75882000000.0,0.0
2023-03-23,85.88792467159234,86.84707707412957,84.90939127168726,85.04502868652344,10747100,0.0,0.0,-6220000000.0,0.0,21383000000.0,0.0,109297000000.0,0.0,12122000000.0,0.0,75882000000.0,0.0
2023-03-24,85.23881156365701,85.72323307031373,84.78345416473,85.26787567138672,5852100,0.0,0.0,-6220000000.0,0.0,21383000000.0,0.0,109297000000.0,0.0,12122000000.0,0.0,75882000000.0,0.0
2023-03-27,85.85886675807792,87.68028888270081,85.79104804576976,87.33150482177734,8170100,0.0,0.0,-6220000000.0,0.0,21383000000.0,0.0,109297000000.0,0.0,12122000000.0,0.0,75882000000.0,0.0
2023-03-28,87.40901165994705,88.04844415981995,86.69206995048802,87.050537109375,6378900,0.0,0.0,-6220000000.0,0.0,21383000000.0,0.0,109297000000.0,0.0,12122000000.0,0.0,75882000000.0,0.0
2023-03-29,87.3217934130804,87.83528627381168,87.01176403223927,87.7965316772461,5233600,0.0,0.0,-6220000000.0,0.0,21383000000.0,0.0,109297000000.0,0.0,12122000000.0,0.0,75882000000.0,0.0
2023-03-30,88.0193672999157,88.33908719936646,86.91488709425309,87.6899642944336,5640700,0.0,0.0,-6220000000.0,0.0,21383000000.0,0.0,109297000000.0,0.0,12122000000.0,0.0,75882000000.0,0.0
2023-03-31,87.73840964660586,90.10238866067668,87.5930891266299,90.0248794555664,10476300,0.0,0.0,-6220000000.0,0.0,21383000000.0,0.0,109297000000.0,0.0,12122000000.0,0.0,75882000000.0,0.0
2023-04-03,89.50170209441671,91.07123021227295,89.22073677378097,90.99372100830078,8410900,0.0,0.0,-6220000000.0,0.0,21383000000.0,0.0,109297000000.0,0.0,12122000000.0,0.0,75882000000.0,0.0
2023-04-04,90.92590773852352,91.09060926304727,90.0345740146109,91.07123565673828,6651500,0.0,0.0,-6220000000.0,0.0,21383000000.0,0.0,109297000000.0,0.0,12122000000.0,0.0,75882000000.0,0.0
2023-04-05,90.70307496650518,92.14664881795281,90.56743755182875,91.93350219726562,7478800,0.0,0.0,-6220000000.0,0.0,21383000000.0,0.0,109297000000.0,0.0,12122000000.0,0.0,75882000000.0,0.0
2023-04-06,91.3909625408446,93.08643780154607,91.06155207508897,92.9314193725586,9146200,0.0,0.0,-6220000000.0,0.0,21383000000.0,0.0,109297000000.0,0.0,12122000000.0,0.0,75882000000.0,0.0
2023-04-10,92.11416712041579,92.53251439381167,91.01479285434638,91.21910095214844,8681500,0.4,0.0,-6220000000.0,0.0,21383000000.0,0.0,109297000000.0,0.0,12122000000.0,0.0,75882000000.0,0.0
2023-04-11,90.9272426367607,91.57908392362839,90.674286531917,91.42342376708984,8196000,0.0,0.0,-6220000000.0,0.0,21383000000.0,0.0,109297000000.0,0.0,12122000000.0,0.0,75882000000.0,0.0
2023-04-12,91.8222963609486,92.73682470664309,91.06343557309047,91.35530853271484,8040300,0.0,0.0,-6220000000.0,0.0,21383000000.0,0.0,109297000000.0,0.0,12122000000.0,0.0,75882000000.0,0.0
2023-04-13,91.6277260794674,93.15517884561794,91.39423214816695,92.96060180664062,6240200,0.0,0.0,-6220000000.0,0.0,21383000000.0,0.0,109297000000.0,0.0,12122000000.0,0.0,75882000000.0,0.0
2023-04-14,92.91195622030018,93.3886751738771,92.11417846379582,93.11626434326172,6485100,0.0,0.0,-6220000000.0,0.0,21383000000.0,0.0,109297000000.0,0.0,12122000000.0,0.0,75882000000.0,0.0
2023-04-17,93.04815205665942,93.3886655598741,92.72709328678373,92.99950408935547,4772400,0.0,0.0,-6220000000.0,0.0,21383000000.0,0.0,109297000000.0,0.0,12122000000.0,0.0,75882000000.0,0.0
2023-04-18,93.39839532015303,94.11833920574068,93.17462506540463,93.85565948486328,7219400,0.0,0.0,-6220000000.0,0.0,21383000000.0,0.0,109297000000.0,0.0,12122000000.0,0.0,75882000000.0,0.0
2023-04-19,92.9995075650133,93.85566431667884,92.9995075650133,93.21354675292969,4766200,0.0,0.0,-6220000000.0,0.0,21383000000.0,0.0,109297000000.0,0.0,12122000000.0,0.0,75882000000.0,0.0
2023-04-20,93.39840016837285,93.54433665316351,92.03633868138982,92.2601089477539,5815500,0.0,0.0,-6220000000.0,0.0,21383000000.0,0.0,109297000000.0,0.0,12122000000.0,0.0,75882000000.0,0.0
2023-04-21,92.43523623660084,92.72710179930537,91.70556119588201,92.57144165039062,7335800,0.0,0.0,-6220000000.0,0.0,21383000000.0,0.0,109297000000.0,0.0,12122000000.0,0.0,75882000000.0,0.0
2023-04-24,92.75627310244292,93.47622437428868,92.39630488915724,92.85356903076172,4901700,0.0,0.0,-6220000000.0,0.0,21383000000.0,0.0,109297000000.0,0.0,12122000000.0,0.0,75882000000.0,0.0
2023-04-25,92.56171256138732,93.10653422825894,91.47206180500557,91.51097869873047,5768800,0.0,0.0,-6220000000.0,0.0,21383000000.0,0.0,109297000000.0,0.0,12122000000.0,0.0,75882000000.0,0.0
2023-04-26,91.20938045505581,92.24065214149003,90.81048786833261,91.17046356201172,6395500,0.0,0.0,-6220000000.0,0.0,21383000000.0,0.0,109297000000.0,0.0,12122000000.0,0.0,75882000000.0,0.0
2023-04-27,91.75419624091666,92.51305705012001,90.7618415110287,92.46441650390625,5615700,0.0,0.0,-6220000000.0,0.0,21383000000.0,0.0,109297000000.0,0.0,12122000000.0,0.0,75882000000.0,0.0
2023-04-28,91.71527437327676,92.81465605950612,91.68608856260474,92.15308380126953,8498500,0.0,0.0,-6220000000.0,0.0,21383000000.0,0.0,109297000000.0,0.0,12122000000.0,0.0,75882000000.0,0.0
2023-05-01,92.23093140932562,93.13572878903129,92.13363546231149,92.29903411865234,5459800,0.0,0.0,-6220000000.0,0.0,21383000000.0,0.0,109297000000.0,0.0,12122000000.0,0.0,75882000000.0,0.0
2023-05-02,92.35739320652633,92.65898981792489,91.30665947162873,92.23091888427734,5995100,0.0,0.0,-6220000000.0,0.0,21383000000.0,0.0,109297000000.0,0.0,12122000000.0,0.0,75882000000.0,0.0
2023-05-03,92.49359817573445,92.83411167453947,91.97796238859577,92.21145629882812,6744800,0.0,0.0,-6220000000.0,0.0,21383000000.0,0.0,109297000000.0,0.0,12122000000.0,0.0,75882000000.0,0.0
2023-05-04,92.40604760690546,92.54225301654495,91.85149488976236,92.39631652832031,5038200,0.0,0.0,-6220000000.0,0.0,21383000000.0,0.0,109297000000.0,0.0,12122000000.0,0.0,75882000000.0,0.0
2023-05-05,92.42550305852407,94.67289975765028,92.26011183448409,94.34211730957031,8068600,0.0,0.0,-6220000000.0,0.0,21383000000.0,0.0,109297000000.0,0.0,12122000000.0,0.0,75882000000.0,0.0
2023-05-08,94.44914173135939,94.64371877868206,93.82648627276058,94.16699981689453,5314800,0.0,0.0,-6220000000.0,0.0,21383000000.0,0.0,109297000000.0,0.0,12122000000.0,0.0,75882000000.0,0.0
2023-05-09,93.59298619345857,94.2642896344216,93.49569766846186,93.53461456298828,6333500,0.0,0.0,-6220000000.0,0.0,21383000000.0,0.0,109297000000.0,0.0,12122000000.0,0.0,75882000000.0,0.0
2023-05-10,94.16699205049174,95.03287245814987,93.65135623723891,94.87720489501953,5935300,0.0,0.0,-6220000000.0,0.0,21383000000.0,0.0,109297000000.0,0.0,12122000000.0,0.0,75882000000.0,0.0
2023-05-11,94.89665831869605,94.98421574792077,93.72917397057222,94.79936981201172,5144500,0.0,0.0,-6220000000.0,0.0,21383000000.0,0.0,109297000000.0,0.0,12122000000.0,0.0,75882000000.0,0.0
2023-05-12,94.96475592883182,95.26635251018935,94.30318372712341,95.19824981689453,4994700,0.0,0.0,-6220000000.0,0.0,21383000000.0,0.0,109297000000.0,0.0,12122000000.0,0.0,75882000000.0,0.0
2023-05-15,95.21772956681603,95.30528700753116,94.41995183109026,94.62425994873047,4443700,0.0,0.0,-6220000000.0,0.0,21383000000.0,0.0,109297000000.0,0.0,12122000000.0,0.0,75882000000.0,0.0
2023-05-16,94.53669144795099,96.17116374882238,94.29346644736081,95.5874252319336,6896500,0.0,0.0,-6220000000.0,0.0,21383000000.0,0.0,109297000000.0,0.0,12122000000.0,0.0,75882000000.0,0.0
2023-05-17,96.10306184194582,97.67916253098049,95.76254832282542,97.06623077392578,9436000,0.0,0.0,-6220000000.0,0.0,21383000000.0,0.0,109297000000.0,0.0,12122000000.0,0.0,75882000000.0,0.0
2023-05-18,97.0662141652314,99.68331712070875,97.02730470339361,99.56656646728516,10005700,0.0,0.0,-6220000000.0,0.0,21383000000.0,0.0,109297000000.0,0.0,12122000000.0,0.0,75882000000.0,0.0
2023-05-19,99.61523748870924,100.27680983265174,99.15797326857626,100.05303955078125,8560300,0.0,0.0,-6220000000.0,0.0,21383000000.0,0.0,109297000000.0,0.0,12122000000.0,0.0,75882000000.0,0.0
2023-05-22,99.70279709980248,100.30599036040879,98.97312208638151,99.01203155517578,5890500,0.0,0.0,-6220000000.0,0.0,21383000000.0,0.0,109297000000.0,0.0,12122000000.0,0.0,75882000000.0,0.0
2023-05-23,98.33100370864271,98.6812483060354,95.80146516730284,95.86956787109375,10047300,0.0,0.0,-6220000000.0,0.0,21383000000.0,0.0,109297000000.0,0.0,12122000000.0,0.0,75882000000.0,0.0
2023-05-24,95.29554954476134,96.20034681806143,94.6534394212852,95.65552520751953,6815900,0.0,0.0,-6220000000.0,0.0,21383000000.0,0.0,109297000000.0,0.0,12122000000.0,0.0,75882000000.0,0.0
2023-05-25,96.51166558587904,101.82370548785953,96.09331833858423,101.46372985839844,16729600,0.0,0.0,-6220000000.0,0.0,21383000000.0,0.0,109297000000.0,0.0,12122000000.0,0.0,75882000000.0,0.0
2023-05-26,101.52210200650694,103.35115854964582,101.21077433870586,101.2594223022461,13994100,0.0,0.0,-6220000000.0,0.0,21383000000.0,0.0,109297000000.0,0.0,12122000000.0,0.0,75882000000.0,0.0
2023-05-30,102.0572281463264,103.10796209930166,101.36646992427019,102.30045318603516,10296700,0.0,0.0,-6220000000.0,0.0,21383000000.0,0.0,109297000000.0,0.0,12122000000.0,0.0,75882000000.0,0.0
2023-05-31,101.63886654098246,103.60412132052555,101.32753883067946,103.06903076171875,13713500,0.0,0.0,1073000000.0,117.2508038585209,9765000000.0,-54.332881260814666,134384000000.0,22.953054521167097,-2086000000.0,-117.2083814552054,90481000000.0,19.239081732163097
2023-06-01,102.0377561156006,103.72087649352574,101.94046759365636,103.11767578125,7835900,0.0,0.0,1073000000.0,117.2508038585209,9765000000.0,-54.332881260814666,134384000000.0,22.953054521167097,-2086000000.0,-117.2083814552054,90481000000.0,19.239081732163097
2023-06-02,103.6333101017846,103.87653511438258,102.8841803289437,103.0203857421875,8652400,0.0,0.0,1073000000.0,117.2508038585209,9765000000.0,-54.332881260814666,134384000000.0,22.953054521167097,-2086000000.0,-117.2083814552054,90481000000.0,19.239081732163097
2023-06-05,103.02038672157317,104.68404493284265,102.67014210629135,104.0322036743164,7442000,0.0,0.0,1073000000.0,117.2508038585209,9765000000.0,-54.332881260814666,134384000000.0,22.953054521167097,-2086000000.0,-117.2083814552054,90481000000.0,19.239081732163097
2023-06-06,103.91544417550375,104.57701645681624,103.2733340504098,104.19758605957031,7023000,0.0,0.0,1073000000.0,117.2508038585209,9765000000.0,-54.332881260814666,134384000000.0,22.953054521167097,-2086000000.0,-117.2083814552054,90481000000.0,19.239081732163097
2023-06-07,104.23650065936688,105.43317087083246,101.998827792213,102.39772033691406,9842500,0.0,0.0,1073000000.0,117.2508038585209,9765000000.0,-54.332881260814666,134384000000.0,22.953054521167097,-2086000000.0,-117.2083814552054,90481000000.0,19.239081732163097
2023-06-08,102.80634478075027,104.86889552436618,102.49501706686846,104.56729888916016,9526700,0.0,0.0,1073000000.0,117.2508038585209,9765000000.0,-54.332881260814666,134384000000.0,22.953054521167097,-2086000000.0,-117.2083814552054,90481000000.0,19.239081732163097
2023-06-09,104.78131819623319,107.16492744884023,104.49918375194294,106.87305450439453,12597100,0.0,0.0,1073000000.0,117.2508038585209,9765000000.0,-54.332881260814666,134384000000.0,22.953054521167097,-2086000000.0,-117.2083814552054,90481000000.0,19.239081732163097
2023-06-12,111.24139234438891,114.32549126026628,111.24139234438891,113.2747573852539,39081500,0.0,0.0,1073000000.0,117.2508038585209,9765000000.0,-54.332881260814666,134384000000.0,22.953054521167097,-2086000000.0,-117.2083814552054,90481000000.0,19.239081732163097
2023-06-13,119.9780304051956,120.62987163844302,112.87585727618789,113.51797485351562,39190900,0.0,0.0,1073000000.0,117.2508038585209,9765000000.0,-54.332881260814666,134384000000.0,22.953054521167097,-2086000000.0,-117.2083814552054,90481000000.0,19.239081732163097
2023-06-14,113.34284482639742,119.18997563784023,112.60343878180943,118.95647430419922,26264200,0.0,0.0,1073000000.0,117.2508038585209,9765000000.0,-54.332881260814666,134384000000.0,22.953054521167097,-2086000000.0,-117.2083814552054,90481000000.0,19.239081732163097
2023-06-15,118.64515269410165,124.0836675842715,118.36301822444608,123.12049865722656,27476700,0.0,0.0,1073000000.0,117.2508038585209,9765000000.0,-54.332881260814666,134384000000.0,22.953054521167097,-2086000000.0,-117.2083814552054,90481000000.0,19.239081732163097
2023-06-16,123.69450030568039,123.94745637358844,121.75843146385228,122.06002807617188,19514700,0.0,0.0,1073000000.0,117.2508038585209,9765000000.0,-54.332881260814666,134384000000.0,22.953054521167097,-2086000000.0,-117.2083814552054,90481000000.0,19.239081732163097
2023-06-20,121.07741239164632,121.85573542730329,118.65489326268784,118.73272705078125,16273000,0.0,0.0,1073000000.0,117.2508038585209,9765000000.0,-54.332881260814666,134384000000.0,22.953054521167097,-2086000000.0,-117.2083814552054,90481000000.0,19.239081732163097
2023-06-21,118.6451478102148,120.01694032428031,117.09824042811131,118.79108428955078,17583000,0.0,0.0,1073000000.0,117.2508038585209,9765000000.0,-54.332881260814666,134384000000.0,22.953054521167097,-2086000000.0,-117.2083814552054,90481000000.0,19.239081732163097
2023-06-22,118.31435682237189,119.26779456277583,116.81609009338568,117.31227111816406,12203400,0.0,0.0,1073000000.0,117.2508038585209,9765000000.0,-54.332881260814666,134384000000.0,22.953054521167097,-2086000000.0,-117.2083814552054,90481000000.0,19.239081732163097
2023-06-23,116.34911014572299,116.65071420013808,114.93840808193724,115.42485809326172,19734300,0.0,0.0,1073000000.0,117.2508038585209,9765000000.0,-54.332881260814666,134384000000.0,22.953054521167097,-2086000000.0,-117.2083814552054,90481000000.0,19.239081732163097
2023-06-26,114.79246533569258,116.19344366717196,113.53742348418191,113.6152572631836,8987000,0.0,0.0,1073000000.0,117.2508038585209,9765000000.0,-54.332881260814666,134384000000.0,22.953054521167097,-2086000000.0,-117.2083814552054,90481000000.0,19.239081732163097
2023-06-27,113.41095798913254,115.24973848102631,113.10936135031939,114.64653778076172,6970400,0.0,0.0,1073000000.0,117.2508038585209,9765000000.0,-54.332881260814666,134384000000.0,22.953054521167097,-2086000000.0,-117.2083814552054,90481000000.0,19.239081732163097
2023-06-28,113.61527244922831,115.40541249235208,113.23584200417683,113.3720474243164,9240500,0.0,0.0,1073000000.0,117.2508038585209,9765000000.0,-54.332881260814666,134384000000.0,22.953054521167097,-2086000000.0,-117.2083814552054,90481000000.0,19.239081732163097
2023-06-29,112.51589087449996,114.60762744063972,111.52352867910425,114.58816528320312,9234300,0.0,0.0,1073000000.0,117.2508038585209,9765000000.0,-54.332881260814666,134384000000.0,22.953054521167097,-2086000000.0,-117.2083814552054,90481000000.0,19.239081732163097
2023-06-30,116.59233062832831,118.43111842862838,115.80428401579815,115.86265563964844,13703100,0.0,0.0,1073000000.0,117.2508038585209,9765000000.0,-54.332881260814666,134384000000.0,22.953054521167097,-2086000000.0,-117.2083814552054,90481000000.0,19.239081732163097
2023-07-03,114.81192956815711,115.04542348674723,113.66390728635214,113.97523498535156,4284700,0.0,0.0,1073000000.0,117.2508038585209,9765000000.0,-54.332881260814666,134384000000.0,22.953054521167097,-2086000000.0,-117.2083814552054,90481000000.0,19.239081732163097
2023-07-05,113.36230361400185,113.83902995359102,112.28239145349845,112.8174819946289,8466500,0.0,0.0,1073000000.0,117.2508038585209,9765000000.0,-54.332881260814666,134384000000.0,22.953054521167097,-2086000000.0,-117.2083814552054,90481000000.0,19.239081732163097
2023-07-06,111.5624434934372,112.67154892224194,111.53325768046413,112.32130432128906,7982800,0.0,0.0,1073000000.0,117.2508038585209,9765000000.0,-54.332881260814666,134384000000.0,22.953054521167097,-2086000000.0,-117.2083814552054,90481000000.0,19.239081732163097
2023-07-07,111.72783694903865,112.83694982265486,111.38732341981529,111.50407409667969,7001600,0.0,0.0,1073000000.0,117.2508038585209,9765000000.0,-54.332881260814666,134384000000.0,22.953054521167097,-2086000000.0,-117.2083814552054,90481000000.0,19.239081732163097
2023-07-10,111.18301543556028,111.91269046590143,110.57982216096674,111.28030395507812,6931000,0.0,0.0,1073000000.0,117.2508038585209,9765000000.0,-54.332881260814666,134384000000.0,22.953054521167097,-2086000000.0,-117.2083814552054,90481000000.0,19.239081732163097
2023-07-11,111.4950873177456,112.27614171786634,110.74332860279598,112.15898132324219,6117100,0.4,0.0,1073000000.0,117.2508038585209,9765000000.0,-54.332881260814666,134384000000.0,22.953054521167097,-2086000000.0,-117.2083814552054,90481000000.0,19.239081732163097
2023-07-12,112.93028698773392,115.2929660925578,112.9009987469722,113.2719955444336,11011600,0.0,0.0,1073000000.0,117.2508038585209,9765000000.0,-54.332881260814666,134384000000.0,22.953054521167097,-2086000000.0,-117.2083814552054,90481000000.0,19.239081732163097
2023-07-13,114.31663235199261,115.77134595257169,113.99445430938158,114.66810607910156,9359600,0.0,0.0,1073000000.0,117.2508038585209,9765000000.0,-54.332881260814666,134384000000.0,22.953054521167097,-2086000000.0,-117.2083814552054,90481000000.0,19.239081732163097
2023-07-14,115.38082071599122,117.12842415297374,114.89266358103588,116.44499969482422,7723800,0.0,0.0,1073000000.0,117.2508038585209,9765000000.0,-54.332881260814666,134384000000.0,22.953054521167097,-2086000000.0,-117.2083814552054,90481000000.0,19.239081732163097
2023-07-17,116.03495166158312,117.12842634588263,115.44916457840681,116.07400512695312,6735900,0.0,0.0,1073000000.0,117.2508038585209,9765000000.0,-54.332881260814666,134384000000.0,22.953054521167097,-2086000000.0,-117.2083814552054,90481000000.0,19.239081732163097
2023-07-18,115.96659881395894,118.41714952742765,115.01957285364267,117.90946197509766,8903600,0.0,0.0,1073000000.0,117.2508038585209,9765000000.0,-54.332881260814666,134384000000.0,22.953054521167097,-2086000000.0,-117.2083814552054,90481000000.0,19.239081732163097
2023-07-19,117.9582927990994,118.48550341213074,115.61513700185569,115.87874603271484,7609000,0.0,0.0,1073000000.0,117.2508038585209,9765000000.0,-54.332881260814666,134384000000.0,22.953054521167097,-2086000000.0,-117.2083814552054,90481000000.0,19.239081732163097
2023-07-20,114.70715858390311,116.23021387153508,112.50069375278645,113.13529205322266,12913000,0.0,0.0,1073000000.0,117.2508038585209,9765000000.0,-54.332881260814666,134384000000.0,22.953054521167097,-2086000000.0,-117.2083814552054,90481000000.0,19.239081732163097
2023-07-21,113.73084469933187,116.44499711782787,113.45747790159652,114.86337280273438,9159600,0.0,0.0,1073000000.0,117.2508038585209,9765000000.0,-54.332881260814666,134384000000.0,22.953054521167097,-2086000000.0,-117.2083814552054,90481000000.0,19.239081732163097
2023-07-24,115.14650407129326,115.73229112668592,113.96516473245688,115.27342224121094,6200400,0.0,0.0,1073000000.0,117.2508038585209,9765000000.0,-54.332881260814666,134384000000.0,22.953054521167097,-2086000000.0,-117.2083814552054,90481000000.0,19.239081732163097
2023-07-25,115.18557620648018,115.70302164676676,114.04328269730833,115.15628051757812,6266300,0.0,0.0,1073000000.0,117.2508038585209,9765000000.0,-54.332881260814666,134384000000.0,22.953054521167097,-2086000000.0,-117.2083814552054,90481000000.0,19.239081732163097
2023-07-26,114.63882684065695,114.83409417586883,112.27614794974718,112.7643051147461,8160000,0.0,0.0,1073000000.0,117.2508038585209,9765000000.0,-54.332881260814666,134384000000.0,22.953054521167097,-2086000000.0,-117.2083814552054,90481000000.0,19.239081732163097
2023-07-27,114.76575308757437,114.81456433512429,112.90098913188574,113.64299011230469,7843000,0.0,0.0,1073000000.0,117.2508038585209,9765000000.0,-54.332881260814666,134384000000.0,22.953054521167097,-2086000000.0,-117.2083814552054,90481000000.0,19.239081732163097
2023-07-28,113.91635795034085,114.52167552511891,112.91075536785961,113.2426986694336,6910400,0.0,0.0,1073000000.0,117.2508038585209,9765000000.0,-54.332881260814666,134384000000.0,22.953054521167097,-2086000000.0,-117.2083814552054,90481000000.0,19.239081732163097
2023-07-31,113.67226898096615,114.46308114375115,113.08648191784071,114.45332336425781,6703100,0.0,0.0,1073000000.0,117.2508038585209,9765000000.0,-54.332881260814666,134384000000.0,22.953054521167097,-2086000000.0,-117.2083814552054,90481000000.0,19.239081732163097
2023-08-01,114.15066910207676,115.24414382770723,113.72109586414355,115.11722564697266,5246000,0.0,0.0,1073000000.0,117.2508038585209,9765000000.0,-54.332881260814666,134384000000.0,22.953054521167097,-2086000000.0,-117.2083814552054,90481000000.0,19.239081732163097
2023-08-02,114.15066156611951,114.20924548686475,111.61224597819785,112.96932220458984,6387800,0.0,0.0,1073000000.0,117.2508038585209,9765000000.0,-54.332881260814666,134384000000.0,22.953054521167097,-2086000000.0,-117.2083814552054,90481000000.0,19.239081732163097
2023-08-03,112.51045906013681,113.41843166687954,111.55367520707968,111.83680725097656,5193800,0.0,0.0,1073000000.0,117.2508038585209,9765000000.0,-54.332881260814666,134384000000.0,22.953054521167097,-2086000000.0,-117.2083814552054,90481000000.0,19.239081732163097
2023-08-04,112.60809284406811,113.64299111365446,111.55367901371454,111.72941589355469,5579300,0.0,0.0,1073000000.0,117.2508038585209,9765000000.0,-54.332881260814666,134384000000.0,22.953054521167097,-2086000000.0,-117.2083814552054,90481000000.0,19.239081732163097
2023-08-07,112.73499951641152,113.6234415465797,112.3444723548128,113.3500747680664,7347000,0.0,0.0,1073000000.0,117.2508038585209,9765000000.0,-54.332881260814666,134384000000.0,22.953054521167097,-2086000000.0,-117.2083814552054,90481000000.0,19.239081732163097
2023-08-08,112.31519218387213,112.87169100827617,111.51461479703322,112.50069427490234,4694800,0.0,0.0,1073000000.0,117.2508038585209,9765000000.0,-54.332881260814666,134384000000.0,22.953054521167097,-2086000000.0,-117.2083814552054,90481000000.0,19.239081732163097
2023-08-09,112.6080844598845,112.96932342173984,109.66938386675625,110.421142578125,6542400,0.0,0.0,1073000000.0,117.2508038585209,9765000000.0,-54.332881260814666,134384000000.0,22.953054521167097,-2086000000.0,-117.2083814552054,90481000000.0,19.239081732163097
2023-08-10,111.08505578086151,112.36402531355989,109.81585147819486,110.31376647949219,6004100,0.0,0.0,1073000000.0,117.2508038585209,9765000000.0,-54.332881260814666,134384000000.0,22.953054521167097,-2086000000.0,-117.2083814552054,90481000000.0,19.239081732163097
2023-08-11,109.72796652604309,110.79215301492152,108.49780838939509,110.38209533691406,5288900,0.0,0.0,1073000000.0,117.2508038585209,9765000000.0,-54.332881260814666,134384000000.0,22.953054521167097,-2086000000.0,-117.2083814552054,90481000000.0,19.239081732163097
2023-08-14,110.49925852829632,113.066962589531,110.46997028956051,112.83264923095703,6494200,0.0,0.0,1073000000.0,117.2508038585209,9765000000.0,-54.332881260814666,134384000000.0,22.953054521167097,-2086000000.0,-117.2083814552054,90481000000.0,19.239081732163097
2023-08-15,112.71548723139858,115.26366824695906,112.11993488991129,114.51190948486328,10412200,0.0,0.0,1073000000.0,117.2508038585209,9765000000.0,-54.332881260814666,134384000000.0,22.953054521167097,-2086000000.0,-117.2083814552054,90481000000.0,19.239081732163097
2023-08-16,114.38498477506985,115.01958309897977,112.53974393057915,112.60808563232422,5722000,0.0,0.0,1073000000.0,117.2508038585209,9765000000.0,-54.332881260814666,134384000000.0,22.953054521167097,-2086000000.0,-117.2083814552054,90481000000.0,19.239081732163097
2023-08-17,112.9986121963316,114.01397993701386,111.65130117724446,112.15898132324219,6183900,0.0,0.0,1073000000.0,117.2508038585209,9765000000.0,-54.332881260814666,134384000000.0,22.953054521167097,-2086000000.0,-117.2083814552054,90481000000.0,19.239081732163097
2023-08-18,111.78798586537715,114.21900635445914,111.25101002803378,113.7015609741211,9412800,0.0,0.0,1073000000.0,117.2508038585209,9765000000.0,-54.332881260814666,134384000000.0,22.953054521167097,-2086000000.0,-117.2083814552054,90481000000.0,19.239081732163097
2023-08-21,114.13114608741397,114.57048455420903,112.46164948543071,113.82848358154297,5811200,0.0,0.0,1073000000.0,117.2508038585209,9765000000.0,-54.332881260814666,134384000000.0,22.953054521167097,-2086000000.0,-117.2083814552054,90481000000.0,19.239081732163097
2023-08-22,114.72668140314498,114.89265302609752,112.98884335414526,113.77965545654297,4960300,0.0,0.0,1073000000.0,117.2508038585209,9765000000.0,-54.332881260814666,134384000000.0,22.953054521167097,-2086000000.0,-117.2083814552054,90481000000.0,19.239081732163097
2023-08-23,114.3264034027091,117.59705482834059,109.45459711589648,115.04887390136719,16517300,0.0,0.0,1073000000.0,117.2508038585209,9765000000.0,-54.332881260814666,134384000000.0,22.953054521167097,-2086000000.0,-117.2083814552054,90481000000.0,19.239081732163097
2023-08-24,116.84528543093312,116.89410412110826,109.74748437248607,110.23564147949219,11995900,0.0,0.0,1073000000.0,117.2508038585209,9765000000.0,-54.332881260814666,134384000000.0,22.953054521167097,-2086000000.0,-117.2083814552054,90481000000.0,19.239081732163097
2023-08-25,110.23565107340686,113.39890731647559,110.06967198157784,113.31103515625,8758100,0.0,0.0,1073000000.0,117.2508038585209,9765000000.0,-54.332881260814666,134384000000.0,22.953054521167097,-2086000000.0,-117.2083814552054,90481000000.0,19.239081732163097
2023-08-28,113.61370169145607,114.92195932321263,112.95956542689053,114.07256317138672,4514800,0.0,0.0,1073000000.0,117.2508038585209,9765000000.0,-54.332881260814666,134384000000.0,22.953054521167097,-2086000000.0,-117.2083814552054,90481000000.0,19.239081732163097
2023-08-29,118.08521771680516,118.33906153357472,115.722538776214,117.79232788085938,11920500,0.0,0.0,1073000000.0,117.2508038585209,9765000000.0,-54.332881260814666,134384000000.0,22.953054521167097,-2086000000.0,-117.2083814552054,90481000000.0,19.239081732163097
2023-08-30,117.86066297750031,118.85650028176646,117.3041641268572,118.25119018554688,5601800,0.0,0.0,1073000000.0,117.2508038585209,9765000000.0,-54.332881260814666,134384000000.0,22.953054521167097,-2086000000.0,-117.2083814552054,90481000000.0,19.239081732163097
2023-08-31,118.13402734059673,119.09081860805021,117.27487345964691,117.5384750366211,9109800,0.0,0.0,1073000000.0,117.2508038585209,9765000000.0,-54.332881260814666,134384000000.0,22.953054521167097,-2086000000.0,-117.2083814552054,90481000000.0,19.239081732163097
2023-09-01,118.14379601892308,118.80769004362568,117.24558119819342,118.06568908691406,6189900,0.0,0.0,1073000000.0,117.2508038585209,9765000000.0,-54.332881260814666,134384000000.0,22.953054521167097,-2086000000.0,-117.2083814552054,90481000000.0,19.239081732163097
2023-09-05,119.53992449582053,121.33633922073277,118.3097664002125,121.04344940185547,11089600,0.0,0.0,1073000000.0,117.2508038585209,9765000000.0,-54.332881260814666,134384000000.0,22.953054521167097,-2086000000.0,-117.2083814552054,90481000000.0,19.239081732163097
2023-09-06,120.14523898399932,121.62924093584859,119.82306091632208,121.38516235351562,8728500,0.0,0.0,1073000000.0,117.2508038585209,9765000000.0,-54.332881260814666,134384000000.0,22.953054521167097,-2086000000.0,-117.2083814552054,90481000000.0,19.239081732163097
2023-09-07,120.89700084158869,122.97654760676102,119.68636575369487,122.12715148925781,11864400,0.0,0.0,1073000000.0,117.2508038585209,9765000000.0,-54.332881260814666,134384000000.0,22.953054521167097,-2086000000.0,-117.2083814552054,90481000000.0,19.239081732163097
2023-09-08,121.84401623911099,123.68924949786923,121.40467037593417,123.32801055908203,10595500,0.0,0.0,1073000000.0,117.2508038585209,9765000000.0,-54.332881260814666,134384000000.0,22.953054521167097,-2086000000.0,-117.2083814552054,90481000000.0,19.239081732163097
2023-09-11,124.01144106493693,124.40196828083515,121.76592260872465,123.70878601074219,22155600,0.0,0.0,1073000000.0,117.2508038585209,9765000000.0,-54.332881260814666,134384000000.0,22.953054521167097,-2086000000.0,-117.2083814552054,90481000000.0,19.239081732163097
2023-09-12,109.42530667599611,110.61641129358668,104.75852559292761,107.01380920410156,68605700,0.0,0.0,1073000000.0,117.2508038585209,9765000000.0,-54.332881260814666,134384000000.0,22.953054521167097,-2086000000.0,-117.2083814552054,90481000000.0,19.239081732163097
2023-09-13,105.7543488309072,110.26492290253113,105.63718845093621,109.19097137451172,27171000,0.0,0.0,1073000000.0,117.2508038585209,9765000000.0,-54.332881260814666,134384000000.0,22.953054521167097,-2086000000.0,-117.2083814552054,90481000000.0,19.239081732163097
2023-09-14,110.81167401368968,112.4128288837194,109.29838385605434,110.96788787841797,19849700,0.0,0.0,1073000000.0,117.2508038585209,9765000000.0,-54.332881260814666,134384000000.0,22.953054521167097,-2086000000.0,-117.2083814552054,90481000000.0,19.239081732163097
2023-09-15,111.4853266371904,112.47139866704389,109.83535317042825,111.21195983886719,23215000,0.0,0.0,1073000000.0,117.2508038585209,9765000000.0,-54.332881260814666,134384000000.0,22.953054521167097,-2086000000.0,-117.2083814552054,90481000000.0,19.239081732163097
2023-09-18,110.73356257694354,111.75869553863355,108.93714789776445,109.5522232055664,11744100,0.0,0.0,1073000000.0,117.2508038585209,9765000000.0,-54.332881260814666,134384000000.0,22.953054521167097,-2086000000.0,-117.2083814552054,90481000000.0,19.239081732163097
2023-09-19,109.81582867313814,111.045979248905,109.06406253926077,110.09895324707031,9536100,0.0,0.0,1073000000.0,117.2508038585209,9765000000.0,-54.332881260814666,134384000000.0,22.953054521167097,-2086000000.0,-117.2083814552054,90481000000.0,19.239081732163097
2023-09-20,110.13801031702644,111.98324368978805,109.79630181256813,110.19659423828125,8777100,0.0,0.0,1073000000.0,117.2508038585209,9765000000.0,-54.332881260814666,134384000000.0,22.953054521167097,-2086000000.0,-117.2083814552054,90481000000.0,19.239081732163097
2023-09-21,108.86880925423736,109.83535832183718,106.74044379058672,106.83807373046875,12645800,0.0,0.0,1073000000.0,117.2508038585209,9765000000.0,-54.332881260814666,134384000000.0,22.953054521167097,-2086000000.0,-117.2083814552054,90481000000.0,19.239081732163097
2023-09-22,107.38480875534341,107.98036107969547,105.93986774936802,106.44754791259766,11150000,0.0,0.0,1073000000.0,117.2508038585209,9765000000.0,-54.332881260814666,134384000000.0,22.953054521167097,-2086000000.0,-117.2083814552054,90481000000.0,19.239081732163097
2023-09-25,105.88127393738789,106.07654125015316,104.95377840998351,105.73483276367188,8410000,0.0,0.0,1073000000.0,117.2508038585209,9765000000.0,-54.332881260814666,134384000000.0,22.953054521167097,-2086000000.0,-117.2083814552054,90481000000.0,19.239081732163097
2023-09-26,104.60232375507721,104.85616758358128,101.83935222767542,102.3958511352539,13209000,0.0,0.0,1073000000.0,117.2508038585209,9765000000.0,-54.332881260814666,134384000000.0,22.953054521167097,-2086000000.0,-117.2083814552054,90481000000.0,19.239081732163097
2023-09-27,102.51298736293143,102.78635413744283,100.90206750034817,102.1419906616211,8916400,0.0,0.0,1073000000.0,117.2508038585209,9765000000.0,-54.332881260814666,134384000000.0,22.953054521167097,-2086000000.0,-117.2083814552054,90481000000.0,19.239081732163097
2023-09-28,101.56598354237752,104.07511119566341,100.823982529532,103.63577270507812,7373600,0.0,0.0,1073000000.0,117.2508038585209,9765000000.0,-54.332881260814666,134384000000.0,22.953054521167097,-2086000000.0,-117.2083814552054,90481000000.0,19.239081732163097
2023-09-29,104.57303322481067,104.82687704775546,102.88400607988723,103.41121673583984,7299100,0.0,0.0,1073000000.0,117.2508038585209,9765000000.0,-54.332881260814666,134384000000.0,22.953054521167097,-2086000000.0,-117.2083814552054,90481000000.0,19.239081732163097
2023-10-02,103.30381834731048,104.20203320472547,102.796138165891,104.18250274658203,5963500,0.0,0.0,1073000000.0,117.2508038585209,9765000000.0,-54.332881260814666,134384000000.0,22.953054521167097,-2086000000.0,-117.2083814552054,90481000000.0,19.239081732163097
2023-10-03,103.89936354477452,103.9774704745999,101.08758110924217,102.04436492919922,8783300,0.0,0.0,1073000000.0,117.2508038585209,9765000000.0,-54.332881260814666,134384000000.0,22.953054521167097,-2086000000.0,-117.2083814552054,90481000000.0,19.239081732163097
2023-10-04,102.47394279769296,104.75852201626716,102.0248391364848,104.54373168945312,8842700,0.0,0.0,1073000000.0,117.2508038585209,9765000000.0,-54.332881260814666,134384000000.0,22.953054521167097,-2086000000.0,-117.2083814552054,90481000000.0,19.239081732163097
2023-10-05,104.43634973464604,105.87153305561245,103.67482571503633,105.78366088867188,7651500,0.0,0.0,1073000000.0,117.2508038585209,9765000000.0,-54.332881260814666,134384000000.0,22.953054521167097,-2086000000.0,-117.2083814552054,90481000000.0,19.239081732163097
2023-10-06,105.37359778160716,107.91201335346082,105.03188928228415,107.35551452636719,8247000,0.0,0.0,1073000000.0,117.2508038585209,9765000000.0,-54.332881260814666,134384000000.0,22.953054521167097,-2086000000.0,-117.2083814552054,90481000000.0,19.239081732163097
2023-10-09,108.12681620842466,108.34160656108014,106.87713500972451,107.70700073242188,6012400,0.0,0.0,1073000000.0,117.2508038585209,9765000000.0,-54.332881260814666,134384000000.0,22.953054521167097,-2086000000.0,-117.2083814552054,90481000000.0,19.239081732163097
2023-10-10,107.599607387406,108.42947312422741,107.02358547610574,107.1114501953125,6910400,0.0,0.0,1073000000.0,117.2508038585209,9765000000.0,-54.332881260814666,134384000000.0,22.953054521167097,-2086000000.0,-117.2083814552054,90481000000.0,19.239081732163097
2023-10-11,107.30741658858508,107.84634989840214,106.64109319707343,107.43479919433594,5641700,0.4,0.0,1073000000.0,117.2508038585209,9765000000.0,-54.332881260814666,134384000000.0,22.953054521167097,-2086000000.0,-117.2083814552054,90481000000.0,19.239081732163097
2023-10-12,107.73855238646841,108.68904379376565,106.69007379279832,106.91545104980469,6598500,0.0,0.0,1073000000.0,117.2508038585209,9765000000.0,-54.332881260814666,134384000000.0,22.953054521167097,-2086000000.0,-117.2083814552054,90481000000.0,19.239081732163097
2023-10-13,106.99386534962898,107.30742889477422,105.62202203613931,106.07276916503906,5879400,0.0,0.0,1073000000.0,117.2508038585209,9765000000.0,-54.332881260814666,134384000000.0,22.953054521167097,-2086000000.0,-117.2083814552054,90481000000.0,19.239081732163097
2023-10-16,106.75866928582316,107.38579627156382,106.13154230008249,106.52349853515625,5488000,0.0,0.0,1073000000.0,117.2508038585209,9765000000.0,-54.332881260814666,134384000000.0,22.953054521167097,-2086000000.0,-117.2083814552054,90481000000.0,19.239081732163097
2023-10-17,105.41623641937692,107.58178561077064,104.74991301618316,106.84687042236328,5261800,0.0,0.0,1073000000.0,117.2508038585209,9765000000.0,-54.332881260814666,134384000000.0,22.953054521167097,-2086000000.0,-117.2083814552054,90481000000.0,19.239081732163097
2023-10-18,106.21975371218878,107.52300523380119,105.69061382801657,106.07276916503906,5123900,0.0,0.0,1073000000.0,117.2508038585209,9765000000.0,-54.332881260814666,134384000000.0,22.953054521167097,-2086000000.0,-117.2083814552054,90481000000.0,19.239081732163097
2023-10-19,106.44512547249258,108.00314973907336,106.01398026255049,106.16095733642578,7989200,0.0,0.0,1073000000.0,117.2508038585209,9765000000.0,-54.332881260814666,134384000000.0,22.953054521167097,-2086000000.0,-117.2083814552054,90481000000.0,19.239081732163097
2023-10-20,104.83810141825725,104.88709875554184,98.63542278155309,99.80148315429688,21831400,0.0,0.0,1073000000.0,117.2508038585209,9765000000.0,-54.332881260814666,134384000000.0,22.953054521167097,-2086000000.0,-117.2083814552054,90481000000.0,19.239081732163097
2023-10-23,99.98765387287136,102.58435548944142,99.95825846387457,101.5750732421875,10722600,0.0,0.0,1073000000.0,117.2508038585209,9765000000.0,-54.332881260814666,134384000000.0,22.953054521167097,-2086000000.0,-117.2083814552054,90481000000.0,19.239081732163097
2023-10-24,101.85924381388924,102.358988243567,100.43841074975808,101.12432861328125,6174000,0.0,0.0,1073000000.0,117.2508038585209,9765000000.0,-54.332881260814666,134384000000.0,22.953054521167097,-2086000000.0,-117.2083814552054,90481000000.0,19.239081732163097
2023-10-25,100.63437610079427,101.58486753763106,98.97837241458102,99.38992309570312,7081700,0.0,0.0,1073000000.0,117.2508038585209,9765000000.0,-54.332881260814666,134384000000.0,22.953054521167097,-2086000000.0,-117.2083814552054,90481000000.0,19.239081732163097
2023-10-26,99.64471619844386,100.33063414094327,97.8613220720005,98.38066101074219,7565600,0.0,0.0,1073000000.0,117.2508038585209,9765000000.0,-54.332881260814666,134384000000.0,22.953054521167097,-2086000000.0,-117.2083814552054,90481000000.0,19.239081732163097
2023-10-27,98.96857934385393,100.0366525027751,98.56682211648024,98.95877838134766,5207900,0.0,0.0,1073000000.0,117.2508038585209,9765000000.0,-54.332881260814666,134384000000.0,22.953054521167097,-2086000000.0,-117.2083814552054,90481000000.0,19.239081732163097
2023-10-30,99.10575488347367,100.35021536287881,98.79219139218023,99.60549926757812,5433700,0.0,0.0,1073000000.0,117.2508038585209,9765000000.0,-54.332881260814666,134384000000.0,22.953054521167097,-2086000000.0,-117.2083814552054,90481000000.0,19.239081732163097
2023-10-31,99.95827023253698,101.43789414983071,99.06656951628514,101.3203125,6258400,0.0,0.0,1073000000.0,117.2508038585209,9765000000.0,-54.332881260814666,134384000000.0,22.953054521167097,-2086000000.0,-117.2083814552054,90481000000.0,19.239081732163097
2023-11-01,101.71227027761175,104.06399302026058,101.71227027761175,103.623046875,8602400,0.0,0.0,1073000000.0,117.2508038585209,9765000000.0,-54.332881260814666,134384000000.0,22.953054521167097,-2086000000.0,-117.2083814552054,90481000000.0,19.239081732163097
2023-11-02,104.30895422340518,105.06347129912672,103.44665646995266,104.72051239013672,5918300,0.0,0.0,1073000000.0,117.2508038585209,9765000000.0,-54.332881260814666,134384000000.0,22.953054521167097,-2086000000.0,-117.2083814552054,90481000000.0,19.239081732163097
2023-11-03,105.01448756663414,106.8762743542149,104.4755542044032,105.87679290771484,7280000,0.0,0.0,1073000000.0,117.2508038585209,9765000000.0,-54.332881260814666,134384000000.0,22.953054521167097,-2086000000.0,-117.2083814552054,90481000000.0,19.239081732163097
2023-11-06,105.88656690303192,107.01343823617754,105.27904186195434,106.91545104980469,6062800,0.0,0.0,1073000000.0,117.2508038585209,9765000000.0,-54.332881260814666,134384000000.0,22.953054521167097,-2086000000.0,-117.2083814552054,90481000000.0,19.239081732163097
2023-11-07,107.777753681685,108.15990895916394,106.39611709601732,106.79786682128906,7412600,0.0,0.0,1073000000.0,117.2508038585209,9765000000.0,-54.332881260814666,134384000000.0,22.953054521167097,-2086000000.0,-117.2083814552054,90481000000.0,19.239081732163097
2023-11-08,107.0330535848719,110.29607140845395,106.99385721021747,110.0707015991211,10994900,0.0,0.0,1073000000.0,117.2508038585209,9765000000.0,-54.332881260814666,134384000000.0,22.953054521167097,-2086000000.0,-117.2083814552054,90481000000.0,19.239081732163097
2023-11-09,110.13929000008248,111.03098319924163,109.36517844532806,109.92371368408203,6853900,0.0,0.0,1073000000.0,117.2508038585209,9765000000.0,-54.332881260814666,134384000000.0,22.953054521167097,-2086000000.0,-117.2083814552054,90481000000.0,19.239081732163097
2023-11-10,109.83552203648149,110.9036026741836,108.90463244639973,110.79581451416016,5233900,0.0,0.0,1073000000.0,117.2508038585209,9765000000.0,-54.332881260814666,134384000000.0,22.953054521167097,-2086000000.0,-117.2083814552054,90481000000.0,19.239081732163097
2023-11-13,110.79582332901296,112.18726108154344,110.51165520051964,111.8541030883789,5740500,0.0,0.0,1073000000.0,117.2508038585209,9765000000.0,-54.332881260814666,134384000000.0,22.953054521167097,-2086000000.0,-117.2083814552054,90481000000.0,19.239081732163097
2023-11-14,112.54980445691945,114.11762192546183,112.14804725901053,113.76486206054688,6733700,0.0,0.0,1073000000.0,117.2508038585209,9765000000.0,-54.332881260814666,134384000000.0,22.953054521167097,-2086000000.0,-117.2083814552054,90481000000.0,19.239081732163097
2023-11-15,113.81385943848151,113.97063744742597,111.63850942929476,111.7658920288086,7386200,0.0,0.0,1073000000.0,117.2508038585209,9765000000.0,-54.332881260814666,134384000000.0,22.953054521167097,-2086000000.0,-117.2083814552054,90481000000.0,19.239081732163097
2023-11-16,111.47193898545599,113.5395010009236,111.18777087931726,112.36363220214844,7476100,0.0,0.0,1073000000.0,117.2508038585209,9765000000.0,-54.332881260814666,134384000000.0,22.953054521167097,-2086000000.0,-117.2083814552054,90481000000.0,19.239081732163097
2023-11-17,112.30484157784427,113.31412391898633,111.86389544998701,113.03975677490234,4791300,0.0,0.0,1073000000.0,117.2508038585209,9765000000.0,-54.332881260814666,134384000000.0,22.953054521167097,-2086000000.0,-117.2083814552054,90481000000.0,19.239081732163097
2023-11-20,113.32392155933518,114.79375191036172,113.18673799131487,114.56837463378906,5728300,0.0,0.0,1073000000.0,117.2508038585209,9765000000.0,-54.332881260814666,134384000000.0,22.953054521167097,-2086000000.0,-117.2083814552054,90481000000.0,19.239081732163097
2023-11-21,114.85256235922886,115.30330951345849,113.35333634113039,113.74529266357422,5995300,0.0,0.0,1073000000.0,117.2508038585209,9765000000.0,-54.332881260814666,134384000000.0,22.953054521167097,-2086000000.0,-117.2083814552054,90481000000.0,19.239081732163097
2023-11-22,114.35279326087519,114.93093039419472,113.18673298428543,113.90204620361328,4343700,0.0,0.0,1073000000.0,117.2508038585209,9765000000.0,-54.332881260814666,134384000000.0,22.953054521167097,-2086000000.0,-117.2083814552054,90481000000.0,19.239081732163097
2023-11-24,114.14702837902962,114.24501557855476,113.02015689463023,113.91185760498047,2168200,0.0,0.0,1073000000.0,117.2508038585209,9765000000.0,-54.332881260814666,134384000000.0,22.953054521167097,-2086000000.0,-117.2083814552054,90481000000.0,19.239081732163097
2023-11-27,113.67667907962523,114.4213877259919,113.12793734300227,114.12742614746094,5165300,0.0,0.0,1073000000.0,117.2508038585209,9765000000.0,-54.332881260814666,134384000000.0,22.953054521167097,-2086000000.0,-117.2083814552054,90481000000.0,19.239081732163097
2023-11-28,113.66687545111651,114.45078792736365,113.53949285100231,113.90204620361328,4892600,0.0,0.0,1073000000.0,117.2508038585209,9765000000.0,-54.332881260814666,134384000000.0,22.953054521167097,-2086000000.0,-117.2083814552054,90481000000.0,19.239081732163097
2023-11-29,114.97992730121996,115.21510554407956,113.62768604652474,113.8726577758789,6127200,0.0,0.0,1073000000.0,117.2508038585209,9765000000.0,-54.332881260814666,134384000000.0,22.953054521167097,-2086000000.0,-117.2083814552054,90481000000.0,19.239081732163097
2023-11-30,114.50958576738853,114.8721466181725,112.86337544709075,113.8726577758789,11075600,0.0,0.0,1073000000.0,117.2508038585209,9765000000.0,-54.332881260814666,134384000000.0,22.953054521167097,-2086000000.0,-117.2083814552054,90481000000.0,19.239081732163097
2023-12-01,113.73548524783142,114.98973942774639,112.94177915996687,114.8035659790039,5739800,0.0,0.0,1073000000.0,117.2508038585209,9765000000.0,-54.332881260814666,134384000000.0,22.953054521167097,-2086000000.0,-117.2083814552054,90481000000.0,19.239081732163097
2023-12-04,113.9314517134985,114.33320894907642,112.24605244925601,113.45130920410156,5587500,0.0,0.0,1073000000.0,117.2508038585209,9765000000.0,-54.332881260814666,134384000000.0,22.953054521167097,-2086000000.0,-117.2083814552054,90481000000.0,19.239081732163097
2023-12-05,112.26565206516193,112.95156996729474,111.52093586002883,112.22645568847656,5913600,0.0,0.0,1073000000.0,117.2508038585209,9765000000.0,-54.332881260814666,134384000000.0,22.953054521167097,-2086000000.0,-117.2083814552054,90481000000.0,19.239081732163097
2023-12-06,112.62820800063925,112.67719786238806,109.6787461989958,109.7767333984375,7815700,0.0,0.0,1073000000.0,117.2508038585209,9765000000.0,-54.332881260814666,134384000000.0,22.953054521167097,-2086000000.0,-117.2083814552054,90481000000.0,19.239081732163097
2023-12-07,110.14909877351258,110.75662391520244,109.56116060602072,110.59984588623047,6772800,0.0,0.0,1073000000.0,117.2508038585209,9765000000.0,-54.332881260814666,134384000000.0,22.953054521167097,-2086000000.0,-117.2083814552054,90481000000.0,19.239081732163097
2023-12-08,109.75713362896781,111.3543465826883,109.34557544975038,111.324951171875,7766000,0.0,0.0,1073000000.0,117.2508038585209,9765000000.0,-54.332881260814666,134384000000.0,22.953054521167097,-2086000000.0,-117.2083814552054,90481000000.0,19.239081732163097
2023-12-11,111.4817300404103,113.02995314659185,111.32495202289297,112.81437683105469,19544200,0.0,0.0,1073000000.0,117.2508038585209,9765000000.0,-54.332881260814666,134384000000.0,22.953054521167097,-2086000000.0,-117.2083814552054,90481000000.0,19.239081732163097
2023-12-12,100.63438002234118,102.83912551190902,98.66481276767333,98.78239440917969,57666500,0.0,0.0,1073000000.0,117.2508038585209,9765000000.0,-54.332881260814666,134384000000.0,22.953054521167097,-2086000000.0,-117.2083814552054,90481000000.0,19.239081732163097
2023-12-13,99.04696851387196,101.02633673982758,97.26357467529837,100.91854858398438,29392200,0.0,0.0,1073000000.0,117.2508038585209,9765000000.0,-54.332881260814666,134384000000.0,22.953054521167097,-2086000000.0,-117.2083814552054,90481000000.0,19.239081732163097
2023-12-14,99.82108630649408,100.19344065622379,97.86131240612785,98.2924575805664,22865200,0.0,0.0,1073000000.0,117.2508038585209,9765000000.0,-54.332881260814666,134384000000.0,22.953054521167097,-2086000000.0,-117.2083814552054,90481000000.0,19.239081732163097
2023-12-15,97.68492613416998,101.89843526170473,97.36156166731018,101.24191284179688,30212300,0.0,0.0,1073000000.0,117.2508038585209,9765000000.0,-54.332881260814666,134384000000.0,22.953054521167097,-2086000000.0,-117.2083814552054,90481000000.0,19.239081732163097
2023-12-18,101.33009849158115,104.02478721591733,100.8401550871564,102.88811492919922,13473100,0.0,0.0,1073000000.0,117.2508038585209,9765000000.0,-54.332881260814666,134384000000.0,22.953054521167097,-2086000000.0,-117.2083814552054,90481000000.0,19.239081732163097
2023-12-19,102.86853062311242,104.20116993665037,102.69215068109443,104.11298370361328,10108500,0.0,0.0,1073000000.0,117.2508038585209,9765000000.0,-54.332881260814666,134384000000.0,22.953054521167097,-2086000000.0,-117.2083814552054,90481000000.0,19.239081732163097
2023-12-20,103.81901348215534,103.95619704931019,101.9572343633557,102.05522155761719,9242000,0.0,0.0,1073000000.0,117.2508038585209,9765000000.0,-54.332881260814666,134384000000.0,22.953054521167097,-2086000000.0,-117.2083814552054,90481000000.0,19.239081732163097
2023-12-21,102.59415494457475,103.79941911517423,102.41777500438809,103.73082733154297,8168000,0.0,0.0,1073000000.0,117.2508038585209,9765000000.0,-54.332881260814666,134384000000.0,22.953054521167097,-2086000000.0,-117.2083814552054,90481000000.0,19.239081732163097
2023-12-22,103.574044272789,104.34815583535072,103.33887350566388,104.0639877319336,5680000,0.0,0.0,1073000000.0,117.2508038585209,9765000000.0,-54.332881260814666,134384000000.0,22.953054521167097,-2086000000.0,-117.2083814552054,90481000000.0,19.239081732163097
2023-12-26,104.37755623552307,104.50494632559342,103.22128931763974,104.05419921875,5767400,0.0,0.0,1073000000.0,117.2508038585209,9765000000.0,-54.332881260814666,134384000000.0,22.953054521167097,-2086000000.0,-117.2083814552054,90481000000.0,19.239081732163097
2023-12-27,104.18158134340361,104.19138230627318,103.43686516014435,103.8092269897461,5627400,0.0,0.0,1073000000.0,117.2508038585209,9765000000.0,-54.332881260814666,134384000000.0,22.953054521167097,-2086000000.0,-117.2083814552054,90481000000.0,19.239081732163097
2023-12-28,103.87781293957056,104.46574358764926,103.45646127119113,104.11298370361328,5689100,0.0,0.0,1073000000.0,117.2508038585209,9765000000.0,-54.332881260814666,134384000000.0,22.953054521167097,-2086000000.0,-117.2083814552054,90481000000.0,19.239081732163097
2023-12-29,104.45594466732274,104.76950818415743,102.6725507635859,103.30947875976562,6899700,0.0,0.0,1073000000.0,117.2508038585209,9765000000.0,-54.332881260814666,134384000000.0,22.953054521167097,-2086000000.0,-117.2083814552054,90481000000.0,19.239081732163097
2024-01-02,102.41777282194262,102.5745583102981,100.37961380492624,101.96702575683594,9597500,0.0,0.0,1073000000.0,117.2508038585209,9765000000.0,-54.332881260814666,134384000000.0,22.953054521167097,-2086000000.0,-117.2083814552054,90481000000.0,19.239081732163097
2024-01-03,101.2223169293171,101.3007021974075,99.69368832442916,100.39920806884766,9455600,0.0,0.0,1073000000.0,117.2508038585209,9765000000.0,-54.332881260814666,134384000000.0,22.953054521167097,-2086000000.0,-117.2083814552054,90481000000.0,19.239081732163097
2024-01-04,100.70297601491237,101.28111318827996,100.340422637187,100.52659606933594,6822300,0.0,0.0,1073000000.0,117.2508038585209,9765000000.0,-54.332881260814666,134384000000.0,22.953054521167097,-2086000000.0,-117.2083814552054,90481000000.0,19.239081732163097
2024-01-05,100.46779835523503,101.63386610856442,100.23262760257768,100.66378021240234,6133800,0.0,0.0,1073000000.0,117.2508038585209,9765000000.0,-54.332881260814666,134384000000.0,22.953054521167097,-2086000000.0,-117.2083814552054,90481000000.0,19.239081732163097
2024-01-08,100.86957057412707,102.66275810955258,100.07585701732295,102.55497741699219,7038700,0.0,0.0,1073000000.0,117.2508038585209,9765000000.0,-54.332881260814666,134384000000.0,22.953054521167097,-2086000000.0,-117.2083814552054,90481000000.0,19.239081732163097
2024-01-09,101.76125350012119,102.37858703433567,101.2125192261028,101.5456771850586,6725200,0.0,0.0,1073000000.0,117.2508038585209,9765000000.0,-54.332881260814666,134384000000.0,22.953054521167097,-2086000000.0,-117.2083814552054,90481000000.0,19.239081732163097
2024-01-10,101.40795928539465,102.37197271104016,101.0440010827329,102.22441864013672,7270500,0.4,0.0,1073000000.0,117.2508038585209,9765000000.0,-54.332881260814666,134384000000.0,22.953054521167097,-2086000000.0,-117.2083814552054,90481000000.0,19.239081732163097
2024-01-11,102.64740908519786,103.12941207426064,101.85062756175965,103.06055450439453,6119000,0.0,0.0,1073000000.0,117.2508038585209,9765000000.0,-54.332881260814666,134384000000.0,22.953054521167097,-2086000000.0,-117.2083814552054,90481000000.0,19.239081732163097
2024-01-12,103.38517666076994,104.95906940392447,103.25730045520234,104.86070251464844,9703800,0.0,0.0,1073000000.0,117.2508038585209,9765000000.0,-54.332881260814666,134384000000.0,22.953054521167097,-2086000000.0,-117.2083814552054,90481000000.0,19.239081732163097
2024-01-16,104.6738064965166,104.91972746939076,103.69995404039791,104.83119201660156,7547200,0.0,0.0,1073000000.0,117.2508038585209,9765000000.0,-54.332881260814666,134384000000.0,22.953054521167097,-2086000000.0,-117.2083814552054,90481000000.0,19.239081732163097
2024-01-17,104.72298313101543,105.74601524889654,103.95571091883265,104.69347381591797,7771500,0.0,0.0,1073000000.0,117.2508038585209,9765000000.0,-54.332881260814666,134384000000.0,22.953054521167097,-2086000000.0,-117.2083814552054,90481000000.0,19.239081732163097
2024-01-18,105.24433880244175,107.10350078087119,104.88038056105442,106.92643737792969,10362300,0.0,0.0,1073000000.0,117.2508038585209,9765000000.0,-54.332881260814666,134384000000.0,22.953054521167097,-2086000000.0,-117.2083814552054,90481000000.0,19.239081732163097
2024-01-19,107.53631214838495,108.4216290646959,107.24120400797737,107.88059997558594,11163800,0.0,0.0,1073000000.0,117.2508038585209,9765000000.0,-54.332881260814666,134384000000.0,22.953054521167097,-2086000000.0,-117.2083814552054,90481000000.0,19.239081732163097
2024-01-22,108.26424061314913,108.88396623311345,107.48712948194338,108.3035888671875,7485300,0.0,0.0,1073000000.0,117.2508038585209,9765000000.0,-54.332881260814666,134384000000.0,22.953054521167097,-2086000000.0,-117.2083814552054,90481000000.0,19.239081732163097
2024-01-23,108.49048947996658,110.84149321092471,107.77239698873156,110.00536346435547,9185900,0.0,0.0,1073000000.0,117.2508038585209,9765000000.0,-54.332881260814666,134384000000.0,22.953054521167097,-2086000000.0,-117.2083814552054,90481000000.0,19.239081732163097
2024-01-24,111.56942247085492,113.53679020621082,111.48089452512181,112.44490051269531,11702700,0.0,0.0,1073000000.0,117.2508038585209,9765000000.0,-54.332881260814666,134384000000.0,22.953054521167097,-2086000000.0,-117.2083814552054,90481000000.0,19.239081732163097
2024-01-25,113.0154437667255,114.28439691062238,112.48425355498405,113.12364959716797,8877200,0.0,0.0,1073000000.0,117.2508038585209,9765000000.0,-54.332881260814666,134384000000.0,22.953054521167097,-2086000000.0,-117.2083814552054,90481000000.0,19.239081732163097
2024-01-26,112.7695083618164,113.59580664266998,112.40554266008294,112.7695083618164,5541800,0.0,0.0,1073000000.0,117.2508038585209,9765000000.0,-54.332881260814666,134384000000.0,22.953054521167097,-2086000000.0,-117.2083814552054,90481000000.0,19.239081732163097
2024-01-29,112.32685862487735,112.7203261518114,111.16611140863304,111.89403533935547,7014400,0.0,0.0,1073000000.0,117.2508038585209,9765000000.0,-54.332881260814666,134384000000.0,22.953054521167097,-2086000000.0,-117.2083814552054,90481000000.0,19.239081732163097
2024-01-30,111.51039039186772,112.53342239146144,110.79229795290556,112.2973403930664,8231900,0.0,0.0,1073000000.0,117.2508038585209,9765000000.0,-54.332881260814666,134384000000.0,22.953054521167097,-2086000000.0,-117.2083814552054,90481000000.0,19.239081732163097
2024-01-31,111.95305301119346,112.40554666723237,109.84797023944586,109.87747955322266,7386700,0.0,0.0,1073000000.0,117.2508038585209,9765000000.0,-54.332881260814666,134384000000.0,22.953054521167097,-2086000000.0,-117.2083814552054,90481000000.0,19.239081732163097
2024-02-01,111.0677422426626,113.89090996540402,110.71361547177537,113.64498901367188,7882200,0.0,0.0,1073000000.0,117.2508038585209,9765000000.0,-54.332881260814666,134384000000.0,22.953054521167097,-2086000000.0,-117.2083814552054,90481000000.0,19.239081732163097
2024-02-02,113.93026615141424,114.58933254676937,113.28103869618882,113.9007568359375,6499400,0.0,0.0,1073000000.0,117.2508038585209,9765000000.0,-54.332881260814666,134384000000.0,22.953054521167097,-2086000000.0,-117.2083814552054,90481000000.0,19.239081732163097
2024-02-05,113.64499048219731,114.81557662914047,112.89738867789573,114.49095916748047,8084500,0.0,0.0,1073000000.0,117.2508038585209,9765000000.0,-54.332881260814666,134384000000.0,22.953054521167097,-2086000000.0,-117.2083814552054,90481000000.0,19.239081732163097
2024-02-06,114.83525426413988,115.04182697873591,113.10397603564576,113.41875457763672,4637500,0.0,0.0,1073000000.0,117.2508038585209,9765000000.0,-54.332881260814666,134384000000.0,22.953054521167097,-2086000000.0,-117.2083814552054,90481000000.0,19.239081732163097
2024-02-07,113.91058899374022,115.67137642158765,113.41874708531287,115.35659790039062,7672900,0.0,0.0,1073000000.0,117.2508038585209,9765000000.0,-54.332881260814666,134384000000.0,22.953054521167097,-2086000000.0,-117.2083814552054,90481000000.0,19.239081732163097
2024-02-08,115.17953632710628,115.86811951269614,114.0778152380218,114.77622985839844,4472800,0.0,0.0,1073000000.0,117.2508038585209,9765000000.0,-54.332881260814666,134384000000.0,22.953054521167097,-2086000000.0,-117.2083814552054,90481000000.0,19.239081732163097
2024-02-09,115.15002283482238,115.4254530970998,113.84172908900463,114.73687744140625,5787100,0.0,0.0,1073000000.0,117.2508038585209,9765000000.0,-54.332881260814666,134384000000.0,22.953054521167097,-2086000000.0,-117.2083814552054,90481000000.0,19.239081732163097
2024-02-12,114.36308884227242,115.18937969082067,113.49744223341727,113.94993591308594,5439600,0.0,0.0,1073000000.0,117.2508038585209,9765000000.0,-54.332881260814666,134384000000.0,22.953054521167097,-2086000000.0,-117.2083814552054,90481000000.0,19.239081732163097
2024-02-13,111.93338587729961,112.3465312919588,111.1562747373956,111.82518005371094,8171700,0.0,0.0,1073000000.0,117.2508038585209,9765000000.0,-54.332881260814666,134384000000.0,22.953054521167097,-2086000000.0,-117.2083814552054,90481000000.0,19.239081732163097
2024-02-14,112.45473243295694,112.84820745644859,111.67762132541168,112.39571380615234,5946100,0.0,0.0,1073000000.0,117.2508038585209,9765000000.0,-54.332881260814666,134384000000.0,22.953054521167097,-2086000000.0,-117.2083814552054,90481000000.0,19.239081732163097
2024-02-15,112.38588159488036,112.4449002252182,110.73329240120992,110.93986511230469,8455600,0.0,0.0,1073000000.0,117.2508038585209,9765000000.0,-54.332881260814666,134384000000.0,22.953054521167097,-2086000000.0,-117.2083814552054,90481000000.0,19.239081732163097
2024-02-16,111.17594924877473,111.26448470087428,109.43483207654975,109.49385070800781,8936000,0.0,0.0,1073000000.0,117.2508038585209,9765000000.0,-54.332881260814666,134384000000.0,22.953054521167097,-2086000000.0,-117.2083814552054,90481000000.0,19.239081732163097
2024-02-20,108.73640686543243,108.96264993400368,105.92307063034208,106.68050384521484,10975600,0.0,0.0,1073000000.0,117.2508038585209,9765000000.0,-54.332881260814666,134384000000.0,22.953054521167097,-2086000000.0,-117.2083814552054,90481000000.0,19.239081732163097
2024-02-21,105.01808952734926,106.6116525551354,104.772168565786,106.39524841308594,7865300,0.0,0.0,1073000000.0,117.2508038585209,9765000000.0,-54.332881260814666,134384000000.0,22.953054521167097,-2086000000.0,-117.2083814552054,90481000000.0,19.239081732163097
2024-02-22,109.67091743274,110.06439249918711,107.87078157447317,109.1987533569336,8957800,0.0,0.0,1073000000.0,117.2508038585209,9765000000.0,-54.332881260814666,134384000000.0,22.953054521167097,-2086000000.0,-117.2083814552054,90481000000.0,19.239081732163097
2024-02-23,110.1725850188537,111.52023451951327,109.88731581776904,110.12339782714844,7504500,0.0,0.0,1073000000.0,117.2508038585209,9765000000.0,-54.332881260814666,134384000000.0,22.953054521167097,-2086000000.0,-117.2083814552054,90481000000.0,19.239081732163097
2024-02-26,110.17258643140696,110.70377658800494,109.12004505766052,109.15939331054688,6342900,0.0,0.0,1073000000.0,117.2508038585209,9765000000.0,-54.332881260814666,134384000000.0,22.953054521167097,-2086000000.0,-117.2083814552054,90481000000.0,19.239081732163097
2024-02-27,108.81510408373808,109.69058206072674,107.9986447328663,109.56269836425781,6593100,0.0,0.0,1073000000.0,117.2508038585209,9765000000.0,-54.332881260814666,134384000000.0,22.953054521167097,-2086000000.0,-117.2083814552054,90481000000.0,19.239081732163097
2024-02-28,109.44466556467098,110.19225987560584,109.28727254874023,109.8578109741211,5278300,0.0,0.0,1073000000.0,117.2508038585209,9765000000.0,-54.332881260814666,134384000000.0,22.953054521167097,-2086000000.0,-117.2083814552054,90481000000.0,19.239081732163097
2024-02-29,109.8578109741211,110.60541278996803,108.83477888530741,109.8578109741211,12193900,0.0,0.0,1073000000.0,117.2508038585209,9765000000.0,-54.332881260814666,134384000000.0,22.953054521167097,-2086000000.0,-117.2083814552054,90481000000.0,19.239081732163097
2024-03-01,109.85780379091607,112.0809312136472,109.70041078527667,111.92353820800781,7605100,0.0,0.0,1073000000.0,117.2508038585209,9765000000.0,-54.332881260814666,134384000000.0,22.953054521167097,-2086000000.0,-117.2083814552054,90481000000.0,19.239081732163097
2024-03-04,111.72680297912626,112.73015710962507,111.53990066362775,112.19896697998047,6588100,0.0,0.0,1073000000.0,117.2508038585209,9765000000.0,-54.332881260814666,134384000000.0,22.953054521167097,-2086000000.0,-117.2083814552054,90481000000.0,19.239081732163097
2024-03-05,110.979205648613,111.35300278960798,108.56918334855163,109.1298828125,8242000,0.0,0.0,1073000000.0,117.2508038585209,9765000000.0,-54.332881260814666,134384000000.0,22.953054521167097,-2086000000.0,-117.2083814552054,90481000000.0,19.239081732163097
2024-03-06,109.68075335499356,111.20546638117594,108.86429392794331,110.43818664550781,6706400,0.0,0.0,1073000000.0,117.2508038585209,9765000000.0,-54.332881260814666,134384000000.0,22.953054521167097,-2086000000.0,-117.2083814552054,90481000000.0,19.239081732163097
2024-03-07,112.08093380316426,112.92690246574229,110.45785404333841,112.671142578125,7670100,0.0,0.0,1073000000.0,117.2508038585209,9765000000.0,-54.332881260814666,134384000000.0,22.953054521167097,-2086000000.0,-117.2083814552054,90481000000.0,19.239081732163097
2024-03-08,112.20881128483775,112.4645711753961,109.72009246011179,110.58573150634766,8312900,0.0,0.0,1073000000.0,117.2508038585209,9765000000.0,-54.332881260814666,134384000000.0,22.953054521167097,-2086000000.0,-117.2083814552054,90481000000.0,19.239081732163097
2024-03-11,109.78895747101622,112.87772422635979,109.36597310618065,112.26783752441406,20438300,0.0,0.0,1073000000.0,117.2508038585209,9765000000.0,-54.332881260814666,134384000000.0,22.953054521167097,-2086000000.0,-117.2083814552054,90481000000.0,19.239081732163097
2024-03-12,124.19992366708459,127.25917350317495,122.56700489128248,125.45903778076172,48536100,0.0,0.0,1073000000.0,117.2508038585209,9765000000.0,-54.332881260814666,134384000000.0,22.953054521167097,-2086000000.0,-117.2083814552054,90481000000.0,19.239081732163097
2024-03-13,125.91152394181505,126.69847396841605,122.79324815787233,123.47198486328125,15870300,0.0,0.0,1073000000.0,117.2508038585209,9765000000.0,-54.332881260814666,134384000000.0,22.953054521167097,-2086000000.0,-117.2083814552054,90481000000.0,19.239081732163097
2024-03-14,125.15409375287958,125.71479322126683,122.90145693990985,123.48182678222656,10965900,0.0,0.0,1073000000.0,117.2508038585209,9765000000.0,-54.332881260814666,134384000000.0,22.953054521167097,-2086000000.0,-117.2083814552054,90481000000.0,19.239081732163097
2024-03-15,122.01614295877205,123.95400130124308,121.54397141904282,123.49166870117188,17844900,0.0,0.0,1073000000.0,117.2508038585209,9765000000.0,-54.332881260814666,134384000000.0,22.953054521167097,-2086000000.0,-117.2083814552054,90481000000.0,19.239081732163097
2024-03-18,125.12458166467181,126.84602838767978,124.80980313551825,125.71479797363281,12231400,0.0,0.0,1073000000.0,117.2508038585209,9765000000.0,-54.332881260814666,134384000000.0,22.953054521167097,-2086000000.0,-117.2083814552054,90481000000.0,19.239081732163097
2024-03-19,125.66561561458703,127.10180068307665,124.42617182495809,127.08212280273438,10221000,0.0,0.0,1073000000.0,117.2508038585209,9765000000.0,-54.332881260814666,134384000000.0,22.953054521167097,-2086000000.0,-117.2083814552054,90481000000.0,19.239081732163097
2024-03-20,127.85921829798812,128.55764041220078,126.17712737685258,127.13130187988281,8373300,0.0,0.0,1073000000.0,117.2508038585209,9765000000.0,-54.332881260814666,134384000000.0,22.953054521167097,-2086000000.0,-117.2083814552054,90481000000.0,19.239081732163097
2024-03-21,128.39043217152965,130.60372103859794,126.8460411795701,126.90505981445312,17842400,0.0,0.0,1073000000.0,117.2508038585209,9765000000.0,-54.332881260814666,134384000000.0,22.953054521167097,-2086000000.0,-117.2083814552054,90481000000.0,19.239081732163097
2024-03-22,126.90504400901673,127.10179278055705,125.46887403964541,125.7049560546875,6660000,0.0,0.0,1073000000.0,117.2508038585209,9765000000.0,-54.332881260814666,134384000000.0,22.953054521167097,-2086000000.0,-117.2083814552054,90481000000.0,19.239081732163097
2024-03-25,125.5869113354305,125.5869113354305,123.99334835223979,124.02285766601562,7446100,0.0,0.0,1073000000.0,117.2508038585209,9765000000.0,-54.332881260814666,134384000000.0,22.953054521167097,-2086000000.0,-117.2083814552054,90481000000.0,19.239081732163097
2024-03-26,124.68191676365034,124.8688190798973,123.78676093837429,124.40648651123047,7063900,0.0,0.0,1073000000.0,117.2508038585209,9765000000.0,-54.332881260814666,134384000000.0,22.953054521167097,-2086000000.0,-117.2083814552054,90481000000.0,19.239081732163097
2024-03-27,125.25246032506179,125.73446328672506,122.4391240506069,123.22606658935547,8115900,0.0,0.0,1073000000.0,117.2508038585209,9765000000.0,-54.332881260814666,134384000000.0,22.953054521167097,-2086000000.0,-117.2083814552054,90481000000.0,19.239081732163097
2024-03-28,123.34411234780893,124.11138451889956,123.15721002231848,123.5605239868164,6587400,0.0,0.0,1073000000.0,117.2508038585209,9765000000.0,-54.332881260814666,134384000000.0,22.953054521167097,-2086000000.0,-117.2083814552054,90481000000.0,19.239081732163097
2024-04-01,123.49166633207004,124.20975131017794,122.52765289670147,123.43264770507812,4133600,0.0,0.0,1073000000.0,117.2508038585209,9765000000.0,-54.332881260814666,134384000000.0,22.953054521167097,-2086000000.0,-117.2083814552054,90481000000.0,19.239081732163097
2024-04-02,122.47847310108497,122.8916184994875,121.41609278669685,122.31124114990234,4862400,0.0,0.0,1073000000.0,117.2508038585209,9765000000.0,-54.332881260814666,134384000000.0,22.953054521167097,-2086000000.0,-117.2083814552054,90481000000.0,19.239081732163097
2024-04-03,122.23255466753592,124.3474764004292,122.03581339882956,124.18024444580078,7430000,0.0,0.0,1073000000.0,117.2508038585209,9765000000.0,-54.332881260814666,134384000000.0,22.953054521167097,-2086000000.0,-117.2083814552054,90481000000.0,19.239081732163097
2024-04-04,125.51804638156128,125.90168244789399,122.00629565557685,122.16368865966797,7588300,0.0,0.0,1073000000.0,117.2508038585209,9765000000.0,-54.332881260814666,134384000000.0,22.953054521167097,-2086000000.0,-117.2083814552054,90481000000.0,19.239081732163097
2024-04-05,122.38995000413787,123.94417237960079,122.114519710747,122.86212158203125,4899500,0.0,0.0,1073000000.0,117.2508038585209,9765000000.0,-54.332881260814666,134384000000.0,22.953054521167097,-2086000000.0,-117.2083814552054,90481000000.0,19.239081732163097
2024-04-08,122.96047139167214,123.07851614597632,121.74070561684199,122.32107543945312,6119200,0.0,0.0,1073000000.0,117.2508038585209,9765000000.0,-54.332881260814666,134384000000.0,22.953054521167097,-2086000000.0,-117.2083814552054,90481000000.0,19.239081732163097
2024-04-09,122.71581868997247,123.11056348553178,119.64668900996664,121.61054229736328,5564100,0.4,0.0,1073000000.0,117.2508038585209,9765000000.0,-54.332881260814666,134384000000.0,22.953054521167097,-2086000000.0,-117.2083814552054,90481000000.0,19.239081732163097
2024-04-10,119.75524908422207,121.46251719737583,119.72564454090033,120.14999389648438,4509900,0.0,0.0,1073000000.0,117.2508038585209,9765000000.0,-54.332881260814666,134384000000.0,22.953054521167097,-2086000000.0,-117.2083814552054,90481000000.0,19.239081732163097
2024-04-11,120.12039343132065,122.19279435464313,119.76512384113607,121.62041473388672,7315200,0.0,0.0,1073000000.0,117.2508038585209,9765000000.0,-54.332881260814666,134384000000.0,22.953054521167097,-2086000000.0,-117.2083814552054,90481000000.0,19.239081732163097
2024-04-12,120.14012774966851,120.2388120741838,118.83747509032506,119.5184097290039,6196900,0.0,0.0,1073000000.0,117.2508038585209,9765000000.0,-54.332881260814666,134384000000.0,22.953054521167097,-2086000000.0,-117.2083814552054,90481000000.0,19.239081732163097
2024-04-15,120.57435021379443,120.86054003098036,117.87036051674087,118.30457305908203,5101500,0.0,0.0,1073000000.0,117.2508038585209,9765000000.0,-54.332881260814666,134384000000.0,22.953054521167097,-2086000000.0,-117.2083814552054,90481000000.0,19.239081732163097
2024-04-16,118.51180984979173,119.84407458053369,118.17628164116104,119.03485107421875,7000000,0.0,0.0,1073000000.0,117.2508038585209,9765000000.0,-54.332881260814666,134384000000.0,22.953054521167097,-2086000000.0,-117.2083814552054,90481000000.0,19.239081732163097
2024-04-17,119.39011366676827,119.44932275208383,117.05125691810242,117.11046600341797,5366600,0.0,0.0,1073000000.0,117.2508038585209,9765000000.0,-54.332881260814666,134384000000.0,22.953054521167097,-2086000000.0,-117.2083814552054,90481000000.0,19.239081732163097
2024-04-18,117.19928626048355,117.19928626048355,114.17949493735595,114.47555541992188,6662400,0.0,0.0,1073000000.0,117.2508038585209,9765000000.0,-54.332881260814666,134384000000.0,22.953054521167097,-2086000000.0,-117.2083814552054,90481000000.0,19.239081732163097
2024-04-19,114.59398710276989,115.23543896660738,112.95579873085381,113.37027740478516,8251500,0.0,0.0,1073000000.0,117.2508038585209,9765000000.0,-54.332881260814666,134384000000.0,22.953054521167097,-2086000000.0,-117.2083814552054,90481000000.0,19.239081732163097
2024-04-22,114.50515917050305,114.81108281234297,112.83736635323474,113.02487182617188,7125500,0.0,0.0,1073000000.0,117.2508038585209,9765000000.0,-54.332881260814666,134384000000.0,22.953054521167097,-2086000000.0,-117.2083814552054,90481000000.0,19.239081732163097
2024-04-23,113.6564651170068,114.33739973243762,113.2419864507146,113.5775146484375,5494800,0.0,0.0,1073000000.0,117.2508038585209,9765000000.0,-54.332881260814666,134384000000.0,22.953054521167097,-2086000000.0,-117.2083814552054,90481000000.0,19.239081732163097
2024-04-24,113.863693980655,114.20910036660362,112.38340671217942,113.82421875,5791800,0.0,0.0,1073000000.0,117.2508038585209,9765000000.0,-54.332881260814666,134384000000.0,22.953054521167097,-2086000000.0,-117.2083814552054,90481000000.0,19.239081732163097
2024-04-25,112.13670627124056,113.47883416579275,111.29787821942827,113.3801498413086,6796600,0.0,0.0,1073000000.0,117.2508038585209,9765000000.0,-54.332881260814666,134384000000.0,22.953054521167097,-2086000000.0,-117.2083814552054,90481000000.0,19.239081732163097
2024-04-26,115.50189836862438,117.6433791103284,114.6235950684945,115.66966247558594,8355100,0.0,0.0,1073000000.0,117.2508038585209,9765000000.0,-54.332881260814666,134384000000.0,22.953054521167097,-2086000000.0,-117.2083814552054,90481000000.0,19.239081732163097
2024-04-29,115.4525508560127,115.76834521207059,113.77489475116735,114.95912170410156,4994100,0.0,0.0,1073000000.0,117.2508038585209,9765000000.0,-54.332881260814666,134384000000.0,22.953054521167097,-2086000000.0,-117.2083814552054,90481000000.0,19.239081732163097
2024-04-30,113.57752112537663,114.00187050672196,112.1959254922816,112.25513458251953,6234700,0.0,0.0,1073000000.0,117.2508038585209,9765000000.0,-54.332881260814666,134384000000.0,22.953054521167097,-2086000000.0,-117.2083814552054,90481000000.0,19.239081732163097
2024-05-01,112.4130415946317,115.22558646967484,112.15645630786912,113.12357330322266,5583600,0.0,0.0,1073000000.0,117.2508038585209,9765000000.0,-54.332881260814666,134384000000.0,22.953054521167097,-2086000000.0,-117.2083814552054,90481000000.0,19.239081732163097
2024-05-02,113.71568232993187,114.28805440723616,112.75842859861463,113.44922637939453,5001000,0.0,0.0,1073000000.0,117.2508038585209,9765000000.0,-54.332881260814666,134384000000.0,22.953054521167097,-2086000000.0,-117.2083814552054,90481000000.0,19.239081732163097
2024-05-03,114.45583304371111,114.68280624452197,113.55778834458297,114.2781982421875,4485000,0.0,0.0,1073000000.0,117.2508038585209,9765000000.0,-54.332881260814666,134384000000.0,22.953054521167097,-2086000000.0,-117.2083814552054,90481000000.0,19.239081732163097
2024-05-06,114.80122557506407,116.80454667977459,114.65319532716605,116.78480529785156,6052400,0.0,0.0,1073000000.0,117.2508038585209,9765000000.0,-54.332881260814666,134384000000.0,22.953054521167097,-2086000000.0,-117.2083814552054,90481000000.0,19.239081732163097
2024-05-07,116.44928302905788,117.56443023232337,115.74861451771781,116.38020324707031,6437700,0.0,0.0,1073000000.0,117.2508038585209,9765000000.0,-54.332881260814666,134384000000.0,22.953054521167097,-2086000000.0,-117.2083814552054,90481000000.0,19.239081732163097
2024-05-08,116.16309202992618,116.42954799283757,115.57097854331298,115.84729766845703,4636000,0.0,0.0,1073000000.0,117.2508038585209,9765000000.0,-54.332881260814666,134384000000.0,22.953054521167097,-2086000000.0,-117.2083814552054,90481000000.0,19.239081732163097
2024-05-09,115.84729091419354,116.18282663882816,114.96898766227999,115.10714721679688,3236200,0.0,0.0,1073000000.0,117.2508038585209,9765000000.0,-54.332881260814666,134384000000.0,22.953054521167097,-2086000000.0,-117.2083814552054,90481000000.0,19.239081732163097
2024-05-10,115.61045219725855,116.08413996841308,114.38675000445609,115.13675689697266,4122500,0.0,0.0,1073000000.0,117.2508038585209,9765000000.0,-54.332881260814666,134384000000.0,22.953054521167097,-2086000000.0,-117.2083814552054,90481000000.0,19.239081732163097
2024-05-13,115.59070509760824,115.6499217129222,114.67292661611746,114.8406982421875,4140000,0.0,0.0,1073000000.0,117.2508038585209,9765000000.0,-54.332881260814666,134384000000.0,22.953054521167097,-2086000000.0,-117.2083814552054,90481000000.0,19.239081732163097
2024-05-14,114.96898941864166,120.93948501383731,114.60384914519395,119.28156280517578,17811200,0.0,0.0,1073000000.0,117.2508038585209,9765000000.0,-54.332881260814666,134384000000.0,22.953054521167097,-2086000000.0,-117.2083814552054,90481000000.0,19.239081732163097
2024-05-15,118.59075824268018,120.48552434194957,118.09732910042474,120.03157043457031,6604600,0.0,0.0,1073000000.0,117.2508038585209,9765000000.0,-54.332881260814666,134384000000.0,22.953054521167097,-2086000000.0,-117.2083814552054,90481000000.0,19.239081732163097
2024-05-16,120.33750117960051,120.84079348187392,119.61709132174177,120.55461120605469,5159300,0.0,0.0,1073000000.0,117.2508038585209,9765000000.0,-54.332881260814666,134384000000.0,22.953054521167097,-2086000000.0,-117.2083814552054,90481000000.0,19.239081732163097
2024-05-17,121.56120454950864,121.95594937161462,120.47566193556563,121.87699890136719,6179400,0.0,0.0,1073000000.0,117.2508038585209,9765000000.0,-54.332881260814666,134384000000.0,22.953054521167097,-2086000000.0,-117.2083814552054,90481000000.0,19.239081732163097
2024-05-20,122.1730590554143,123.04149163829143,121.62041329437318,122.88359069824219,5989000,0.0,0.0,1073000000.0,117.2508038585209,9765000000.0,-54.332881260814666,134384000000.0,22.953054521167097,-2086000000.0,-117.2083814552054,90481000000.0,19.239081732163097
2024-05-21,122.82437762711946,123.71255156326507,122.2914732654321,122.99214172363281,5549500,0.0,0.0,1073000000.0,117.2508038585209,9765000000.0,-54.332881260814666,134384000000.0,22.953054521167097,-2086000000.0,-117.2083814552054,90481000000.0,19.239081732163097
2024-05-22,122.99214421646795,123.51518542717164,121.67962843164419,122.96253967285156,5705000,0.0,0.0,1073000000.0,117.2508038585209,9765000000.0,-54.332881260814666,134384000000.0,22.953054521167097,-2086000000.0,-117.2083814552054,90481000000.0,19.239081732163097
2024-05-23,124.88692183671223,125.0349445595451,121.54147277632482,122.45924377441406,6108600,0.0,0.0,1073000000.0,117.2508038585209,9765000000.0,-54.332881260814666,134384000000.0,22.953054521167097,-2086000000.0,-117.2083814552054,90481000000.0,19.239081732163097
2024-05-24,121.7980539879589,121.8868751533224,119.82433731651261,121.29476165771484,7173400,0.0,0.0,1073000000.0,117.2508038585209,9765000000.0,-54.332881260814666,134384000000.0,22.953054521167097,-2086000000.0,-117.2083814552054,90481000000.0,19.239081732163097
2024-05-28,121.62042331532228,123.17966134569187,121.39345010671401,122.85399627685547,6911400,0.0,0.0,1073000000.0,117.2508038585209,9765000000.0,-54.332881260814666,134384000000.0,22.953054521167097,-2086000000.0,-117.2083814552054,90481000000.0,19.239081732163097
2024-05-29,121.37370208873165,122.29148062311184,121.15659205470793,122.11384582519531,4735100,0.0,0.0,1073000000.0,117.2508038585209,9765000000.0,-54.332881260814666,134384000000.0,22.953054521167097,-2086000000.0,-117.2083814552054,90481000000.0,19.239081732163097
2024-05-30,118.59075666718171,119.84407088817349,115.49202229731527,115.55123138427734,10839600,0.0,0.0,1073000000.0,117.2508038585209,9765000000.0,-54.332881260814666,134384000000.0,22.953054521167097,-2086000000.0,-117.2083814552054,90481000000.0,19.239081732163097
2024-05-31,115.05779664523045,115.87689077759406,113.04461249525185,115.64991760253906,12755600,0.0,0.0,8704000000.0,711.1835973904939,10454000000.0,7.055811571940604,140976000000.0,4.90534587450887,-8990000000.0,-330.9683604985618,93124000000.0,2.921055249168334
2024-06-03,115.98545374020755,117.76180167571577,115.79794825558966,117.71245574951172,7256300,0.0,0.0,8704000000.0,711.1835973904939,10454000000.0,7.055811571940604,140976000000.0,4.90534587450887,-8990000000.0,-330.9683604985618,93124000000.0,2.921055249168334
2024-06-04,117.45587641889834,118.78814120239366,117.15982343411287,118.49208068847656,7368000,0.0,0.0,8704000000.0,711.1835973904939,10454000000.0,7.055811571940604,140976000000.0,4.90534587450887,-8990000000.0,-330.9683604985618,93124000000.0,2.921055249168334
2024-06-05,120.05130054667997,121.1763182830801,118.92628281027984,121.01841735839844,5973700,0.0,0.0,8704000000.0,711.1835973904939,10454000000.0,7.055811571940604,140976000000.0,4.90534587450887,-8990000000.0,-330.9683604985618,93124000000.0,2.921055249168334
2024-06-06,121.26514405064634,122.63687647238791,120.64342603799302,121.87699890136719,7347200,0.0,0.0,8704000000.0,711.1835973904939,10454000000.0,7.055811571940604,140976000000.0,4.90534587450887,-8990000000.0,-330.9683604985618,93124000000.0,2.921055249168334
2024-06-07,122.57766340568476,124.56125061376459,121.6500142332147,124.26519012451172,11545000,0.0,0.0,8704000000.0,711.1835973904939,10454000000.0,7.055811571940604,140976000000.0,4.90534587450887,-8990000000.0,-330.9683604985618,93124000000.0,2.921055249168334
2024-06-10,124.07770013281268,125.28166096113308,122.4197778507551,122.86386108398438,10164700,0.0,0.0,8704000000.0,711.1835973904939,10454000000.0,7.055811571940604,140976000000.0,4.90534587450887,-8990000000.0,-330.9683604985618,93124000000.0,2.921055249168334
2024-06-11,122.41977052820499,123.18951876862997,120.68289787729029,122.25199890136719,18373900,0.0,0.0,8704000000.0,711.1835973904939,10454000000.0,7.055811571940604,140976000000.0,4.90534587450887,-8990000000.0,-330.9683604985618,93124000000.0,2.921055249168334
2024-06-12,132.91994543180127,139.10755112373243,132.19954309672704,138.53517150878906,40871300,0.0,0.0,8704000000.0,711.1835973904939,10454000000.0,7.055811571940604,140976000000.0,4.90534587450887,-8990000000.0,-330.9683604985618,93124000000.0,2.921055249168334
2024-06-13,138.5844952646123,140.52860719996025,136.94632203227167,138.0121307373047,13733200,0.0,0.0,8704000000.0,711.1835973904939,10454000000.0,7.055811571940604,140976000000.0,4.90534587450887,-8990000000.0,-330.9683604985618,93124000000.0,2.921055249168334
2024-06-14,137.42986730793766,138.13054325453712,135.57458413429688,136.31472778320312,11330800,0.0,0.0,8704000000.0,711.1835973904939,10454000000.0,7.055811571940604,140976000000.0,4.90534587450887,-8990000000.0,-330.9683604985618,93124000000.0,2.921055249168334
2024-06-17,136.97593301925866,139.58123829027167,136.43315795065962,139.45294189453125,11232800,0.0,0.0,8704000000.0,711.1835973904939,10454000000.0,7.055811571940604,140976000000.0,4.90534587450887,-8990000000.0,-330.9683604985618,93124000000.0,2.921055249168334
2024-06-18,139.36415779207695,143.15369079681346,139.36415779207695,142.7392120361328,11629400,0.0,0.0,8704000000.0,711.1835973904939,10454000000.0,7.055811571940604,140976000000.0,4.90534587450887,-8990000000.0,-330.9683604985618,93124000000.0,2.921055249168334
2024-06-20,143.4102534719934,143.4102534719934,140.084530805714,141.03192138671875,8940000,0.0,0.0,8704000000.0,711.1835973904939,10454000000.0,7.055811571940604,140976000000.0,4.90534587450887,-8990000000.0,-330.9683604985618,93124000000.0,2.921055249168334
2024-06-21,141.83128390483913,141.83128390483913,138.59438970693563,139.6404571533203,14844100,0.0,0.0,8704000000.0,711.1835973904939,10454000000.0,7.055811571940604,140976000000.0,4.90534587450887,-8990000000.0,-330.9683604985618,93124000000.0,2.921055249168334
2024-06-24,138.16014496776828,139.67003677596944,137.29170495218457,138.0515899658203,7793300,0.0,0.0,8704000000.0,711.1835973904939,10454000000.0,7.055811571940604,140976000000.0,4.90534587450887,-8990000000.0,-330.9683604985618,93124000000.0,2.921055249168334
2024-06-25,137.17330035320967,137.71607541661942,135.7522220265595,137.341064453125,8205500,0.0,0.0,8704000000.0,711.1835973904939,10454000000.0,7.055811571940604,140976000000.0,4.90534587450887,-8990000000.0,-330.9683604985618,93124000000.0,2.921055249168334
2024-06-26,137.65687275384136,138.90030881856038,136.2653989058677,136.41342163085938,8036300,0.0,0.0,8704000000.0,711.1835973904939,10454000000.0,7.055811571940604,140976000000.0,4.90534587450887,-8990000000.0,-330.9683604985618,93124000000.0,2.921055249168334
2024-06-27,137.4200128586164,139.56149347821884,136.98579281440908,138.33778381347656,7518200,0.0,0.0,8704000000.0,711.1835973904939,10454000000.0,7.055811571940604,140976000000.0,4.90534587450887,-8990000000.0,-330.9683604985618,93124000000.0,2.921055249168334
2024-06-28,137.60754072676846,140.9431270106524,137.43977660207656,139.3444061279297,25814800,0.0,0.0,8704000000.0,711.1835973904939,10454000000.0,7.055811571940604,140976000000.0,4.90534587450887,-8990000000.0,-330.9683604985618,93124000000.0,2.921055249168334
2024-07-01,139.82793825948977,142.16678733289868,139.2160910051069,141.20953369140625,6552400,0.0,0.0,8704000000.0,711.1835973904939,10454000000.0,7.055811571940604,140976000000.0,4.90534587450887,-8990000000.0,-330.9683604985618,93124000000.0,2.921055249168334
2024-07-02,140.75559711056974,142.32469811513954,140.67664664352534,141.3970489501953,5920500,0.0,0.0,8704000000.0,711.1835973904939,10454000000.0,7.055811571940604,140976000000.0,4.90534587450887,-8990000000.0,-330.9683604985618,93124000000.0,2.921055249168334
2024-07-03,141.86086424581973,142.74903058996748,141.61414969930527,142.4825897216797,3560800,0.0,0.0,8704000000.0,711.1835973904939,10454000000.0,7.055811571940604,140976000000.0,4.90534587450887,-8990000000.0,-330.9683604985618,93124000000.0,2.921055249168334
2024-07-05,143.04509968938402,143.8740570017128,142.12732874893322,142.9266815185547,5365500,0.0,0.0,8704000000.0,711.1835973904939,10454000000.0,7.055811571940604,140976000000.0,4.90534587450887,-8990000000.0,-330.9683604985618,93124000000.0,2.921055249168334
2024-07-08,142.85758277499605,143.3214073179555,141.54505960643638,143.12403869628906,8622600,0.0,0.0,8704000000.0,711.1835973904939,10454000000.0,7.055811571940604,140976000000.0,4.90534587450887,-8990000000.0,-330.9683604985618,93124000000.0,2.921055249168334
2024-07-09,143.22275414605565,143.78525556344454,136.18644943969394,138.8312225341797,14334200,0.0,0.0,8704000000.0,711.1835973904939,10454000000.0,7.055811571940604,140976000000.0,4.90534587450887,-8990000000.0,-330.9683604985618,93124000000.0,2.921055249168334
2024-07-10,139.2654297802586,140.50888079789343,137.9035756509247,140.2029571533203,6350300,0.0,0.0,8704000000.0,711.1835973904939,10454000000.0,7.055811571940604,140976000000.0,4.90534587450887,-8990000000.0,-330.9683604985618,93124000000.0,2.921055249168334
2024-07-11,140.88581017549066,141.99420732919285,140.21284397447243,141.2816619873047,5245100,0.4,0.0,8704000000.0,711.1835973904939,10454000000.0,7.055811571940604,140976000000.0,4.90534587450887,-8990000000.0,-330.9683604985618,93124000000.0,2.921055249168334
2024-07-12,141.2321932223214,143.6271314390886,139.79719641366196,143.27085876464844,7361800,0.0,0.0,8704000000.0,711.1835973904939,10454000000.0,7.055811571940604,140976000000.0,4.90534587450887,-8990000000.0,-330.9683604985618,93124000000.0,2.921055249168334
2024-07-15,144.22089826719724,145.0719931973524,140.45035488967912,141.5884552001953,8687800,0.0,0.0,8704000000.0,711.1835973904939,10454000000.0,7.055811571940604,140976000000.0,4.90534587450887,-8990000000.0,-330.9683604985618,93124000000.0,2.921055249168334
2024-07-16,141.58846767176598,142.01400762393766,140.5790258980676,141.1332244873047,7181500,0.0,0.0,8704000000.0,711.1835973904939,10454000000.0,7.055811571940604,140976000000.0,4.90534587450887,-8990000000.0,-330.9683604985618,93124000000.0,2.921055249168334
2024-07-17,139.02526923184251,140.32170124220346,137.2439059310198,137.81790161132812,9157000,0.0,0.0,8704000000.0,711.1835973904939,10454000000.0,7.055811571940604,140976000000.0,4.90534587450887,-8990000000.0,-330.9683604985618,93124000000.0,2.921055249168334
2024-07-18,137.91687614170365,138.60962436205,135.7792401182532,136.60064697265625,5998700,0.0,0.0,8704000000.0,711.1835973904939,10454000000.0,7.055811571940604,140976000000.0,4.90534587450887,-8990000000.0,-330.9683604985618,93124000000.0,2.921055249168334
2024-07-19,136.91735091516034,138.98570472348806,136.6501426167128,137.1251678466797,6111900,0.0,0.0,8704000000.0,711.1835973904939,10454000000.0,7.055811571940604,140976000000.0,4.90534587450887,-8990000000.0,-330.9683604985618,93124000000.0,2.921055249168334
2024-07-22,138.29295064387003,139.22320394243533,137.67936068428034,138.71849060058594,5387200,0.0,0.0,8704000000.0,711.1835973904939,10454000000.0,7.055811571940604,140976000000.0,4.90534587450887,-8990000000.0,-330.9683604985618,93124000000.0,2.921055249168334
2024-07-23,139.83678222470044,141.7368980068939,139.74771783665494,141.62803649902344,6697400,0.0,0.0,8704000000.0,711.1835973904939,10454000000.0,7.055811571940604,140976000000.0,4.90534587450887,-8990000000.0,-330.9683604985618,93124000000.0,2.921055249168334
2024-07-24,140.23262855404639,141.18269395852414,136.96679854592432,137.33297729492188,8018800,0.0,0.0,8704000000.0,711.1835973904939,10454000000.0,7.055811571940604,140976000000.0,4.90534587450887,-8990000000.0,-330.9683604985618,93124000000.0,2.921055249168334
2024-07-25,138.69868083146235,139.60916712708246,136.27405464836536,136.392822265625,7654600,0.0,0.0,8704000000.0,711.1835973904939,10454000000.0,7.055811571940604,140976000000.0,4.90534587450887,-8990000000.0,-330.9683604985618,93124000000.0,2.921055249168334
2024-07-26,137.43193071684547,138.51065472853014,136.9470145628143,137.5704803466797,5139400,0.0,0.0,8704000000.0,711.1835973904939,10454000000.0,7.055811571940604,140976000000.0,4.90534587450887,-8990000000.0,-330.9683604985618,93124000000.0,2.921055249168334
2024-07-29,137.8277967080207,138.33250997759797,136.39281517230827,136.8777313232422,4054600,0.0,0.0,8704000000.0,711.1835973904939,10454000000.0,7.055811571940604,140976000000.0,4.90534587450887,-8990000000.0,-330.9683604985618,93124000000.0,2.921055249168334
2024-07-30,137.62987624907495,138.12469852922416,133.5624365022173,134.26507568359375,6505700,0.0,0.0,8704000000.0,711.1835973904939,10454000000.0,7.055811571940604,140976000000.0,4.90534587450887,-8990000000.0,-330.9683604985618,93124000000.0,2.921055249168334
2024-07-31,138.24345580788147,140.08419535749687,137.22412308371156,138.0059356689453,7188000,0.0,0.0,8704000000.0,711.1835973904939,10454000000.0,7.055811571940604,140976000000.0,4.90534587450887,-8990000000.0,-330.9683604985618,93124000000.0,2.921055249168334
2024-08-01,137.8475953044237,138.9362104490761,134.36405704309357,136.08602905273438,5906800,0.0,0.0,8704000000.0,711.1835973904939,10454000000.0,7.055811571940604,140976000000.0,4.90534587450887,-8990000000.0,-330.9683604985618,93124000000.0,2.921055249168334
2024-08-02,131.3951127593326,132.9092677315265,130.43515632587923,131.8998260498047,8251600,0.0,0.0,8704000000.0,711.1835973904939,10454000000.0,7.055811571940604,140976000000.0,4.90534587450887,-8990000000.0,-330.9683604985618,93124000000.0,2.921055249168334
2024-08-05,126.56565309712023,128.62411577166108,125.34839441148722,126.53596496582031,10355000,0.0,0.0,8704000000.0,711.1835973904939,10454000000.0,7.055811571940604,140976000000.0,4.90534587450887,-8990000000.0,-330.9683604985618,93124000000.0,2.921055249168334
2024-08-06,129.18820585067803,129.6830281752338,126.75368847029983,126.8823471069336,8373900,0.0,0.0,8704000000.0,711.1835973904939,10454000000.0,7.055811571940604,140976000000.0,4.90534587450887,-8990000000.0,-330.9683604985618,93124000000.0,2.921055249168334
2024-08-07,127.58498352268336,128.95069794042735,124.4478118666474,124.59626007080078,8617700,0.0,0.0,8704000000.0,711.1835973904939,10454000000.0,7.055811571940604,140976000000.0,4.90534587450887,-8990000000.0,-330.9683604985618,93124000000.0,2.921055249168334
2024-08-08,126.67451487737772,128.4756753841643,126.32814076083778,127.62458038330078,6243200,0.0,0.0,8704000000.0,711.1835973904939,10454000000.0,7.055811571940604,140976000000.0,4.90534587450887,-8990000000.0,-330.9683604985618,93124000000.0,2.921055249168334
2024-08-09,127.07035636691258,130.99924650610157,127.01098010901494,130.6924591064453,5597300,0.0,0.0,8704000000.0,711.1835973904939,10454000000.0,7.055811571940604,140976000000.0,4.90534587450887,-8990000000.0,-330.9683604985618,93124000000.0,2.921055249168334
2024-08-12,130.88050773165295,131.33575092462766,129.8512839182195,131.20709228515625,5600800,0.0,0.0,8704000000.0,711.1835973904939,10454000000.0,7.055811571940604,140976000000.0,4.90534587450887,-8990000000.0,-330.9683604985618,93124000000.0,2.921055249168334
2024-08-13,131.59303983021147,133.14677395446924,131.43469307464522,132.8696746826172,4324000,0.0,0.0,8704000000.0,711.1835973904939,10454000000.0,7.055811571940604,140976000000.0,4.90534587450887,-8990000000.0,-330.9683604985618,93124000000.0,2.921055249168334
2024-08-14,132.65197283686243,134.56199501632517,132.62228470305348,134.19583129882812,4044600,0.0,0.0,8704000000.0,711.1835973904939,10454000000.0,7.055811571940604,140976000000.0,4.90534587450887,-8990000000.0,-330.9683604985618,93124000000.0,2.921055249168334
2024-08-15,135.51202392578125,135.82871743703146,134.31456245071365,135.51202392578125,4698100,0.0,0.0,8704000000.0,711.1835973904939,10454000000.0,7.055811571940604,140976000000.0,4.90534587450887,-8990000000.0,-330.9683604985618,93124000000.0,2.921055249168334
2024-08-16,135.3734815567631,136.39282941283298,134.97762974722846,136.04644775390625,4893800,0.0,0.0,8704000000.0,711.1835973904939,10454000000.0,7.055811571940604,140976000000.0,4.90534587450887,-8990000000.0,-330.9683604985618,93124000000.0,2.921055249168334
2024-08-19,136.10582995507184,136.52147890345617,135.04691801292637,136.49179077148438,3641600,0.0,0.0,8704000000.0,711.1835973904939,10454000000.0,7.055811571940604,140976000000.0,4.90534587450887,-8990000000.0,-330.9683604985618,93124000000.0,2.921055249168334
2024-08-20,136.3928249208078,138.3424108743748,136.3928249208078,137.7288360595703,3738300,0.0,0.0,8704000000.0,711.1835973904939,10454000000.0,7.055811571940604,140976000000.0,4.90534587450887,-8990000000.0,-330.9683604985618,93124000000.0,2.921055249168334
2024-08-21,137.36268766157494,138.8471547146162,137.11527648606807,138.74818420410156,3776800,0.0,0.0,8704000000.0,711.1835973904939,10454000000.0,7.055811571940604,140976000000.0,4.90534587450887,-8990000000.0,-330.9683604985618,93124000000.0,2.921055249168334
2024-08-22,139.24299530312354,139.61906509175392,136.22457618569703,136.65013122558594,5162200,0.0,0.0,8704000000.0,711.1835973904939,10454000000.0,7.055811571940604,140976000000.0,4.90534587450887,-8990000000.0,-330.9683604985618,93124000000.0,2.921055249168334
2024-08-23,137.29338357369676,138.34240437583827,135.83860488369976,137.74862670898438,4544600,0.0,0.0,8704000000.0,711.1835973904939,10454000000.0,7.055811571940604,140976000000.0,4.90534587450887,-8990000000.0,-330.9683604985618,93124000000.0,2.921055249168334
2024-08-26,137.94655541901636,137.95644642839414,136.75898496024473,137.4616241455078,2729600,0.0,0.0,8704000000.0,711.1835973904939,10454000000.0,7.055811571940604,140976000000.0,4.90534587450887,-8990000000.0,-330.9683604985618,93124000000.0,2.921055249168334
2024-08-27,136.42253930459478,138.05544715536737,136.3136777744912,137.04600524902344,3872200,0.0,0.0,8704000000.0,711.1835973904939,10454000000.0,7.055811571940604,140976000000.0,4.90534587450887,-8990000000.0,-330.9683604985618,93124000000.0,2.921055249168334
2024-08-28,137.3923688720565,137.51112139806693,135.4922529519946,136.45220947265625,3022600,0.0,0.0,8704000000.0,711.1835973904939,10454000000.0,7.055811571940604,140976000000.0,4.90534587450887,-8990000000.0,-330.9683604985618,93124000000.0,2.921055249168334
2024-08-29,137.6991427980529,139.698229027652,137.41215252140458,137.9762420654297,4588400,0.0,0.0,8704000000.0,711.1835973904939,10454000000.0,7.055811571940604,140976000000.0,4.90534587450887,-8990000000.0,-330.9683604985618,93124000000.0,2.921055249168334
2024-08-30,138.87683860956847,140.25244409937676,138.64922456326647,139.82688903808594,7980700,0.0,0.0,8704000000.0,711.1835973904939,10454000000.0,7.055811571940604,140976000000.0,4.90534587450887,-8990000000.0,-330.9683604985618,93124000000.0,2.921055249168334
2024-09-03,138.99559462231193,140.7274728414242,137.39237504601178,138.05543518066406,6831200,0.0,0.0,8704000000.0,711.1835973904939,10454000000.0,7.055811571940604,140976000000.0,4.90534587450887,-8990000000.0,-330.9683604985618,93124000000.0,2.921055249168334
2024-09-04,137.0064038093306,139.63886212656806,136.521472508541,139.29248046875,6243300,0.0,0.0,8704000000.0,711.1835973904939,10454000000.0,7.055811571940604,140976000000.0,4.90534587450887,-8990000000.0,-330.9683604985618,93124000000.0,2.921055249168334
2024-09-05,139.93574781351967,141.79628459234038,138.85703876655614,141.1332244873047,8733200,0.0,0.0,8704000000.0,711.1835973904939,10454000000.0,7.055811571940604,140976000000.0,4.90534587450887,-8990000000.0,-330.9683604985618,93124000000.0,2.921055249168334
2024-09-06,142.30099915853785,142.44945491815292,137.95645970084954,140.3415069580078,11154800,0.0,0.0,8704000000.0,711.1835973904939,10454000000.0,7.055811571940604,140976000000.0,4.90534587450887,-8990000000.0,-330.9683604985618,93124000000.0,2.921055249168334
2024-09-09,141.01445760713688,141.8160672778845,138.06530597052944,138.44137573242188,20233400,0.0,0.0,8704000000.0,711.1835973904939,10454000000.0,7.055811571940604,140976000000.0,4.90534587450887,-8990000000.0,-330.9683604985618,93124000000.0,2.921055249168334
2024-09-10,152.63288214367392,158.85775512244126,151.5343760357019,154.27569580078125,37374200,0.0,0.0,8704000000.0,711.1835973904939,10454000000.0,7.055811571940604,140976000000.0,4.90534587450887,-8990000000.0,-330.9683604985618,93124000000.0,2.921055249168334
2024-09-11,155.15648582982973,157.78894420284172,153.23657280741918,155.55233764648438,12630100,0.0,0.0,8704000000.0,711.1835973904939,10454000000.0,7.055811571940604,140976000000.0,4.90534587450887,-8990000000.0,-330.9683604985618,93124000000.0,2.921055249168334
2024-09-12,157.39306725365512,160.6588973856278,156.26487303724033,159.70884704589844,16161300,0.0,0.0,8704000000.0,711.1835973904939,10454000000.0,7.055811571940604,140976000000.0,4.90534587450887,-8990000000.0,-330.9683604985618,93124000000.0,2.921055249168334
2024-09-13,171.90126237730274,172.13878251534098,159.33277909608978,160.35211181640625,25727800,0.0,0.0,8704000000.0,711.1835973904939,10454000000.0,7.055811571940604,140976000000.0,4.90534587450887,-8990000000.0,-330.9683604985618,93124000000.0,2.921055249168334
2024-09-16,163.28147848856773,172.18828046123627,162.8064381774644,168.56617736816406,27384400,0.0,0.0,8704000000.0,711.1835973904939,10454000000.0,7.055811571940604,140976000000.0,4.90534587450887,-8990000000.0,-330.9683604985618,93124000000.0,2.921055249168334
2024-09-17,168.51669317352892,168.87296585870513,165.0430458186456,165.7357940673828,12580100,0.0,0.0,8704000000.0,711.1835973904939,10454000000.0,7.055811571940604,140976000000.0,4.90534587450887,-8990000000.0,-330.9683604985618,93124000000.0,2.921055249168334
2024-09-18,165.88424679708254,165.88424679708254,162.03452935530717,162.8262481689453,12274400,0.0,0.0,8704000000.0,711.1835973904939,10454000000.0,7.055811571940604,140976000000.0,4.90534587450887,-8990000000.0,-330.9683604985618,93124000000.0,2.921055249168334
2024-09-19,165.5180624178175,166.4186426446962,162.80643072727824,165.8545379638672,10075900,0.0,0.0,8704000000.0,711.1835973904939,10454000000.0,7.055811571940604,140976000000.0,4.90534587450887,-8990000000.0,-330.9683604985618,93124000000.0,2.921055249168334
2024-09-20,165.39931367722428,167.08170654671406,164.87480322557357,166.2602996826172,12187700,0.0,0.0,8704000000.0,711.1835973904939,10454000000.0,7.055811571940604,140976000000.0,4.90534587450887,-8990000000.0,-330.9683604985618,93124000000.0,2.921055249168334
2024-09-23,165.49826551150173,165.59723601377553,162.5590197831562,164.2315216064453,7916100,0.0,0.0,8704000000.0,711.1835973904939,10454000000.0,7.055811571940604,140976000000.0,4.90534587450887,-8990000000.0,-330.9683604985618,93124000000.0,2.921055249168334
2024-09-24,164.02369259098418,164.37996523179393,162.22253226778565,164.08306884765625,6155100,0.0,0.0,8704000000.0,711.1835973904939,10454000000.0,7.055811571940604,140976000000.0,4.90534587450887,-8990000000.0,-330.9683604985618,93124000000.0,2.921055249168334
2024-09-25,165.95350800088912,167.0025288772677,163.94453063934634,164.55810546875,7142400,0.0,0.0,8704000000.0,711.1835973904939,10454000000.0,7.055811571940604,140976000000.0,4.90534587450887,-8990000000.0,-330.9683604985618,93124000000.0,2.921055249168334
2024-09-26,165.91391602476816,166.61657035575678,164.75603362083925,166.35926818847656,7096800,0.0,0.0,8704000000.0,711.1835973904939,10454000000.0,7.055811571940604,140976000000.0,4.90534587450887,-8990000000.0,-330.9683604985618,93124000000.0,2.921055249168334
2024-09-27,166.3493671745935,167.3588089554011,164.78572680064582,166.99264526367188,8974400,0.0,0.0,8704000000.0,711.1835973904939,10454000000.0,7.055811571940604,140976000000.0,4.90534587450887,-8990000000.0,-330.9683604985618,93124000000.0,2.921055249168334
2024-09-30,167.7447780732626,168.75421990404573,164.7263586924963,168.6354522705078,10210300,0.0,0.0,8704000000.0,711.1835973904939,10454000000.0,7.055811571940604,140976000000.0,4.90534587450887,-8990000000.0,-330.9683604985618,93124000000.0,2.921055249168334
2024-10-01,168.45729548415426,168.7442857575661,164.25130617224383,165.42898559570312,7595100,0.0,0.0,8704000000.0,711.1835973904939,10454000000.0,7.055811571940604,140976000000.0,4.90534587450887,-8990000000.0,-330.9683604985618,93124000000.0,2.921055249168334
2024-10-02,165.86443561264556,167.42806074117055,165.5378510931604,165.97329711914062,7073000,0.0,0.0,8704000000.0,711.1835973904939,10454000000.0,7.055811571940604,140976000000.0,4.90534587450887,-8990000000.0,-330.9683604985618,93124000000.0,2.921055249168334
2024-10-03,165.16178346627234,166.12173991759775,164.5185205291391,165.13209533691406,4735700,0.0,0.0,8704000000.0,711.1835973904939,10454000000.0,7.055811571940604,140976000000.0,4.90534587450887,-8990000000.0,-330.9683604985618,93124000000.0,2.921055249168334
2024-10-04,166.96293799113334,169.13024686210522,166.4285214798864,169.09066772460938,6386900,0.0,0.0,8704000000.0,711.1835973904939,10454000000.0,7.055811571940604,140976000000.0,4.90534587450887,-8990000000.0,-330.9683604985618,93124000000.0,2.921055249168334
2024-10-07,168.6552216689718,170.54544637547755,167.7942357464469,168.2098846435547,6791000,0.0,0.0,8704000000.0,711.1835973904939,10454000000.0,7.055811571940604,140976000000.0,4.90534587450887,-8990000000.0,-330.9683604985618,93124000000.0,2.921055249168334
2024-10-08,168.83336670534464,172.83152405330463,168.67501995275003,172.56431579589844,7845400,0.0,0.0,8704000000.0,711.1835973904939,10454000000.0,7.055811571940604,140976000000.0,4.90534587450887,-8990000000.0,-330.9683604985618,93124000000.0,2.921055249168334
2024-10-09,172.75237046901728,176.7604343861989,172.01013696956804,176.44374084472656,8120900,0.0,0.0,8704000000.0,711.1835973904939,10454000000.0,7.055811571940604,140976000000.0,4.90534587450887,-8990000000.0,-330.9683604985618,93124000000.0,2.921055249168334
2024-10-10,176.20568085691735,176.85040536974185,172.7638911092374,173.98390197753906,7115900,0.4,0.0,8704000000.0,711.1835973904939,10454000000.0,7.055811571940604,140976000000.0,4.90534587450887,-8990000000.0,-330.9683604985618,93124000000.0,2.921055249168334
2024-10-11,174.07317903063762,175.56098397961745,172.9821160141586,174.3409881591797,5869400,0.0,0.0,8704000000.0,711.1835973904939,10454000000.0,7.055811571940604,140976000000.0,4.90534587450887,-8990000000.0,-330.9683604985618,93124000000.0,2.921055249168334
2024-10-14,175.1146375463625,175.77918857713868,174.07317110256278,174.68812561035156,4688700,0.0,0.0,8704000000.0,711.1835973904939,10454000000.0,7.055811571940604,140976000000.0,4.90534587450887,-8990000000.0,-330.9683604985618,93124000000.0,2.921055249168334
2024-10-15,175.50145675799322,176.77104897747702,172.33738945945373,172.67462158203125,5848600,0.0,0.0,8704000000.0,711.1835973904939,10454000000.0,7.055811571940604,140976000000.0,4.90534587450887,-8990000000.0,-330.9683604985618,93124000000.0,2.921055249168334
2024-10-16,172.08942683023614,173.4879670149101,170.24454821963505,173.34910583496094,6383000,0.0,0.0,8704000000.0,711.1835973904939,10454000000.0,7.055811571940604,140976000000.0,4.90534587450887,-8990000000.0,-330.9683604985618,93124000000.0,2.921055249168334
2024-10-17,176.05690417674626,176.3048716474177,173.7160906482182,174.25169372558594,5474000,0.0,0.0,8704000000.0,711.1835973904939,10454000000.0,7.055811571940604,140976000000.0,4.90534587450887,-8990000000.0,-330.9683604985618,93124000000.0,2.921055249168334
2024-10-18,175.36259084206685,175.5312068987981,173.16063858519342,173.26974487304688,5001300,0.0,0.0,8704000000.0,711.1835973904939,10454000000.0,7.055811571940604,140976000000.0,4.90534587450887,-8990000000.0,-330.9683604985618,93124000000.0,2.921055249168334
2024-10-21,173.03169793818756,173.7260038288425,171.75219244931876,172.34730529785156,4198400,0.0,0.0,8704000000.0,711.1835973904939,10454000000.0,7.055811571940604,140976000000.0,4.90534587450887,-8990000000.0,-330.9683604985618,93124000000.0,2.921055249168334
2024-10-22,174.02356576633565,174.42032279540757,172.86307983392487,173.88470458984375,5510100,0.0,0.0,8704000000.0,711.1835973904939,10454000000.0,7.055811571940604,140976000000.0,4.90534587450887,-8990000000.0,-330.9683604985618,93124000000.0,2.921055249168334
2024-10-23,173.08129981253992,174.6385428405685,171.60340819371666,171.69268798828125,4830400,0.0,0.0,8704000000.0,711.1835973904939,10454000000.0,7.055811571940604,140976000000.0,4.90534587450887,-8990000000.0,-330.9683604985618,93124000000.0,2.921055249168334
2024-10-24,171.9109005872065,173.52763825379046,171.50423029053712,172.9622802734375,3488000,0.0,0.0,8704000000.0,711.1835973904939,10454000000.0,7.055811571940604,140976000000.0,4.90534587450887,-8990000000.0,-330.9683604985618,93124000000.0,2.921055249168334
2024-10-25,173.35900343641603,174.8567213945795,171.69266942744466,172.1092529296875,3674700,0.0,0.0,8704000000.0,711.1835973904939,10454000000.0,7.055811571940604,140976000000.0,4.90534587450887,-8990000000.0,-330.9683604985618,93124000000.0,2.921055249168334
2024-10-28,172.63495649082546,172.75397603389675,170.740481378363,171.01820373535156,4330000,0.0,0.0,8704000000.0,711.1835973904939,10454000000.0,7.055811571940604,140976000000.0,4.90534587450887,-8990000000.0,-330.9683604985618,93124000000.0,2.921055249168334
2024-10-29,170.88925793620754,172.605203755441,170.88925793620754,172.01998901367188,4122900,0.0,0.0,8704000000.0,711.1835973904939,10454000000.0,7.055811571940604,140976000000.0,4.90534587450887,-8990000000.0,-330.9683604985618,93124000000.0,2.921055249168334
2024-10-30,172.565521744699,174.72780600653937,171.38519413680362,173.14080810546875,5822500,0.0,0.0,8704000000.0,711.1835973904939,10454000000.0,7.055811571940604,140976000000.0,4.90534587450887,-8990000000.0,-330.9683604985618,93124000000.0,2.921055249168334
2024-10-31,169.13366794178947,169.49074172882007,166.03902340927945,166.47544860839844,9477500,0.0,0.0,8704000000.0,711.1835973904939,10454000000.0,7.055811571940604,140976000000.0,4.90534587450887,-8990000000.0,-330.9683604985618,93124000000.0,2.921055249168334
2024-11-01,168.76665862637245,170.86943312088388,167.72520733178337,168.63772583007812,5680600,0.0,0.0,8704000000.0,711.1835973904939,10454000000.0,7.055811571940604,140976000000.0,4.90534587450887,-8990000000.0,-330.9683604985618,93124000000.0,2.921055249168334
2024-11-04,168.9253596946448,169.093975760925,167.35820344160518,168.21121215820312,4804400,0.0,0.0,8704000000.0,711.1835973904939,10454000000.0,7.055811571940604,140976000000.0,4.90534587450887,-8990000000.0,-330.9683604985618,93124000000.0,2.921055249168334
2024-11-05,169.08406046529913,170.49251388548603,168.93528603647894,170.38340759277344,5456800,0.0,0.0,8704000000.0,711.1835973904939,10454000000.0,7.055811571940604,140976000000.0,4.90534587450887,-8990000000.0,-330.9683604985618,93124000000.0,2.921055249168334
2024-11-06,177.06862261267798,180.6195187475909,175.9775596452036,179.76651000976562,11085000,0.0,0.0,8704000000.0,711.1835973904939,10454000000.0,7.055811571940604,140976000000.0,4.90534587450887,-8990000000.0,-330.9683604985618,93124000000.0,2.921055249168334
2024-11-07,179.60779717203337,185.1523460912729,179.07217896888145,184.8547821044922,7759400,0.0,0.0,8704000000.0,711.1835973904939,10454000000.0,7.055811571940604,140976000000.0,4.90534587450887,-8990000000.0,-330.9683604985618,93124000000.0,2.921055249168334
2024-11-08,184.74568353278767,188.61398525309443,184.74568353278767,187.7113800048828,8520400,0.0,0.0,8704000000.0,711.1835973904939,10454000000.0,7.055811571940604,140976000000.0,4.90534587450887,-8990000000.0,-330.9683604985618,93124000000.0,2.921055249168334
2024-11-11,189.496734452903,189.94307285040918,186.31282563252506,187.59234619140625,5973600,0.0,0.0,8704000000.0,711.1835973904939,10454000000.0,7.055811571940604,140976000000.0,4.90534587450887,-8990000000.0,-330.9683604985618,93124000000.0,2.921055249168334
2024-11-12,187.00714312402525,189.06032106893198,185.67804109862482,188.0386962890625,6629900,0.0,0.0,8704000000.0,711.1835973904939,10454000000.0,7.055811571940604,140976000000.0,4.90534587450887,-8990000000.0,-330.9683604985618,93124000000.0,2.921055249168334
2024-11-13,187.46340449541634,190.21088825934424,187.2551051644722,188.08828735351562,5695400,0.0,0.0,8704000000.0,711.1835973904939,10454000000.0,7.055811571940604,140976000000.0,4.90534587450887,-8990000000.0,-330.9683604985618,93124000000.0,2.921055249168334
2024-11-14,187.12616209907912,188.04859375826047,185.19201899536645,185.5292510986328,7804300,0.0,0.0,8704000000.0,711.1835973904939,10454000000.0,7.055811571940604,140976000000.0,4.90534587450887,-8990000000.0,-330.9683604985618,93124000000.0,2.921055249168334
2024-11-15,183.0198273091896,184.28941949496135,180.84762993572195,182.2461700439453,8986300,0.0,0.0,8704000000.0,711.1835973904939,10454000000.0,7.055811571940604,140976000000.0,4.90534587450887,-8990000000.0,-330.9683604985618,93124000000.0,2.921055249168334
2024-11-18,182.80161931830247,184.66632437463707,181.39316592484633,184.21998596191406,6289400,0.0,0.0,8704000000.0,711.1835973904939,10454000000.0,7.055811571940604,140976000000.0,4.90534587450887,-8990000000.0,-330.9683604985618,93124000000.0,2.921055249168334
2024-11-19,183.38681931342973,187.78081069931312,182.82146135865602,187.3642120361328,8117000,0.0,0.0,8704000000.0,711.1835973904939,10454000000.0,7.055811571940604,140976000000.0,4.90534587450887,-8990000000.0,-330.9683604985618,93124000000.0,2.921055249168334
2024-11-20,189.34794739652108,189.4173855503574,186.29300159184191,189.1991729736328,4860200,0.0,0.0,8704000000.0,711.1835973904939,10454000000.0,7.055811571940604,140976000000.0,4.90534587450887,-8990000000.0,-330.9683604985618,93124000000.0,2.921055249168334
2024-11-21,190.3795177101621,194.44617536206772,190.08195370277045,190.8655242919922,11394300,0.0,0.0,8704000000.0,711.1835973904939,10454000000.0,7.055811571940604,140976000000.0,4.90534587450887,-8990000000.0,-330.9683604985618,93124000000.0,2.921055249168334
2024-11-22,191.4308883323069,192.62112917063882,189.50665832854918,190.72665405273438,6879400,0.0,0.0,8704000000.0,711.1835973904939,10454000000.0,7.055811571940604,140976000000.0,4.90534587450887,-8990000000.0,-330.9683604985618,93124000000.0,2.921055249168334
2024-11-25,192.91869161427334,193.16665908421456,186.4616241455078,186.4616241455078,15138500,0.0,0.0,8704000000.0,711.1835973904939,10454000000.0,7.055811571940604,140976000000.0,4.90534587450887,-8990000000.0,-330.9683604985618,93124000000.0,2.921055249168334
2024-11-26,186.78894446357603,190.8357602856836,186.78894446357603,188.822265625,6427200,0.0,0.0,8704000000.0,711.1835973904939,10454000000.0,7.055811571940604,140976000000.0,4.90534587450887,-8990000000.0,-330.9683604985618,93124000000.0,2.921055249168334
2024-11-27,187.42374547023482,187.42374547023482,180.73853680631038,181.21463012695312,8368800,0.0,0.0,8704000000.0,711.1835973904939,10454000000.0,7.055811571940604,140976000000.0,4.90534587450887,-8990000000.0,-330.9683604985618,93124000000.0,2.921055249168334
2024-11-29,182.51398063779789,184.41836909001574,182.50406738698763,183.3372344970703,4628000,0.0,0.0,8704000000.0,711.1835973904939,10454000000.0,7.055811571940604,140976000000.0,4.90534587450887,-8990000000.0,-330.9683604985618,93124000000.0,2.921055249168334
2024-12-02,183.78356449448228,183.78356449448228,179.52844934336153,179.93511962890625,8859700,0.0,0.0,8704000000.0,711.1835973904939,10454000000.0,7.055811571940604,140976000000.0,4.90534587450887,-8990000000.0,-330.9683604985618,93124000000.0,2.921055249168334
2024-12-03,179.7069720699269,181.5518505954087,177.65380935149796,181.403076171875,8917100,0.0,0.0,8704000000.0,711.1835973904939,10454000000.0,7.055811571940604,140976000000.0,4.90534587450887,-8990000000.0,-330.9683604985618,93124000000.0,2.921055249168334
2024-12-04,186.4715307113633,188.24697107321566,184.3885979846305,186.6599884033203,8906300,0.0,0.0,8704000000.0,711.1835973904939,10454000000.0,7.055811571940604,140976000000.0,4.90534587450887,-8990000000.0,-330.9683604985618,93124000000.0,2.921055249168334
2024-12-05,187.48325778112937,187.48325778112937,184.33903192968245,184.72586059570312,6398100,0.0,0.0,8704000000.0,711.1835973904939,10454000000.0,7.055811571940604,140976000000.0,4.90534587450887,-8990000000.0,-330.9683604985618,93124000000.0,2.921055249168334
2024-12-06,185.47967370756808,191.06390616016742,184.86471920470058,190.1315460205078,10503400,0.0,0.0,8704000000.0,711.1835973904939,10454000000.0,7.055811571940604,140976000000.0,4.90534587450887,-8990000000.0,-330.9683604985618,93124000000.0,2.921055249168334
2024-12-09,194.7040560482149,196.69770901322482,187.3939649070461,188.901611328125,20158000,0.0,0.0,8704000000.0,711.1835973904939,10454000000.0,7.055811571940604,140976000000.0,4.90534587450887,-8990000000.0,-330.9683604985618,93124000000.0,2.921055249168334
2024-12-10,172.04975065005058,176.35446216195507,169.66925393184295,176.29495239257812,26502000,0.0,0.0,8704000000.0,711.1835973904939,10454000000.0,7.055811571940604,140976000000.0,4.90534587450887,-8990000000.0,-330.9683604985618,93124000000.0,2.921055249168334
2024-12-11,176.55284169523452,179.9053667907644,173.40861593739191,177.1281280517578,13188700,0.0,0.0,8704000000.0,711.1835973904939,10454000000.0,7.055811571940604,140976000000.0,4.90534587450887,-8990000000.0,-330.9683604985618,93124000000.0,2.921055249168334
2024-12-12,176.5528421277637,176.7214581945267,173.3887747265009,173.89463806152344,8154200,0.0,0.0,8704000000.0,711.1835973904939,10454000000.0,7.055811571940604,140976000000.0,4.90534587450887,-8990000000.0,-330.9683604985618,93124000000.0,2.921055249168334
2024-12-13,173.5772426587483,174.70797380553591,170.24455899431095,171.98033142089844,8351100,0.0,0.0,8704000000.0,711.1835973904939,10454000000.0,7.055811571940604,140976000000.0,4.90534587450887,-8990000000.0,-330.9683604985618,93124000000.0,2.921055249168334
2024-12-16,172.4266563591858,172.85316827777655,169.54031137517399,169.83787536621094,9572000,0.0,0.0,8704000000.0,711.1835973904939,10454000000.0,7.055811571940604,140976000000.0,4.90534587450887,-8990000000.0,-330.9683604985618,93124000000.0,2.921055249168334
2024-12-17,169.36178399971587,171.58357800552218,167.8938207977951,168.3302459716797,8940200,0.0,0.0,8704000000.0,711.1835973904939,10454000000.0,7.055811571940604,140976000000.0,4.90534587450887,-8990000000.0,-330.9683604985618,93124000000.0,2.921055249168334
2024-12-18,168.03268033346356,169.837875648551,164.0156042846199,164.06520080566406,8817900,0.0,0.0,8704000000.0,711.1835973904939,10454000000.0,7.055811571940604,140976000000.0,4.90534587450887,-8990000000.0,-330.9683604985618,93124000000.0,2.921055249168334
2024-12-19,166.1878155399138,169.60976388968868,166.039025964433,167.417724609375,8386400,0.0,0.0,8704000000.0,711.1835973904939,10454000000.0,7.055811571940604,140976000000.0,4.90534587450887,-8990000000.0,-330.9683604985618,93124000000.0,2.921055249168334
2024-12-20,166.36633808419697,169.8676377044943,164.28342032502044,168.28065490722656,13810500,0.0,0.0,8704000000.0,711.1835973904939,10454000000.0,7.055811571940604,140976000000.0,4.90534587450887,-8990000000.0,-330.9683604985618,93124000000.0,2.921055249168334
2024-12-23,168.21121575547375,168.24097064223403,165.81089237016474,167.76487731933594,6518200,0.0,0.0,8704000000.0,711.1835973904939,10454000000.0,7.055811571940604,140976000000.0,4.90534587450887,-8990000000.0,-330.9683604985618,93124000000.0,2.921055249168334
2024-12-24,168.32031431597846,170.37349221647744,167.6557633176517,170.01641845703125,2451500,0.0,0.0,8704000000.0,711.1835973904939,10454000000.0,7.055811571940604,140976000000.0,4.90534587450887,-8990000000.0,-330.9683604985618,93124000000.0,2.921055249168334
2024-12-26,169.11381103560325,171.14714727441486,169.11381103560325,170.28421020507812,4100100,0.0,0.0,8704000000.0,711.1835973904939,10454000000.0,7.055811571940604,140976000000.0,4.90534587450887,-8990000000.0,-330.9683604985618,93124000000.0,2.921055249168334
2024-12-27,168.9948029671581,169.75853191376692,165.84064872994972,167.5863494873047,4344300,0.0,0.0,8704000000.0,711.1835973904939,10454000000.0,7.055811571940604,140976000000.0,4.90534587450887,-8990000000.0,-330.9683604985618,93124000000.0,2.921055249168334
2024-12-30,165.15625199142386,166.5448789355509,163.21219545827304,165.55300903320312,5254800,0.0,0.0,8704000000.0,711.1835973904939,10454000000.0,7.055811571940604,140976000000.0,4.90534587450887,-8990000000.0,-330.9683604985618,93124000000.0,2.921055249168334
2024-12-31,165.84064675719685,165.93983980258807,164.4917030674389,165.2852020263672,4307500,0.0,0.0,8704000000.0,711.1835973904939,10454000000.0,7.055811571940604,140976000000.0,4.90534587450887,-8990000000.0,-330.9683604985618,93124000000.0,2.921055249168334
2025-01-02,167.14992205550263,167.3185381246243,163.55934267712627,164.68016052246094,5360800,0.0,0.0,8704000000.0,711.1835973904939,10454000000.0,7.055811571940604,140976000000.0,4.90534587450887,-8990000000.0,-330.9683604985618,93124000000.0,2.921055249168334
2025-01-03,165.34471950750924,165.84065448811648,163.92635272764508,164.9678192138672,5876000,0.0,0.0,8704000000.0,711.1835973904939,10454000000.0,7.055811571940604,140976000000.0,4.90534587450887,-8990000000.0,-330.9683604985618,93124000000.0,2.921055249168334
2025-01-06,165.94975041903254,166.6837395929687,163.84699107577438,164.34292602539062,6845400,0.0,0.0,8704000000.0,711.1835973904939,10454000000.0,7.055811571940604,140976000000.0,4.90534587450887,-8990000000.0,-330.9683604985618,93124000000.0,2.921055249168334
2025-01-07,164.2338181369983,164.80910448913733,160.00845785578414,160.71267700195312,7712200,0.0,0.0,8704000000.0,711.1835973904939,10454000000.0,7.055811571940604,140976000000.0,4.90534587450887,-8990000000.0,-330.9683604985618,93124000000.0,2.921055249168334
2025-01-08,160.8614578765145,162.64682677628247,160.11755542950567,161.81365966796875,7596200,0.0,0.0,8704000000.0,711.1835973904939,10454000000.0,7.055811571940604,140976000000.0,4.90534587450887,-8990000000.0,-330.9683604985618,93124000000.0,2.921055249168334
2025-01-10,158.29381918067168,158.29381918067168,153.0438745320175,153.62057495117188,13593900,0.4,0.0,8704000000.0,711.1835973904939,10454000000.0,7.055811571940604,140976000000.0,4.90534587450887,-8990000000.0,-330.9683604985618,93124000000.0,2.921055249168334
2025-01-13,152.8648856394577,153.2725403041367,151.55239206946808,153.04385375976562,8828500,0.0,0.0,8704000000.0,711.1835973904939,10454000000.0,7.055811571940604,140976000000.0,4.90534587450887,-8990000000.0,-330.9683604985618,93124000000.0,2.921055249168334
2025-01-14,155.52963203871025,156.35490937464246,153.47142267911414,155.42025756835938,7410200,0.0,0.0,8704000000.0,711.1835973904939,10454000000.0,7.055811571940604,140976000000.0,4.90534587450887,-8990000000.0,-330.9683604985618,93124000000.0,2.921055249168334
2025-01-15,157.76682594733794,158.24408947085226,156.3648482268349,157.40887451171875,10701200,0.0,0.0,8704000000.0,711.1835973904939,10454000000.0,7.055811571940604,140976000000.0,4.90534587450887,-8990000000.0,-330.9683604985618,93124000000.0,2.921055249168334
2025-01-16,159.23839484564448,160.58071650127067,157.50830891040516,158.63186645507812,9210600,0.0,0.0,8704000000.0,711.1835973904939,10454000000.0,7.055811571940604,140976000000.0,4.90534587450887,-8990000000.0,-330.9683604985618,93124000000.0,2.921055249168334
2025-01-17,160.84918131490988,162.23126858664298,159.6261717647216,160.11338806152344,11618300,0.0,0.0,8704000000.0,711.1835973904939,10454000000.0,7.055811571940604,140976000000.0,4.90534587450887,-8990000000.0,-330.9683604985618,93124000000.0,2.921055249168334
2025-01-21,162.93723185063882,172.38315696630215,161.82361184991655,171.5877227783203,30232000,0.0,0.0,8704000000.0,711.1835973904939,10454000000.0,7.055811571940604,140976000000.0,4.90534587450887,-8990000000.0,-330.9683604985618,93124000000.0,2.921055249168334
2025-01-22,190.4198998701649,190.89717858446153,179.54218422268994,183.17140197753906,48028500,0.0,0.0,8704000000.0,711.1835973904939,10454000000.0,7.055811571940604,140976000000.0,4.90534587450887,-8990000000.0,-330.9683604985618,93124000000.0,2.921055249168334
2025-01-23,180.60607589507862,185.50802144774465,180.46687340401348,185.40858459472656,17314600,0.0,0.0,8704000000.0,711.1835973904939,10454000000.0,7.055811571940604,140976000000.0,4.90534587450887,-8990000000.0,-330.9683604985618,93124000000.0,2.921055249168334
2025-01-24,187.56623664733854,188.02362494479266,180.83476809570334,182.554931640625,12147200,0.0,0.0,8704000000.0,711.1835973904939,10454000000.0,7.055811571940604,140976000000.0,4.90534587450887,-8990000000.0,-330.9683604985618,93124000000.0,2.921055249168334
2025-01-27,167.938587976674,171.53799267159073,151.79103837766434,157.37904357910156,42201600,0.0,0.0,8704000000.0,711.1835973904939,10454000000.0,7.055811571940604,140976000000.0,4.90534587450887,-8990000000.0,-330.9683604985618,93124000000.0,2.921055249168334
2025-01-28,162.06223710724748,164.88606767589084,155.85775084611845,163.0664825439453,20319300,0.0,0.0,8704000000.0,711.1835973904939,10454000000.0,7.055811571940604,140976000000.0,4.90534587450887,-8990000000.0,-330.9683604985618,93124000000.0,2.921055249168334
2025-01-29,163.096316389992,163.096316389992,159.09919456112104,161.09776306152344,9866600,0.0,0.0,8704000000.0,711.1835973904939,10454000000.0,7.055811571940604,140976000000.0,4.90534587450887,-8990000000.0,-330.9683604985618,93124000000.0,2.921055249168334
2025-01-30,163.84204163874145,170.51385379770468,163.16591960254325,169.41017150878906,14981700,0.0,0.0,8704000000.0,711.1835973904939,10454000000.0,7.055811571940604,140976000000.0,4.90534587450887,-8990000000.0,-330.9683604985618,93124000000.0,2.921055249168334
2025-01-31,169.43999377500214,172.0152473043643,168.16728102026204,169.09197998046875,8704600,0.0,0.0,8704000000.0,711.1835973904939,10454000000.0,7.055811571940604,140976000000.0,4.90534587450887,-8990000000.0,-330.9683604985618,93124000000.0,2.921055249168334
2025-02-03,162.27103323283944,168.93289259422738,162.27103323283944,167.6403045654297,8250600,0.0,0.0,8704000000.0,711.1835973904939,10454000000.0,7.055811571940604,140976000000.0,4.90534587450887,-8990000000.0,-330.9683604985618,93124000000.0,2.921055249168334
2025-02-04,169.4300486289278,169.4300486289278,165.403114043906,166.93434143066406,6777000,0.0,0.0,8704000000.0,711.1835973904939,10454000000.0,7.055811571940604,140976000000.0,4.90534587450887,-8990000000.0,-330.9683604985618,93124000000.0,2.921055249168334
2025-02-05,168.02809166525253,170.91157840664363,167.56076575467802,170.68289184570312,7866700,0.0,0.0,8704000000.0,711.1835973904939,10454000000.0,7.055811571940604,140976000000.0,4.90534587450887,-8990000000.0,-330.9683604985618,93124000000.0,2.921055249168334
2025-02-06,172.0152515287562,174.65016116259105,170.59339863968805,171.36895751953125,7036900,0.0,0.0,8704000000.0,711.1835973904939,10454000000.0,7.055811571940604,140976000000.0,4.90534587450887,-8990000000.0,-330.9683604985618,93124000000.0,2.921055249168334
2025-02-07,174.00386901161866,176.38026410152858,172.19422149136983,173.46694946289062,9991300,0.0,0.0,8704000000.0,711.1835973904939,10454000000.0,7.055811571940604,140976000000.0,4.90534587450887,-8990000000.0,-330.9683604985618,93124000000.0,2.921055249168334
2025-02-10,174.998173328827,178.96546692471162,173.92431908094994,177.90155029296875,7625900,0.0,0.0,8704000000.0,711.1835973904939,10454000000.0,7.055811571940604,140976000000.0,4.90534587450887,-8990000000.0,-330.9683604985618,93124000000.0,2.921055249168334
2025-02-11,176.60895683947055,178.10041862610345,175.44561846652897,176.18141174316406,6528800,0.0,0.0,8704000000.0,711.1835973904939,10454000000.0,7.055811571940604,140976000000.0,4.90534587450887,-8990000000.0,-330.9683604985618,93124000000.0,2.921055249168334
2025-02-12,173.8945004744925,173.8945004744925,169.7383009154625,171.2397003173828,7454800,0.0,0.0,8704000000.0,711.1835973904939,10454000000.0,7.055811571940604,140976000000.0,4.90534587450887,-8990000000.0,-330.9683604985618,93124000000.0,2.921055249168334
2025-02-13,172.01525598053516,173.38740565204606,171.1203849950746,172.870361328125,6421700,0.0,0.0,8704000000.0,711.1835973904939,10454000000.0,7.055811571940604,140976000000.0,4.90534587450887,-8990000000.0,-330.9683604985618,93124000000.0,2.921055249168334
2025-02-14,173.25813945898588,174.03369835299594,171.82633375560312,173.1686553955078,7260900,0.0,0.0,8704000000.0,711.1835973904939,10454000000.0,7.055811571940604,140976000000.0,4.90534587450887,-8990000000.0,-330.9683604985618,93124000000.0,2.921055249168334
2025-02-18,175.74390838684306,181.2026638178693,175.08766157989123,178.77655029296875,11430500,0.0,0.0,8704000000.0,711.1835973904939,10454000000.0,7.055811571940604,140976000000.0,4.90534587450887,-8990000000.0,-330.9683604985618,93124000000.0,2.921055249168334
2025-02-19,177.56350303510627,180.64584836001646,174.6998914856216,180.4867706298828,8688500,0.0,0.0,8704000000.0,711.1835973904939,10454000000.0,7.055811571940604,140976000000.0,4.90534587450887,-8990000000.0,-330.9683604985618,93124000000.0,2.921055249168334
2025-02-20,178.78649474146502,179.24388303492213,173.43711357384348,174.99818420410156,8737000,0.0,0.0,8704000000.0,711.1835973904939,10454000000.0,7.055811571940604,140976000000.0,4.90534587450887,-8990000000.0,-330.9683604985618,93124000000.0,2.921055249168334
2025-02-21,175.11749314363473,175.87317681732765,166.5962827849795,166.85479736328125,9713900,0.0,0.0,8704000000.0,711.1835973904939,10454000000.0,7.055811571940604,140976000000.0,4.90534587450887,-8990000000.0,-330.9683604985618,93124000000.0,2.921055249168334
2025-02-24,172.5820209173995,173.17859652462076,163.7227343269696,168.99256896972656,10639100,0.0,0.0,8704000000.0,711.1835973904939,10454000000.0,7.055811571940604,140976000000.0,4.90534587450887,-8990000000.0,-330.9683604985618,93124000000.0,2.921055249168334
2025-02-25,168.3263736069942,169.6289296686276,163.5039895128552,167.5806427001953,8316100,0.0,0.0,8704000000.0,711.1835973904939,10454000000.0,7.055811571940604,140976000000.0,4.90534587450887,-8990000000.0,-330.9683604985618,93124000000.0,2.921055249168334
2025-02-26,170.0067419201749,172.88029083035477,168.16728160930148,171.48826599121094,6915100,0.0,0.0,8704000000.0,711.1835973904939,10454000000.0,7.055811571940604,140976000000.0,4.90534587450887,-8990000000.0,-330.9683604985618,93124000000.0,2.921055249168334
2025-02-27,172.01526110487677,173.86467434559847,163.6431906798264,163.82215881347656,7436800,0.0,0.0,8704000000.0,711.1835973904939,10454000000.0,7.055811571940604,140976000000.0,4.90534587450887,-8990000000.0,-330.9683604985618,93124000000.0,2.921055249168334
2025-02-28,162.18155619018285,165.20424541897216,159.89464507019983,165.11476135253906,12843300,0.0,0.0,8704000000.0,711.1835973904939,10454000000.0,7.055811571940604,140976000000.0,4.90534587450887,-8990000000.0,-330.9683604985618,93124000000.0,2.921055249168334
2025-03-03,165.99969350859632,166.16872402346775,160.21282967664723,161.09776306152344,8081800,0.0,0.0,8704000000.0,711.1835973904939,10454000000.0,7.055811571940604,140976000000.0,4.90534587450887,-8990000000.0,-330.9683604985618,93124000000.0,2.921055249168334
2025-03-04,158.31369286586863,158.8506124148891,152.6461413065042,156.5736541748047,13171900,0.0,0.0,8704000000.0,711.1835973904939,10454000000.0,7.055811571940604,140976000000.0,4.90534587450887,-8990000000.0,-330.9683604985618,93124000000.0,2.921055249168334
2025-03-05,157.1602883036168,161.56507974318575,156.1560428883873,160.64036560058594,7141000,0.0,0.0,8704000000.0,711.1835973904939,10454000000.0,7.055811571940604,140976000000.0,4.90534587450887,-8990000000.0,-330.9683604985618,93124000000.0,2.921055249168334
2025-03-06,156.2654217021544,156.2654217021544,148.87770665957765,150.08082580566406,12321200,0.0,0.0,8704000000.0,711.1835973904939,10454000000.0,7.055811571940604,140976000000.0,4.90534587450887,-8990000000.0,-330.9683604985618,93124000000.0,2.921055249168334
2025-03-07,149.76264355577973,155.5892881653611,147.65471576818206,154.2768096923828,12646500,0.0,0.0,8704000000.0,711.1835973904939,10454000000.0,7.055811571940604,140976000000.0,4.90534587450887,-8990000000.0,-330.9683604985618,93124000000.0,2.921055249168334
2025-03-10,149.67315527185656,151.6518333000607,145.96439134294792,147.94305419921875,21486100,0.0,0.0,8704000000.0,711.1835973904939,10454000000.0,7.055811571940604,140976000000.0,4.90534587450887,-8990000000.0,-330.9683604985618,93124000000.0,2.921055249168334
2025-03-11,142.6036302010253,144.95019733677668,136.91618807830477,143.3592987060547,27200200,0.0,0.0,8704000000.0,711.1835973904939,10454000000.0,7.055811571940604,140976000000.0,4.90534587450887,-8990000000.0,-330.9683604985618,93124000000.0,2.921055249168334
2025-03-12,145.39763439331355,151.36348156454198,144.18457758807574,150.03111267089844,15373900,0.0,0.0,8704000000.0,711.1835973904939,10454000000.0,7.055811571940604,140976000000.0,4.90534587450887,-8990000000.0,-330.9683604985618,93124000000.0,2.921055249168334
2025-03-13,148.9373692312115,149.31521107698148,144.65190473730712,146.8195037841797,14187700,0.0,0.0,8704000000.0,711.1835973904939,10454000000.0,7.055811571940604,140976000000.0,4.90534587450887,-8990000000.0,-330.9683604985618,93124000000.0,2.921055249168334
2025-03-14,148.0723200534298,150.02117007364913,147.0382465870645,148.4203338623047,9330000,0.0,0.0,8704000000.0,711.1835973904939,10454000000.0,7.055811571940604,140976000000.0,4.90534587450887,-8990000000.0,-330.9683604985618,93124000000.0,2.921055249168334
2025-03-17,149.5438946112785,154.8634476789767,149.5438946112785,153.1333465576172,9885000,0.0,0.0,8704000000.0,711.1835973904939,10454000000.0,7.055811571940604,140976000000.0,4.90534587450887,-8990000000.0,-330.9683604985618,93124000000.0,2.921055249168334
2025-03-18,151.50268128204692,151.55239970861618,147.78397965683064,148.59930419921875,9402500,0.0,0.0,8704000000.0,711.1835973904939,10454000000.0,7.055811571940604,140976000000.0,4.90534587450887,-8990000000.0,-330.9683604985618,93124000000.0,2.921055249168334
2025-03-19,149.20581942569956,153.19300323697152,149.1461633878536,151.58221435546875,6909500,0.0,0.0,8704000000.0,711.1835973904939,10454000000.0,7.055811571940604,140976000000.0,4.90534587450887,-8990000000.0,-330.9683604985618,93124000000.0,2.921055249168334
2025-03-20,150.71718243165898,153.61062185322442,149.96151394406047,151.85069274902344,7051600,0.0,0.0,8704000000.0,711.1835973904939,10454000000.0,7.055811571940604,140976000000.0,4.90534587450887,-8990000000.0,-330.9683604985618,93124000000.0,2.921055249168334
2025-03-21,150.786779241171,152.96431585812172,149.25555182926948,151.3634796142578,17620200,0.0,0.0,8704000000.0,711.1835973904939,10454000000.0,7.055811571940604,140976000000.0,4.90534587450887,-8990000000.0,-330.9683604985618,93124000000.0,2.921055249168334
2025-03-24,155.45008282356793,155.7086125699419,153.15323415901025,153.9884490966797,7848300,0.0,0.0,8704000000.0,711.1835973904939,10454000000.0,7.055811571940604,140976000000.0,4.90534587450887,-8990000000.0,-330.9683604985618,93124000000.0,2.921055249168334
2025-03-25,153.63050287299342,154.71430997731562,152.1788218853017,153.05380249023438,8521200,0.0,0.0,8704000000.0,711.1835973904939,10454000000.0,7.055811571940604,140976000000.0,4.90534587450887,-8990000000.0,-330.9683604985618,93124000000.0,2.921055249168334
2025-03-26,152.01973325424348,152.158935752478,145.72576246676658,146.95870971679688,13210000,0.0,0.0,8704000000.0,711.1835973904939,10454000000.0,7.055811571940604,140976000000.0,4.90534587450887,-8990000000.0,-330.9683604985618,93124000000.0,2.921055249168334
2025-03-27,145.01980414364135,146.2030177256422,144.09508996551716,144.9501953125,9148300,0.0,0.0,8704000000.0,711.1835973904939,10454000000.0,7.055811571940604,140976000000.0,4.90534587450887,-8990000000.0,-330.9683604985618,93124000000.0,2.921055249168334
2025-03-28,142.96158531474987,144.82093618937554,138.3181693506545,140.06814575195312,13144500,0.0,0.0,8704000000.0,711.1835973904939,10454000000.0,7.055811571940604,140976000000.0,4.90534587450887,-8990000000.0,-330.9683604985618,93124000000.0,2.921055249168334
2025-03-31,137.8508370734811,139.78973430941105,135.98153349631096,139.01417541503906,15509900,0.0,0.0,8704000000.0,711.1835973904939,10454000000.0,7.055811571940604,140976000000.0,4.90534587450887,-8990000000.0,-330.9683604985618,93124000000.0,2.921055249168334
2025-04-01,138.96446572227765,142.43460573220472,137.9701578288591,141.13206481933594,9518500,0.0,0.0,8704000000.0,711.1835973904939,10454000000.0,7.055811571940604,140976000000.0,4.90534587450887,-8990000000.0,-330.9683604985618,93124000000.0,2.921055249168334
2025-04-02,139.0638924538028,147.04818304278524,139.0638924538028,145.0297393798828,11594400,0.0,0.0,8704000000.0,711.1835973904939,10454000000.0,7.055811571940604,140976000000.0,4.90534587450887,-8990000000.0,-330.9683604985618,93124000000.0,2.921055249168334
2025-04-03,138.45735850483211,140.595114165218,135.8622145895339,136.4488525390625,14433800,0.0,0.0,8704000000.0,711.1835973904939,10454000000.0,7.055811571940604,140976000000.0,4.90534587450887,-8990000000.0,-330.9683604985618,93124000000.0,2.921055249168334
2025-04-04,132.1534589985121,133.05828277652355,126.22737758108717,127.53987121582031,14986900,0.0,0.0,8704000000.0,711.1835973904939,10454000000.0,7.055811571940604,140976000000.0,4.90534587450887,-8990000000.0,-330.9683604985618,93124000000.0,2.921055249168334
2025-04-07,118.1834296920292,133.34662415230656,118.1834296920292,126.43618774414062,19482700,0.0,0.0,8704000000.0,711.1835973904939,10454000000.0,7.055811571940604,140976000000.0,4.90534587450887,-8990000000.0,-330.9683604985618,93124000000.0,2.921055249168334
2025-04-08,131.78555693989526,132.23300761393696,121.00726339093364,123.79132843017578,11950300,0.0,0.0,8704000000.0,711.1835973904939,10454000000.0,7.055811571940604,140976000000.0,4.90534587450887,-8990000000.0,-330.9683604985618,93124000000.0,2.921055249168334
2025-04-09,122.69759104583456,139.78973794570234,122.69759104583456,138.89486694335938,17762000,0.0,0.0,8704000000.0,711.1835973904939,10454000000.0,7.055811571940604,140976000000.0,4.90534587450887,-8990000000.0,-330.9683604985618,93124000000.0,2.921055249168334
2025-04-10,136.36025148830063,136.36025148830063,128.98592129964211,133.0672607421875,12401600,0.5,0.0,8704000000.0,711.1835973904939,10454000000.0,7.055811571940604,140976000000.0,4.90534587450887,-8990000000.0,-330.9683604985618,93124000000.0,2.921055249168334
2025-04-11,131.8298851091952,132.71799741517162,128.56681429280368,132.0693817138672,10190200,0.0,0.0,8704000000.0,711.1835973904939,10454000000.0,7.055811571940604,140976000000.0,4.90534587450887,-8990000000.0,-330.9683604985618,93124000000.0,2.921055249168334
2025-04-14,136.5099310159597,136.5099310159597,132.58825630782835,134.35450744628906,8217700,0.0,0.0,8704000000.0,711.1835973904939,10454000000.0,7.055811571940604,140976000000.0,4.90534587450887,-8990000000.0,-330.9683604985618,93124000000.0,2.921055249168334
2025-04-15,134.47425927362033,136.1906135295716,133.4364711131648,133.656005859375,8630000,0.0,0.0,8704000000.0,711.1835973904939,10454000000.0,7.055811571940604,140976000000.0,4.90534587450887,-8990000000.0,-330.9683604985618,93124000000.0,2.921055249168334
2025-04-16,131.99950881198777,132.25895201967495,127.57890199526258,129.48484802246094,8295200,0.0,0.0,8704000000.0,711.1835973904939,10454000000.0,7.055811571940604,140976000000.0,4.90534587450887,-8990000000.0,-330.9683604985618,93124000000.0,2.921055249168334
2025-04-17,130.62243914766813,131.02160014063602,128.1676637532641,128.34727478027344,8925500,0.0,0.0,8704000000.0,711.1835973904939,10454000000.0,7.055811571940604,140976000000.0,4.90534587450887,-8990000000.0,-330.9683604985618,93124000000.0,2.921055249168334
2025-04-21,126.62094780071824,126.93028805506339,120.9829262724381,122.55957794189453,12201200,0.0,0.0,8704000000.0,711.1835973904939,10454000000.0,7.055811571940604,140976000000.0,4.90534587450887,-8990000000.0,-330.9683604985618,93124000000.0,2.921055249168334
2025-04-22,124.23601158224136,127.7186092932877,123.12836460486038,126.97019958496094,11233700,0.0,0.0,8704000000.0,711.1835973904939,10454000000.0,7.055811571940604,140976000000.0,4.90534587450887,-8990000000.0,-330.9683604985618,93124000000.0,2.921055249168334
2025-04-23,134.62395108351714,135.58190704809275,130.71226457088986,131.1213836669922,9528900,0.0,0.0,8704000000.0,711.1835973904939,10454000000.0,7.055811571940604,140976000000.0,4.90534587450887,-8990000000.0,-330.9683604985618,93124000000.0,2.921055249168334
2025-04-24,132.2290164523698,137.56767824701313,131.72010335275036,137.21841430664062,7305900,0.0,0.0,8704000000.0,711.1835973904939,10454000000.0,7.055811571940604,140976000000.0,4.90534587450887,-8990000000.0,-330.9683604985618,93124000000.0,2.921055249168334
2025-04-25,137.1984705062335,138.70526320776557,136.47000744146223,138.19635009765625,5476400,0.0,0.0,8704000000.0,711.1835973904939,10454000000.0,7.055811571940604,140976000000.0,4.90534587450887,-8990000000.0,-330.9683604985618,93124000000.0,2.921055249168334
2025-04-28,139.35388323475226,140.3717247134195,137.7872201446876,139.8428497314453,6985100,0.0,0.0,8704000000.0,711.1835973904939,10454000000.0,7.055811571940604,140976000000.0,4.90534587450887,-8990000000.0,-330.9683604985618,93124000000.0,2.921055249168334
2025-04-29,139.51355253556832,140.8606961643151,139.2541093060295,140.49147033691406,4851500,0.0,0.0,8704000000.0,711.1835973904939,10454000000.0,7.055811571940604,140976000000.0,4.90534587450887,-8990000000.0,-330.9683604985618,93124000000.0,2.921055249168334
2025-04-30,138.18635986170233,141.0003875836835,135.28254185837295,140.42161560058594,9443500,0.0,0.0,8704000000.0,711.1835973904939,10454000000.0,7.055811571940604,140976000000.0,4.90534587450887,-8990000000.0,-330.9683604985618,93124000000.0,2.921055249168334
2025-05-01,146.24924188299437,148.3248334221207,145.03182746844496,145.1815185546875,11525800,0.0,0.0,8704000000.0,711.1835973904939,10454000000.0,7.055811571940604,140976000000.0,4.90534587450887,-8990000000.0,-330.9683604985618,93124000000.0,2.921055249168334
2025-05-02,148.01548022560354,152.73544638507386,148.01548022560354,150.41038513183594,11346000,0.0,0.0,8704000000.0,711.1835973904939,10454000000.0,7.055811571940604,140976000000.0,4.90534587450887,-8990000000.0,-330.9683604985618,93124000000.0,2.921055249168334
2025-05-05,149.12314079386712,150.50021961529288,148.20509332172844,148.97344970703125,5187400,0.0,0.0,8704000000.0,711.1835973904939,10454000000.0,7.055811571940604,140976000000.0,4.90534587450887,-8990000000.0,-330.9683604985618,93124000000.0,2.921055249168334
2025-05-06,146.66833579003213,148.62418645826241,145.41101300602023,147.38681030273438,5108600,0.0,0.0,8704000000.0,711.1835973904939,10454000000.0,7.055811571940604,140976000000.0,4.90534587450887,-8990000000.0,-330.9683604985618,93124000000.0,2.921055249168334
2025-05-07,147.18723848496165,149.58214339346537,146.9277952749112,149.0532684326172,6049600,0.0,0.0,8704000000.0,711.1835973904939,10454000000.0,7.055811571940604,140976000000.0,4.90534587450887,-8990000000.0,-330.9683604985618,93124000000.0,2.921055249168334
2025-05-08,148.73395847459844,151.48810070851243,148.29488901127132,149.98130798339844,6113600,0.0,0.0,8704000000.0,711.1835973904939,10454000000.0,7.055811571940604,140976000000.0,4.90534587450887,-8990000000.0,-330.9683604985618,93124000000.0,2.921055249168334
2025-05-09,149.72185803121027,151.47813598411528,149.47238811530312,150.02122497558594,4707100,0.0,0.0,8704000000.0,711.1835973904939,10454000000.0,7.055811571940604,140976000000.0,4.90534587450887,-8990000000.0,-330.9683604985618,93124000000.0,2.921055249168334
2025-05-12,155.97856830478534,157.09618865931049,154.09257634330655,156.8866424560547,7875500,0.0,0.0,8704000000.0,711.1835973904939,10454000000.0,7.055811571940604,140976000000.0,4.90534587450887,-8990000000.0,-330.9683604985618,93124000000.0,2.921055249168334
2025-05-13,157.8845182408277,162.87391645289676,157.23590256383272,161.92593383789062,11955200,0.0,0.0,8704000000.0,711.1835973904939,10454000000.0,7.055811571940604,140976000000.0,4.90534587450887,-8990000000.0,-330.9683604985618,93124000000.0,2.921055249168334
2025-05-14,162.0157316221183,163.06350824195377,160.71848510358078,162.60447692871094,7499400,0.0,0.0,8704000000.0,711.1835973904939,10454000000.0,7.055811571940604,140976000000.0,4.90534587450887,-8990000000.0,-330.9683604985618,93124000000.0,2.921055249168334
2025-05-15,161.01786255204698,161.39706169531894,158.57306043025218,159.06201171875,10169200,0.0,0.0,8704000000.0,711.1835973904939,10454000000.0,7.055811571940604,140976000000.0,4.90534587450887,-8990000000.0,-330.9683604985618,93124000000.0,2.921055249168334
2025-05-16,159.66073748941446,160.4989527068896,158.18387993103903,160.1497039794922,8515500,0.0,0.0,8704000000.0,711.1835973904939,10454000000.0,7.055811571940604,140976000000.0,4.90534587450887,-8990000000.0,-330.9683604985618,93124000000.0,2.921055249168334
2025-05-19,157.9643434061318,161.62655970356045,157.49533877696464,159.30149841308594,10268900,0.0,0.0,8704000000.0,711.1835973904939,10454000000.0,7.055811571940604,140976000000.0,4.90534587450887,-8990000000.0,-330.9683604985618,93124000000.0,2.921055249168334
2025-05-20,158.29364708197664,160.01997454033295,157.19597342265502,159.97007751464844,7576400,0.0,0.0,8704000000.0,711.1835973904939,10454000000.0,7.055811571940604,140976000000.0,4.90534587450887,-8990000000.0,-330.9683604985618,93124000000.0,2.921055249168334
2025-05-21,158.01424275112194,160.55882358219029,156.1282508923016,156.84671020507812,6011000,0.0,0.0,8704000000.0,711.1835973904939,10454000000.0,7.055811571940604,140976000000.0,4.90534587450887,-8990000000.0,-330.9683604985618,93124000000.0,2.921055249168334
2025-05-22,156.6471383282432,158.85245898587885,156.48748916129244,156.9764404296875,7603300,0.0,0.0,8704000000.0,711.1835973904939,10454000000.0,7.055811571940604,140976000000.0,4.90534587450887,-8990000000.0,-330.9683604985618,93124000000.0,2.921055249168334
2025-05-23,154.66136448324306,157.04629611506658,153.93290141316308,155.6392822265625,6527500,0.0,0.0,8704000000.0,711.1835973904939,10454000000.0,7.055811571940604,140976000000.0,4.90534587450887,-8990000000.0,-330.9683604985618,93124000000.0,2.921055249168334
2025-05-27,158.9821915537326,162.05564744567457,158.58303056187103,161.5666961669922,6976800,0.0,0.0,8704000000.0,711.1835973904939,10454000000.0,7.055811571940604,140976000000.0,4.90534587450887,-8990000000.0,-330.9683604985618,93124000000.0,2.921055249168334
2025-05-28,161.52676616208595,163.97158336599634,160.93802085176483,163.50257873535156,8090700,0.0,0.0,8704000000.0,711.1835973904939,10454000000.0,7.055811571940604,140976000000.0,4.90534587450887,-8990000000.0,-330.9683604985618,93124000000.0,2.921055249168334
2025-05-29,164.65013393826456,164.9694627188333,161.1475820250942,162.55458068847656,6994700,0.0,0.0,8704000000.0,711.1835973904939,10454000000.0,7.055811571940604,140976000000.0,4.90534587450887,-8990000000.0,-330.9683604985618,93124000000.0,2.921055249168334
2025-05-30,163.08346277208238,165.39855085289008,161.20745939692736,165.17901611328125,17547900,0.0,0.0,8704000000.0,711.1835973904939,10454000000.0,7.055811571940604,140976000000.0,4.90534587450887,-8990000000.0,-330.9683604985618,93124000000.0,2.921055249168334
2025-06-02,163.82189196004506,166.6458930527214,162.2552289071755,166.21681213378906,7166000,0.0,0.0,20451000000.0,134.9609375,10786000000.0,3.1758178687583705,168361000000.0,19.425292248325956,-8064000000.0,10.300333704115685,104104000000.0,11.790730638718268
2025-06-03,166.44632217590578,168.97095637386096,166.2367607579447,168.78135681152344,7155300,0.0,0.0,20451000000.0,134.9609375,10786000000.0,3.1758178687583705,168361000000.0,19.425292248325956,-8064000000.0,10.300333704115685,104104000000.0,11.790730638718268
2025-06-04,169.35016290296895,170.1185192740737,167.21470105091538,167.7435760498047,6375800,0.0,0.0,20451000000.0,134.9609375,10786000000.0,3.1758178687583705,168361000000.0,19.425292248325956,-8064000000.0,10.300333704115685,104104000000.0,11.790730638718268
2025-06-05,168.64165312405294,171.8947351525035,168.40215653750832,170.77711486816406,7707800,0.0,0.0,20451000000.0,134.9609375,10786000000.0,3.1758178687583705,168361000000.0,19.425292248325956,-8064000000.0,10.300333704115685,104104000000.0,11.790730638718268
2025-06-06,173.63105437949244,174.419372581929,172.2938993391901,173.65101623535156,6833700,0.0,0.0,20451000000.0,134.9609375,10786000000.0,3.1758178687583705,168361000000.0,19.425292248325956,-8064000000.0,10.300333704115685,104104000000.0,11.790730638718268
2025-06-09,174.48923065992346,178.34104659550687,173.42149215968487,176.7743682861328,9668900,0.0,0.0,20451000000.0,134.9609375,10786000000.0,3.1758178687583705,168361000000.0,19.425292248325956,-8064000000.0,10.300333704115685,104104000000.0,11.790730638718268
2025-06-10,177.33319148530782,177.47289402109314,173.910456518916,177.10366821289062,11056700,0.0,0.0,20451000000.0,134.9609375,10786000000.0,3.1758178687583705,168361000000.0,19.425292248325956,-8064000000.0,10.300333704115685,104104000000.0,11.790730638718268
2025-06-11,177.17352928922682,179.16928852599327,175.82638571383563,176.00601196289062,18002900,0.0,0.0,20451000000.0,134.9609375,10786000000.0,3.1758178687583705,168361000000.0,19.425292248325956,-8064000000.0,10.300333704115685,104104000000.0,11.790730638718268
2025-06-12,189.55721627283015,202.0606464926612,188.47950447335302,199.43621826171875,54610000,0.0,0.0,20451000000.0,134.9609375,10786000000.0,3.1758178687583705,168361000000.0,19.425292248325956,-8064000000.0,10.300333704115685,104104000000.0,11.790730638718268
2025-06-13,201.15257898147115,216.1407353872361,200.77337984708802,214.76365661621094,53707400,0.0,0.0,20451000000.0,134.9609375,10786000000.0,3.1758178687583705,168361000000.0,19.425292248325956,-8064000000.0,10.300333704115685,104104000000.0,11.790730638718268
2025-06-16,212.747927549271,214.71375157822666,209.53475402105084,210.6523895263672,22665300,0.0,0.0,20451000000.0,134.9609375,10786000000.0,3.1758178687583705,168361000000.0,19.425292248325956,-8064000000.0,10.300333704115685,104104000000.0,11.790730638718268
2025-06-17,210.21332357790524,215.42225639196127,207.0400584810226,207.7385711669922,17819200,0.0,0.0,20451000000.0,134.9609375,10786000000.0,3.1758178687583705,168361000000.0,19.425292248325956,-8064000000.0,10.300333704115685,104104000000.0,11.790730638718268
2025-06-18,210.64240155186468,214.2647093799281,209.1256355197132,210.42286682128906,15055400,0.0,0.0,20451000000.0,134.9609375,10786000000.0,3.1758178687583705,168361000000.0,19.425292248325956,-8064000000.0,10.300333704115685,104104000000.0,11.790730638718268
2025-06-20,212.8976178450102,213.3466606178133,204.2060798663487,204.73495483398438,20879100,0.0,0.0,20451000000.0,134.9609375,10786000000.0,3.1758178687583705,168361000000.0,19.425292248325956,-8064000000.0,10.300333704115685,104104000000.0,11.790730638718268
2025-06-23,205.0742432644642,206.83052120943591,202.11053945875966,206.6009979248047,13418400,0.0,0.0,20451000000.0,134.9609375,10786000000.0,3.1758178687583705,168361000000.0,19.425292248325956,-8064000000.0,10.300333704115685,104104000000.0,11.790730638718268
2025-06-24,209.5447496123904,215.91121131686978,208.10780050466002,214.8135528564453,19030600,0.0,0.0,20451000000.0,134.9609375,10786000000.0,3.1758178687583705,168361000000.0,19.425292248325956,-8064000000.0,10.300333704115685,104104000000.0,11.790730638718268
2025-06-25,214.48424654615016,216.47001723195106,209.78422686727953,210.273193359375,11804600,0.0,0.0,20451000000.0,134.9609375,10786000000.0,3.1758178687583705,168361000000.0,19.425292248325956,-8064000000.0,10.300333704115685,104104000000.0,11.790730638718268
2025-06-26,211.55047531534973,213.96534212149433,209.91395337951477,212.36874389648438,10531100,0.0,0.0,20451000000.0,134.9609375,10786000000.0,3.1758178687583705,168361000000.0,19.425292248325956,-8064000000.0,10.300333704115685,104104000000.0,11.790730638718268
2025-06-27,213.23690166660572,214.1948575895245,209.51481489098225,209.79421997070312,14127500,0.0,0.0,20451000000.0,134.9609375,10786000000.0,3.1758178687583705,168361000000.0,19.425292248325956,-8064000000.0,10.300333704115685,104104000000.0,11.790730638718268
2025-06-30,226.01973540033399,227.73608957601422,217.9169577056818,218.1664276123047,31844200,0.0,0.0,20451000000.0,134.9609375,10786000000.0,3.1758178687583705,168361000000.0,19.425292248325956,-8064000000.0,10.300333704115685,104104000000.0,11.790730638718268
2025-07-01,218.83500295434465,222.69679219792778,215.85133741934857,218.4957275390625,16962200,0.0,0.0,20451000000.0,134.9609375,10786000000.0,3.1758178687583705,168361000000.0,19.425292248325956,-8064000000.0,10.300333704115685,104104000000.0,11.790730638718268
2025-07-02,217.2184327292386,231.40828242833157,216.26047680163015,229.4923553466797,22326900,0.0,0.0,20451000000.0,134.9609375,10786000000.0,3.1758178687583705,168361000000.0,19.425292248325956,-8064000000.0,10.300333704115685,104104000000.0,11.790730638718268
2025-07-03,232.72549037249294,237.48538050874603,230.70976924050424,236.81680297851562,18441400,0.0,0.0,20451000000.0,134.9609375,10786000000.0,3.1758178687583705,168361000000.0,19.425292248325956,-8064000000.0,10.300333704115685,104104000000.0,11.790730638718268
2025-07-07,234.6114801223292,234.75118266129553,229.0133747960354,231.76751708984375,16584300,0.0,0.0,20451000000.0,134.9609375,10786000000.0,3.1758178687583705,168361000000.0,19.425292248325956,-8064000000.0,10.300333704115685,104104000000.0,11.790730638718268
2025-07-08,236.62720544231155,240.92806428241164,232.6955571989499,234.00277709960938,20401800,0.0,0.0,20451000000.0,134.9609375,10786000000.0,3.1758178687583705,168361000000.0,19.425292248325956,-8064000000.0,10.300333704115685,104104000000.0,11.790730638718268
2025-07-09,235.01063061865236,236.00851026750027,231.50807853271286,235.30999755859375,10871600,0.0,0.0,20451000000.0,134.9609375,10786000000.0,3.1758178687583705,168361000000.0,19.425292248325956,-8064000000.0,10.300333704115685,104104000000.0,11.790730638718268
2025-07-10,239.94000244140625,240.05999755859375,233.5,235.0,11486300,0.5,0.0,20451000000.0,134.9609375,10786000000.0,3.1758178687583705,168361000000.0,19.425292248325956,-8064000000.0,10.300333704115685,104104000000.0,11.790730638718268
2025-07-11,231.3699951171875,234.0,229.8699951171875,230.55999755859375,10208200,0.0,0.0,20451000000.0,134.9609375,10786000000.0,3.1758178687583705,168361000000.0,19.425292248325956,-8064000000.0,10.300333704115685,104104000000.0,11.790730638718268
2025-07-14,229.4499969482422,230.63999938964844,225.1199951171875,229.27999877929688,11337000,0.0,0.0,20451000000.0,134.9609375,10786000000.0,3.1758178687583705,168361000000.0,19.425292248325956,-8064000000.0,10.300333704115685,104104000000.0,11.790730638718268
2025-07-15,232.41000366210938,235.60000610351562,229.1999969482422,234.9600067138672,10728800,0.0,0.0,20451000000.0,134.9609375,10786000000.0,3.1758178687583705,168361000000.0,19.425292248325956,-8064000000.0,10.300333704115685,104104000000.0,11.790730638718268
2025-07-16,235.5,241.3300018310547,233.19000244140625,241.3000030517578,12597500,0.0,0.0,20451000000.0,134.9609375,10786000000.0,3.1758178687583705,168361000000.0,19.425292248325956,-8064000000.0,10.300333704115685,104104000000.0,11.790730638718268
2025-07-17,243.33999633789062,251.60000610351562,242.00999450683594,248.75,17631300,0.0,0.0,20451000000.0,134.9609375,10786000000.0,3.1758178687583705,168361000000.0,19.425292248325956,-8064000000.0,10.300333704115685,104104000000.0,11.790730638718268
2025-07-18,248.5,249.67999267578125,245.0,245.4499969482422,9678100,0.0,0.0,20451000000.0,134.9609375,10786000000.0,3.1758178687583705,168361000000.0,19.425292248325956,-8064000000.0,10.300333704115685,104104000000.0,11.790730638718268
2025-07-21,245.30999755859375,246.8000030517578,243.24000549316406,243.5399932861328,7348400,0.0,0.0,20451000000.0,134.9609375,10786000000.0,3.1758178687583705,168361000000.0,19.425292248325956,-8064000000.0,10.300333704115685,104104000000.0,11.790730638718268
2025-07-22,241.97999572753906,242.2899932861328,235.41000366210938,238.11000061035156,11380900,0.0,0.0,20451000000.0,134.9609375,10786000000.0,3.1758178687583705,168361000000.0,19.425292248325956,-8064000000.0,10.300333704115685,104104000000.0,11.790730638718268
2025-07-23,239.9499969482422,243.4199981689453,238.66000366210938,241.89999389648438,7255800,0.0,0.0,20451000000.0,134.9609375,10786000000.0,3.1758178687583705,168361000000.0,19.425292248325956,-8064000000.0,10.300333704115685,104104000000.0,11.790730638718268
2025-07-24,242.41000366210938,244.0800018310547,240.55999755859375,242.8300018310547,8237900,0.0,0.0,20451000000.0,134.9609375,10786000000.0,3.1758178687583705,168361000000.0,19.425292248325956,-8064000000.0,10.300333704115685,104104000000.0,11.790730638718268
2025-07-25,242.33999633789062,245.47000122070312,241.42999267578125,245.1199951171875,7149600,0.0,0.0,20451000000.0,134.9609375,10786000000.0,3.1758178687583705,168361000000.0,19.425292248325956,-8064000000.0,10.300333704115685,104104000000.0,11.790730638718268
2025-07-28,246.0,247.77999877929688,243.4199981689453,247.7100067138672,6756800,0.0,0.0,20451000000.0,134.9609375,10786000000.0,3.1758178687583705,168361000000.0,19.425292248325956,-8064000000.0,10.300333704115685,104104000000.0,11.790730638718268
2025-07-29,248.6999969482422,253.07000732421875,246.58999633789062,249.97999572753906,8415300,0.0,0.0,20451000000.0,134.9609375,10786000000.0,3.1758178687583705,168361000000.0,19.425292248325956,-8064000000.0,10.300333704115685,104104000000.0,11.790730638718268
2025-07-30,248.63999938964844,251.0500030517578,245.60000610351562,250.60000610351562,8441400,0.0,0.0,20451000000.0,134.9609375,10786000000.0,3.1758178687583705,168361000000.0,19.425292248325956,-8064000000.0,10.300333704115685,104104000000.0,11.790730638718268
2025-07-31,255.77000427246094,260.8699951171875,253.32000732421875,253.77000427246094,15548700,0.0,0.0,20451000000.0,134.9609375,10786000000.0,3.1758178687583705,168361000000.0,19.425292248325956,-8064000000.0,10.300333704115685,104104000000.0,11.790730638718268
2025-08-01,247.8300018310547,248.41000366210938,242.0,244.4199981689453,12718200,0.0,0.0,20451000000.0,134.9609375,10786000000.0,3.1758178687583705,168361000000.0,19.425292248325956,-8064000000.0,10.300333704115685,104104000000.0,11.790730638718268
2025-08-04,245.89999389648438,252.91000366210938,245.89999389648438,252.52999877929688,8614800,0.0,0.0,20451000000.0,134.9609375,10786000000.0,3.1758178687583705,168361000000.0,19.425292248325956,-8064000000.0,10.300333704115685,104104000000.0,11.790730638718268
2025-08-05,255.41000366210938,258.489990234375,251.3699951171875,255.6699981689453,11197300,0.0,0.0,20451000000.0,134.9609375,10786000000.0,3.1758178687583705,168361000000.0,19.425292248325956,-8064000000.0,10.300333704115685,104104000000.0,11.790730638718268
2025-08-06,256.8399963378906,256.8399963378906,251.72000122070312,256.42999267578125,9930200,0.0,0.0,20451000000.0,134.9609375,10786000000.0,3.1758178687583705,168361000000.0,19.425292248325956,-8064000000.0,10.300333704115685,104104000000.0,11.790730638718268
2025-08-07,257.7099914550781,257.760009765625,246.52000427246094,249.38999938964844,11954200,0.0,0.0,20451000000.0,134.9609375,10786000000.0,3.1758178687583705,168361000000.0,19.425292248325956,-8064000000.0,10.300333704115685,104104000000.0,11.790730638718268
2025-08-08,250.02999877929688,250.88999938964844,247.86000061035156,250.0500030517578,8313300,0.0,0.0,20451000000.0,134.9609375,10786000000.0,3.1758178687583705,168361000000.0,19.425292248325956,-8064000000.0,10.300333704115685,104104000000.0,11.790730638718268
2025-08-11,248.39999389648438,254.69000244140625,245.55999755859375,252.67999267578125,9012100,0.0,0.0,20451000000.0,134.9609375,10786000000.0,3.1758178687583705,168361000000.0,19.425292248325956,-8064000000.0,10.300333704115685,104104000000.0,11.790730638718268
2025-08-12,252.5800018310547,257.8699951171875,251.0800018310547,253.86000061035156,9998400,0.0,0.0,20451000000.0,134.9609375,10786000000.0,3.1758178687583705,168361000000.0,19.425292248325956,-8064000000.0,10.300333704115685,104104000000.0,11.790730638718268
2025-08-13,257.1700134277344,257.6700134277344,242.63999938964844,244.17999267578125,14182100,0.0,0.0,20451000000.0,134.9609375,10786000000.0,3.1758178687583705,168361000000.0,19.425292248325956,-8064000000.0,10.300333704115685,104104000000.0,11.790730638718268
2025-08-14,244.9499969482422,248.9199981689453,242.57000732421875,244.9600067138672,10285600,0.0,0.0,20451000000.0,134.9609375,10786000000.0,3.1758178687583705,168361000000.0,19.425292248325956,-8064000000.0,10.300333704115685,104104000000.0,11.790730638718268
2025-08-15,246.9199981689453,250.6300048828125,242.92999267578125,248.27999877929688,11554000,0.0,0.0,20451000000.0,134.9609375,10786000000.0,3.1758178687583705,168361000000.0,19.425292248325956,-8064000000.0,10.300333704115685,104104000000.0,11.790730638718268
2025-08-18,246.1999969482422,249.16000366210938,243.6199951171875,249.07000732421875,6759900,0.0,0.0,20451000000.0,134.9609375,10786000000.0,3.1758178687583705,168361000000.0,19.425292248325956,-8064000000.0,10.300333704115685,104104000000.0,11.790730638718268
2025-08-19,249.25,249.25,232.22999572753906,234.6199951171875,16819300,0.0,0.0,20451000000.0,134.9609375,10786000000.0,3.1758178687583705,168361000000.0,19.425292248325956,-8064000000.0,10.300333704115685,104104000000.0,11.790730638718268
2025-08-20,232.17999267578125,235.8800048828125,228.25,235.05999755859375,11256400,0.0,0.0,20451000000.0,134.9609375,10786000000.0,3.1758178687583705,168361000000.0,19.425292248325956,-8064000000.0,10.300333704115685,104104000000.0,11.790730638718268
2025-08-21,233.0500030517578,235.9199981689453,232.42999267578125,233.16000366210938,7403100,0.0,0.0,20451000000.0,134.9609375,10786000000.0,3.1758178687583705,168361000000.0,19.425292248325956,-8064000000.0,10.300333704115685,104104000000.0,11.790730638718268
2025-08-22,234.05999755859375,238.5,231.4600067138672,236.3699951171875,9343600,0.0,0.0,20451000000.0,134.9609375,10786000000.0,3.1758178687583705,168361000000.0,19.425292248325956,-8064000000.0,10.300333704115685,104104000000.0,11.790730638718268
2025-08-25,237.35000610351562,239.02999877929688,235.27000427246094,235.41000366210938,6308600,0.0,0.0,20451000000.0,134.9609375,10786000000.0,3.1758178687583705,168361000000.0,19.425292248325956,-8064000000.0,10.300333704115685,104104000000.0,11.790730638718268
2025-08-26,235.0,236.91000366210938,232.7100067138672,234.2100067138672,11805200,0.0,0.0,20451000000.0,134.9609375,10786000000.0,3.1758178687583705,168361000000.0,19.425292248325956,-8064000000.0,10.300333704115685,104104000000.0,11.790730638718268
2025-08-27,235.0,236.52999877929688,232.67999267578125,235.80999755859375,5637600,0.0,0.0,20451000000.0,134.9609375,10786000000.0,3.1758178687583705,168361000000.0,19.425292248325956,-8064000000.0,10.300333704115685,104104000000.0,11.790730638718268
2025-08-28,235.5399932861328,241.9499969482422,235.1199951171875,240.32000732421875,8691500,0.0,0.0,20451000000.0,134.9609375,10786000000.0,3.1758178687583705,168361000000.0,19.425292248325956,-8064000000.0,10.300333704115685,104104000000.0,11.790730638718268
2025-08-29,237.61000061035156,238.22000122070312,223.11000061035156,226.1300048828125,16618600,0.0,0.0,20451000000.0,134.9609375,10786000000.0,3.1758178687583705,168361000000.0,19.425292248325956,-8064000000.0,10.300333704115685,104104000000.0,11.790730638718268
2025-09-02,222.0,225.4499969482422,218.7899932861328,225.3000030517578,10461900,0.0,0.0,20451000000.0,134.9609375,10786000000.0,3.1758178687583705,168361000000.0,19.425292248325956,-8064000000.0,10.300333704115685,104104000000.0,11.790730638718268
2025-09-03,225.89999389648438,225.89999389648438,221.75,223.4499969482422,8900800,0.0,0.0,20451000000.0,134.9609375,10786000000.0,3.1758178687583705,168361000000.0,19.425292248325956,-8064000000.0,10.300333704115685,104104000000.0,11.790730638718268
2025-09-04,222.0,223.57000732421875,219.55999755859375,223.0,10303100,0.0,0.0,20451000000.0,134.9609375,10786000000.0,3.1758178687583705,168361000000.0,19.425292248325956,-8064000000.0,10.300333704115685,104104000000.0,11.790730638718268
2025-09-05,232.5500030517578,234.6199951171875,225.88999938964844,232.8000030517578,15386100,0.0,0.0,20451000000.0,134.9609375,10786000000.0,3.1758178687583705,168361000000.0,19.425292248325956,-8064000000.0,10.300333704115685,104104000000.0,11.790730638718268
2025-09-08,239.88999938964844,242.4199981689453,235.30999755859375,238.47999572753906,18803000,0.0,0.0,20451000000.0,134.9609375,10786000000.0,3.1758178687583705,168361000000.0,19.425292248325956,-8064000000.0,10.300333704115685,104104000000.0,11.790730638718268
2025-09-09,239.94000244140625,243.49000549316406,234.55999755859375,241.50999450683594,41178700,0.0,0.0,20451000000.0,134.9609375,10786000000.0,3.1758178687583705,168361000000.0,19.425292248325956,-8064000000.0,10.300333704115685,104104000000.0,11.790730638718268
2025-09-10,319.19000244140625,345.7200012207031,312.0899963378906,328.3299865722656,131618100,0.0,0.0,20451000000.0,134.9609375,10786000000.0,3.1758178687583705,168361000000.0,19.425292248325956,-8064000000.0,10.300333704115685,104104000000.0,11.790730638718268
2025-09-11,330.3399963378906,331.0,304.6000061035156,307.8599853515625,69986000,0.0,0.0,20451000000.0,134.9609375,10786000000.0,3.1758178687583705,168361000000.0,19.425292248325956,-8064000000.0,10.300333704115685,104104000000.0,11.790730638718268
2025-09-12,305.7900085449219,307.9700012207031,291.75,292.17999267578125,51781900,0.0,0.0,20451000000.0,134.9609375,10786000000.0,3.1758178687583705,168361000000.0,19.425292248325956,-8064000000.0,10.300333704115685,104104000000.0,11.790730638718268
2025-09-15,306.45001220703125,307.0299987792969,297.2900085449219,302.1400146484375,40004000,0.0,0.0,20451000000.0,134.9609375,10786000000.0,3.1758178687583705,168361000000.0,19.425292248325956,-8064000000.0,10.300333704115685,104104000000.0,11.790730638718268
2025-09-16,314.05999755859375,319.9700012207031,302.2699890136719,306.6499938964844,51923300,0.0,0.0,20451000000.0,134.9609375,10786000000.0,3.1758178687583705,168361000000.0,19.425292248325956,-8064000000.0,10.300333704115685,104104000000.0,11.790730638718268
2025-09-17,307.69000244140625,308.6600036621094,295.0299987792969,301.4100036621094,27707900,0.0,0.0,20451000000.0,134.9609375,10786000000.0,3.1758178687583705,168361000000.0,19.425292248325956,-8064000000.0,10.300333704115685,104104000000.0,11.790730638718268
2025-09-18,303.0400085449219,303.82000732421875,292.0,296.6199951171875,24673100,0.0,0.0,20451000000.0,134.9609375,10786000000.0,3.1758178687583705,168361000000.0,19.425292248325956,-8064000000.0,10.300333704115685,104104000000.0,11.790730638718268
2025-09-19,299.0,311.1099853515625,297.32000732421875,308.6600036621094,40776200,0.0,0.0,20451000000.0,134.9609375,10786000000.0,3.1758178687583705,168361000000.0,19.425292248325956,-8064000000.0,10.300333704115685,104104000000.0,11.790730638718268
2025-09-22,309.6300048828125,329.5,306.9200134277344,328.1499938964844,44437500,0.0,0.0,20451000000.0,134.9609375,10786000000.0,3.1758178687583705,168361000000.0,19.425292248325956,-8064000000.0,10.300333704115685,104104000000.0,11.790730638718268
2025-09-23,324.0,325.0,310.04998779296875,313.8299865722656,35280200,0.0,0.0,20451000000.0,134.9609375,10786000000.0,3.1758178687583705,168361000000.0,19.425292248325956,-8064000000.0,10.300333704115685,104104000000.0,11.790730638718268
2025-09-24,311.8599853515625,312.4700012207031,300.0299987792969,308.4599914550781,33765300,0.0,0.0,20451000000.0,134.9609375,10786000000.0,3.1758178687583705,168361000000.0,19.425292248325956,-8064000000.0,10.300333704115685,104104000000.0,11.790730638718268
2025-09-25,295.2699890136719,298.75,288.54998779296875,291.3299865722656,39274900,0.0,0.0,20451000000.0,134.9609375,10786000000.0,3.1758178687583705,168361000000.0,19.425292248325956,-8064000000.0,10.300333704115685,104104000000.0,11.790730638718268
2025-09-26,293.0,294.0,283.0,283.4599914550781,25916200,0.0,0.0,20451000000.0,134.9609375,10786000000.0,3.1758178687583705,168361000000.0,19.425292248325956,-8064000000.0,10.300333704115685,104104000000.0,11.790730638718268
